Date,Close,Open,High,Low,Change %,lag_1,lag_2,lag_3,lag_7,lag_14,lag_30,ma_7,ma_14,ma_30,ma_60,std_7,std_14,std_30,return_1,day_of_week,month,quarter,is_month_end,is_month_start,day_of_month,week_of_year,target_next_day
2015-01-29,12567.5,12502.5,12567.5,12502.5,0.65,,,,,,,,,,,,,,,3,1,1,0,0,29,5,12667.5
2015-01-30,12667.5,12592.5,12667.5,12582.5,0.8,12567.5,,,,,,,,,,,,,0.00795703202705389,4,1,1,0,0,30,5,12685.0
2015-02-02,12685.0,12683.0,12718.0,12680.0,0.14,12667.5,12567.5,,,,,,,,,,,,0.00138148805999605,0,2,1,0,0,2,6,12654.0
2015-02-03,12654.0,12674.0,12674.0,12609.0,-0.24,12685.0,12667.5,12567.5,,,,,,,,,,,-0.002443831296807253,1,2,1,0,0,3,6,12625.0
2015-02-04,12625.0,12605.0,12640.0,12585.0,-0.23,12654.0,12685.0,12667.5,,,,,,,,,,,-0.0022917654496601436,2,2,1,0,0,4,6,12632.5
2015-02-05,12632.5,12631.5,12660.5,12627.5,0.06,12625.0,12654.0,12685.0,,,,,,,,,,,0.0005940594059405946,3,2,1,0,0,5,6,12614.5
2015-02-06,12614.5,12633.5,12633.5,12603.5,-0.14,12632.5,12625.0,12654.0,,,,12635.142857142857,,,,38.729526081223625,,,-0.001424896101325901,4,2,1,0,0,6,6,12647.5
2015-02-09,12647.5,12632.5,12692.5,12632.5,0.26,12614.5,12632.5,12625.0,12567.5,,,12646.57142857143,,,,24.707334557826787,,,0.0026160371001624494,0,2,1,0,0,9,7,12672.5
2015-02-10,12672.5,12652.5,12672.5,12637.5,0.2,12647.5,12614.5,12632.5,12667.5,,,12647.285714285714,,,,25.47360912601043,,,0.001976675232259417,1,2,1,0,0,10,7,12715.0
2015-02-11,12715.0,12680.0,12720.0,12680.0,0.34,12672.5,12647.5,12614.5,12685.0,,,12651.57142857143,,,,33.9796858081271,,,0.0033537186821859244,2,2,1,0,0,11,7,12792.5
2015-02-12,12792.5,12752.5,12837.5,12752.5,0.61,12715.0,12672.5,12647.5,12654.0,,,12671.357142857143,,,,63.301339036464945,,,0.006095163193079012,3,2,1,0,0,12,7,12787.5
2015-02-13,12787.5,12737.5,12787.5,12737.5,-0.04,12792.5,12715.0,12672.5,12625.0,,,12694.57142857143,,,,72.58353151796194,,,-0.0003908540160250107,4,2,1,0,0,13,7,12752.5
2015-02-16,12752.5,12752.5,12767.5,12732.5,-0.27,12787.5,12792.5,12715.0,12632.5,,,12711.714285714286,,,,69.58918566777926,,,-0.002737047898338174,0,2,1,0,0,16,8,12769.5
2015-02-17,12769.5,12741.5,12771.5,12740.5,0.13,12752.5,12787.5,12792.5,12614.5,,,12733.857142857143,12684.5,,,57.026831612929165,69.40294828585643,,0.001333071946677089,1,2,1,0,0,17,8,12842.5
2015-02-18,12842.5,12787.5,12847.5,12787.5,0.57,12769.5,12752.5,12787.5,12647.5,12567.5,,12761.714285714286,12704.142857142857,,,55.416496598377066,72.58481208252162,,0.005716746936058614,2,2,1,0,0,18,8,12842.5
2015-02-19,12842.5,12842.5,12842.5,12842.5,0.0,12842.5,12769.5,12752.5,12672.5,12667.5,,12786.0,12716.642857142857,,,46.30424746535841,80.43330456668129,,0.0,3,2,1,0,0,19,8,12812.5
2015-02-20,12812.5,12852.5,12867.5,12802.5,-0.23,12842.5,12842.5,12769.5,12715.0,12685.0,,12799.92857142857,12725.75,,,34.56326153040037,83.72568533380564,,-0.0023359937706832756,4,2,1,0,0,20,8,12834.5
2015-02-23,12834.5,12812.5,12835.5,12802.5,0.17,12812.5,12842.5,12842.5,12792.5,12654.0,,12805.92857142857,12738.642857142857,,,36.641766436934226,85.70127648529454,,0.0017170731707316644,0,2,1,0,0,23,9,12897.5
2015-02-24,12897.5,12842.5,12899.5,12802.5,0.49,12834.5,12812.5,12842.5,12787.5,12625.0,,12821.642857142857,12758.107142857143,,,48.9436021403812,88.7945291478793,,0.004908644668666584,1,2,1,0,0,24,9,12873.5
2015-02-25,12873.5,12851.5,12891.5,12851.5,-0.19,12897.5,12834.5,12812.5,12752.5,12632.5,,12838.92857142857,12775.32142857143,,,41.21026224480259,85.88355424707417,,-0.001860825741422767,2,2,1,0,0,25,9,12837.5
2015-02-26,12837.5,12842.5,12869.5,12827.5,-0.28,12873.5,12897.5,12834.5,12769.5,12614.5,,12848.642857142857,12791.25,,,28.020400731297837,73.55708144542918,,-0.0027964423039577024,3,2,1,0,0,26,9,12925.0
2015-02-27,12925.0,12835.0,12945.0,12835.0,0.68,12837.5,12873.5,12897.5,12842.5,12647.5,,12860.42857142857,12811.07142857143,,,39.85643880586102,69.09465557169908,,0.006815968841285214,4,2,1,0,0,27,9,12970.0
2015-03-02,12970.0,12955.0,13000.0,12950.0,0.35,12925.0,12837.5,12873.5,12842.5,12672.5,,12878.642857142857,12832.32142857143,,,56.11499672228836,68.94663687420939,,0.0034816247582205584,0,3,1,0,0,2,10,12965.0
2015-03-03,12965.0,12945.0,12982.0,12945.0,-0.04,12970.0,12925.0,12837.5,12812.5,12715.0,,12900.42857142857,12850.17857142857,,,55.75798042389894,68.59709770236063,,-0.00038550501156520145,1,3,1,0,0,3,10,12982.5
2015-03-04,12982.5,12957.5,12982.5,12942.5,0.13,12965.0,12970.0,12925.0,12834.5,12792.5,,12921.57142857143,12863.75,,,54.6408185116083,74.82074732832913,,0.0013497878904744631,2,3,1,0,0,4,10,12990.0
2015-03-05,12990.0,12990.0,13030.0,12979.0,0.06,12982.5,12965.0,12970.0,12897.5,12787.5,,12934.785714285714,12878.214285714286,,,58.870519746623074,78.43265467062686,,0.0005777007510110455,3,3,1,0,0,5,10,12980.0
2015-03-06,12980.0,13000.0,13005.0,12950.0,-0.08,12990.0,12982.5,12965.0,12873.5,12752.5,,12950.0,12894.464285714286,,,53.948277698792715,73.81433680987631,,-0.0007698229407235857,4,3,1,0,0,6,10,13050.0
2015-03-09,13050.0,13005.0,13075.0,13005.0,0.54,12980.0,12990.0,12982.5,12837.5,12769.5,,12980.357142857143,12914.5,,,37.31701386510969,75.33846703633684,,0.005392912172573094,0,3,1,0,0,9,11,13091.5
2015-03-10,13091.5,13053.5,13093.5,13047.5,0.32,13050.0,12980.0,12990.0,12925.0,12842.5,,13004.142857142857,12932.285714285714,,,47.755204154193315,85.71098894759241,,0.003180076628352513,1,3,1,0,0,10,11,13190.5
2015-03-11,13190.5,13139.5,13244.5,13124.5,0.76,13091.5,13050.0,12980.0,12970.0,12842.5,,13035.642857142857,12957.142857142857,12822.266666666666,,81.95614390519205,105.78123807968565,158.58206476259528,0.007562158652560713,2,3,1,0,0,11,11,13182.5
2015-03-12,13182.5,13147.5,13217.5,13147.5,-0.06,13190.5,13091.5,13050.0,12965.0,12812.5,12567.5,13066.714285714286,12983.57142857143,12842.766666666666,,91.39605076389816,112.84824001607726,164.16501020227443,-0.0006064971001857877,3,3,1,0,0,12,11,13195.0
2015-03-13,13195.0,13155.0,13205.0,13150.0,0.09,13182.5,13190.5,13091.5,12982.5,12834.5,12667.5,13097.07142857143,13009.32142857143,12860.35,,94.01570284240454,117.25983756382854,172.7694372517205,0.0009482268158542695,4,3,1,0,0,13,11,13242.0
2015-03-16,13242.0,13203.0,13247.0,13203.0,0.36,13195.0,13182.5,13190.5,12990.0,12897.5,12685.0,13133.07142857143,13033.92857142857,12878.916666666666,,94.42961601611665,127.6733899663336,182.90722555689268,0.0035619552860932657,0,3,1,0,0,16,12,13167.5
2015-03-17,13167.5,13222.5,13247.5,13162.5,-0.56,13242.0,13195.0,13182.5,12980.0,12873.5,12654.0,13159.857142857143,13054.92857142857,12896.033333333333,,66.12344156052632,123.36201527693939,185.14672342605178,-0.00562603836278508,1,3,1,0,0,17,12,13170.0
2015-03-18,13170.0,13160.0,13190.0,13150.0,0.02,13167.5,13242.0,13195.0,13050.0,12837.5,12625.0,13177.0,13078.67857142857,12914.2,,45.112821532968404,109.51143374497553,184.3719815650081,0.00018986140117704942,2,3,1,0,0,18,12,13035.0
2015-03-19,13035.0,13115.0,13115.0,12984.0,-1.03,13170.0,13167.5,13242.0,13091.5,12925.0,12632.5,13168.92857142857,13086.535714285714,12927.616666666667,,64.04258255997476,101.27351850040365,177.68970839996692,-0.01025056947608205,3,3,1,0,0,19,12,13116.0
2015-03-20,13116.0,13044.0,13124.0,13044.0,0.62,13035.0,13170.0,13167.5,13190.5,12970.0,12614.5,13158.285714285714,13096.964285714286,12944.333333333334,,66.02010876924989,95.71481363640429,170.66787333445856,0.006214039125431503,4,3,1,0,0,20,12,13019.5
2015-03-23,13019.5,13030.5,13080.5,13005.5,-0.74,13116.0,13035.0,13170.0,13182.5,12965.0,12647.5,13135.0,13100.857142857143,12956.733333333334,,82.69572741884703,90.92313502908671,161.63233786491904,-0.007357426044525717,0,3,1,0,0,23,13,12905.0
2015-03-24,12905.0,12985.0,12995.0,12900.0,-0.88,13019.5,13116.0,13035.0,13195.0,12982.5,12672.5,13093.57142857143,13095.32142857143,12964.483333333334,,114.24915337812392,100.53464904868234,152.8703802602741,-0.008794500556857043,1,3,1,0,0,24,13,12986.0
2015-03-25,12986.0,12914.0,12989.0,12909.0,0.63,12905.0,13019.5,13116.0,13242.0,12990.0,12715.0,13057.0,13095.035714285714,12973.516666666666,,98.73829044498939,100.86214207172964,145.44630976064624,0.006276636962417648,2,3,1,0,0,25,13,13019.0
2015-03-26,13019.0,12971.0,13026.0,12971.0,0.25,12986.0,12905.0,13019.5,13167.5,12980.0,12792.5,13035.785714285714,13097.82142857143,12981.066666666668,,86.1964119239921,97.93671566234153,141.55245971220754,0.0025411982134606603,3,3,1,0,0,26,13,13065.0
2015-03-27,13065.0,13025.0,13080.0,13025.0,0.35,13019.0,12986.0,12905.0,13170.0,13050.0,12787.5,13020.785714285714,13098.892857142857,12990.316666666668,,65.63018686984343,97.45416646013969,137.47548266267276,0.0035332974882864576,4,3,1,0,0,27,13,13075.0
2015-03-30,13075.0,13054.0,13092.0,13054.0,0.08,13065.0,13019.0,12986.0,13035.0,13091.5,12752.5,13026.5,13097.714285714286,13001.066666666668,,68.74166616154852,97.65002546097224,130.67904439381152,0.0007654037504782885,0,3,1,0,0,30,14,13075.0
2015-03-31,13075.0,13070.0,13095.0,13067.0,0.0,13075.0,13065.0,13019.0,13116.0,13190.5,12769.5,13020.642857142857,13089.464285714286,13011.25,,61.17509997655914,94.01952830820717,123.73015340680166,0.0,1,3,1,1,0,31,14,13042.5
2015-04-01,13042.5,13057.5,13062.5,13002.5,-0.25,13075.0,13075.0,13065.0,13019.5,13182.5,12842.5,13023.92857142857,13079.464285714286,13017.916666666666,,61.71873606087142,90.75144929670066,119.64488283460992,-0.0024856596558316957,2,4,2,0,1,1,14,13002.5
2015-04-02,13002.5,12982.5,13012.5,12977.5,-0.31,13042.5,13075.0,13075.0,12905.0,13195.0,12842.5,13037.857142857143,13065.714285714286,13023.25,,36.084061908390574,86.37746195661823,115.03303498531581,-0.003066896683917908,3,4,2,0,0,2,14,13002.5
2015-04-03,13002.5,13002.5,13002.5,13002.5,0.0,13002.5,13042.5,13075.0,12986.0,13242.0,12812.5,13040.214285714286,13048.607142857143,13029.583333333334,,32.49212358768052,71.15318755264752,108.04804832632732,0.0,4,4,2,0,0,3,14,12958.5
2015-04-06,12958.5,12951.5,12958.5,12921.5,-0.34,13002.5,13002.5,13042.5,13019.0,13167.5,12834.5,13031.57142857143,13033.67857142857,13033.716666666667,,44.793441271590744,66.03018166044298,102.56030045727752,-0.0033839646221880404,0,4,2,0,0,6,15,12985.0
2015-04-07,12985.0,12955.0,12990.0,12953.0,0.2,12958.5,13002.5,13002.5,13065.0,13170.0,12897.5,13020.142857142857,13020.464285714286,13036.633333333333,,45.047858148958355,54.08058953854376,99.75884139655808,0.002044989775051187,1,4,2,0,0,7,15,12955.0
2015-04-08,12955.0,12980.0,13010.0,12954.0,-0.23,12985.0,12958.5,13002.5,13075.0,13035.0,12873.5,13003.0,13014.75,13039.35,,43.49904213503958,56.59462804081525,96.2097340763217,-0.0023103581055063938,2,4,2,0,0,8,15,12898.0
2015-04-09,12898.0,12962.0,12982.0,12892.0,-0.44,12955.0,12985.0,12958.5,13075.0,13116.0,12837.5,12977.714285714286,12999.17857142857,13041.366666666667,,46.040613541063465,56.58404475539466,92.39112262675438,-0.0043998456194519475,3,4,2,0,0,9,15,12915.0
2015-04-10,12915.0,12910.0,12935.0,12880.0,0.13,12898.0,12955.0,12985.0,13042.5,13019.5,12925.0,12959.5,12991.714285714286,13041.033333333333,,41.09338957382597,60.45714129916646,92.84237043036178,0.0013180338036904438,4,4,2,0,0,10,15,12985.0
2015-04-13,12985.0,12905.0,12990.0,12905.0,0.54,12915.0,12898.0,12955.0,13002.5,12905.0,12970.0,12957.0,12997.42857142857,13041.533333333333,,38.49134101759649,55.18112035793975,92.48633946971755,0.005420054200542035,0,4,2,0,0,13,16,12980.5
2015-04-14,12980.5,12973.5,12992.5,12964.5,-0.03,12985.0,12915.0,12898.0,13002.5,12986.0,12965.0,12953.857142857143,12997.035714285714,13042.05,,34.886380205018625,55.288218346348266,92.08648015636334,-0.00034655371582592576,1,4,2,0,0,14,16,12900.5
2015-04-15,12900.5,12959.5,12987.5,12884.5,-0.62,12980.5,12985.0,12915.0,12958.5,13019.0,12982.5,12945.57142857143,12988.57142857143,13039.316666666668,,40.09824245049465,60.49280222374079,95.08321975071613,-0.006163090790031189,2,4,2,0,0,15,16,12856.0
2015-04-16,12856.0,12869.0,12874.0,12804.0,-0.34,12900.5,12980.5,12985.0,12985.0,13065.0,12990.0,12927.142857142857,12973.642857142857,13034.85,,47.85108348277807,65.74175250158534,100.47440487250853,-0.0034494787023758855,3,4,2,0,0,16,16,12850.0
2015-04-17,12850.0,12838.0,12875.0,12835.0,-0.05,12856.0,12900.5,12980.5,12955.0,13075.0,12980.0,12912.142857142857,12957.57142857143,13030.516666666666,,53.756173510358714,66.55473662358557,105.59449790830817,-0.00046670815183569303,4,4,2,0,0,17,16,12890.0
2015-04-20,12890.0,12855.0,12900.0,12852.0,0.31,12850.0,12856.0,12900.5,12898.0,13075.0,13050.0,12911.0,12944.357142857143,13025.183333333332,,54.19025127578701,59.430446927312204,108.57505614133404,0.003112840466926059,0,4,2,0,0,20,17,12957.5
2015-04-21,12957.5,12937.5,12972.5,12917.5,0.52,12890.0,12850.0,12856.0,12915.0,13042.5,13091.5,12917.07142857143,12938.285714285714,13020.716666666667,,57.020046600167795,52.579871216511954,108.50907187034066,0.005236617532971222,1,4,2,0,0,21,17,12900.0
2015-04-22,12900.0,12925.0,12965.0,12885.0,-0.44,12957.5,12890.0,12850.0,12985.0,13002.5,13190.5,12904.92857142857,12930.964285714286,13011.033333333333,12916.65,48.56733175999394,50.02478781171024,105.76249688395305,-0.00443758441057307,2,4,2,0,0,22,17,12955.0
2015-04-23,12955.0,12920.0,12961.0,12919.0,0.43,12900.0,12957.5,12890.0,12980.5,13002.5,13182.5,12901.285714285714,12927.57142857143,13003.45,12923.108333333334,42.536119105661484,46.26963497674704,101.09728585327221,0.00426356589147292,3,4,2,0,0,23,17,12919.5
2015-04-24,12919.5,12924.5,12948.5,12909.5,-0.27,12955.0,12900.0,12957.5,12900.5,12958.5,13195.0,12904.0,12924.785714285714,12994.266666666666,12927.308333333332,43.080351282995125,45.43072252840459,95.45270839652233,-0.00274025472790429,4,4,2,0,0,24,17,12980.0
2015-04-27,12980.0,12930.0,12985.0,12915.0,0.47,12919.5,12955.0,12900.0,12856.0,12985.0,13242.0,12921.714285714286,12924.42857142857,12985.533333333333,12932.225,45.4806342879877,44.93793033084553,83.2049747076072,0.004682843763303524,0,4,2,0,0,27,18,12980.0
2015-04-28,12980.0,12945.0,12995.0,12945.0,0.0,12980.0,12919.5,12955.0,12850.0,12955.0,13167.5,12940.285714285714,12926.214285714286,12979.283333333333,12937.658333333333,37.08307918585388,46.7080598734863,75.77549455275242,0.0,1,4,2,0,0,28,18,12940.0
2015-04-29,12940.0,12935.0,12978.0,12935.0,-0.31,12980.0,12980.0,12919.5,12890.0,12898.0,13170.0,12947.42857142857,12929.214285714286,12971.616666666667,12942.908333333333,29.903216899723493,46.101357516210385,66.93353411039395,-0.0030816640986132127,2,4,2,0,0,29,18,12962.5
2015-04-30,12962.5,12924.5,12962.5,12912.5,0.17,12940.0,12980.0,12980.0,12957.5,12915.0,13035.0,12948.142857142857,12932.607142857143,12969.2,12948.408333333333,30.241685201209403,46.718542921943666,65.86645318501611,0.0017387944358577823,3,4,2,1,0,30,18,12962.5
2015-05-01,12962.5,12962.5,12962.5,12962.5,0.0,12962.5,12940.0,12980.0,12900.0,12985.0,13116.0,12957.07142857143,12931.0,12964.083333333334,12954.208333333334,21.67069559609348,45.1378231301127,59.747324760975125,0.0,4,5,2,0,1,1,18,12980.0
2015-05-04,12980.0,12975.0,13030.0,12974.0,0.14,12962.5,12962.5,12940.0,12955.0,12980.5,13019.5,12960.642857142857,12930.964285714286,12962.766666666666,12959.75,23.273221890025123,45.09582288594477,58.91339835511609,0.0013500482160078153,0,5,2,0,0,4,19,13047.5
2015-05-05,13047.5,12992.5,13047.5,12985.5,0.52,12980.0,12962.5,12962.5,12919.5,12900.5,12905.0,12978.92857142857,12941.464285714286,12967.516666666666,12966.0,33.567628964303424,53.74171288020904,59.83273860686065,0.005200308166409817,1,5,2,0,0,5,19,13035.0
2015-05-06,13035.0,13030.0,13050.0,13005.0,-0.1,13047.5,12980.0,12962.5,12980.0,12856.0,12986.0,12986.785714285714,12954.25,12969.15,12971.333333333334,39.7312399576307,53.13435438006727,61.01189115304072,-0.0009580379383024029,2,5,2,0,0,6,19,13145.0
2015-05-07,13145.0,13035.0,13151.0,13025.0,0.84,13035.0,13047.5,12980.0,12980.0,12850.0,13019.0,13010.357142857143,12975.32142857143,12973.35,12977.208333333334,71.37676692833755,65.63524122079258,68.44581924716337,0.00843881856540074,3,5,2,0,0,7,19,13127.5
2015-05-08,13127.5,13122.5,13192.5,13092.5,-0.13,13145.0,13035.0,13047.5,12940.0,12890.0,13065.0,13037.142857142857,12992.285714285714,12975.433333333332,12982.875,75.62832047019296,72.24603110891681,72.18089504291969,-0.0013313046785849991,4,5,2,0,0,8,19,13155.0
2015-05-11,13155.0,13115.0,13165.0,13110.0,0.21,13127.5,13145.0,13035.0,12962.5,12957.5,13075.0,13064.642857142857,13006.392857142857,12978.1,12989.583333333334,78.89112449324648,83.35885781262587,77.28355760356587,0.0020948390782709048,0,5,2,0,0,11,20,13198.0
2015-05-12,13198.0,13166.0,13213.0,13166.0,0.33,13155.0,13127.5,13145.0,12962.5,12900.0,13075.0,13098.285714285714,13027.67857142857,12982.2,12996.725,78.28466066374384,91.72861459907081,85.43434664236949,0.0032687191182059205,1,5,2,0,0,12,20,13137.5
2015-05-13,13137.5,13157.5,13197.5,13127.5,-0.46,13198.0,13155.0,13127.5,12980.0,12955.0,13042.5,13120.785714285714,13040.714285714286,12985.366666666667,13001.641666666666,58.84078598419242,93.55514915848772,89.41437180374955,-0.004584027883012598,2,5,2,0,0,13,20,13137.5
2015-05-14,13137.5,13137.5,13137.5,13137.5,0.0,13137.5,13198.0,13155.0,13047.5,12919.5,13002.5,13133.642857142857,13056.285714285714,12989.866666666667,13006.558333333332,49.201722772774644,89.8988136923811,93.60527296279052,0.0,3,5,2,0,0,14,20,13091.0
2015-05-15,13091.0,13052.0,13102.0,13052.0,-0.35,13137.5,13137.5,13198.0,13035.0,12980.0,13002.5,13141.642857142857,13064.214285714286,12992.816666666668,13011.2,32.054269457837435,87.51652905105121,95.39459640351897,-0.0035394862036155494,4,5,2,0,0,15,20,13137.0
2015-05-18,13137.0,13085.0,13145.0,13085.0,0.35,13091.0,13137.5,13137.5,13145.0,12980.0,12958.5,13140.5,13075.42857142857,12998.766666666666,13016.241666666667,32.057240471789264,85.94001869436207,98.6901921316923,0.003513864487052265,0,5,2,0,0,18,21,13115.5
2015-05-19,13115.5,13159.5,13189.5,13104.5,-0.16,13137.0,13091.0,13137.5,13127.5,12940.0,12985.0,13138.785714285714,13087.964285714286,13003.116666666667,13019.875,33.16983713010273,77.00086520136342,100.91347295079281,-0.0016365989190835206,1,5,2,0,0,19,21,13175.0
2015-05-20,13175.0,13145.0,13185.0,13145.0,0.45,13115.5,13137.0,13091.0,13155.0,12962.5,12955.0,13141.642857142857,13103.142857142857,13010.45,13024.9,35.573532161926956,71.08349061042699,105.1989371586629,0.004536616979909258,2,5,2,0,0,20,21,13129.5
2015-05-21,13129.5,13127.5,13173.5,13105.5,-0.35,13175.0,13115.5,13137.0,13198.0,12962.5,12898.0,13131.857142857143,13115.07142857143,13018.166666666666,13029.766666666666,25.47501109863567,58.57895958016241,105.15656089304467,-0.0034535104364326052,3,5,2,0,0,21,21,13155.0
2015-05-22,13155.0,13105.0,13171.0,13105.0,0.19,13129.5,13175.0,13115.5,13137.5,12980.0,12915.0,13134.357142857143,13127.57142857143,13026.166666666666,13033.6,26.937758948032183,44.524780111254486,106.16174495530922,0.001942191248714753,4,5,2,0,0,22,21,13186.5
2015-05-25,13186.5,13188.5,13193.5,13168.5,0.24,13155.0,13129.5,13175.0,13137.5,13047.5,12985.0,13141.357142857143,13137.5,13032.883333333333,13037.208333333334,33.46604533666388,40.62303249672613,109.78000597852888,0.0023945267958951355,0,5,2,0,0,25,22,13210.0
2015-05-26,13210.0,13175.0,13220.0,13175.0,0.18,13186.5,13155.0,13129.5,13091.0,13035.0,12980.5,13158.357142857143,13150.0,13040.533333333333,13041.291666666666,33.84488425856564,32.83466742049291,113.92200396985638,0.0017821256588177459,1,5,2,0,0,26,22,13202.0
2015-05-27,13202.0,13215.0,13241.0,13195.0,-0.06,13210.0,13186.5,13155.0,13137.0,13145.0,12900.5,13167.642857142857,13154.07142857143,13050.583333333334,13044.95,35.86515751825273,35.58568053781677,114.44024817476222,-0.0006056018168054678,2,5,2,0,0,27,22,13221.5
2015-05-28,13221.5,13181.5,13225.5,13181.5,0.15,13202.0,13210.0,13186.5,13115.5,13127.5,12856.0,13182.785714285714,13160.785714285714,13062.766666666666,13048.808333333332,32.38937215462921,38.90012570954622,112.44881849806879,0.001477048931979974,3,5,2,0,0,28,22,13224.0
2015-05-29,13224.0,13191.0,13226.0,13191.0,0.02,13221.5,13202.0,13210.0,13175.0,13155.0,12850.0,13189.785714285714,13165.714285714286,13075.233333333334,13052.875,35.56549960150206,42.33052830254094,108.71686838419731,0.00018908595847677567,4,5,2,0,0,29,22,13222.5
2015-06-01,13222.5,13202.5,13237.5,13202.5,-0.01,13224.0,13221.5,13202.0,13129.5,13198.0,12890.0,13203.07142857143,13167.464285714286,13086.316666666668,13055.75,25.132032301801768,44.231673426001905,106.09888713166276,-0.00011343012704179145,0,6,2,0,1,1,23,13222.5
2015-06-02,13222.5,13222.5,13222.5,13222.5,0.0,13222.5,13224.0,13221.5,13155.0,13137.5,12957.5,13212.714285714286,13173.535714285714,13095.15,13057.933333333332,14.174087692143845,45.61438044405622,106.03570885190905,0.0,1,6,2,0,0,2,23,13221.0
2015-06-03,13221.0,13191.0,13221.0,13190.0,-0.01,13222.5,13222.5,13224.0,13186.5,13137.5,12900.0,13217.642857142857,13179.5,13105.85,13058.441666666668,8.335237877592,45.9974915703831,101.77452682448389,-0.00011344299489501886,2,6,2,0,0,3,23,13282.0
2015-06-04,13282.0,13213.0,13293.0,13213.0,0.46,13221.0,13222.5,13222.5,13210.0,13091.0,12955.0,13227.92857142857,13193.142857142857,13116.75,13060.1,25.03236000897552,46.05449471565555,102.56913143895082,0.004613871870509101,3,6,2,0,0,4,23,13275.5
2015-06-05,13275.5,13294.5,13299.5,13274.5,-0.05,13282.0,13221.0,13222.5,13202.0,13137.0,12919.5,13238.42857142857,13203.035714285714,13128.616666666667,13061.441666666668,27.62460945640729,47.90514035596881,99.50945920497857,-0.0004893841288962086,4,6,2,0,0,5,23,13379.5
2015-06-08,13379.5,13335.5,13385.5,13335.5,0.78,13275.5,13282.0,13221.0,13221.5,13115.5,12980.0,13261.0,13221.892857142857,13141.933333333332,13063.733333333334,58.63303960510223,60.974515033033235,105.48694422677097,0.007833979887763132,0,6,2,0,0,8,24,13302.5
2015-06-09,13302.5,13332.5,13386.5,13296.5,-0.58,13379.5,13275.5,13282.0,13224.0,13175.0,12980.0,13272.214285714286,13231.0,13152.683333333332,13065.983333333334,57.879081672382654,62.922418653669475,104.84631473088034,-0.005755073059531379,1,6,2,0,0,9,24,13312.5
2015-06-10,13312.5,13307.5,13339.5,13287.5,0.08,13302.5,13379.5,13275.5,13222.5,13129.5,12940.0,13285.07142857143,13244.07142857143,13165.1,13068.358333333334,54.91541114252646,59.10741758175012,100.7680333822556,0.0007517383950386147,2,6,2,0,0,10,24,13320.5
2015-06-11,13320.5,13264.5,13325.5,13254.5,0.06,13312.5,13302.5,13379.5,13222.5,13155.0,12962.5,13299.07142857143,13255.892857142857,13177.033333333333,13073.116666666667,48.41180001769008,56.41132543522552,97.07834849815764,0.0006009389671361998,3,6,2,0,0,11,24,13332.5
2015-06-12,13332.5,13302.5,13337.5,13302.5,0.09,13320.5,13312.5,13302.5,13221.0,13186.5,12962.5,13315.0,13266.32142857143,13189.366666666667,13076.725,34.901050605015705,56.09045138220755,92.26722186068268,0.0009008670845689348,4,6,2,0,0,12,24,13335.0
2015-06-15,13335.0,13316.0,13340.0,13315.0,0.02,13332.5,13320.5,13312.5,13282.0,13210.0,12980.0,13322.57142857143,13275.25,13201.2,13081.983333333334,32.1926862442327,56.38355938770305,87.11027493931734,0.00018751171948250267,0,6,2,0,0,15,25,13353.0
2015-06-16,13353.0,13330.0,13355.0,13325.0,0.13,13335.0,13332.5,13320.5,13275.5,13202.0,13047.5,13333.642857142857,13286.035714285714,13211.383333333333,13089.45,26.04597583396399,55.73234949484409,86.37654967256368,0.0013498312710911176,1,6,2,0,0,16,25,13367.5
2015-06-17,13367.5,13347.5,13373.5,13347.5,0.11,13353.0,13335.0,13332.5,13379.5,13221.5,13035.0,13331.92857142857,13296.464285714286,13222.466666666667,13095.808333333332,22.705411563904683,56.38346193889891,84.27018670810999,0.0010858983000074929,2,6,2,0,0,17,25,13305.0
2015-06-18,13305.0,13338.0,13348.0,13298.0,-0.47,13367.5,13353.0,13335.0,13302.5,13224.0,13145.0,13332.285714285714,13302.25,13227.8,13100.575,22.178926076466063,52.39008640803657,84.26145680827,-0.004675518982607096,3,6,2,0,0,18,25,13331.5
2015-06-19,13331.5,13306.5,13334.5,13301.5,0.2,13305.0,13367.5,13353.0,13312.5,13222.5,13127.5,13335.0,13310.035714285714,13234.6,13105.016666666666,20.449123860626766,47.4975563280694,84.11941429939172,0.001991732431416704,4,6,2,0,0,19,25,13310.0
2015-06-22,13310.0,13325.0,13335.0,13305.0,-0.16,13331.5,13305.0,13367.5,13320.5,13222.5,13155.0,13333.5,13316.285714285714,13239.766666666666,13108.933333333332,22.015146301291033,40.305427333333796,83.82131377926477,-0.0016127217492405421,0,6,2,0,0,22,26,13255.0
2015-06-23,13255.0,13305.0,13325.0,13250.0,-0.41,13310.0,13331.5,13305.0,13332.5,13221.0,13198.0,13322.42857142857,13318.714285714286,13241.666666666666,13111.933333333332,36.993725336686964,34.76609438341424,83.48728308422447,-0.004132231404958664,1,6,2,0,0,23,26,13303.5
2015-06-24,13303.5,13253.5,13308.5,13253.5,0.37,13255.0,13310.0,13331.5,13335.0,13282.0,13137.5,13317.92857142857,13320.25,13247.2,13116.283333333333,37.125270561791304,33.470279583232305,81.82989083755798,0.003658996605054643,2,6,2,0,0,24,26,13327.5
2015-06-25,13327.5,13292.5,13332.5,13292.5,0.18,13303.5,13255.0,13310.0,13353.0,13275.5,13137.5,13314.285714285714,13323.964285714286,13253.533333333333,13121.7,34.2501303438673,30.909585447277273,80.38666613287309,0.0018040365317397722,3,6,2,0,0,25,26,13310.0
2015-06-26,13310.0,13331.0,13348.0,13300.0,-0.13,13327.5,13303.5,13255.0,13367.5,13379.5,13091.0,13306.07142857143,13319.0,13260.833333333334,13126.825,25.009045982460226,26.582238141483284,74.87257374269063,-0.0013130744700806662,4,6,2,0,0,26,26,13345.0
2015-06-29,13345.0,13330.0,13380.0,13330.0,0.26,13310.0,13327.5,13303.5,13305.0,13302.5,13137.0,13311.785714285714,13322.035714285714,13267.766666666666,13133.266666666666,28.978234853740844,26.976816460967484,72.60625190778082,0.0026296018031555235,0,6,2,0,0,29,27,13332.5
2015-06-30,13332.5,13324.5,13337.5,13312.5,-0.09,13345.0,13310.0,13327.5,13331.5,13312.5,13115.5,13311.92857142857,13323.464285714286,13275.0,13139.058333333332,29.093854693952952,26.962555435260132,67.54666330872469,-0.0009366804046458954,1,6,2,1,0,30,27,13326.0
2015-07-01,13326.0,13343.0,13343.0,13303.0,-0.05,13332.5,13345.0,13310.0,13310.0,13320.5,13175.0,13314.214285714286,13323.857142857143,13280.033333333333,13145.241666666667,29.542141006341755,26.95611003329196,65.43092347759428,-0.0004875304706544181,2,7,3,0,1,1,27,13337.5
2015-07-02,13337.5,13327.5,13362.5,13324.5,0.09,13326.0,13332.5,13345.0,13255.0,13332.5,13129.5,13326.0,13324.214285714286,13286.966666666667,13152.566666666668,14.719601443898746,27.112099403421432,59.698947794919775,0.0008629746360497847,3,7,3,0,0,2,27,13320.0
2015-07-03,13320.0,13297.0,13327.0,13297.0,-0.13,13337.5,13326.0,13332.5,13303.5,13335.0,13155.0,13328.357142857143,13323.142857142857,13292.466666666667,13159.316666666668,11.480832888344507,26.94897498500338,54.495639391131334,-0.001312089971883812,4,7,3,0,0,3,27,13349.5
2015-07-06,13349.5,13341.5,13361.5,13311.5,0.22,13320.0,13337.5,13326.0,13327.5,13353.0,13186.5,13331.5,13322.892857142857,13297.9,13165.391666666666,13.952299690991737,26.665433236034605,51.61585562333309,0.002214714714714683,0,7,3,0,0,6,28,13327.5
2015-07-07,13327.5,13302.5,13332.5,13287.5,-0.16,13349.5,13320.0,13337.5,13310.0,13367.5,13210.0,13334.0,13320.035714285714,13301.816666666668,13171.175,10.63014581276239,23.469672972704217,49.113254642854706,-0.0016480017978200978,1,7,3,0,0,7,28,13345.0
2015-07-08,13345.0,13330.0,13360.0,13320.0,0.13,13327.5,13349.5,13320.0,13345.0,13305.0,13202.0,13334.0,13322.892857142857,13306.583333333334,13178.583333333334,10.63014581276239,23.92872314194554,45.92761984223209,0.0013130744700806662,2,7,3,0,0,8,28,13336.0
2015-07-09,13336.0,13354.0,13359.0,13324.0,-0.07,13345.0,13327.5,13349.5,13332.5,13331.5,13221.5,13334.5,13323.214285714286,13310.4,13186.583333333334,10.630145812762482,24.082961009479174,43.29537683375975,-0.0006744098913450403,3,7,3,0,0,9,28,13313.5
2015-07-10,13313.5,13318.5,13318.5,13293.5,-0.17,13336.0,13345.0,13327.5,13326.0,13310.0,13224.0,13332.714285714286,13323.464285714286,13313.383333333333,13194.308333333332,13.066678814399657,23.95305046061369,40.10238692131076,-0.0016871625674864665,4,7,3,0,0,10,28,13300.0
2015-07-13,13300.0,13316.0,13317.0,13279.0,-0.1,13313.5,13336.0,13345.0,13337.5,13255.0,13222.5,13327.357142857143,13326.67857142857,13315.966666666667,13201.141666666666,17.65812911409606,15.633552604190518,36.368310697549205,-0.0010140083374018394,0,7,3,0,0,13,29,13335.0
2015-07-14,13335.0,13305.0,13350.0,13303.0,0.26,13300.0,13313.5,13336.0,13320.0,13303.5,13222.5,13329.5,13328.92857142857,13319.716666666667,13207.433333333332,17.526170907167273,14.246264210347766,31.927364582759612,0.002631578947368318,1,7,3,0,0,14,29,13344.5
2015-07-15,13344.5,13322.5,13344.5,13312.5,0.07,13335.0,13300.0,13313.5,13349.5,13327.5,13221.0,13328.785714285714,13330.142857142857,13323.833333333334,13214.841666666667,16.655472431165983,14.827765757443427,26.21013667215334,0.0007124109486313923,2,7,3,0,0,15,29,13344.5
2015-07-16,13344.5,13344.5,13344.5,13344.5,0.0,13344.5,13335.0,13300.0,13327.5,13310.0,13282.0,13331.214285714286,13332.607142857143,13325.916666666666,13221.333333333334,17.646664328006796,14.070124611684928,25.236154733879566,0.0,3,7,3,0,0,16,29,13344.5
2015-07-17,13344.5,13344.5,13344.5,13344.5,0.0,13344.5,13344.5,13335.0,13345.0,13345.0,13275.5,13331.142857142857,13332.57142857143,13328.216666666667,13228.416666666666,17.582458791177196,14.036843200232111,23.572223328504922,0.0,4,7,3,0,0,17,29,13344.5
2015-07-20,13344.5,13344.5,13344.5,13344.5,0.0,13344.5,13344.5,13344.5,13336.0,13332.5,13379.5,13332.357142857143,13333.42857142857,13327.05,13234.491666666667,18.254484119711186,14.393985312683006,21.74156594315092,0.0,0,7,3,0,0,20,30,13344.5
2015-07-21,13344.5,13344.5,13344.5,13344.5,0.0,13344.5,13344.5,13344.5,13313.5,13326.0,13302.5,13336.785714285714,13334.75,13328.45,13240.566666666668,16.602854028912958,14.508286756549893,21.456592106688806,0.0,1,7,3,0,0,21,30,13377.5
2015-07-22,13377.5,13332.5,13382.5,13332.5,0.25,13344.5,13344.5,13344.5,13300.0,13337.5,13312.5,13347.857142857143,13337.607142857143,13330.616666666667,13247.858333333334,13.542261891705502,18.485106865231096,23.01561813565287,0.002472928922027773,2,7,3,0,0,22,30,13422.5
2015-07-23,13422.5,13377.5,13422.5,13372.5,0.34,13377.5,13344.5,13344.5,13335.0,13320.0,13320.5,13360.357142857143,13344.92857142857,13334.016666666666,13255.525,30.035693052493137,28.53935012380635,28.378744879308524,0.0033638572229490737,3,7,3,0,0,23,30,13445.0
2015-07-24,13445.0,13425.0,13462.0,13418.0,0.17,13422.5,13377.5,13344.5,13344.5,13349.5,13332.5,13374.714285714286,13351.75,13337.766666666666,13263.566666666668,42.588982478713966,39.154894575587036,34.86346109533076,0.0016762898118829472,4,7,3,0,0,24,30,13459.0
2015-07-27,13459.0,13441.0,13466.0,13441.0,0.1,13445.0,13422.5,13377.5,13344.5,13327.5,13335.0,13391.07142857143,13361.142857142857,13341.9,13271.55,50.33423997922827,47.724944522384924,41.2835861180217,0.001041279285979968,0,7,3,0,0,27,31,13462.5
2015-07-28,13462.5,13442.5,13466.5,13441.5,0.03,13459.0,13445.0,13422.5,13344.5,13345.0,13353.0,13407.92857142857,13369.535714285714,13345.55,13278.466666666667,51.87358718673612,54.516216460215695,46.774283753952034,0.00026004903781862154,1,7,3,0,0,28,31,13456.0
2015-07-29,13456.0,13421.0,13459.0,13421.0,-0.05,13462.5,13459.0,13445.0,13344.5,13336.0,13367.5,13423.857142857143,13378.107142857143,13348.5,13285.483333333334,45.92903428635381,58.15039472426201,50.8220356769625,-0.00048282265552457293,2,7,3,0,0,29,31,13467.5
2015-07-30,13467.5,13457.5,13472.5,13452.5,0.09,13456.0,13462.5,13459.0,13344.5,13313.5,13305.0,13441.42857142857,13389.107142857143,13353.916666666666,13290.858333333334,31.892303893257715,59.53802229579811,54.54894722800693,0.0008546373365041493,3,7,3,0,0,30,31,13527.5
2015-07-31,13527.5,13462.5,13527.5,13461.5,0.45,13467.5,13456.0,13462.5,13377.5,13300.0,13331.5,13462.857142857143,13405.357142857143,13360.45,13297.525,32.171045840584895,64.20982089131407,62.87375829998138,0.0044551698533505935,4,7,3,1,0,31,31,13500.0
2015-08-03,13500.0,13495.0,13515.0,13474.0,-0.2,13527.5,13467.5,13456.0,13422.5,13335.0,13310.0,13473.92857142857,13417.142857142857,13366.783333333333,13303.275,29.162516711580146,65.43359187029417,67.0475491765411,-0.0020328959526889623,0,8,3,0,0,3,32,13485.5
2015-08-04,13485.5,13492.5,13512.5,13477.5,-0.11,13500.0,13527.5,13467.5,13445.0,13344.5,13255.0,13479.714285714286,13427.214285714286,13374.466666666667,13308.066666666668,26.348398342952205,64.23266431363581,67.00307935971526,-0.0010740740740741161,1,8,3,0,0,4,32,13514.0
2015-08-05,13514.0,13496.0,13520.0,13481.0,0.21,13485.5,13500.0,13527.5,13459.0,13344.5,13303.5,13487.57142857143,13439.32142857143,13381.483333333334,13314.341666666667,27.324330689328736,63.4118428464244,70.25795860351134,0.0021133810388935803,2,8,3,0,0,5,32,13541.5
2015-08-06,13541.5,13525.5,13541.5,13510.5,0.2,13514.0,13485.5,13500.0,13462.5,13344.5,13327.5,13498.857142857143,13453.392857142857,13388.616666666667,13321.075,31.272610867608243,62.604429239727615,75.27280079973308,0.0020349267426371664,3,8,3,0,0,6,32,13539.5
2015-08-07,13539.5,13526.5,13543.5,13523.5,-0.01,13541.5,13514.0,13485.5,13456.0,13344.5,13310.0,13510.785714285714,13467.32142857143,13396.266666666666,13328.55,27.949145995992925,58.03964399199458,78.59616702658546,-0.0001476941254661135,4,8,3,0,0,7,32,13549.0
2015-08-10,13549.0,13531.0,13549.0,13526.0,0.07,13539.5,13541.5,13514.0,13467.5,13344.5,13345.0,13522.42857142857,13481.92857142857,13403.066666666668,13335.416666666666,23.539733380383257,49.91602838870273,82.72417123038356,0.0007016507256545346,0,8,3,0,0,10,33,13600.0
2015-08-11,13600.0,13535.0,13600.0,13515.0,0.38,13549.0,13539.5,13541.5,13527.5,13377.5,13332.5,13532.785714285714,13497.82142857143,13411.983333333334,13343.491666666667,37.78321622853024,49.528782285826566,89.03181176272902,0.0037641154328733606,1,8,3,0,0,11,33,13785.0
2015-08-12,13785.0,13655.0,13830.0,13655.0,1.36,13600.0,13549.0,13539.5,13500.0,13422.5,13326.0,13573.5,13523.714285714286,13427.283333333333,13353.658333333333,99.5816248110076,87.39932984373412,110.57823594349411,0.013602941176470651,2,8,3,0,0,12,33,13745.0
2015-08-13,13745.0,13765.0,13795.0,13714.0,-0.29,13785.0,13600.0,13549.0,13485.5,13445.0,13337.5,13610.57142857143,13545.142857142857,13440.866666666667,13363.916666666666,109.19952250026509,102.14816323722009,123.44850478373931,-0.0029017047515415006,3,8,3,0,0,13,33,13787.5
2015-08-14,13787.5,13747.5,13790.5,13737.5,0.31,13745.0,13785.0,13600.0,13514.0,13459.0,13320.0,13649.642857142857,13568.607142857143,13456.45,13374.458333333334,117.50096250872276,117.42545566167777,136.48382182770845,0.0030920334667152716,4,8,3,0,0,14,33,13787.5
2015-08-17,13787.5,13787.5,13787.5,13787.5,0.0,13787.5,13745.0,13785.0,13541.5,13462.5,13349.5,13684.785714285714,13591.82142857143,13471.05,13384.475,116.55000970358064,126.60182996954617,147.62115713708238,0.0,0,8,3,0,0,17,34,13818.0
2015-08-18,13818.0,13795.0,13853.0,13795.0,0.22,13787.5,13787.5,13745.0,13539.5,13456.0,13327.5,13724.57142857143,13617.67857142857,13487.4,13394.608333333334,105.72071248160837,133.5069296879913,157.97383022036166,0.0022121486854034256,1,8,3,0,0,18,34,13842.5
2015-08-19,13842.5,13807.5,13842.5,13802.5,0.18,13818.0,13787.5,13787.5,13549.0,13467.5,13345.0,13766.5,13644.464285714286,13503.983333333334,13405.283333333333,79.41137617915,138.58064359862155,168.28590631534541,0.0017730496453900457,2,8,3,0,0,19,34,13870.0
2015-08-20,13870.0,13835.0,13880.0,13805.0,0.2,13842.5,13818.0,13787.5,13600.0,13527.5,13336.0,13805.07142857143,13668.92857142857,13521.783333333333,13416.091666666667,41.65876115479404,146.35742039774556,177.87334138291368,0.0019866353621094124,3,8,3,0,0,20,34,13942.5
2015-08-21,13942.5,13877.5,13949.5,13877.5,0.52,13870.0,13842.5,13818.0,13785.0,13500.0,13313.5,13827.57142857143,13700.535714285714,13542.75,13428.066666666668,65.00347976033383,154.61732715685594,189.18713368444116,0.005227108868060659,4,8,3,0,0,21,34,14047.0
2015-08-24,14047.0,13953.0,14048.0,13953.0,0.75,13942.5,13870.0,13842.5,13745.0,13485.5,13300.0,13870.714285714286,13740.642857142857,13567.65,13441.808333333332,94.56428904139476,166.88589245016396,204.66133295497633,0.007495069033530477,0,8,3,0,0,24,35,14065.0
2015-08-25,14065.0,14050.0,14090.0,14035.0,0.13,14047.0,13942.5,13870.0,13787.5,13514.0,13335.0,13910.357142857143,13780.0,13591.983333333334,13455.85,110.66153889439565,174.13887031283966,218.94490266345687,0.0012814124012243688,1,8,3,0,0,25,35,14122.5
2015-08-26,14122.5,14072.5,14125.5,14072.5,0.41,14065.0,14047.0,13942.5,13787.5,13541.5,13344.5,13958.214285714286,13821.5,13617.916666666666,13470.875,120.66097724024544,181.9824590025105,234.16712582278583,0.004088162104514792,2,8,3,0,0,26,35,13992.5
2015-08-27,13992.5,14082.5,14137.5,13982.5,-0.92,14122.5,14065.0,14047.0,13818.0,13539.5,13344.5,13983.142857142857,13853.857142857143,13639.516666666666,13482.716666666667,103.69816547947747,167.69666165328016,237.9330709766527,-0.009205169056470175,3,8,3,0,0,27,35,13982.5
2015-08-28,13982.5,13977.5,14038.5,13967.5,-0.07,13992.5,14122.5,14065.0,13842.5,13549.0,13344.5,14003.142857142857,13884.82142857143,13660.783333333333,13494.5,83.60607747332601,145.64876179758815,239.1642662781826,-0.0007146685724495061,4,8,3,0,0,28,35,14050.0
2015-08-31,14050.0,13975.0,14055.0,13975.0,0.48,13982.5,13992.5,14122.5,13870.0,13600.0,13344.5,14028.857142857143,13916.964285714286,13684.3,13505.675,60.24928373413111,126.33068088967539,241.6645081156372,0.004827462900053536,0,8,3,1,0,31,36,14097.5
2015-09-01,14097.5,14047.5,14099.5,14042.5,0.34,14050.0,13982.5,13992.5,13942.5,13785.0,13344.5,14051.0,13939.285714285714,13709.4,13518.925,50.993463633421314,128.8039228806061,244.24550961180879,0.003380782918149361,1,9,3,0,1,1,36,14130.0
2015-09-02,14130.0,14085.0,14140.0,14085.0,0.23,14097.5,14050.0,13982.5,14047.0,13745.0,13377.5,14062.857142857143,13966.785714285714,13734.483333333334,13532.55,58.93903226054279,125.1809020647327,247.60172007000432,0.0023053732931370696,2,9,3,0,0,2,36,14169.0
2015-09-03,14169.0,14126.0,14169.0,14126.0,0.28,14130.0,14097.5,14050.0,14065.0,13787.5,13422.5,14077.714285714286,13994.035714285714,13759.366666666667,13546.691666666668,71.36692577964897,124.67333690106828,252.62671567211694,0.0027600849256901316,3,9,3,0,0,3,36,14165.0
2015-09-04,14165.0,14155.0,14193.0,14155.0,-0.03,14169.0,14130.0,14097.5,14122.5,13787.5,13445.0,14083.785714285714,14021.0,13783.366666666667,13560.566666666668,77.36755195324433,117.16441439268455,255.91077827398843,-0.00028230644364457547,4,9,3,0,0,4,36,14247.5
2015-09-07,14247.5,14212.5,14251.5,14202.5,0.58,14165.0,14169.0,14130.0,13992.5,13818.0,13459.0,14120.214285714286,14051.67857142857,13809.65,13575.775,86.69335669610568,116.14788437133093,261.8700042730144,0.0058242146134839246,0,9,3,0,0,7,37,14280.0
2015-09-08,14280.0,14240.0,14298.0,14240.0,0.23,14247.5,14165.0,14169.0,13982.5,13842.5,13462.5,14162.714285714286,14082.92857142857,13836.9,13591.225,80.64007334180617,114.38041406140505,266.9844500186151,0.002281101947710029,1,9,3,0,0,8,37,14261.5
2015-09-09,14261.5,14281.5,14281.5,14216.5,-0.13,14280.0,14247.5,14165.0,14050.0,13870.0,13456.0,14192.92857142857,14110.892857142857,13863.75,13606.125,70.33338975398796,105.858610087461,267.8595150962631,-0.0012955182072829086,2,9,3,0,0,9,37,14332.5
2015-09-10,14332.5,14282.5,14337.5,14257.5,0.5,14261.5,14280.0,14247.5,14097.5,13942.5,13467.5,14226.5,14138.75,13892.583333333334,13623.25,73.21771188267348,109.39268538326891,270.2798384859178,0.004978438453178136,3,9,3,0,0,10,37,14330.0
2015-09-11,14330.0,14295.0,14335.0,14280.0,-0.02,14332.5,14261.5,14280.0,14130.0,14047.0,13527.5,14255.07142857143,14158.964285714286,13919.333333333334,13639.891666666666,68.13065179701901,117.0160186741604,272.60336012977456,-0.00017442874585726909,4,9,3,0,0,11,37,14347.5
2015-09-14,14347.5,14307.5,14347.5,14306.5,0.12,14330.0,14332.5,14261.5,14169.0,14065.0,13500.0,14280.57142857143,14179.142857142857,13947.583333333334,13657.183333333332,63.814463206131386,123.73100919874561,271.56059472835307,0.0012212142358687395,0,9,3,0,0,14,38,14407.5
2015-09-15,14407.5,14341.5,14412.5,14341.5,0.42,14347.5,14330.0,14332.5,14165.0,14122.5,13485.5,14315.214285714286,14199.5,13978.316666666668,13676.391666666666,55.95672222267699,136.4828814286025,269.62782405710556,0.004181913225300482,1,9,3,0,0,15,38,14455.0
2015-09-16,14455.0,14395.0,14465.0,14395.0,0.33,14407.5,14347.5,14330.0,14247.5,13992.5,13514.0,14344.857142857143,14232.535714285714,14009.683333333332,13695.583333333334,67.81206522793245,138.48374860015159,268.4821153529433,0.003296893978830484,2,9,3,0,0,16,38,14457.5
2015-09-17,14457.5,14442.5,14460.5,14437.5,0.02,14455.0,14407.5,14347.5,14280.0,13982.5,13541.5,14370.214285714286,14266.464285714286,14040.216666666667,13714.416666666666,72.53956227631494,130.46830801225266,265.4711064002214,0.00017295053614674316,3,9,3,0,0,17,38,14375.0
2015-09-18,14375.0,14445.0,14485.0,14365.0,-0.57,14457.5,14455.0,14407.5,14261.5,14050.0,13539.5,14386.42857142857,14289.67857142857,14068.066666666668,13732.166666666666,54.67436066646814,117.23228210270454,254.73897165174031,-0.005706380771225983,4,9,3,0,0,18,38,14455.0
2015-09-21,14455.0,14420.0,14463.0,14420.0,0.56,14375.0,14457.5,14455.0,14332.5,14097.5,13549.0,14403.92857142857,14315.214285714286,14098.266666666666,13750.666666666666,54.13827094536481,110.91710596467502,244.58214660274732,0.0055652173913043335,0,9,3,0,0,21,39,14497.5
2015-09-22,14497.5,14462.5,14502.5,14462.5,0.29,14455.0,14375.0,14457.5,14330.0,14130.0,13600.0,14427.857142857143,14341.464285714286,14128.183333333332,13770.083333333334,53.02178348387464,107.13425514907709,236.28297921008797,0.0029401591144933015,1,9,3,0,0,22,39,14647.5
2015-09-23,14647.5,14552.5,14652.5,14552.5,1.03,14497.5,14455.0,14375.0,14347.5,14169.0,13785.0,14470.714285714286,14375.642857142857,14156.933333333332,13792.108333333334,87.3655429516662,123.02914422868821,245.3834344145613,0.01034661148473881,2,9,3,0,0,23,39,14647.5
2015-09-24,14647.5,14647.5,14647.5,14647.5,0.0,14647.5,14497.5,14455.0,14407.5,14165.0,13745.0,14505.0,14410.107142857143,14187.016666666666,13813.941666666668,103.94309340532442,127.00002703977655,248.44303042718818,0.0,3,9,3,0,0,24,39,14685.0
2015-09-25,14685.0,14665.0,14705.0,14665.0,0.26,14647.5,14647.5,14497.5,14455.0,14247.5,13787.5,14537.857142857143,14441.357142857143,14216.933333333332,13836.691666666668,120.53205461816991,137.3177713540441,252.67655941576848,0.0025601638504864077,4,9,3,0,0,25,39,14697.5
2015-09-28,14697.5,14682.5,14707.5,14657.5,0.09,14685.0,14647.5,14647.5,14457.5,14280.0,13787.5,14572.142857142857,14471.17857142857,14247.266666666666,13859.158333333333,127.78096959437073,144.71531830327675,253.9648269610649,0.0008512087163772275,0,9,3,0,0,28,40,14682.5
2015-09-29,14682.5,14702.5,14732.5,14662.5,-0.1,14697.5,14685.0,14647.5,14375.0,14261.5,13818.0,14616.07142857143,14501.25,14276.083333333334,13881.741666666667,98.12680086306877,141.49867490534825,252.620202980787,-0.0010205817315870336,1,9,3,0,0,29,40,14650.0
2015-09-30,14650.0,14645.0,14675.0,14635.0,-0.22,14682.5,14697.5,14685.0,14455.0,14332.5,13842.5,14643.92857142857,14523.92857142857,14303.0,13903.491666666667,67.75964173178821,137.766225784848,247.8024797405162,-0.0022135194959986837,2,9,3,1,0,30,40,14670.0
2015-10-01,14670.0,14625.0,14683.0,14625.0,0.14,14650.0,14682.5,14697.5,14497.5,14330.0,13870.0,14668.57142857143,14548.214285714286,14329.666666666666,13925.725,20.55770044582443,130.73912872658977,242.58966821872082,0.0013651877133105117,3,10,4,0,1,1,40,14642.5
2015-10-02,14642.5,14692.5,14707.5,14642.5,-0.19,14670.0,14650.0,14682.5,14647.5,14347.5,13942.5,14667.857142857143,14569.285714285714,14353.0,13947.875,21.47811732463357,119.16144741239917,237.68103807855957,-0.0018745739604635325,4,10,4,0,0,2,40,14495.0
2015-10-05,14495.0,14630.0,14630.0,14485.0,-1.01,14642.5,14670.0,14650.0,14647.5,14407.5,14047.0,14646.07142857143,14575.535714285714,14367.933333333332,13967.791666666666,69.41507315384465,112.10905821579793,231.79314995885682,-0.01007341642479087,0,10,4,0,0,5,41,14245.5
2015-10-06,14245.5,14464.5,14474.5,14144.5,-1.72,14495.0,14642.5,14670.0,14685.0,14455.0,14065.0,14583.285714285714,14560.57142857143,14373.95,13982.966666666667,163.4311417546835,139.95862810982845,225.92714533679458,-0.017212832011038293,1,10,4,0,0,6,41,13825.0
2015-10-07,13825.0,14185.0,14185.0,13725.0,-2.95,14245.5,14495.0,14642.5,14697.5,14457.5,14122.5,14458.642857142857,14515.392857142857,14364.033333333333,13990.975,319.7550774011436,241.23330381209993,243.21254835676922,-0.029518093433013926,2,10,4,0,0,7,41,13867.5
2015-10-08,13867.5,13777.5,13882.5,13707.5,0.31,13825.0,14245.5,14495.0,14682.5,14375.0,13992.5,14342.214285714286,14479.142857142857,14359.866666666667,13999.691666666668,369.2127725696577,295.89157503348133,250.75097322791282,0.0030741410488246412,3,10,4,0,0,8,41,13420.0
2015-10-09,13420.0,13710.0,13820.0,13270.0,-3.23,13867.5,13825.0,14245.5,14650.0,14455.0,13982.5,14166.5,14405.214285714286,14341.116666666667,14000.95,475.66217003247516,409.77088881307026,296.75267431427835,-0.03226969533080948,4,10,4,0,0,9,41,13405.0
2015-10-12,13405.0,13305.0,13485.0,13305.0,-0.11,13420.0,13867.5,13825.0,14670.0,14497.5,14050.0,13985.785714285714,14327.17857142857,14319.616666666667,14001.958333333334,492.49254284903526,487.4988207931378,338.938522635697,-0.0011177347242921076,0,10,4,0,0,12,42,13619.5
2015-10-13,13619.5,13435.5,13630.5,13435.5,1.6,13405.0,13420.0,13867.5,14642.5,14647.5,14097.5,13839.642857142857,14253.75,14303.683333333332,14006.541666666666,410.01643404927177,512.3276351800744,360.302159672128,0.016001491980604188,1,10,4,0,0,13,42,13619.5
2015-10-14,13619.5,13619.5,13619.5,13619.5,0.0,13619.5,13405.0,13420.0,14495.0,14647.5,14130.0,13714.57142857143,14180.32142857143,14286.666666666666,14010.575,293.8680867004061,525.0629488687083,380.2887136731222,0.0,2,10,4,0,0,14,42,13455.0
2015-10-15,13455.0,13515.0,13515.0,13215.0,-1.21,13619.5,13619.5,13405.0,14245.5,14685.0,14169.0,13601.642857142857,14092.464285714286,14262.866666666667,14011.116666666667,189.0206589868279,536.8935385188366,409.15372992638686,-0.012078270127390822,3,10,4,0,0,15,42,13530.0
2015-10-16,13530.0,13480.0,13580.0,13450.0,0.56,13455.0,13619.5,13619.5,13825.0,14697.5,14165.0,13559.5,14009.07142857143,14241.7,14012.533333333333,161.85641785238272,526.2528953745458,430.2714179485768,0.00557413600891854,4,10,4,0,0,16,42,13531.5
2015-10-19,13531.5,13501.5,13571.5,13501.5,0.01,13530.0,13455.0,13619.5,13867.5,14682.5,14247.5,13511.5,13926.857142857143,14217.833333333334,14013.741666666667,88.48446191284144,502.3167261863557,449.3724807293073,0.00011086474501098564,0,10,4,0,0,19,43,13645.0
2015-10-20,13645.0,13585.0,13655.0,13585.0,0.84,13531.5,13530.0,13455.0,13420.0,14650.0,14280.0,13543.642857142857,13855.07142857143,14196.666666666666,14016.783333333333,90.54911847802799,461.148268211767,461.1442166023302,0.008387835790562681,1,10,4,0,0,20,43,13717.0
2015-10-21,13717.0,13680.0,13750.0,13665.0,0.53,13645.0,13531.5,13530.0,13405.0,14670.0,14261.5,13588.214285714286,13787.0,14178.516666666666,14021.133333333333,87.67309409720016,397.5534313387557,469.1503597542056,0.005276658116526223,2,10,4,0,0,21,43,13657.5
2015-10-22,13657.5,13727.5,13732.5,13482.5,-0.43,13717.0,13645.0,13531.5,13619.5,14642.5,14332.5,13593.642857142857,13716.642857142857,14156.016666666666,14024.3,91.04472998009248,312.58496866828426,477.6205297119542,-0.0043376831668732185,3,10,4,0,0,22,43,13635.0
2015-10-23,13635.0,13555.0,13650.0,13405.0,-0.16,13657.5,13717.0,13645.0,13619.5,14495.0,14330.0,13595.857142857143,13655.214285714286,14132.85,14026.091666666667,91.9622722849682,218.0717696156192,485.6778794491626,-0.0016474464579900872,4,10,4,0,0,23,43,13645.0
2015-10-26,13645.0,13605.0,13680.0,13545.0,0.07,13635.0,13657.5,13717.0,13455.0,14245.5,14347.5,13623.0,13612.32142857143,14109.433333333332,14028.508333333333,68.50729888125198,137.03699769133738,491.86765344528925,0.0007334066740007916,0,10,4,0,0,26,44,13622.5
2015-10-27,13622.5,13647.5,13647.5,13572.5,-0.16,13645.0,13635.0,13657.5,13530.0,13825.0,14407.5,13636.214285714286,13597.857142857143,14083.266666666666,14030.791666666666,55.20934185965877,122.8104274843683,496.32439915384964,-0.0016489556614144307,1,10,4,0,0,27,44,13477.5
2015-10-28,13477.5,13627.5,13640.5,13472.5,-1.06,13622.5,13645.0,13635.0,13531.5,13867.5,14455.0,13628.5,13570.0,14050.683333333332,14030.183333333332,73.14027618217746,98.83377653721564,503.1184388449446,-0.010644154890805613,2,10,4,0,0,28,44,13635.0
2015-10-29,13635.0,13560.0,13650.0,13515.0,1.17,13477.5,13622.5,13645.0,13645.0,13420.0,14457.5,13627.07142857143,13585.357142857143,14023.266666666666,14031.741666666667,72.86141444064137,90.04644711122756,502.59531148476054,0.011686143572620988,3,10,4,0,0,29,44,13687.5
2015-10-30,13687.5,13562.5,13707.5,13562.5,0.39,13635.0,13477.5,13622.5,13717.0,13405.0,14375.0,13622.857142857143,13605.535714285714,14000.35,14034.208333333334,67.44486284228554,77.26713508877523,501.6774301934895,0.0038503850385038785,4,10,4,0,0,30,44,13667.5
2015-11-02,13667.5,13652.5,13687.5,13632.5,-0.15,13687.5,13635.0,13477.5,13657.5,13619.5,14455.0,13624.285714285714,13608.964285714286,13974.1,14036.183333333332,68.40008354217566,78.98039296255273,497.65441893916807,-0.0014611872146118587,0,11,4,0,0,2,45,13555.0
2015-11-03,13555.0,13580.0,13615.0,13535.0,-0.82,13667.5,13687.5,13635.0,13635.0,13619.5,14497.5,13612.857142857143,13604.357142857143,13942.683333333332,14035.433333333332,72.85013971948194,80.19050120499553,493.2029288467515,-0.008231205414304,1,11,4,0,0,3,45,13555.0
2015-11-04,13555.0,13465.0,13555.0,13425.0,0.0,13555.0,13667.5,13687.5,13645.0,13455.0,14647.5,13600.0,13611.5,13906.266666666666,14031.6,74.16198487099159,69.62039930933827,479.5102158728857,0.0,2,11,4,0,0,4,45,13565.0
2015-11-05,13565.0,13545.0,13645.0,13545.0,0.07,13555.0,13555.0,13667.5,13622.5,13530.0,14647.5,13591.785714285714,13614.0,13870.183333333332,14028.6,74.43837336063041,67.04963718131133,462.2265171546776,0.0007377351530799547,3,11,4,0,0,5,45,13560.0
2015-11-06,13560.0,13555.0,13565.0,13525.0,-0.04,13565.0,13555.0,13555.0,13477.5,13531.5,14685.0,13603.57142857143,13616.035714285714,13832.683333333332,14024.808333333332,58.05631502507642,64.74520008508365,438.8875923037516,-0.00036859565057134613,4,11,4,0,0,6,45,13647.5
2015-11-09,13647.5,13662.5,13703.5,13627.5,0.65,13560.0,13565.0,13555.0,13635.0,13645.0,14697.5,13605.357142857143,13616.214285714286,13797.683333333332,14022.475,59.36168397051024,64.83461631350221,408.347478877695,0.006452802359881993,0,11,4,0,0,9,46,13609.5
2015-11-10,13609.5,13627.5,13642.5,13592.5,-0.28,13647.5,13560.0,13565.0,13687.5,13717.0,14682.5,13594.214285714286,13608.535714285714,13761.916666666666,14019.0,47.51039986406404,57.9839050232911,373.69621821175656,-0.0027843927459241247,1,11,4,0,0,10,46,13602.5
2015-11-11,13602.5,13532.5,13607.5,13532.5,-0.05,13609.5,13647.5,13560.0,13667.5,13657.5,14650.0,13584.92857142857,13604.607142857143,13727.0,14015.0,35.67845822001715,56.24847983286659,334.7651518551066,-0.0005143465961277016,2,11,4,0,0,11,46,13602.5
2015-11-12,13602.5,13602.5,13632.5,13552.5,0.0,13602.5,13609.5,13647.5,13555.0,13635.0,14670.0,13591.714285714286,13602.285714285714,13691.416666666666,14010.541666666666,33.48738212983962,55.56413975187241,283.9517650677268,0.0,3,11,4,0,0,12,46,13665.0
2015-11-13,13665.0,13595.0,13688.0,13595.0,0.46,13602.5,13602.5,13609.5,13555.0,13645.0,14642.5,13607.42857142857,13603.714285714286,13658.833333333334,14005.916666666666,38.77867602550261,56.98573177880204,219.9151612802965,0.004594743613306473,4,11,4,0,0,13,46,13727.5
2015-11-16,13727.5,13692.5,13742.5,13662.5,0.46,13665.0,13602.5,13602.5,13565.0,13622.5,14495.0,13630.642857142857,13611.214285714286,13633.25,14000.591666666667,54.57007290766657,65.86603954107832,154.07374801569844,0.004573728503475927,0,11,4,0,0,16,47,13747.5
2015-11-17,13747.5,13682.5,13747.5,13682.5,0.15,13727.5,13665.0,13602.5,13560.0,13477.5,14245.5,13657.42857142857,13630.5,13616.65,13995.3,59.87516776002332,63.175883909000326,104.77547011562098,0.001456929521034489,1,11,4,0,0,17,47,13799.5
2015-11-18,13799.5,13710.5,13800.5,13670.5,0.38,13747.5,13727.5,13665.0,13647.5,13635.0,13825.0,13679.142857142857,13642.25,13615.8,13989.916666666666,79.8909226621822,77.70425936245563,103.11724161002229,0.00378250591016549,2,11,4,0,0,18,47,13777.5
2015-11-19,13777.5,13752.5,13797.5,13727.5,-0.16,13799.5,13747.5,13727.5,13609.5,13687.5,13867.5,13703.142857142857,13648.67857142857,13612.8,13986.333333333334,80.71282130996777,85.10617964153646,96.64827807669765,-0.0015942606616181632,3,11,4,0,0,19,47,13655.0
2015-11-20,13655.0,13705.0,13745.0,13605.0,-0.89,13777.5,13799.5,13747.5,13602.5,13667.5,13420.0,13710.642857142857,13647.785714285714,13620.633333333333,13980.875,71.74301027845704,84.95897523227407,89.76097890147919,-0.00889130829250595,4,11,4,0,0,20,47,13723.0
2015-11-23,13723.0,13647.0,13723.0,13647.0,0.5,13655.0,13777.5,13799.5,13602.5,13555.0,13405.0,13727.857142857143,13659.785714285714,13631.233333333334,13975.425,53.64366558269618,82.67934219842309,81.84602167721138,0.004979860856828999,0,11,4,0,0,23,48,13707.5
2015-11-24,13707.5,13677.5,13732.5,13677.5,-0.11,13723.0,13655.0,13777.5,13665.0,13555.0,13619.5,13733.92857142857,13670.67857142857,13634.166666666666,13968.925,47.38356657067579,77.70843116879445,82.98009039714087,-0.0011294906361583035,1,11,4,0,0,24,48,13687.5
2015-11-25,13687.5,13652.5,13707.5,13642.5,-0.15,13707.5,13723.0,13655.0,13727.5,13565.0,13619.5,13728.214285714286,13679.42857142857,13636.433333333332,13961.55,50.591383606730965,71.54607368214124,83.49279685371462,-0.0014590552617180785,2,11,4,0,0,25,48,13728.5
2015-11-26,13728.5,13708.5,13738.5,13708.5,0.3,13687.5,13707.5,13723.0,13747.5,13560.0,13455.0,13725.5,13691.464285714286,13645.55,13954.208333333334,49.8890435533895,63.64670040557361,77.73189444373652,0.0029954337899542605,3,11,4,0,0,26,48,13780.0
2015-11-27,13780.0,13735.0,13780.0,13735.0,0.38,13728.5,13687.5,13707.5,13799.5,13647.5,13530.0,13722.714285714286,13700.92857142857,13653.883333333333,13947.791666666666,45.411871743448785,66.39823246679362,78.315639356615,0.0037513202462031714,4,11,4,0,0,27,48,13835.0
2015-11-30,13835.0,13780.0,13850.0,13780.0,0.4,13780.0,13728.5,13687.5,13777.5,13609.5,13531.5,13730.92857142857,13717.035714285714,13664.0,13940.916666666666,59.871688197547485,69.77834805390181,81.49931245755388,0.003991291727140744,0,11,4,1,0,30,49,13782.5
2015-12-01,13782.5,13827.5,13837.5,13781.5,-0.38,13835.0,13780.0,13728.5,13655.0,13602.5,13645.0,13749.142857142857,13729.892857142857,13668.583333333334,13932.625,51.76848646118015,63.33676128172759,84.21504527454893,-0.003794723527285826,1,12,4,0,1,1,49,13797.5
2015-12-02,13797.5,13752.5,13805.5,13737.5,0.11,13782.5,13835.0,13780.0,13723.0,13602.5,13717.0,13759.785714285714,13743.82142857143,13671.266666666666,13924.891666666666,53.13807262133175,53.9057607676938,87.04583942348539,0.0010883366588063659,2,12,4,0,0,2,49,13843.5
2015-12-03,13843.5,13801.5,13851.5,13801.5,0.33,13797.5,13782.5,13835.0,13707.5,13665.0,13657.5,13779.214285714286,13756.57142857143,13677.466666666667,13916.741666666667,55.63860855476033,54.928575000957146,92.48559378352417,0.0033339373074832146,3,12,4,0,0,3,49,13832.0
2015-12-04,13832.0,13832.0,13842.0,13821.0,-0.08,13843.5,13797.5,13782.5,13687.5,13727.5,13635.0,13799.857142857143,13764.035714285714,13684.033333333333,13908.441666666668,40.75507564072403,57.704307360016955,96.28217629075621,-0.0008307147758875866,4,12,4,0,0,4,49,13842.5
2015-12-07,13842.5,13802.5,13852.5,13802.5,0.08,13832.0,13843.5,13797.5,13728.5,13747.5,13645.0,13816.142857142857,13770.82142857143,13690.616666666667,13900.025,28.389719802791408,61.09626928762631,100.19383656232293,0.0007591093117409464,0,12,4,0,0,7,50,13872.5
2015-12-08,13872.5,13842.5,13875.5,13837.5,0.22,13842.5,13832.0,13843.5,13780.0,13799.5,13622.5,13829.357142857143,13776.035714285714,13698.95,13891.108333333334,30.230660878445125,66.5993948590471,104.63131907347176,0.002167238576846753,1,12,4,0,0,8,50,13872.5
2015-12-09,13872.5,13872.5,13872.5,13872.5,0.0,13872.5,13842.5,13832.0,13835.0,13777.5,13477.5,13834.714285714286,13782.82142857143,13712.116666666667,13881.4,34.428497332530675,71.42494908388109,100.57804340964478,0.0,2,12,4,0,0,9,50,13935.0
2015-12-10,13935.0,13930.0,13979.0,13845.0,0.45,13872.5,13872.5,13842.5,13782.5,13655.0,13635.0,13856.5,13802.82142857143,13722.116666666667,13872.691666666668,43.05132595717705,72.07891165577148,107.33324543091605,0.004505316273202276,3,12,4,0,0,10,50,13947.5
2015-12-11,13947.5,13912.5,13950.5,13902.5,0.09,13935.0,13872.5,13872.5,13797.5,13723.0,13687.5,13877.92857142857,13818.857142857143,13730.783333333333,13865.566666666668,46.01850042055531,77.70764455292334,114.6867309865819,0.0008970218873340929,4,12,4,0,0,11,50,14077.5
2015-12-14,14077.5,14022.5,14092.5,14002.5,0.93,13947.5,13935.0,13872.5,13843.5,13707.5,13667.5,13911.357142857143,13845.285714285714,13744.45,13859.275,85.17370206709114,97.35634669472132,130.25739438943384,0.009320666786162501,0,12,4,0,0,14,51,14056.5
2015-12-15,14056.5,14051.5,14073.5,14026.5,-0.15,14077.5,13947.5,13935.0,13832.0,13687.5,13555.0,13943.42857142857,13871.642857142857,13761.166666666666,13851.925,92.28236946616414,101.22583825117947,137.1059452755659,-0.0014917421417155463,1,12,4,0,0,15,51,14069.5
2015-12-16,14069.5,14034.5,14074.5,14033.5,0.09,14056.5,14077.5,13947.5,13842.5,13728.5,13555.0,13975.857142857143,13896.0,13778.316666666668,13842.291666666666,90.77660963676998,105.08549632772497,142.50036196775542,0.0009248390424358988,2,12,4,0,0,16,51,14006.5
2015-12-17,14006.5,14011.5,14056.5,14001.5,-0.45,14069.5,14056.5,14077.5,13872.5,13780.0,13565.0,13995.0,13912.17857142857,13793.033333333333,13831.608333333334,78.66966802186317,103.27271721447693,142.50837442631678,-0.004477771065069858,3,12,4,0,0,17,51,13917.5
2015-12-18,13917.5,14007.5,14036.5,13902.5,-0.64,14006.5,14069.5,14056.5,13872.5,13835.0,13560.0,14001.42857142857,13918.07142857143,13804.95,13818.816666666668,68.12270092234918,100.85554352301445,137.19828024968334,-0.006354192696248151,4,12,4,0,0,18,51,13772.5
2015-12-21,13772.5,13862.5,13922.5,13732.5,-1.04,13917.5,14006.5,14069.5,13935.0,13782.5,13647.5,13978.214285714286,13917.357142857143,13809.116666666667,13803.4,109.59579414941881,101.91935510508769,134.11515145798094,-0.01041853781210711,0,12,4,0,0,21,52,13675.0
2015-12-22,13675.0,13635.0,13695.0,13535.0,-0.71,13772.5,13917.5,14006.5,13947.5,13797.5,13609.5,13939.285714285714,13908.607142857143,13811.3,13786.608333333334,159.40249296014397,117.12504471240723,131.25610659037503,-0.007079324741332327,1,12,4,0,0,22,52,13642.5
2015-12-23,13642.5,13602.5,13672.5,13602.5,-0.24,13675.0,13772.5,13917.5,14077.5,13843.5,13602.5,13877.142857142857,13894.25,13812.633333333333,13769.816666666668,180.0006283057941,136.44550194118807,129.24975377383603,-0.002376599634369314,2,12,4,0,0,23,52,13642.5
2015-12-24,13642.5,13642.5,13642.5,13642.5,0.0,13642.5,13675.0,13772.5,14056.5,13832.0,13602.5,13818.0,13880.714285714286,13813.966666666667,13752.691666666668,179.25982074446645,151.6483424907868,127.19730352099084,0.0,3,12,4,0,0,24,52,13642.5
2015-12-25,13642.5,13642.5,13642.5,13642.5,0.0,13642.5,13642.5,13675.0,14069.5,13842.5,13665.0,13757.0,13866.42857142857,13813.216666666667,13736.025,149.61366916162916,164.40859713886763,128.16857725443023,0.0,4,12,4,0,0,25,52,13650.0
2015-12-28,13650.0,13605.0,13665.0,13605.0,0.05,13642.5,13642.5,13642.5,14006.5,13872.5,13727.5,13706.07142857143,13850.535714285714,13810.633333333333,13721.941666666668,104.36172213807583,174.23695892986385,130.71164191974572,0.0005497526113249496,0,12,4,0,0,28,53,13745.0
2015-12-29,13745.0,13635.0,13753.0,13635.0,0.7,13650.0,13642.5,13642.5,13917.5,13872.5,13747.5,13681.42857142857,13841.42857142857,13810.55,13713.6,54.636242985999864,176.32027863897326,130.7540696275279,0.006959706959706935,1,12,4,0,0,29,53,13782.5
2015-12-30,13782.5,13722.5,13822.5,13722.5,0.27,13745.0,13650.0,13642.5,13772.5,13935.0,13799.5,13682.857142857143,13830.535714285714,13809.983333333334,13712.891666666666,57.47152504051343,174.7989465165096,130.84041894578115,0.002728264823572246,2,12,4,0,0,30,53,13787.5
2015-12-31,13787.5,13772.5,13817.5,13772.5,0.04,13782.5,13745.0,13650.0,13675.0,13947.5,13777.5,13698.92857142857,13819.107142857143,13810.316666666668,13711.558333333332,69.40006518458794,171.76764029564043,130.7675275608983,0.0003627788862687886,3,12,4,1,0,31,53,13787.5
2016-01-01,13787.5,13787.5,13787.5,13787.5,0.0,13787.5,13782.5,13745.0,13642.5,14077.5,13655.0,13719.642857142857,13798.392857142857,13814.733333333334,13717.683333333332,71.36217151835618,154.86435486121212,127.53854950256411,0.0,4,1,1,0,1,1,53,13915.0
2016-01-04,13915.0,13805.0,13920.0,13805.0,0.92,13787.5,13787.5,13782.5,13642.5,14056.5,13723.0,13758.57142857143,13788.285714285714,13821.133333333333,13726.183333333332,93.23868500229783,140.69234223944665,127.59390952216019,0.009247506799637373,0,1,1,0,0,4,1,13862.5
2016-01-05,13862.5,13947.5,13962.5,13787.5,-0.38,13915.0,13787.5,13787.5,13642.5,14069.5,13707.5,13790.0,13773.5,13826.3,13730.233333333334,84.23676948541157,117.89565138448322,125.96165262117427,-0.003772906934962239,1,1,1,0,0,5,1,13947.5
2016-01-06,13947.5,13817.5,13947.5,13802.5,0.61,13862.5,13915.0,13787.5,13650.0,14006.5,13687.5,13832.5,13769.285714285714,13834.966666666667,13735.7,76.52613932510037,109.69550763632733,125.0233725276359,0.006131650135257072,2,1,1,0,0,6,1,13927.5
2016-01-07,13927.5,13922.5,13977.5,13862.5,-0.14,13947.5,13862.5,13915.0,13745.0,13917.5,13728.5,13858.57142857143,13770.0,13841.6,13743.575,72.74179711571256,110.76221932931982,124.45767872303705,-0.0014339487363326242,3,1,1,0,0,7,1,13922.5
2016-01-08,13922.5,13907.5,13922.5,13852.5,-0.04,13927.5,13947.5,13862.5,13782.5,13772.5,13780.0,13878.57142857143,13780.714285714286,13846.35,13750.116666666667,67.38968057220094,118.03857164330266,124.74457696742566,-0.00035900197451088633,4,1,1,0,0,8,1,13875.0
2016-01-11,13875.0,13915.0,13955.0,13870.0,-0.34,13922.5,13927.5,13947.5,13787.5,13675.0,13835.0,13891.07142857143,13795.0,13847.683333333332,13755.841666666667,54.57901655053107,116.35076278214132,124.83281808598156,-0.003411743580535087,0,1,1,0,0,11,2,13910.0
2016-01-12,13910.0,13855.0,13910.0,13810.0,0.25,13875.0,13922.5,13927.5,13787.5,13642.5,13782.5,13908.57142857143,13814.107142857143,13851.933333333332,13760.258333333333,29.89067381234959,111.23263539002181,124.70743232937009,0.0025225225225224968,1,1,1,0,0,12,2,13827.5
2016-01-13,13827.5,13862.5,13882.5,13827.5,-0.59,13910.0,13875.0,13922.5,13915.0,13642.5,13797.5,13896.07142857143,13827.32142857143,13852.933333333332,13762.1,42.4228992521305,99.66513300171016,124.37573311755501,-0.0059309849029475226,2,1,1,0,0,13,2,13910.0
2016-01-14,13910.0,13835.0,13965.0,13815.0,0.6,13827.5,13910.0,13875.0,13862.5,13642.5,13843.5,13902.857142857143,13846.42857142857,13855.15,13766.308333333332,39.88077469759278,86.2449234052125,124.79370217872315,0.005966371361417533,3,1,1,0,0,14,2,13894.5
2016-01-15,13894.5,13814.5,13914.5,13814.5,-0.11,13910.0,13827.5,13910.0,13947.5,13650.0,13832.0,13895.285714285714,13863.892857142857,13857.233333333334,13770.633333333333,34.68532007312987,65.72266280802204,124.91553928173472,-0.0011143062544931581,4,1,1,0,0,15,2,13932.5
2016-01-18,13932.5,13902.5,13952.5,13902.5,0.27,13894.5,13910.0,13827.5,13927.5,13745.0,13842.5,13896.0,13877.285714285714,13860.233333333334,13775.425,35.501173689575005,58.31832878701654,125.62819619092129,0.002734895102378676,0,1,1,0,0,18,3,13880.0
2016-01-19,13880.0,13905.0,13927.0,13845.0,-0.38,13932.5,13894.5,13910.0,13922.5,13782.5,13872.5,13889.92857142857,13884.25,13860.483333333334,13779.716666666667,33.80757875028127,51.55831276688045,125.66090683172241,-0.003768167952628798,1,1,1,0,0,19,3,13960.0
2016-01-20,13960.0,13870.0,13960.0,13870.0,0.58,13880.0,13932.5,13894.5,13875.0,13787.5,13872.5,13902.07142857143,13896.57142857143,13863.4,13787.758333333333,41.85832112762123,47.07557636495084,126.95820653632563,0.0057636887608070175,2,1,1,0,0,20,3,13910.0
2016-01-21,13910.0,13908.0,13928.0,13863.0,-0.36,13960.0,13880.0,13932.5,13910.0,13787.5,13935.0,13902.07142857143,13905.32142857143,13862.566666666668,13792.341666666667,41.85832112762123,35.10566858806569,126.55343244808321,-0.003581661891117527,3,1,1,0,0,21,3,13850.0
2016-01-22,13850.0,13855.0,13888.0,13844.0,-0.43,13910.0,13960.0,13880.0,13827.5,13915.0,13947.5,13905.285714285714,13900.67857142857,13859.316666666668,13795.05,35.56901406995646,37.91316350577012,125.54498323754565,-0.004313443565780006,4,1,1,0,0,22,3,13872.5
2016-01-25,13872.5,13812.5,13872.5,13812.5,0.16,13850.0,13910.0,13960.0,13910.0,13862.5,14077.5,13899.92857142857,13901.392857142857,13852.483333333334,13798.466666666667,37.51158551198662,37.22653033015339,118.64954795492717,0.001624548736462117,0,1,1,0,0,25,4,13900.0
2016-01-26,13900.0,13880.0,13925.0,13880.0,0.2,13872.5,13850.0,13910.0,13894.5,13947.5,14056.5,13900.714285714286,13898.0,13847.266666666666,13804.216666666667,37.43645409546859,34.7856071029506,112.65944511995447,0.001982339160208957,1,1,1,0,0,26,4,13878.5
2016-01-27,13878.5,13851.5,13891.5,13846.5,-0.15,13900.0,13872.5,13850.0,13932.5,13927.5,14069.5,13893.0,13894.5,13840.9,13809.608333333334,35.297544768308484,34.04634849930838,104.78947696587605,-0.0015467625899280302,2,1,1,0,0,27,4,13874.5
2016-01-28,13874.5,13889.5,13909.5,13864.5,-0.03,13878.5,13900.0,13872.5,13880.0,13922.5,14006.5,13892.214285714286,13891.07142857143,13836.5,13814.766666666666,35.694137173708256,33.420892327085944,100.27015233008784,-0.00028821558525782276,3,1,1,0,0,28,4,13775.0
2016-01-29,13775.0,13805.0,13855.0,13755.0,-0.72,13874.5,13878.5,13900.0,13960.0,13875.0,13917.5,13865.785714285714,13883.92857142857,13831.75,13818.35,44.53356144799369,45.59050894075847,99.67418906387107,-0.007171429601066759,4,1,1,0,0,29,4,13637.5
2016-02-01,13637.5,13752.5,13777.5,13572.5,-1.0,13775.0,13874.5,13878.5,13910.0,13910.0,13772.5,13826.857142857143,13864.464285714286,13827.25,13818.183333333332,92.6020672401381,79.30648054936256,105.32844770798967,-0.009981851179673318,0,2,1,0,1,1,5,13687.5
2016-02-02,13687.5,13622.5,13702.5,13607.5,0.37,13637.5,13775.0,13874.5,13850.0,13827.5,13675.0,13803.642857142857,13854.464285714286,13827.666666666666,13819.483333333334,105.32755032348875,92.11770569917937,104.72841176064904,0.0036663611365719273,1,2,1,0,0,2,5,13765.0
2016-02-03,13765.0,13715.0,13835.0,13695.0,0.57,13687.5,13637.5,13775.0,13872.5,13910.0,13642.5,13788.285714285714,13844.107142857143,13831.75,13822.191666666668,101.37753578534519,93.5338644085291,99.51838766168642,0.0056621004566210775,2,2,1,0,0,3,5,13637.5
2016-02-04,13637.5,13672.5,13682.5,13632.5,-0.93,13765.0,13687.5,13637.5,13900.0,13894.5,13642.5,13750.785714285714,13825.75,13831.583333333334,13822.775,101.71604967707357,107.11635478078738,99.84989452575645,-0.009262622593534275,3,2,1,0,0,4,5,13625.0
2016-02-05,13625.0,13625.0,13670.0,13595.0,-0.09,13637.5,13765.0,13687.5,13878.5,13932.5,13642.5,13714.57142857143,13803.785714285714,13831.0,13822.108333333334,93.45918385917557,114.79475234008332,101.0366952801135,-0.0009165902841430373,4,2,1,0,0,5,5,13625.0
2016-02-08,13625.0,13625.0,13625.0,13625.0,0.0,13625.0,13637.5,13765.0,13874.5,13880.0,13650.0,13678.92857142857,13785.57142857143,13830.166666666666,13820.4,65.77830732308281,121.78888687815304,102.67091161559374,0.0,0,2,1,0,0,8,6,13605.0
2016-02-09,13605.0,13663.0,13713.0,13603.0,-0.15,13625.0,13625.0,13637.5,13775.0,13960.0,13745.0,13654.642857142857,13760.214285714286,13825.5,13818.025,54.875399987734056,119.61536341466622,109.6218421478356,-0.0014678899082568586,1,2,1,0,0,9,6,13462.5
2016-02-10,13462.5,13582.5,13602.5,13402.5,-1.05,13605.0,13625.0,13625.0,13637.5,13910.0,13782.5,13629.642857142857,13728.25,13814.833333333334,13812.408333333333,91.57679577171224,135.27631977658328,127.98143274107926,-0.01047409040793823,2,2,1,0,0,10,6,13462.5
2016-02-11,13462.5,13372.5,13462.5,13327.5,0.0,13462.5,13605.0,13625.0,13687.5,13850.0,13787.5,13597.5,13700.57142857143,13804.0,13807.158333333333,106.2034211627439,147.53628721079394,143.2226383570465,0.0,3,2,1,0,0,11,6,13490.0
2016-02-12,13490.0,13455.0,13525.0,13424.0,0.2,13462.5,13462.5,13605.0,13765.0,13872.5,13787.5,13558.214285714286,13673.25,13794.083333333334,13804.408333333333,82.02786982834618,148.6609138532494,154.2772405575268,0.0020427112349117316,4,2,1,0,0,12,6,13375.0
2016-02-15,13375.0,13460.0,13490.0,13375.0,-0.85,13490.0,13462.5,13462.5,13637.5,13900.0,13915.0,13520.714285714286,13635.75,13776.083333333334,13798.608333333334,98.15712622411245,153.2094782667235,170.34777223600145,-0.008524833209785032,0,2,1,0,0,15,7,13400.0
2016-02-16,13400.0,13305.0,13415.0,13295.0,0.19,13375.0,13490.0,13462.5,13625.0,13878.5,13862.5,13488.57142857143,13601.57142857143,13760.666666666666,13793.483333333334,95.10802129311071,148.1804846933284,182.7352679723884,0.0018691588785046953,1,2,1,0,0,16,7,13510.0
2016-02-17,13510.0,13445.0,13515.0,13445.0,0.82,13400.0,13375.0,13490.0,13625.0,13874.5,13947.5,13472.142857142857,13575.535714285714,13746.083333333334,13790.525,75.5318444354082,127.05305740358654,184.75706711948897,0.008208955223880654,2,2,1,0,0,17,7,13495.0
2016-02-18,13495.0,13455.0,13505.0,13435.0,-0.11,13510.0,13400.0,13375.0,13605.0,13775.0,13927.5,13456.42857142857,13555.535714285714,13731.666666666666,13786.633333333333,50.61820207156338,114.67419807128422,186.97369044750778,-0.0011102886750554708,3,2,1,0,0,18,7,13495.0
2016-02-19,13495.0,13505.0,13565.0,13495.0,0.0,13495.0,13510.0,13400.0,13462.5,13637.5,13922.5,13461.07142857143,13545.357142857143,13717.416666666666,13781.883333333333,52.714979347660574,113.15347449903865,188.2146190286817,0.0,4,2,1,0,0,19,7,13437.5
2016-02-22,13437.5,13482.5,13490.5,13422.5,-0.43,13495.0,13495.0,13510.0,13462.5,13687.5,13875.0,13457.5,13527.5,13702.833333333334,13775.258333333333,53.44389581612886,108.6322306613372,192.48449706200972,-0.004260837347165647,0,2,1,0,0,22,8,13425.0
2016-02-23,13425.0,13405.0,13435.0,13380.0,-0.09,13437.5,13495.0,13495.0,13490.0,13765.0,13910.0,13448.214285714286,13503.214285714286,13686.666666666666,13769.3,52.49433075971162,87.37864425890794,194.83774564097104,-0.0009302325581395099,1,2,1,0,0,23,8,13412.5
2016-02-24,13412.5,13427.5,13457.5,13407.5,-0.09,13425.0,13437.5,13495.0,13375.0,13637.5,13827.5,13453.57142857143,13487.142857142857,13672.833333333334,13762.883333333333,45.18151223259668,81.25729045904215,199.17789368640246,-0.0009310986964617962,2,2,1,0,0,24,8,13410.5
2016-02-25,13410.5,13384.5,13434.5,13384.5,-0.01,13412.5,13425.0,13437.5,13400.0,13625.0,13910.0,13455.07142857143,13471.82142857143,13656.183333333332,13755.666666666666,43.2390916604903,73.07467390985333,199.54579818861288,-0.00014911463187328167,3,2,1,0,0,25,8,13370.0
2016-02-26,13370.0,13380.0,13406.0,13360.0,-0.3,13410.5,13412.5,13425.0,13510.0,13625.0,13894.5,13435.07142857143,13453.607142857143,13638.7,13747.966666666667,45.894288471344574,63.04948562329214,200.91800523498048,-0.0030200216248461587,4,2,1,0,0,26,8,13372.0
2016-02-29,13372.0,13380.0,13410.0,13371.0,0.01,13370.0,13410.5,13412.5,13495.0,13605.0,13932.5,13417.5,13436.964285714286,13620.016666666666,13740.125,42.54997062284881,49.25618441674507,198.7037078309411,0.00014958863126413036,0,2,1,1,0,29,9,13350.0
2016-03-01,13350.0,13330.0,13380.0,13330.0,-0.16,13372.0,13370.0,13410.5,13495.0,13462.5,13880.0,13396.785714285714,13428.92857142857,13602.35,13731.416666666666,32.68391187179736,53.74221129359368,198.35235758275488,-0.0016452288363745238,1,3,1,0,1,1,9,13290.0
2016-03-02,13290.0,13295.0,13325.0,13255.0,-0.45,13350.0,13372.0,13370.0,13437.5,13462.5,13960.0,13375.714285714286,13416.607142857143,13580.016666666666,13721.708333333334,46.63140674742189,64.20854800852517,194.3735952752986,-0.004494382022471877,2,3,1,0,0,2,9,13235.0
2016-03-03,13235.0,13290.0,13290.0,13235.0,-0.41,13290.0,13350.0,13372.0,13425.0,13490.0,13910.0,13348.57142857143,13398.392857142857,13557.516666666666,13710.041666666666,64.88607231878015,76.73410097699967,193.92602052534522,-0.004138449962377777,3,3,1,0,0,3,9,13135.0
2016-03-04,13135.0,13155.0,13175.0,13110.0,-0.76,13235.0,13290.0,13350.0,13412.5,13375.0,13850.0,13308.92857142857,13381.25,13533.683333333332,13696.5,96.42459427427329,104.24079926195415,200.5634082955829,-0.0075557234605213575,4,3,1,0,0,4,9,13090.0
2016-03-07,13090.0,13005.0,13090.0,12955.0,-0.34,13135.0,13235.0,13290.0,13410.5,13400.0,13872.5,13263.142857142857,13359.107142857143,13507.6,13680.041666666666,114.54610217644115,129.75438017973354,205.7947336882227,-0.003425961172440095,0,3,1,0,0,7,10,13143.0
2016-03-08,13143.0,13095.0,13160.0,13085.0,0.4,13090.0,13135.0,13235.0,13370.0,13510.0,13900.0,13230.714285714286,13332.892857142857,13482.366666666667,13664.816666666668,111.339891452156,133.92982929813607,202.40335852016497,0.004048892284186367,1,3,1,0,0,8,10,13143.0
2016-03-09,13143.0,13143.0,13143.0,13143.0,0.0,13143.0,13090.0,13135.0,13372.0,13495.0,13878.5,13198.0,13307.75,13457.85,13649.375,95.41138995602199,134.19671983841215,197.24504058275951,0.0,2,3,1,0,0,9,10,13072.5
2016-03-10,13072.5,13127.5,13162.5,13062.5,-0.54,13143.0,13143.0,13090.0,13350.0,13495.0,13874.5,13158.357142857143,13277.57142857143,13431.116666666667,13633.808333333332,77.74462161772554,136.3376545344753,193.13385046493804,-0.005364072129650732,3,3,1,0,0,10,10,13070.0
2016-03-11,13070.0,13105.0,13105.0,13065.0,-0.02,13072.5,13143.0,13143.0,13290.0,13437.5,13775.0,13126.92857142857,13251.32142857143,13407.616666666667,13619.683333333332,57.486540867926735,138.53777701171475,192.73904474139647,-0.00019124115509661088,4,3,1,0,0,11,10,13060.0
2016-03-14,13060.0,12975.0,13060.0,12975.0,-0.08,13070.0,13072.5,13143.0,13235.0,13425.0,13637.5,13101.92857142857,13225.25,13388.366666666667,13607.808333333332,37.088215302079476,137.68103466963163,197.7612603417649,-0.0007651109410864443,0,3,1,0,0,14,11,13177.5
2016-03-15,13177.5,13057.5,13177.5,13056.5,0.9,13060.0,13070.0,13072.5,13135.0,13412.5,13687.5,13108.0,13208.464285714286,13371.366666666667,13599.516666666666,45.84848234501304,127.00748982849848,193.0240262574906,0.008996937212863765,1,3,1,0,0,15,11,13267.5
2016-03-16,13267.5,13162.5,13282.5,13132.5,0.68,13177.5,13060.0,13070.0,13090.0,13410.5,13765.0,13133.357142857143,13198.25,13354.783333333333,13593.266666666666,74.41757984833707,114.6593197930011,178.8932297312739,0.006829823562891191,2,3,1,0,0,16,11,13095.0
2016-03-17,13095.0,13205.0,13205.0,13080.0,-1.3,13267.5,13177.5,13060.0,13143.0,13370.0,13637.5,13126.5,13178.607142857143,13336.7,13584.141666666666,75.58328739437589,106.21769709344117,176.73565883390881,-0.013001695873374741,3,3,1,0,0,17,11,13117.5
2016-03-18,13117.5,13027.5,13127.5,13002.5,0.17,13095.0,13267.5,13177.5,13143.0,13372.0,13625.0,13122.857142857143,13160.42857142857,13319.783333333333,13575.391666666666,75.26935757985255,91.30482697306866,172.42448038717862,0.0017182130584192379,4,3,1,0,0,18,11,13135.0
2016-03-21,13135.0,13125.0,13180.0,13125.0,0.13,13117.5,13095.0,13267.5,13072.5,13350.0,13625.0,13131.785714285714,13145.07142857143,13303.45,13566.808333333332,71.93333554001376,73.266073884362,165.5877905502598,0.0013340956737182275,0,3,1,0,0,21,12,13180.0
2016-03-22,13180.0,13155.0,13190.0,13135.0,0.34,13135.0,13117.5,13095.0,13070.0,13290.0,13605.0,13147.5,13137.214285714286,13289.283333333333,13557.391666666666,68.0991923594349,61.47817445303229,156.8490204938842,0.003425961172440095,1,3,1,0,0,22,12,13177.5
2016-03-23,13177.5,13152.5,13202.5,13141.5,-0.02,13180.0,13135.0,13117.5,13060.0,13235.0,13462.5,13164.285714285714,13133.107142857143,13279.783333333333,13547.308333333332,56.415761053497015,56.13108920942008,154.61083979338161,-0.00018968133535657294,2,3,1,0,0,23,12,13252.5
2016-03-24,13252.5,13202.5,13262.5,13152.5,0.57,13177.5,13180.0,13135.0,13177.5,13135.0,13462.5,13175.0,13141.5,13272.783333333333,13538.391666666666,65.70134448147732,64.5838751012066,150.75898116631103,0.00569151963574277,3,3,1,0,0,24,12,13252.5
2016-03-25,13252.5,13252.5,13252.5,13252.5,0.0,13252.5,13177.5,13180.0,13267.5,13090.0,13490.0,13172.857142857143,13153.107142857143,13264.866666666667,13529.475,62.340272086482116,69.06328718916771,145.08831634640634,0.0,4,3,1,0,0,25,12,13367.5
2016-03-28,13367.5,13277.5,13367.5,13277.5,0.87,13252.5,13252.5,13177.5,13095.0,13143.0,13375.0,13211.785714285714,13169.142857142857,13264.616666666667,13520.35,86.15289564824974,89.55819521227781,144.89834030448208,0.008677607998490933,0,3,1,0,0,28,13,13397.5
2016-03-29,13397.5,13327.5,13432.5,13317.5,0.22,13367.5,13252.5,13252.5,13117.5,13143.0,13400.0,13251.785714285714,13187.32142857143,13264.533333333333,13512.6,99.10762548148308,107.81244525405074,144.8184912305878,0.002244249111651442,1,3,1,0,0,29,13,13267.5
2016-03-30,13267.5,13302.5,13377.5,13255.5,-0.97,13397.5,13367.5,13252.5,13135.0,13072.5,13510.0,13270.714285714286,13201.25,13256.45,13501.266666666666,84.6895591473812,104.37888638554072,137.21291974457918,-0.00970330285501031,2,3,1,0,0,30,13,13260.0
2016-03-31,13260.0,13255.0,13296.0,13240.0,-0.06,13267.5,13397.5,13367.5,13180.0,13070.0,13495.0,13282.142857142857,13214.82142857143,13248.616666666667,13490.141666666666,75.28319549418589,98.16814600530019,129.62277386999415,-0.0005652911249293124,3,3,1,1,0,31,13,13160.0
2016-04-01,13160.0,13175.0,13210.0,13155.0,-0.75,13260.0,13267.5,13397.5,13177.5,13060.0,13495.0,13279.642857142857,13221.964285714286,13237.45,13477.433333333332,79.5092836748168,89.271509859166,121.86300604114233,-0.007541478129713397,4,4,2,0,1,1,13,13166.5
2016-04-04,13166.5,13121.5,13176.5,13121.5,0.05,13160.0,13260.0,13267.5,13252.5,13177.5,13437.5,13267.357142857143,13221.17857142857,13228.416666666666,13465.625,90.31275024684591,89.74013919325796,116.44638275822562,0.000493920972644446,0,4,2,0,0,4,14,13219.0
2016-04-05,13219.0,13194.0,13234.0,13179.0,0.4,13166.5,13160.0,13260.0,13252.5,13267.5,13425.0,13262.57142857143,13217.714285714286,13221.55,13454.108333333334,92.10113488782517,88.7450354593946,110.36962585036048,0.0039873922454713995,1,4,2,0,0,5,14,13222.5
2016-04-06,13222.5,13212.5,13232.5,13172.5,0.03,13219.0,13166.5,13160.0,13367.5,13095.0,13412.5,13241.857142857143,13226.82142857143,13215.216666666667,13444.025,80.09146556999194,81.42330207555213,104.32010446412454,0.00026477040623351655,2,4,2,0,0,6,14,13160.0
2016-04-07,13160.0,13175.0,13212.0,13155.0,-0.47,13222.5,13219.0,13166.5,13397.5,13117.5,13410.5,13207.92857142857,13229.857142857143,13206.866666666667,13431.525,46.37836112842699,77.74302555204149,97.98301518309776,-0.004726791453961043,3,4,2,0,0,7,14,13142.5
2016-04-08,13142.5,13162.5,13187.5,13137.5,-0.13,13160.0,13222.5,13219.0,13267.5,13135.0,13370.0,13190.07142857143,13230.392857142857,13199.283333333333,13418.991666666667,43.59991262558721,77.06195773322693,93.62891567554257,-0.0013297872340425343,4,4,2,0,0,8,14,13127.5
2016-04-11,13127.5,13102.5,13139.5,13102.5,-0.11,13142.5,13160.0,13222.5,13260.0,13180.0,13372.0,13171.142857142857,13226.642857142857,13191.133333333333,13405.575,36.33835701407942,80.88534824334408,88.5815359188925,-0.0011413353623739297,0,4,2,0,0,11,15,13113.5
2016-04-12,13113.5,13116.5,13126.5,13106.5,-0.11,13127.5,13142.5,13160.0,13160.0,13177.5,13350.0,13164.5,13222.07142857143,13183.25,13392.8,42.45095208991036,85.5504478123101,84.37965823668998,-0.0010664635307560122,1,4,2,0,0,12,15,13160.0
2016-04-13,13160.0,13085.0,13190.0,13085.0,0.35,13113.5,13127.5,13142.5,13166.5,13252.5,13290.0,13163.57142857143,13215.464285714286,13178.916666666666,13379.466666666667,42.47099850830267,86.58532125684353,82.01335922858277,0.0035459640828154892,2,4,2,0,0,13,15,13177.5
2016-04-14,13177.5,13217.5,13252.5,13177.5,0.13,13160.0,13113.5,13127.5,13219.0,13252.5,13235.0,13157.642857142857,13210.107142857143,13177.0,13367.258333333333,35.81982026498835,86.4376561841051,81.3265024454051,0.0013297872340425343,3,4,2,0,0,14,15,13175.0
2016-04-15,13175.0,13175.0,13180.0,13145.0,-0.02,13177.5,13160.0,13113.5,13222.5,13367.5,13135.0,13150.857142857143,13196.357142857143,13178.333333333334,13356.008333333333,24.051531977874777,73.87214229059633,80.94115927246371,-0.00018971732119144047,4,4,2,0,0,15,15,13175.0
2016-04-18,13175.0,13185.0,13220.0,13175.0,0.0,13175.0,13177.5,13160.0,13160.0,13397.5,13090.0,13153.0,13180.464285714286,13181.166666666666,13344.383333333333,25.619003363516768,45.912736747156906,79.21166899990006,0.0,0,4,2,0,0,18,16,13147.5
2016-04-19,13147.5,13132.5,13157.5,13132.5,-0.21,13175.0,13175.0,13177.5,13142.5,13267.5,13143.0,13153.714285714286,13171.892857142857,13181.316666666668,13331.841666666667,25.34570499929555,39.111860571600445,79.14113139299643,-0.0020872865275142205,1,4,2,0,0,19,16,13141.0
2016-04-20,13141.0,13105.0,13151.0,13105.0,-0.05,13147.5,13175.0,13175.0,13127.5,13260.0,13143.0,13155.642857142857,13163.392857142857,13181.25,13319.55,23.46222901777988,30.466361381599008,79.17535644989621,-0.0004943905685491634,2,4,2,0,0,20,16,13157.5
2016-04-21,13157.5,13152.5,13187.5,13147.5,0.13,13141.0,13147.5,13175.0,13113.5,13160.0,13072.5,13161.92857142857,13163.214285714286,13184.083333333334,13307.6,14.455185262007126,30.495090579641968,76.62943561257339,0.0012556122060725095,3,4,2,0,0,21,16,13197.5
2016-04-22,13197.5,13152.5,13207.5,13152.5,0.3,13157.5,13141.0,13147.5,13160.0,13166.5,13070.0,13167.285714285714,13165.42857142857,13188.333333333334,13297.975,19.640216272858748,31.84750753628396,73.55813245710839,0.0030400912027361837,4,4,2,0,0,22,16,13197.5
2016-04-25,13197.5,13202.5,13242.5,13192.5,0.0,13197.5,13157.5,13141.0,13177.5,13219.0,13060.0,13170.142857142857,13163.892857142857,13192.916666666666,13290.641666666666,22.604782469264432,29.497182767491225,69.45540411604011,0.0,0,4,2,0,0,25,17,13200.0
2016-04-26,13200.0,13205.0,13230.0,13190.0,0.02,13197.5,13197.5,13157.5,13175.0,13222.5,13177.5,13173.714285714286,13162.285714285714,13193.666666666666,13282.516666666666,25.31280496595903,26.521192024184852,69.40465220091053,0.00018942981625302835,1,4,2,0,0,26,17,13194.5
2016-04-27,13194.5,13182.5,13207.5,13152.5,-0.04,13200.0,13197.5,13197.5,13175.0,13160.0,13267.5,13176.5,13164.75,13191.233333333334,13273.008333333333,26.5220034438061,27.861435989456396,67.99210569459129,-0.0004166666666666208,2,4,2,0,0,27,17,13186.5
2016-04-28,13186.5,13161.5,13211.5,13151.5,-0.06,13194.5,13200.0,13197.5,13147.5,13142.5,13095.0,13182.07142857143,13167.892857142857,13194.283333333333,13265.491666666667,23.317426550951005,27.639282643816674,65.53423471395054,-0.000606313236575895,3,4,2,0,0,28,17,13185.0
2016-04-29,13185.0,13174.0,13230.0,13118.0,-0.01,13186.5,13194.5,13200.0,13141.0,13127.5,13117.5,13188.357142857143,13172.0,13196.533333333333,13258.158333333333,14.761194299564085,25.352893933018958,63.94662824864805,-0.00011375270162661266,4,4,2,0,0,29,17,13180.0
2016-05-02,13180.0,13175.0,13195.0,13175.0,-0.04,13185.0,13186.5,13194.5,13157.5,13113.5,13135.0,13191.57142857143,13176.75,13198.033333333333,13250.741666666667,7.66718424797139,18.977466395141413,62.97384970866434,-0.0003792188092529569,0,5,2,0,0,2,18,13194.5
2016-05-03,13194.5,13144.5,13196.5,13134.5,0.11,13180.0,13185.0,13186.5,13197.5,13160.0,13180.0,13191.142857142857,13179.214285714286,13198.516666666666,13243.9,7.358183005979452,18.874804416672394,62.8862524493983,0.0011001517450683895,1,5,2,0,0,3,18,13241.5
2016-05-04,13241.5,13211.5,13251.5,13141.5,0.36,13194.5,13180.0,13185.0,13197.5,13177.5,13177.5,13197.42857142857,13183.785714285714,13200.65,13240.216666666667,20.590103956974637,25.13862664227611,63.23330500671323,0.0035620902648831887,2,5,2,0,0,4,18,13241.5
2016-05-05,13241.5,13241.5,13241.5,13241.5,0.0,13241.5,13194.5,13180.0,13200.0,13175.0,13252.5,13203.357142857143,13188.535714285714,13200.283333333333,13236.533333333333,26.562370447988318,29.290628775684237,62.95355202565404,0.0,3,5,2,0,0,5,18,13241.5
2016-05-06,13241.5,13241.5,13241.5,13241.5,0.0,13241.5,13241.5,13194.5,13194.5,13175.0,13252.5,13210.07142857143,13193.285714285714,13199.916666666666,13232.391666666666,29.70469740000187,32.17662450978931,62.67033111690009,0.0,4,5,2,0,0,6,18,13290.0
2016-05-09,13290.0,13305.0,13305.0,13275.0,0.37,13241.5,13241.5,13241.5,13186.5,13147.5,13367.5,13224.857142857143,13203.464285714286,13197.333333333334,13230.975,39.99345184505601,38.496985039756616,56.851338705844675,0.003662727032435864,0,5,2,0,0,9,19,13287.5
2016-05-10,13287.5,13322.5,13337.5,13262.5,-0.02,13290.0,13241.5,13241.5,13185.0,13141.0,13397.5,13239.5,13213.92857142857,13193.666666666666,13229.1,41.69632277959238,40.089734511403044,46.009806550924445,-0.00018811136192631306,1,5,2,0,0,10,19,13305.0
2016-05-11,13305.0,13265.0,13305.0,13255.0,0.13,13287.5,13290.0,13241.5,13180.0,13157.5,13267.5,13257.357142857143,13224.464285714286,13194.916666666666,13225.683333333332,38.62071366269859,43.367155369503756,48.52551467749294,0.0013170272812794703,2,5,2,0,0,11,19,13297.5
2016-05-12,13297.5,13302.5,13312.5,13282.5,-0.06,13305.0,13287.5,13290.0,13194.5,13197.5,13260.0,13272.07142857143,13231.607142857143,13196.166666666666,13222.391666666666,29.138217417891713,46.692191148980356,50.69437385186692,-0.0005636978579481866,3,5,2,0,0,12,19,13317.5
2016-05-13,13317.5,13302.5,13324.5,13297.5,0.15,13297.5,13305.0,13287.5,13241.5,13197.5,13160.0,13282.92857142857,13240.17857142857,13201.416666666666,13219.433333333332,29.995039272502545,50.78446428971794,54.80829966936346,0.001504042113179116,4,5,2,0,0,13,19,13302.5
2016-05-16,13302.5,13317.5,13332.5,13302.5,-0.11,13317.5,13297.5,13305.0,13241.5,13200.0,13166.5,13291.642857142857,13247.5,13205.95,13217.183333333332,24.26711472650659,51.922279196213644,57.384569294424445,-0.0011263375258119268,0,5,2,0,0,16,20,13298.5
2016-05-17,13298.5,13293.5,13308.5,13267.5,-0.03,13302.5,13317.5,13297.5,13241.5,13194.5,13219.0,13299.785714285714,13254.92857142857,13208.6,13215.075,10.016058535072915,51.190765822564416,59.793091516551044,-0.00030069535801535707,1,5,2,0,0,17,20,13389.0
2016-05-18,13389.0,13315.0,13389.0,13310.0,0.68,13298.5,13302.5,13317.5,13290.0,13186.5,13222.5,13313.92857142857,13269.392857142857,13214.15,13214.683333333332,34.315240262779945,58.46109112760028,68.25612894044272,0.0068052787908410295,2,5,2,0,0,18,20,13555.0
2016-05-19,13555.0,13445.0,13560.0,13430.0,1.24,13389.0,13298.5,13302.5,13287.5,13185.0,13160.0,13352.142857142857,13295.82142857143,13227.316666666668,13217.091666666667,95.0963170886033,91.6098766809483,91.56752580261609,0.01239823735902612,3,5,2,0,0,19,20,13607.5
2016-05-20,13607.5,13542.5,13652.5,13532.5,0.39,13555.0,13389.0,13298.5,13305.0,13180.0,13142.5,13395.357142857143,13326.357142857143,13242.816666666668,13221.05,131.76516809770393,117.59634815292341,113.45540543752152,0.003873109553670151,4,5,2,0,0,20,20,13582.5
2016-05-23,13582.5,13587.5,13617.5,13557.5,-0.18,13607.5,13555.0,13389.0,13297.5,13194.5,13127.5,13436.07142857143,13354.07142857143,13257.983333333334,13224.558333333332,140.2469335884352,129.27175566684264,127.09997987828969,-0.0018372221201543582,0,5,2,0,0,23,21,13690.0
2016-05-24,13690.0,13565.0,13695.0,13565.0,0.79,13582.5,13607.5,13555.0,13317.5,13241.5,13113.5,13489.285714285714,13386.107142857143,13277.2,13230.225,157.38139903403845,152.68194424652998,146.5890690754885,0.007914595987483786,1,5,2,0,0,24,21,13655.0
2016-05-25,13655.0,13655.0,13685.0,13615.0,-0.26,13690.0,13582.5,13607.5,13302.5,13241.5,13160.0,13539.642857142857,13415.642857142857,13293.7,13236.308333333332,143.4310851610714,162.25151754314297,160.17143832524357,-0.0025566106647187947,2,5,2,0,0,25,21,13603.5
2016-05-26,13603.5,13616.5,13636.5,13591.5,-0.38,13655.0,13690.0,13582.5,13298.5,13241.5,13177.5,13583.214285714286,13441.5,13307.9,13242.45,96.67249571919393,161.20615086565294,168.1969494167734,-0.0037715122665690215,3,5,2,0,0,26,21,13583.0
2016-05-27,13583.0,13557.0,13587.0,13557.0,-0.15,13603.5,13655.0,13690.0,13389.0,13290.0,13175.0,13610.92857142857,13462.42857142857,13321.5,13249.916666666666,46.50755187018965,159.02937042991834,173.4920250577131,-0.0015069651192707312,4,5,2,0,0,27,21,13645.0
2016-05-30,13645.0,13610.0,13655.0,13610.0,0.46,13583.0,13603.5,13655.0,13555.0,13287.5,13175.0,13623.785714285714,13487.964285714286,13337.166666666666,13259.166666666666,40.52453695286356,157.47471888498904,180.87065931848826,0.004564529190900446,0,5,2,0,0,30,22,13660.0
2016-05-31,13660.0,13625.0,13660.0,13595.0,0.11,13645.0,13583.0,13603.5,13607.5,13305.0,13147.5,13631.285714285714,13513.32142857143,13354.25,13267.783333333333,41.84480965715999,154.29649369647342,186.45553921365394,0.0010993037742763612,1,5,2,1,0,31,22,13660.0
2016-06-01,13660.0,13655.0,13695.0,13645.0,0.0,13660.0,13645.0,13583.0,13582.5,13297.5,13141.0,13642.357142857143,13539.214285714286,13371.55,13276.4,36.72500769886883,145.4557445629603,190.0302312610022,0.0,2,6,2,0,1,1,22,13647.5
2016-06-02,13647.5,13671.5,13700.5,13642.5,-0.09,13660.0,13660.0,13645.0,13690.0,13317.5,13157.5,13636.285714285714,13562.785714285714,13387.883333333333,13285.983333333334,30.52575025412551,132.9649627483558,192.04532885061326,-0.0009150805270863316,3,6,2,0,0,2,22,13591.5
2016-06-03,13591.5,13621.5,13641.5,13586.5,-0.41,13647.5,13660.0,13660.0,13655.0,13302.5,13197.5,13627.214285714286,13583.42857142857,13401.016666666666,13294.675,33.342736768957124,109.87612905564629,192.04886605765236,-0.0041033156255724235,4,6,2,0,0,3,22,13377.5
2016-06-06,13377.5,13502.5,13502.5,13367.5,-1.57,13591.5,13647.5,13660.0,13603.5,13298.5,13197.5,13594.92857142857,13589.07142857143,13407.016666666666,13299.966666666667,100.96923152273564,95.16076622516472,188.2454598680318,-0.015745134826913865,0,6,2,0,0,6,23,13270.0
2016-06-07,13270.0,13375.0,13385.0,13260.0,-0.8,13377.5,13591.5,13647.5,13583.0,13389.0,13200.0,13550.214285714286,13580.57142857143,13409.35,13301.508333333333,159.48324288749302,117.17473098926669,186.01154719442135,-0.008035881143711454,1,6,2,0,0,7,23,13265.0
2016-06-08,13265.0,13245.0,13275.0,13205.0,-0.04,13270.0,13377.5,13591.5,13645.0,13555.0,13194.5,13495.92857142857,13559.857142857143,13411.7,13301.466666666667,184.54616147265807,144.49200517824522,183.6337528136402,-0.00037678975131871795,2,6,2,0,0,8,23,13265.0
2016-06-09,13265.0,13215.0,13270.0,13205.0,0.0,13265.0,13270.0,13377.5,13660.0,13607.5,13186.5,13439.5,13535.392857142857,13414.316666666668,13304.3,186.3969778009834,163.54371076156406,180.8523632658914,0.0,3,6,2,0,0,9,23,13297.5
2016-06-10,13297.5,13282.5,13317.5,13282.5,0.25,13265.0,13265.0,13270.0,13660.0,13582.5,13185.0,13387.714285714286,13515.035714285714,13418.066666666668,13307.3,163.9280475144871,174.59342487900827,177.06007812145364,0.0024500565397662655,4,6,2,0,0,10,23,13278.5
2016-06-13,13278.5,13326.5,13341.5,13266.5,-0.14,13297.5,13265.0,13265.0,13647.5,13690.0,13180.0,13335.0,13485.642857142857,13421.35,13309.691666666668,119.87632515780926,177.48644894874082,173.3680134957305,-0.0014288400075201935,0,6,2,0,0,13,24,13365.0
2016-06-14,13365.0,13270.0,13390.0,13265.0,0.65,13278.5,13297.5,13265.0,13591.5,13655.0,13194.5,13302.642857142857,13464.92857142857,13427.033333333333,13312.775,48.30606784332378,173.0683343412186,168.3984362556285,0.006514290017697766,1,6,2,0,0,14,24,13372.5
2016-06-15,13372.5,13382.5,13417.5,13357.5,0.06,13365.0,13278.5,13297.5,13377.5,13603.5,13241.5,13301.92857142857,13448.42857142857,13431.4,13316.025,47.03494141904859,169.8220626627449,165.08745853493835,0.0005611672278338364,2,6,2,0,0,15,24,13367.5
2016-06-16,13367.5,13322.5,13367.5,13302.5,-0.04,13372.5,13365.0,13278.5,13270.0,13583.0,13241.5,13315.857142857143,13433.035714285714,13435.6,13317.941666666668,50.32536991568391,166.41854837053256,161.65674575557838,-0.0003739016638624193,3,6,2,0,0,16,24,13337.5
2016-06-17,13337.5,13352.5,13369.5,13332.5,-0.22,13367.5,13372.5,13365.0,13265.0,13645.0,13241.5,13326.214285714286,13411.07142857143,13438.8,13319.358333333334,45.32646131395666,156.27414978206747,158.60336562070432,-0.002244249111651442,4,6,2,0,0,17,24,13265.0
2016-06-20,13265.0,13285.0,13285.0,13245.0,-0.54,13337.5,13367.5,13372.5,13265.0,13660.0,13290.0,13326.214285714286,13382.857142857143,13437.966666666667,13317.65,45.32646131395666,142.9652228517642,159.4754295924173,-0.005435801312089983,0,6,2,0,0,20,25,13262.5
2016-06-21,13262.5,13252.5,13302.5,13252.5,-0.02,13265.0,13337.5,13367.5,13297.5,13660.0,13287.5,13321.214285714286,13354.464285714286,13437.133333333333,13315.4,50.640775026115485,121.560125086272,160.35171113641314,-0.00018846588767429395,1,6,2,0,0,21,25,13284.0
2016-06-22,13284.0,13274.0,13309.0,13274.0,0.16,13262.5,13265.0,13337.5,13278.5,13647.5,13305.0,13322.0,13328.5,13436.433333333332,13315.675,49.90490957819219,88.4727250452106,160.9929712180536,0.0016211121583411536,2,6,2,0,0,22,25,13257.5
2016-06-23,13257.5,13267.5,13270.5,13242.5,-0.2,13284.0,13262.5,13265.0,13365.0,13591.5,13297.5,13306.642857142857,13304.642857142857,13435.1,13315.633333333333,50.99568142320612,47.765625140455455,162.34326127919945,-0.001994881059921738,3,6,2,0,0,23,25,13380.0
2016-06-24,13380.0,13244.0,13435.0,13244.0,0.92,13257.5,13284.0,13262.5,13372.5,13377.5,13317.5,13307.714285714286,13304.82142857143,13437.183333333332,13319.3,52.661542849082124,48.06270229244203,161.17892624153964,0.009240052800301823,4,6,2,0,0,24,25,13340.0
2016-06-27,13340.0,13385.0,13520.0,13293.0,-0.3,13380.0,13257.5,13284.0,13367.5,13270.0,13302.5,13303.785714285714,13309.82142857143,13438.433333333332,13322.191666666668,48.30360333604236,47.80191786583121,160.2410755669671,-0.002989536621823663,0,6,2,0,0,27,26,13177.5
2016-06-28,13177.5,13307.5,13307.5,13157.5,-1.22,13340.0,13380.0,13257.5,13337.5,13265.0,13298.5,13280.92857142857,13303.57142857143,13434.4,13321.5,64.74786262335853,58.61112297394896,165.32681322889394,-0.012181409295352275,1,6,2,0,0,28,26,13161.5
2016-06-29,13161.5,13161.5,13201.5,13131.5,-0.12,13177.5,13340.0,13380.0,13265.0,13265.0,13389.0,13266.142857142857,13296.17857142857,13426.816666666668,13320.483333333334,79.19686140972021,69.38732070579806,172.54122362665188,-0.0012141908556251302,2,6,2,0,0,29,26,13212.5
2016-06-30,13212.5,13172.5,13217.5,13157.5,0.39,13161.5,13177.5,13340.0,13262.5,13297.5,13555.0,13259.0,13290.107142857143,13415.4,13321.358333333334,81.79242018676042,72.89301395552782,175.07970598639665,0.0038749382669147625,3,6,2,1,0,30,26,13140.0
2016-07-01,13140.0,13160.0,13185.0,13125.0,-0.55,13212.5,13161.5,13177.5,13284.0,13278.5,13607.5,13238.42857142857,13280.214285714286,13399.816666666668,13321.316666666668,91.93631336035462,83.25186860592612,178.16998292669473,-0.005487228003784317,4,7,3,0,1,1,26,13127.5
2016-07-04,13127.5,13127.5,13127.5,13127.5,-0.1,13140.0,13212.5,13161.5,13257.5,13365.0,13582.5,13219.857142857143,13263.25,13384.65,13321.316666666668,100.20051325791968,88.66764868362363,181.41912561231592,-0.0009512937595129722,0,7,3,0,0,4,27,13127.5
2016-07-05,13127.5,13127.5,13127.5,13127.5,0.0,13127.5,13140.0,13212.5,13380.0,13372.5,13690.0,13183.785714285714,13245.75,13365.9,13321.55,75.29600318241324,89.61901197680501,177.8041056893951,0.0,1,7,3,0,0,5,27,13127.5
2016-07-06,13127.5,13127.5,13127.5,13127.5,0.0,13127.5,13127.5,13140.0,13340.0,13367.5,13655.0,13153.42857142857,13228.607142857143,13348.316666666668,13321.008333333333,32.4838787856452,87.46695608400138,174.27636016582582,0.0,2,7,3,0,0,6,27,13127.5
2016-07-07,13127.5,13127.5,13127.5,13127.5,0.0,13127.5,13127.5,13127.5,13177.5,13337.5,13603.5,13146.285714285714,13213.607142857143,13332.45,13320.175,31.798659750261766,85.33692918967978,171.894532119024,0.0,3,7,3,0,0,7,27,13127.5
2016-07-08,13127.5,13127.5,13127.5,13127.5,0.0,13127.5,13127.5,13127.5,13161.5,13265.0,13583.0,13141.42857142857,13203.785714285714,13317.266666666666,13319.383333333333,31.683892558005528,86.8658812117261,169.09468543890435,0.0,4,7,3,0,0,8,27,13090.0
2016-07-11,13090.0,13115.0,13125.0,13090.0,-0.29,13127.5,13127.5,13127.5,13212.5,13262.5,13645.0,13123.92857142857,13191.464285714286,13298.766666666666,13317.966666666667,15.669579263464781,90.07186538578462,162.22279982053206,-0.0028565987430965167,0,7,3,0,0,11,28,13120.0
2016-07-12,13120.0,13125.0,13165.0,13105.0,0.23,13090.0,13127.5,13127.5,13140.0,13284.0,13660.0,13121.07142857143,13179.75,13280.766666666666,13317.508333333333,13.983408536334242,87.74586336956901,150.2777734577036,0.0022918258212376585,1,7,3,0,0,12,28,13095.0
2016-07-13,13095.0,13095.0,13120.0,13084.0,-0.19,13120.0,13090.0,13127.5,13127.5,13257.5,13660.0,13116.42857142857,13168.142857142857,13261.933333333332,13316.741666666667,16.63687814146805,87.41708787621175,135.82054167257553,-0.001905487804878092,2,7,3,0,0,13,28,13082.5
2016-07-14,13082.5,13072.5,13092.5,13071.5,-0.1,13095.0,13120.0,13090.0,13127.5,13380.0,13647.5,13110.0,13146.892857142857,13243.1,13315.491666666667,20.000000000209365,65.32291934091641,118.59278340549797,-0.0009545628102328729,3,7,3,0,0,14,28,13091.5
2016-07-15,13091.5,13061.5,13094.5,13061.5,0.07,13082.5,13095.0,13120.0,13127.5,13340.0,13591.5,13104.857142857143,13129.142857142857,13226.433333333332,13313.725,19.368604935597602,35.990612329273844,101.900875883124,0.0006879419071279536,4,7,3,0,0,15,28,13087.5
2016-07-18,13087.5,13102.5,13117.5,13087.5,-0.03,13091.5,13082.5,13095.0,13127.5,13177.5,13377.5,13099.142857142857,13122.714285714286,13216.766666666666,13311.891666666666,17.372665996269802,34.70353245488651,100.82553498865002,-0.0003055417637398694,0,7,3,0,0,18,29,13089.0
2016-07-19,13089.0,13081.0,13091.0,13081.0,0.01,13087.5,13091.5,13082.5,13127.5,13161.5,13270.0,13093.642857142857,13117.535714285714,13210.733333333334,13310.041666666666,12.23285972907803,33.86992328466557,102.92386986751843,0.00011461318051586566,1,7,3,0,0,19,29,13112.5
2016-07-20,13112.5,13092.5,13122.5,13082.5,0.18,13089.0,13087.5,13091.5,13090.0,13212.5,13265.0,13096.857142857143,13110.392857142857,13205.65,13308.675,13.951446417891075,20.011706738960477,103.91244241983289,0.0017954007181602005,2,7,3,0,0,20,29,13100.0
2016-07-21,13100.0,13125.0,13130.0,13090.0,-0.1,13112.5,13089.0,13087.5,13120.0,13140.0,13265.0,13094.0,13107.535714285714,13200.15,13307.233333333334,9.874208829493178,18.236126745945608,105.02349080414977,-0.0009532888465204614,3,7,3,0,0,21,29,13108.5
2016-07-22,13108.5,13081.5,13109.5,13081.5,0.06,13100.0,13112.5,13089.0,13095.0,13127.5,13297.5,13095.92857142857,13106.17857142857,13193.85,13305.958333333334,11.315286752625584,17.32007188561373,104.65049796411552,0.0006488549618319794,4,7,3,0,0,22,29,13140.0
2016-07-25,13140.0,13120.0,13145.0,13120.0,0.24,13108.5,13100.0,13112.5,13082.5,13127.5,13278.5,13104.142857142857,13107.07142857143,13189.233333333334,13305.291666666666,18.519616369800005,18.76561620787458,103.83921036484548,0.002403020940610956,0,7,3,0,0,25,30,13167.5
2016-07-26,13167.5,13141.5,13167.5,13119.5,0.21,13140.0,13108.5,13100.0,13091.5,13127.5,13365.0,13115.0,13109.92857142857,13182.65,13304.841666666667,29.11757773822579,24.334098538082458,98.43132999272586,0.002092846270928428,1,7,3,0,0,26,30,13140.0
2016-07-27,13140.0,13145.0,13150.0,13106.0,-0.21,13167.5,13140.0,13108.5,13087.5,13127.5,13372.5,13122.5,13110.82142857143,13174.9,13303.15,27.574142476993885,25.24084536496325,91.90459821147375,-0.0020884754129485428,2,7,3,0,0,27,30,13101.0
2016-07-28,13101.0,13101.0,13118.0,13093.0,-0.3,13140.0,13167.5,13140.0,13089.0,13127.5,13367.5,13124.214285714286,13108.92857142857,13166.016666666666,13300.808333333332,25.434322517279185,24.885010272783525,85.28779709508031,-0.0029680365296803624,3,7,3,0,0,28,30,13098.5
2016-07-29,13098.5,13091.5,13112.5,13081.5,-0.02,13101.0,13140.0,13167.5,13112.5,13090.0,13337.5,13122.214285714286,13109.535714285714,13158.05,13298.425,27.010579937862513,24.48819518277079,79.69644456222615,-0.000190825127852845,4,7,3,0,0,29,30,13071.0
2016-08-01,13071.0,13081.0,13081.0,13066.0,-0.21,13098.5,13101.0,13140.0,13100.0,13120.0,13265.0,13118.07142857143,13106.035714285714,13151.583333333334,13294.775,32.62594643777642,26.31134903278508,78.58205499866835,-0.002099477039355646,0,8,3,0,1,1,31,13097.5
2016-08-02,13097.5,13062.5,13102.5,13062.5,0.2,13071.0,13098.5,13101.0,13108.5,13095.0,13262.5,13116.5,13106.214285714286,13146.083333333334,13291.608333333334,33.41905644002567,26.2390741262331,76.29209785685362,0.002027388876137959,1,8,3,0,0,2,31,13125.0
2016-08-03,13125.0,13115.0,13142.0,13090.0,0.21,13097.5,13071.0,13098.5,13140.0,13082.5,13284.0,13114.357142857143,13109.25,13140.783333333333,13288.608333333334,32.11660303463765,25.738141407057846,71.76946850292693,0.002099637335369442,2,8,3,0,0,3,31,13137.5
2016-08-04,13137.5,13132.5,13149.5,13132.5,0.1,13125.0,13097.5,13071.0,13167.5,13091.5,13257.5,13110.07142857143,13112.535714285714,13136.783333333333,13285.941666666668,25.072276474771794,26.229361326898506,68.30026042929636,0.0009523809523810378,3,8,3,0,0,4,31,13128.5
2016-08-05,13128.5,13118.5,13131.5,13114.5,-0.07,13137.5,13125.0,13097.5,13140.0,13087.5,13380.0,13108.42857142857,13115.464285714286,13128.4,13282.791666666666,23.08215142256176,25.497710520175943,50.54485887424591,-0.0006850618458610347,4,8,3,0,0,5,31,13130.0
2016-08-08,13130.0,13131.0,13151.0,13124.0,0.01,13128.5,13137.5,13125.0,13101.0,13089.0,13340.0,13112.57142857143,13118.392857142857,13121.4,13279.916666666666,24.106410923805676,24.561679480715444,30.98759484824907,0.00011425524622010741,0,8,3,0,0,8,32,13132.5
2016-08-09,13132.5,13122.5,13135.5,13117.5,0.02,13130.0,13128.5,13137.5,13098.5,13112.5,13177.5,13117.42857142857,13119.82142857143,13119.9,13277.15,24.22366021669752,24.77328519500158,29.216905828703236,0.00019040365575029305,1,8,3,0,0,9,32,13113.5
2016-08-10,13113.5,13111.5,13124.5,13111.5,-0.14,13132.5,13130.0,13128.5,13071.0,13100.0,13161.5,13123.5,13120.785714285714,13118.3,13272.558333333332,13.677840960531471,24.198469663970677,28.155234706456735,-0.0014467923091566748,2,8,3,0,0,10,32,13117.0
2016-08-11,13117.0,13101.0,13124.0,13101.0,0.03,13113.5,13132.5,13130.0,13097.5,13108.5,13212.5,13126.285714285714,13121.392857142857,13115.116666666667,13265.258333333333,8.509098772079653,23.97208197670483,21.824410302542,0.00026690052236255646,3,8,3,0,0,11,32,13121.0
2016-08-12,13121.0,13111.0,13123.0,13111.0,0.03,13117.0,13113.5,13132.5,13125.0,13140.0,13140.0,13125.714285714286,13120.035714285714,13114.483333333334,13257.15,8.740981747664865,23.36784796881252,21.34789149449124,0.00030494777769307646,4,8,3,0,0,12,32,13112.5
2016-08-15,13112.5,13117.5,13124.5,13102.5,-0.06,13121.0,13117.0,13113.5,13137.5,13167.5,13127.5,13122.142857142857,13116.107142857143,13113.983333333334,13249.316666666668,8.214389233805734,18.987018411122303,21.207709777794758,-0.0006478164774026407,0,8,3,0,0,15,33,13096.0
2016-08-16,13096.0,13081.0,13104.0,13081.0,-0.13,13112.5,13121.0,13117.0,13128.5,13140.0,13127.5,13117.5,13112.964285714286,13112.933333333332,13239.416666666666,12.227019260977395,18.359093623976108,21.29502667093142,-0.0012583412774070935,1,8,3,0,0,16,33,13096.0
2016-08-17,13096.0,13096.0,13096.0,13096.0,0.0,13096.0,13112.5,13121.0,13130.0,13101.0,13127.5,13112.642857142857,13112.607142857143,13111.883333333333,13230.1,13.15204130485249,18.65597302964792,21.328580199568673,0.0,2,8,3,0,0,17,33,13116.5
2016-08-18,13116.5,13100.5,13116.5,13090.5,0.16,13096.0,13096.0,13112.5,13132.5,13098.5,13127.5,13110.357142857143,13113.892857142857,13111.516666666666,13221.983333333334,10.180513599579873,18.224221595442742,21.144610193284972,0.0015653634697616603,3,8,3,0,0,18,33,13157.5
2016-08-19,13157.5,13112.5,13157.5,13112.5,0.31,13116.5,13096.0,13096.0,13113.5,13071.0,13127.5,13116.642857142857,13120.07142857143,13112.516666666666,13214.891666666666,20.647264318011874,17.197782888381777,22.586799369172475,0.0031258338733655133,4,8,3,0,0,19,33,13211.5
2016-08-22,13211.5,13161.5,13236.5,13161.5,0.41,13157.5,13116.5,13096.0,13117.0,13097.5,13090.0,13130.142857142857,13128.214285714286,13116.566666666668,13207.666666666666,41.39214326194931,28.778139597496747,28.523049763522216,0.0041041231236937925,0,8,3,0,0,22,34,13219.0
2016-08-23,13219.0,13201.0,13231.0,13201.0,0.06,13211.5,13157.5,13116.5,13121.0,13125.0,13120.0,13144.142857142857,13134.92857142857,13119.866666666667,13200.316666666668,52.78866220270169,37.587772737313756,34.11313159360823,0.0005676872421753743,1,8,3,0,0,23,34,13247.5
2016-08-24,13247.5,13232.5,13272.5,13232.5,0.22,13219.0,13211.5,13157.5,13112.5,13137.5,13095.0,13163.42857142857,13142.785714285714,13124.95,13193.441666666668,62.97845436570837,48.17305115055157,40.955895116871346,0.0021559875936152384,2,8,3,0,0,24,34,13241.5
2016-08-25,13241.5,13241.5,13271.5,13239.5,-0.05,13247.5,13219.0,13211.5,13096.0,13128.5,13082.5,13184.214285714286,13150.857142857143,13130.25,13186.675,60.99443768557194,54.62932030853885,45.32768621855518,-0.0004529156444612603,3,8,3,0,0,25,34,13206.0
2016-08-26,13206.0,13226.0,13244.0,13206.0,-0.27,13241.5,13247.5,13219.0,13096.0,13130.0,13091.5,13199.92857142857,13156.285714285714,13134.066666666668,13180.25,47.05708286354547,56.15216767032145,46.750573172432006,-0.002680965147453085,4,8,3,0,0,26,34,13265.0
2016-08-29,13265.0,13235.0,13285.0,13235.0,0.45,13206.0,13241.5,13247.5,13116.5,13132.5,13087.5,13221.142857142857,13165.75,13139.983333333334,13178.375,35.142228023895676,62.627638897339274,51.63123275111115,0.004467666212327748,0,8,3,0,0,29,35,13277.5
2016-08-30,13277.5,13242.5,13277.5,13242.5,0.09,13265.0,13206.0,13241.5,13157.5,13113.5,13089.0,13238.285714285714,13177.464285714286,13146.266666666666,13178.5,27.32040925593638,67.26853884759184,56.45714476839623,0.0009423294383716918,1,8,3,0,0,30,35,13267.5
2016-08-31,13267.5,13282.5,13308.5,13256.5,-0.08,13277.5,13265.0,13206.0,13211.5,13117.0,13112.5,13246.285714285714,13188.214285714286,13151.433333333332,13178.541666666666,26.351560900860587,68.86908268198849,60.226974901157696,-0.0007531538316700725,2,8,3,1,0,31,35,13268.0
2016-09-01,13268.0,13262.0,13280.0,13257.0,0.0,13267.5,13277.5,13265.0,13219.0,13121.0,13100.0,13253.285714285714,13198.714285714286,13157.033333333333,13178.591666666667,24.32566741622961,69.03892834032845,63.02516373930009,3.76860749953245e-05,3,9,3,0,1,1,35,13247.0
2016-09-02,13247.0,13247.0,13265.0,13235.0,-0.16,13268.0,13267.5,13277.5,13247.5,13112.5,13108.5,13253.214285714286,13208.32142857143,13161.65,13177.75,24.34621316026406,65.38013316898048,64.40498883009643,-0.0015827555019596318,4,9,3,0,0,2,35,13152.5
2016-09-05,13152.5,13217.5,13217.5,13147.5,-0.71,13247.0,13268.0,13267.5,13241.5,13096.0,13140.0,13240.5,13212.357142857143,13162.066666666668,13175.65,45.51739594199527,59.38221326924264,64.30044421646515,-0.007133690646938917,0,9,3,0,0,5,36,13126.5
2016-09-06,13126.5,13151.5,13166.5,13121.5,-0.2,13152.5,13247.0,13268.0,13206.0,13096.0,13167.5,13229.142857142857,13214.535714285714,13160.7,13171.675,62.36165641228037,55.1970122818401,64.61592095898058,-0.001976810492301806,1,9,3,0,0,6,36,13085.0
2016-09-07,13085.0,13080.0,13095.0,13075.0,-0.32,13126.5,13152.5,13247.0,13265.0,13116.5,13140.0,13203.42857142857,13212.285714285714,13158.866666666667,13166.883333333333,79.78796304973842,59.938979960355525,65.98914922992877,-0.00316154344265418,2,9,3,0,0,7,36,13062.5
2016-09-08,13062.5,13062.5,13105.5,13057.5,-0.17,13085.0,13126.5,13152.5,13277.5,13157.5,13101.0,13172.714285714286,13205.5,13157.583333333334,13161.8,87.52849876038005,70.97914103133024,67.51016313440954,-0.0017195261750095892,3,9,3,0,0,8,36,13099.5
2016-09-09,13099.5,13082.5,13107.5,13071.5,0.28,13062.5,13085.0,13126.5,13267.5,13211.5,13098.5,13148.714285714286,13197.5,13157.616666666667,13157.833333333334,79.90768483222486,76.35871820664201,67.4802248597635,0.0028325358851675198,4,9,3,0,0,9,36,13099.5
2016-09-12,13099.5,13099.5,13099.5,13099.5,0.0,13099.5,13062.5,13085.0,13268.0,13219.0,13071.0,13124.642857142857,13188.964285714286,13158.566666666668,13155.075,61.16692617053149,80.34551930590483,66.41091171938646,0.0,0,9,3,0,0,12,37,13170.0
2016-09-13,13170.0,13130.0,13193.0,13130.0,0.54,13099.5,13099.5,13062.5,13247.0,13247.5,13097.5,13113.642857142857,13183.42857142857,13160.983333333334,13153.533333333333,38.0511873290621,78.65427201050754,65.4238809258533,0.005381884804763537,1,9,3,0,0,13,37,13204.5
2016-09-14,13204.5,13207.5,13240.5,13197.5,0.26,13170.0,13099.5,13099.5,13152.5,13241.5,13125.0,13121.07142857143,13180.785714285714,13163.633333333333,13152.208333333334,50.07696457415115,77.16035108932799,65.52611131728973,0.002619589977221004,2,9,3,0,0,14,37,13175.0
2016-09-15,13175.0,13185.0,13200.0,13160.0,-0.22,13204.5,13170.0,13099.5,13126.5,13206.0,13137.5,13128.0,13178.57142857143,13164.883333333333,13150.833333333334,54.14332830560307,76.82519046587919,65.36788246126183,-0.0022340868643265788,3,9,3,0,0,15,37,13157.5
2016-09-16,13157.5,13132.5,13160.5,13117.5,-0.13,13175.0,13204.5,13170.0,13085.0,13265.0,13128.5,13138.357142857143,13170.892857142857,13165.85,13147.125,51.4123155526414,72.78846553056988,65.02481621762605,-0.0013282732447817969,4,9,3,0,0,16,37,13156.0
2016-09-19,13156.0,13161.0,13176.0,13151.0,-0.01,13157.5,13175.0,13204.5,13062.5,13277.5,13130.0,13151.714285714286,13162.214285714286,13166.716666666667,13144.058333333332,39.08842235128911,66.02933913332352,64.70299296669916,-0.00011400342010259301,0,9,3,0,0,19,38,13152.5
2016-09-20,13152.5,13142.5,13157.5,13137.5,-0.03,13156.0,13157.5,13175.0,13099.5,13267.5,13132.5,13159.285714285714,13154.0,13167.383333333333,13143.641666666666,31.72913637724776,58.666593822887116,64.44078855727348,-0.0002660383095165475,1,9,3,0,0,20,38,13135.5
2016-09-21,13135.5,13131.5,13161.5,13131.5,-0.13,13152.5,13156.0,13157.5,13099.5,13268.0,13113.5,13164.42857142857,13144.535714285714,13168.116666666667,13143.208333333334,21.781927852240575,48.702576257082974,63.92960613227712,-0.001292529937274245,2,9,3,0,0,21,38,13090.0
2016-09-22,13090.0,13090.0,13110.0,13080.0,-0.35,13135.5,13152.5,13156.0,13170.0,13247.0,13117.0,13153.0,13133.32142857143,13167.216666666667,13141.166666666666,35.21600015155943,40.71458212746407,64.85736117703789,-0.0034638955502265256,3,9,3,0,0,22,38,13076.5
2016-09-23,13076.5,13061.5,13101.5,13051.5,-0.1,13090.0,13135.5,13152.5,13204.5,13152.5,13121.0,13134.714285714286,13127.892857142857,13165.733333333334,13140.108333333334,37.19414956566386,42.965182044814675,66.44037167644284,-0.0010313216195568797,4,9,3,0,0,23,38,13030.0
2016-09-26,13030.0,13075.0,13085.0,13030.0,-0.36,13076.5,13090.0,13135.5,13175.0,13126.5,13112.5,13114.0,13121.0,13162.983333333334,13138.483333333334,49.39466907816906,50.31745376962981,70.3141329950715,-0.0035559973999158556,0,9,3,0,0,26,39,12955.0
2016-09-27,12955.0,13023.0,13050.0,12935.0,-0.58,13030.0,13076.5,13090.0,13157.5,13085.0,13096.0,13085.07142857143,13111.714285714286,13158.283333333333,13135.608333333334,73.223077288707,66.77566181628123,79.10835904796808,-0.005755947812739803,1,9,3,0,0,27,39,12947.5
2016-09-28,12947.5,12932.5,12957.5,12917.5,-0.06,12955.0,13030.0,13076.5,13156.0,13062.5,13096.0,13055.285714285714,13103.5,13153.333333333334,13132.608333333334,81.50094945406536,79.21077044102091,87.35602276112027,-0.0005789270551910253,2,9,3,0,0,28,39,12975.0
2016-09-29,12975.0,12940.0,12985.0,12930.0,0.21,12947.5,12955.0,13030.0,13152.5,13099.5,13116.5,13029.92857142857,13094.607142857143,13148.616666666667,13130.066666666668,73.42651006933487,86.36042063793967,93.04797458682353,0.002123962154856107,3,9,3,0,0,29,39,13051.0
2016-09-30,13051.0,12984.0,13054.0,12984.0,0.59,12975.0,12947.5,12955.0,13135.5,13099.5,13157.5,13017.857142857143,13091.142857142857,13145.066666666668,13128.791666666666,58.63354719913157,87.11849326145826,94.71406454685534,0.005857418111753443,4,9,3,1,0,30,39,12982.5
2016-10-03,12982.5,13022.5,13022.5,12967.5,-0.52,13051.0,12975.0,12947.5,13090.0,13170.0,13211.5,13002.5,13077.75,13137.433333333332,13127.0,50.03665323217461,88.46506263892078,98.3341184461008,-0.005248639950961587,0,10,4,0,0,3,40,12981.5
2016-10-04,12981.5,12981.5,12999.5,12971.5,-0.01,12982.5,13051.0,12975.0,13076.5,13204.5,13219.0,12988.92857142857,13061.82142857143,13129.516666666666,13124.691666666668,38.073863051042686,83.84294088520971,101.06335357971433,-7.702676680143572e-05,1,10,4,0,0,4,40,12997.5
2016-10-05,12997.5,13002.5,13013.5,12982.5,0.12,12981.5,12982.5,13051.0,13030.0,13175.0,13247.5,12984.285714285714,13049.142857142857,13121.183333333332,13123.066666666668,33.993696894895436,78.67299130233653,101.30616648463459,0.0012325232061010105,2,10,4,0,0,5,40,12987.0
2016-10-06,12987.0,12991.0,12996.0,12981.0,-0.08,12997.5,12981.5,12982.5,12955.0,13157.5,13241.5,12988.857142857143,13036.964285714286,13112.7,13121.475,31.45594046419043,73.6450594421557,101.53907010908053,-0.0008078476630121179,3,10,4,0,0,6,40,12985.0
2016-10-07,12985.0,13002.0,13007.0,12980.0,-0.02,12987.0,12997.5,12981.5,12947.5,13156.0,13206.0,12994.214285714286,13024.75,13105.333333333334,13119.7,25.950043582143515,66.18672595262191,102.54850268187558,-0.00015400015400013345,4,10,4,0,0,7,40,12977.5
2016-10-10,12977.5,12952.5,12982.5,12952.5,-0.06,12985.0,12987.0,12997.5,12975.0,13152.5,13265.0,12994.57142857143,13012.25,13095.75,13117.866666666667,25.657079223794995,55.935316352062685,100.52660910389069,-0.0005775895263765429,0,10,4,0,0,10,41,13012.5
2016-10-11,13012.5,12977.5,13017.5,12977.5,0.27,12977.5,12985.0,12987.0,13051.0,13135.5,13277.5,12989.07142857143,13003.464285714286,13086.916666666666,13116.591666666667,12.077625910316822,43.32589574122637,95.52379044104624,0.002696975534579149,1,10,4,0,0,11,41,13018.5
2016-10-12,13018.5,13001.5,13026.5,13001.5,0.05,13012.5,12977.5,12985.0,12982.5,13090.0,13267.5,12994.214285714286,12998.357142857143,13078.616666666667,13115.025,15.879381660352841,35.922153316899845,89.946888862743,0.0004610951008645614,2,10,4,0,0,12,41,13077.5
2016-10-13,13077.5,13022.5,13077.5,13017.5,0.45,13018.5,13012.5,12977.5,12981.5,13076.5,13268.0,13007.92857142857,12998.42857142857,13072.266666666666,13114.65,34.08620025214188,36.09008874353549,82.53491772378878,0.004532012136574837,3,10,4,0,0,13,41,13044.5
2016-10-14,13044.5,13052.5,13072.5,13032.5,-0.25,13077.5,13018.5,13012.5,12997.5,13030.0,13247.0,13014.642857142857,12999.464285714286,13065.516666666666,13113.583333333334,36.24995894921027,37.255079305882866,75.75385313211439,-0.0025234180844962983,4,10,4,0,0,14,41,13068.5
2016-10-17,13068.5,13036.5,13071.5,13036.5,0.18,13044.5,13077.5,13018.5,12987.0,12955.0,13152.5,13026.285714285714,13007.57142857143,13062.716666666667,13112.391666666666,38.884291111549274,39.136770602694284,73.95906175774526,0.001839855877956209,0,10,4,0,0,17,42,13032.0
2016-10-18,13032.0,13022.0,13054.0,13022.0,-0.28,13068.5,13044.5,13077.5,12985.0,12947.5,13126.5,13033.0,13013.607142857143,13059.566666666668,13110.133333333333,34.36204301274085,35.50740907080902,73.1568618570774,-0.002792975475379711,1,10,4,0,0,18,42,13007.5
2016-10-19,13007.5,13017.5,13017.5,12997.5,-0.19,13032.0,13068.5,13044.5,12977.5,12975.0,13085.0,13037.285714285714,13015.92857142857,13056.983333333334,13107.925,27.464912681105844,33.81104572779907,73.59482310937058,-0.001879987722529175,2,10,4,0,0,19,42,13007.5
2016-10-20,13007.5,12982.5,13010.5,12982.5,0.0,13007.5,13032.0,13068.5,13012.5,13051.0,13062.5,13036.57142857143,13012.82142857143,13055.15,13106.366666666667,28.27016768541947,32.30539794344681,74.13572711234771,0.0,3,10,4,0,0,20,42,13045.0
2016-10-21,13045.0,13015.0,13045.0,13010.0,0.29,13007.5,13007.5,13032.0,13018.5,12982.5,13099.5,13040.357142857143,13017.285714285714,13053.333333333334,13105.475,27.200971621471993,32.110814309587525,73.67780900802865,0.0028829521429944993,4,10,4,0,0,21,42,13013.0
2016-10-24,13013.0,13031.0,13051.0,13006.0,-0.25,13045.0,13007.5,13007.5,13077.5,12981.5,13099.5,13031.142857142857,13019.535714285714,13050.45,13104.508333333333,23.143959409580685,30.472222083425088,73.50115528057883,-0.002453047144499787,0,10,4,0,0,24,43,13006.0
2016-10-25,13006.0,13019.0,13029.0,13004.0,-0.05,13013.0,13045.0,13007.5,13044.5,12997.5,13170.0,13025.642857142857,13020.142857142857,13044.983333333334,13102.983333333334,23.999503963327346,30.08157407652262,70.33350152505537,-0.0005379236148467248,1,10,4,0,0,25,43,13007.5
2016-10-26,13007.5,12992.5,13009.5,12982.5,0.01,13006.0,13013.0,13045.0,13068.5,12987.0,13204.5,13016.92857142857,13021.607142857143,13038.416666666666,13101.025,15.366165677514008,28.816514076768552,63.82169171470182,0.00011533138551444999,2,10,4,0,0,26,43,13033.0
2016-10-27,13033.0,13011.0,13033.0,13011.0,0.2,13007.5,13006.0,13013.0,13032.0,12985.0,13175.0,13017.07142857143,13025.035714285714,13033.683333333332,13099.283333333333,15.53337420831268,26.91901264493396,58.376082037217174,0.001960407457236135,3,10,4,0,0,27,43,13050.5
2016-10-28,13050.5,13027.5,13052.5,13027.5,0.13,13033.0,13007.5,13006.0,13007.5,12977.5,13157.5,13023.214285714286,13030.25,13030.116666666667,13097.983333333334,19.18953087617596,23.9042561389801,53.62572776339452,0.0013427453387555577,4,10,4,0,0,28,43,13048.0
2016-10-31,13048.0,13051.0,13053.0,13040.0,-0.02,13050.5,13033.0,13007.5,13007.5,13012.5,13156.0,13029.0,13032.785714285714,13026.516666666666,13096.616666666667,19.758964210609633,23.758977482382118,48.23800249855006,-0.00019156354162674916,0,10,4,1,0,31,44,13041.5
2016-11-01,13041.5,13026.5,13041.5,13026.5,-0.05,13048.0,13050.5,13033.0,13045.0,13018.5,13152.5,13028.5,13034.42857142857,13022.816666666668,13095.1,19.326148090333362,23.488832979620142,42.1091527713269,-0.0004981606376456282,1,11,4,0,1,1,44,13056.0
2016-11-02,13056.0,13041.0,13066.0,13040.0,0.11,13041.5,13048.0,13050.5,13013.0,13077.5,13135.5,13034.642857142857,13032.892857142857,13020.166666666666,13094.141666666666,20.3832330724437,21.030361359720384,36.959981464788015,0.0011118352950196808,2,11,4,0,0,2,44,13075.0
2016-11-03,13075.0,13045.0,13075.0,13045.0,0.15,13056.0,13041.5,13048.0,13006.0,13044.5,13090.0,13044.5,13035.07142857143,13019.666666666666,13093.441666666668,20.900558206481016,23.73155732787011,36.073520074524346,0.001455269607843146,3,11,4,0,0,3,44,13070.0
2016-11-04,13070.0,13080.0,13115.0,13065.0,-0.04,13075.0,13056.0,13041.5,13007.5,13068.5,13076.5,13053.42857142857,13035.17857142857,13019.45,13092.591666666667,14.967822630386076,23.89689965677509,35.738357158747306,-0.0003824091778202865,4,11,4,0,0,4,44,13088.0
2016-11-07,13088.0,13072.0,13088.0,13071.0,0.14,13070.0,13075.0,13056.0,13033.0,13032.0,13030.0,13061.285714285714,13039.17857142857,13021.383333333333,13092.183333333332,16.782573161276293,27.70698824883515,37.83600805766359,0.0013771996939555553,0,11,4,0,0,7,45,13084.0
2016-11-08,13084.0,13070.0,13091.0,13066.0,-0.03,13088.0,13070.0,13075.0,13050.5,13007.5,12955.0,13066.07142857143,13044.642857142857,13025.683333333332,13091.983333333334,17.931416962818396,28.510745998327526,37.358810836522046,-0.0003056234718826767,1,11,4,0,0,8,45,13099.0
2016-11-09,13099.0,13051.0,13176.0,13050.0,0.11,13084.0,13088.0,13070.0,13048.0,13007.5,12947.5,13073.357142857143,13051.17857142857,13030.733333333334,13092.033333333333,19.644155801445315,29.799720664234602,36.658896773313316,0.0011464383980435144,2,11,4,0,0,9,45,13137.5
2016-11-10,13137.5,13112.5,13137.5,13107.5,0.29,13099.0,13084.0,13088.0,13041.5,13045.0,12975.0,13087.07142857143,13057.785714285714,13036.15,13092.383333333333,26.134951966553768,37.56671720786694,39.99356629284918,0.002939155660737436,3,11,4,0,0,10,45,13287.5
2016-11-11,13287.5,13177.5,13492.5,13177.5,1.14,13137.5,13099.0,13084.0,13056.0,13013.0,13051.0,13120.142857142857,13077.392857142857,13044.033333333333,13094.55,77.08043109084586,70.01488264094304,60.8777652254397,0.011417697431018059,4,11,4,0,0,11,45,13357.5
2016-11-14,13357.5,13302.5,13377.5,13302.5,0.53,13287.5,13137.5,13099.0,13075.0,13006.0,12982.5,13160.5,13102.5,13056.533333333333,13096.983333333334,114.41736464951651,99.33045082729139,82.47559025856876,0.005268109125117659,0,11,4,0,0,14,46,13362.5
2016-11-15,13362.5,13332.5,13392.5,13302.5,0.04,13357.5,13287.5,13137.5,13070.0,13007.5,12981.5,13202.285714285714,13127.857142857143,13069.233333333334,13099.375,128.41302411325415,116.96094492340306,98.33289109579928,0.00037432154220473635,1,11,4,0,0,15,46,13377.5
2016-11-16,13377.5,13352.5,13382.5,13332.5,0.11,13362.5,13357.5,13287.5,13088.0,13033.0,12997.5,13243.642857142857,13152.464285714286,13081.9,13101.541666666666,132.03872988817318,130.88007785843766,112.26211631095772,0.0011225444340505764,2,11,4,0,0,16,46,13372.5
2016-11-17,13372.5,13382.5,13399.5,13367.5,-0.04,13377.5,13362.5,13357.5,13084.0,13050.5,12987.0,13284.857142857143,13175.464285714286,13094.75,13103.725,118.20417162892919,139.58667892773727,122.61087522782218,-0.0003737619136610082,3,11,4,0,0,17,46,13427.5
2016-11-18,13427.5,13377.5,13431.5,13372.5,0.41,13372.5,13377.5,13362.5,13099.0,13048.0,12985.0,13331.785714285714,13202.57142857143,13109.5,13107.416666666666,95.06263599285124,149.43108228094874,134.9482659494136,0.00411291830248639,4,11,4,0,0,18,46,13425.0
2016-11-21,13425.0,13430.0,13450.0,13425.0,-0.02,13427.5,13372.5,13377.5,13137.5,13041.5,12977.5,13372.857142857143,13229.964285714286,13124.416666666666,13110.083333333334,47.179368977838244,152.74683230831687,144.26520617473602,-0.00018618506795753387,0,11,4,0,0,21,47,13442.5
2016-11-22,13442.5,13402.5,13450.5,13402.5,0.13,13425.0,13427.5,13372.5,13287.5,13056.0,13012.5,13395.0,13257.57142857143,13138.75,13112.833333333334,35.32586399043374,153.81017986002948,153.80791592111177,0.0013035381750465813,1,11,4,0,0,22,47,13482.5
2016-11-23,13482.5,13447.5,13487.5,13447.5,0.3,13442.5,13425.0,13427.5,13357.5,13075.0,13018.5,13412.857142857143,13286.67857142857,13154.216666666667,13116.416666666666,43.789947748465465,155.15446486335455,164.27236022328745,0.0029756369722893083,2,11,4,0,0,23,47,13557.5
2016-11-24,13557.5,13502.5,13559.5,13501.5,0.56,13482.5,13442.5,13425.0,13362.5,13070.0,13077.5,13440.714285714286,13321.5,13170.216666666667,13121.241666666667,63.847381271605144,157.47209765053555,179.23677671290946,0.00556276654923038,3,11,4,0,0,24,47,13517.5
2016-11-25,13517.5,13562.5,13577.5,13492.5,-0.3,13557.5,13482.5,13442.5,13377.5,13088.0,13044.5,13460.714285714286,13352.17857142857,13185.983333333334,13125.75,62.661695598200886,150.14974668166215,188.36796726606943,-0.0029503964595242183,4,11,4,0,0,25,47,13530.0
2016-11-28,13530.0,13480.0,13545.0,13458.0,0.09,13517.5,13557.5,13482.5,13372.5,13084.0,13068.5,13483.214285714286,13384.035714285714,13201.366666666667,13132.041666666666,53.28215550483537,135.46976163954352,197.08548527414308,0.0009247272054744293,0,11,4,0,0,28,48,13572.5
2016-11-29,13572.5,13502.5,13576.5,13502.5,0.31,13530.0,13517.5,13557.5,13427.5,13099.0,13032.0,13503.92857142857,13417.857142857143,13219.383333333333,13139.475,56.122209337797855,116.63081605106792,205.5903896910822,0.0031411677753141465,1,11,4,0,0,29,48,13552.5
2016-11-30,13552.5,13532.5,13572.5,13515.5,-0.15,13572.5,13530.0,13517.5,13425.0,13137.5,13007.5,13522.142857142857,13447.5,13237.55,13147.266666666666,46.01694822359095,89.46959088034409,210.2483076318738,-0.0014735678762203275,2,11,4,1,0,30,48,13545.0
2016-12-01,13545.0,13575.0,13590.0,13545.0,-0.06,13552.5,13572.5,13530.0,13442.5,13287.5,13007.5,13536.785714285714,13465.892857142857,13255.466666666667,13155.308333333332,29.95532387697571,80.01566639176909,212.85404313322158,-0.0005534034311012181,3,12,4,0,1,1,48,13525.0
2016-12-02,13525.0,13505.0,13535.0,13465.0,-0.15,13545.0,13552.5,13572.5,13482.5,13357.5,13045.0,13542.857142857143,13477.857142857143,13271.466666666667,13162.4,19.654758299520886,74.92212073753834,214.52195986510705,-0.0014765596160944972,4,12,4,0,0,2,48,13432.5
2016-12-05,13432.5,13512.5,13522.5,13402.5,-0.68,13525.0,13545.0,13552.5,13557.5,13362.5,13013.0,13525.0,13482.857142857143,13285.45,13167.95,44.8144321991977,68.7096534957222,210.731989863246,-0.006839186691312338,0,12,4,0,0,5,49,13382.5
2016-12-06,13382.5,13387.5,13419.5,13357.5,-0.37,13432.5,13525.0,13545.0,13517.5,13377.5,13006.0,13505.714285714286,13483.214285714286,13298.0,13171.491666666667,70.35200609725358,68.13045018010627,204.63866388984277,-0.003722315280104249,1,12,4,0,0,6,49,13325.0
2016-12-07,13325.0,13355.0,13360.0,13315.0,-0.43,13382.5,13432.5,13525.0,13530.0,13372.5,13007.5,13476.42857142857,13479.82142857143,13308.583333333334,13173.5,96.4025538093043,74.91318235194561,197.17059318288696,-0.004296656080702399,2,12,4,0,0,7,49,13286.5
2016-12-08,13286.5,13291.5,13311.5,13271.5,-0.29,13325.0,13382.5,13432.5,13572.5,13427.5,13033.0,13435.57142857143,13469.75,13317.033333333333,13175.358333333334,108.71883789982945,90.37161526796231,190.26392437753387,-0.0028893058161351126,3,12,4,0,0,8,49,13327.5
2016-12-09,13327.5,13322.5,13342.5,13317.5,0.31,13286.5,13325.0,13382.5,13552.5,13425.0,13050.5,13403.42857142857,13462.785714285714,13326.266666666666,13178.191666666668,101.40160607352121,97.55663331257385,183.4837554274137,0.0030858390095209742,4,12,4,0,0,9,49,13327.5
2016-12-12,13327.5,13327.5,13327.5,13327.5,0.0,13327.5,13286.5,13325.0,13545.0,13442.5,13048.0,13372.357142857143,13454.57142857143,13335.583333333334,13181.05,82.3188487355532,104.02326979733228,175.80235195816633,0.0,0,12,4,0,0,12,50,13307.5
2016-12-13,13307.5,13302.5,13315.5,13297.5,-0.15,13327.5,13327.5,13286.5,13525.0,13482.5,13041.5,13341.285714285714,13442.07142857143,13344.45,13183.633333333333,49.67717210727315,110.7087059919248,166.94338034609058,-0.0015006565372350789,1,12,4,0,0,13,50,13296.0
2016-12-14,13296.0,13284.0,13296.0,13274.0,-0.09,13307.5,13327.5,13327.5,13432.5,13557.5,13056.0,13321.785714285714,13423.392857142857,13352.45,13186.308333333332,31.294111723705967,111.79035643202437,158.163672863883,-0.0008641743377794109,2,12,4,0,0,14,50,13397.5
2016-12-15,13397.5,13302.5,13397.5,13302.5,0.76,13296.0,13307.5,13327.5,13382.5,13517.5,13075.0,13323.92857142857,13414.82142857143,13363.2,13191.433333333332,36.26342116086217,108.57390378174898,149.37118773089546,0.007633874849578781,3,12,4,0,0,15,50,13390.0
2016-12-16,13390.0,13405.0,13435.0,13365.0,-0.06,13397.5,13296.0,13307.5,13325.0,13530.0,13070.0,13333.214285714286,13404.82142857143,13373.866666666667,13196.658333333333,44.06610294291658,103.47716343058512,138.76045678728778,-0.0005598059339428918,4,12,4,0,0,16,50,13384.0
2016-12-19,13384.0,13384.0,13389.0,13374.0,-0.04,13390.0,13397.5,13296.0,13286.5,13572.5,13088.0,13347.142857142857,13391.357142857143,13383.733333333334,13202.558333333332,42.20951145354627,91.55797418769883,127.82556361168342,-0.00044809559372671615,0,12,4,0,0,19,51,13427.5
2016-12-20,13427.5,13372.5,13427.5,13372.5,0.33,13384.0,13390.0,13397.5,13327.5,13552.5,13084.0,13361.42857142857,13382.42857142857,13395.183333333332,13210.433333333332,50.55148248030354,80.00020604364919,114.76876928110674,0.003250149432157734,1,12,4,0,0,20,51,13469.0
2016-12-21,13469.0,13431.0,13486.0,13431.0,0.31,13427.5,13384.0,13390.0,13327.5,13545.0,13099.0,13381.642857142857,13377.0,13407.516666666666,13219.125,61.76954096057379,70.08401551540112,100.88321032975759,0.0030906721280952176,2,12,4,0,0,21,51,13452.5
2016-12-22,13452.5,13452.5,13452.5,13427.5,-0.12,13469.0,13427.5,13384.0,13307.5,13525.0,13137.5,13402.357142857143,13371.82142857143,13418.016666666666,13227.083333333334,56.881246386482935,60.30295538831868,87.2871285820167,-0.0012250352661667963,3,12,4,0,0,22,51,13450.0
2016-12-23,13450.0,13455.0,13479.0,13435.0,-0.02,13452.5,13469.0,13427.5,13296.0,13432.5,13287.5,13424.357142857143,13373.07142857143,13423.433333333332,13233.733333333334,34.11465262629707,61.81979305352657,83.88423193793801,-0.00018583906337110712,4,12,4,0,0,23,51,13450.0
2016-12-26,13450.0,13450.0,13450.0,13450.0,0.0,13450.0,13452.5,13469.0,13397.5,13382.5,13357.5,13431.857142857143,13377.892857142857,13426.516666666666,13241.525,32.978167381054575,65.15401238345979,83.07324181557433,0.0,0,12,4,0,0,26,52,13447.5
2016-12-27,13447.5,13432.5,13447.5,13422.5,-0.02,13450.0,13450.0,13452.5,13390.0,13325.0,13362.5,13440.07142857143,13386.642857142857,13429.35,13249.291666666666,27.524880519673516,65.72741746475738,82.26011624195384,-0.00018587360594790603,1,12,4,0,0,27,52,13442.5
2016-12-28,13442.5,13412.5,13462.5,13412.5,-0.04,13447.5,13450.0,13450.0,13384.0,13286.5,13377.5,13448.42857142857,13397.785714285714,13431.516666666666,13256.708333333334,12.374128156044744,60.456187023685665,81.70146279590335,-0.000371816322736529,2,12,4,0,0,28,52,13462.5
2016-12-29,13462.5,13447.5,13482.5,13447.5,0.15,13442.5,13447.5,13450.0,13427.5,13327.5,13372.5,13453.42857142857,13407.42857142857,13434.516666666666,13264.633333333333,9.16255318977746,59.13506611096051,81.10991726147216,0.0014878184861446542,3,12,4,0,0,29,52,13472.5
2016-12-30,13472.5,13447.5,13472.5,13422.5,0.07,13462.5,13442.5,13447.5,13469.0,13327.5,13427.5,13453.92857142857,13417.785714285714,13436.016666666666,13272.758333333333,10.191616536259692,56.70731681371147,81.39129447363477,0.0007428040854224882,4,12,4,0,0,30,52,13472.5
2017-01-02,13472.5,13472.5,13472.5,13472.5,0.0,13472.5,13462.5,13442.5,13452.5,13307.5,13425.0,13456.785714285714,13429.57142857143,13437.6,13281.008333333333,12.308050017820833,48.588086994573125,81.63125669109553,0.0,0,1,1,0,0,2,1,13479.5
2017-01-03,13479.5,13461.5,13486.5,13461.5,0.05,13472.5,13472.5,13462.5,13450.0,13296.0,13442.5,13461.0,13442.67857142857,13438.833333333334,13288.791666666666,14.45971415126791,31.545819631970062,81.98657725857782,0.0005195769159398456,1,1,1,0,0,3,1,13440.0
2017-01-04,13440.0,13470.0,13485.0,13435.0,-0.29,13479.5,13472.5,13472.5,13450.0,13397.5,13482.5,13459.57142857143,13445.714285714286,13437.416666666666,13295.816666666668,16.125622911651305,28.78816148605314,81.57216852678937,-0.002930375755777259,2,1,1,0,0,4,1,13375.0
2017-01-05,13375.0,13405.0,13405.0,13315.0,-0.48,13440.0,13479.5,13472.5,13447.5,13390.0,13557.5,13449.214285714286,13444.642857142857,13431.333333333334,13300.775,36.09230890242352,31.199376578547433,79.0748590472042,-0.004836309523809534,3,1,1,0,0,5,1,13365.0
2017-01-06,13365.0,13340.0,13365.0,13334.0,-0.07,13375.0,13440.0,13479.5,13442.5,13384.0,13517.5,13438.142857142857,13443.285714285714,13426.25,13306.116666666667,48.31296779484974,34.29942491412303,78.24197105444453,-0.0007476635514018781,4,1,1,0,0,6,1,13365.0
2017-01-09,13365.0,13390.0,13398.0,13365.0,0.0,13365.0,13375.0,13440.0,13462.5,13427.5,13530.0,13424.214285714286,13438.82142857143,13420.75,13311.058333333332,53.85695339113546,40.09057396531581,76.47681077430316,0.0,0,1,1,0,0,9,2,13315.0
2017-01-10,13315.0,13325.0,13335.0,13285.0,-0.37,13365.0,13365.0,13375.0,13472.5,13469.0,13572.5,13401.714285714286,13427.82142857143,13412.166666666666,13315.775,62.524566600459096,50.85522707519115,73.23960834061421,-0.0037411148522259463,1,1,1,0,0,10,2,13329.0
2017-01-11,13329.0,13311.0,13331.0,13301.0,0.11,13315.0,13365.0,13365.0,13472.5,13452.5,13552.5,13381.214285714286,13419.0,13404.716666666667,13321.133333333333,58.865565162570704,56.62868259370382,69.75705171786697,0.0010514457378896225,2,1,1,0,0,11,2,13290.0
2017-01-12,13290.0,13285.0,13310.0,13265.0,-0.29,13329.0,13315.0,13365.0,13479.5,13450.0,13545.0,13354.142857142857,13407.57142857143,13396.216666666667,13325.841666666667,48.85498463630874,65.36285028817018,67.57584287473635,-0.002925950934053567,3,1,1,0,0,12,2,13331.5
2017-01-13,13331.5,13295.5,13333.5,13293.5,0.31,13290.0,13329.0,13315.0,13440.0,13450.0,13525.0,13338.642857142857,13399.107142857143,13389.766666666666,13330.616666666667,31.03857047525682,67.09556289674961,63.999829381964524,0.003122648607975842,4,1,1,0,0,13,2,13366.5
2017-01-16,13366.5,13303.5,13368.5,13303.5,0.26,13331.5,13290.0,13329.0,13375.0,13447.5,13432.5,13337.42857142857,13393.32142857143,13387.566666666668,13336.508333333333,29.507666477663495,66.08636748245044,63.61342481027831,0.0026253609871358385,0,1,1,0,0,16,3,13351.5
2017-01-17,13351.5,13351.5,13381.5,13331.5,-0.11,13366.5,13331.5,13290.0,13365.0,13442.5,13382.5,13335.5,13386.82142857143,13386.533333333333,13342.266666666666,27.796882319269752,65.34835856412865,63.949459210647646,-0.001122208506340483,1,1,1,0,0,17,3,13342.5
2017-01-18,13342.5,13322.5,13342.5,13317.5,-0.07,13351.5,13366.5,13331.5,13365.0,13462.5,13325.0,13332.285714285714,13378.25,13387.116666666667,13347.85,24.97474915275028,62.464682328937606,63.44664923265484,-0.0006740815638692776,2,1,1,0,0,18,3,13373.0
2017-01-19,13373.0,13375.0,13385.0,13355.0,0.23,13342.5,13351.5,13366.5,13315.0,13472.5,13286.5,13340.57142857143,13371.142857142857,13390.0,13353.516666666666,27.751018857398165,56.26941667319202,60.618934108204485,0.0022859284242082722,3,1,1,0,0,19,3,13410.0
2017-01-20,13410.0,13395.0,13410.0,13375.0,0.28,13373.0,13342.5,13351.5,13329.0,13472.5,13327.5,13352.142857142857,13366.67857142857,13392.75,13359.508333333333,37.349380054837326,49.70590707145942,59.54768445656846,0.0027667688626336062,4,1,1,0,0,20,3,13360.0
2017-01-23,13360.0,13380.0,13385.0,13345.0,-0.37,13410.0,13373.0,13342.5,13290.0,13479.5,13327.5,13362.142857142857,13358.142857142857,13393.833333333334,13364.708333333334,25.39638144461854,37.636637516008705,58.607892450355244,-0.0037285607755406236,0,1,1,0,0,23,4,13331.0
2017-01-24,13331.0,13339.0,13341.0,13304.0,-0.22,13360.0,13410.0,13373.0,13331.5,13440.0,13307.5,13362.07142857143,13350.357142857143,13394.616666666667,13369.533333333333,25.49743217705301,29.87437065401576,57.561913194193586,-0.002170658682634774,1,1,1,0,0,24,4,13360.5
2017-01-25,13360.5,13339.5,13364.5,13334.5,0.22,13331.0,13360.0,13410.0,13366.5,13375.0,13296.0,13361.214285714286,13349.32142857143,13396.766666666666,13374.608333333334,25.42449137955649,29.198002528322412,54.89421383574859,0.00221288725526958,2,1,1,0,0,25,4,13336.0
2017-01-26,13336.0,13311.0,13342.0,13311.0,-0.18,13360.5,13331.0,13360.0,13351.5,13365.0,13397.5,13359.0,13347.25,13394.716666666667,13378.958333333334,27.035470528013256,29.02833496370305,56.00302998782529,-0.001833763706448166,3,1,1,0,0,26,4,13358.5
2017-01-27,13358.5,13356.5,13366.5,13346.5,0.17,13336.0,13360.5,13331.0,13342.5,13365.0,13390.0,13361.285714285714,13346.785714285714,13393.666666666666,13383.766666666666,26.06699244720172,28.77346152112802,56.38848215319664,0.0016871625674865776,4,1,1,0,0,27,4,13345.0
2017-01-30,13345.0,13335.0,13358.0,13335.0,-0.1,13358.5,13336.0,13360.5,13373.0,13315.0,13384.0,13357.285714285714,13348.92857142857,13392.366666666667,13388.05,26.11809261621532,27.303745264891838,57.064532938957335,-0.0010105925066437038,0,1,1,0,0,30,5,13352.0
2017-01-31,13352.0,13340.0,13360.0,13335.0,0.05,13345.0,13358.5,13336.0,13410.0,13329.0,13427.5,13349.0,13350.57142857143,13389.85,13392.516666666666,11.982626312202974,26.69763540576618,57.126470402876436,0.0005245410266017103,1,1,1,1,0,31,5,13372.5
2017-02-01,13372.5,13342.5,13387.5,13337.5,0.15,13352.0,13345.0,13358.5,13360.0,13290.0,13469.0,13350.785714285714,13356.464285714286,13386.633333333333,13397.075,14.551223152801963,20.739653848444934,55.2004081277689,0.0015353505092869923,2,2,1,0,1,1,5,13352.5
2017-02-02,13352.5,13362.5,13377.5,13347.5,-0.15,13372.5,13352.0,13345.0,13331.0,13331.5,13452.5,13353.857142857143,13357.964285714286,13383.3,13400.658333333333,11.660882920289485,19.518693491096236,54.09404326949772,-0.0014956066554495662,3,2,1,0,0,2,5,13345.0
2017-02-03,13345.0,13365.0,13375.0,13340.0,-0.06,13352.5,13372.5,13352.0,13360.5,13366.5,13450.0,13351.642857142857,13356.42857142857,13379.8,13401.616666666667,11.66088292029088,19.640869030132382,53.01571009844351,-0.000561692566935057,4,2,1,0,0,3,5,13322.5
2017-02-06,13322.5,13317.5,13334.5,13316.5,-0.17,13345.0,13352.5,13372.5,13336.0,13351.5,13450.0,13349.714285714286,13354.357142857143,13375.55,13401.033333333333,15.244827382077087,21.629243533221402,52.29975769707863,-0.0016860247283626562,0,2,1,0,0,6,6,13328.5
2017-02-07,13328.5,13324.5,13339.5,13319.5,0.05,13322.5,13345.0,13352.5,13358.5,13342.5,13447.5,13345.42857142857,13353.357142857143,13371.583333333334,13400.466666666667,16.526313794179142,22.52471170421351,51.15478258784634,0.00045036592231184613,1,2,1,0,0,7,6,13325.0
2017-02-08,13325.0,13338.0,13345.0,13324.0,-0.03,13328.5,13322.5,13345.0,13345.0,13373.0,13442.5,13342.57142857143,13349.92857142857,13367.666666666666,13399.591666666667,18.25154918421221,22.953847626806628,50.02350022452642,-0.0002625951907566648,2,2,1,0,0,8,6,13302.5
2017-02-09,13302.5,13312.5,13317.5,13282.5,-0.17,13325.0,13328.5,13322.5,13352.0,13410.0,13462.5,13335.5,13342.25,13362.333333333334,13398.425,22.969182252272304,18.94298124524209,48.054626483172584,-0.0016885553470918913,3,2,1,0,0,9,6,13315.5
2017-02-10,13315.5,13315.5,13322.5,13303.5,0.1,13302.5,13325.0,13328.5,13372.5,13360.0,13472.5,13327.357142857143,13339.07142857143,13357.1,13396.558333333332,16.991944870469066,19.46185336138362,44.02319138034753,0.0009772599135500215,4,2,1,0,0,10,6,13326.5
2017-02-13,13326.5,13326.5,13331.5,13316.5,0.08,13315.5,13302.5,13325.0,13352.5,13331.0,13472.5,13323.642857142857,13338.75,13352.233333333334,13394.916666666666,12.93803915389718,19.6417432250643,38.55666079880742,0.0008261049153241995,0,2,1,0,0,13,7,13330.5
2017-02-14,13330.5,13322.5,13334.5,13315.5,0.03,13326.5,13315.5,13302.5,13345.0,13360.5,13479.5,13321.57142857143,13336.607142857143,13347.266666666666,13393.05,9.705791104146366,18.70024534118719,30.31294628774734,0.00030015382883719077,1,2,1,0,0,14,7,13330.5
2017-02-15,13330.5,13330.5,13330.5,13330.5,0.0,13330.5,13326.5,13315.5,13322.5,13336.0,13440.0,13322.714285714286,13336.214285714286,13343.616666666667,13390.516666666666,10.286954290574219,18.771617574680906,24.864697080794038,0.0,2,2,1,0,0,15,7,13320.0
2017-02-16,13320.0,13315.0,13336.0,13315.0,-0.08,13330.5,13330.5,13326.5,13328.5,13358.5,13375.0,13321.5,13333.464285714286,13341.783333333333,13386.558333333332,9.987492177966782,18.062353843567756,24.495841777083143,-0.0007876673793181244,3,2,1,0,0,16,7,13332.5
2017-02-17,13332.5,13327.5,13337.5,13322.5,0.09,13320.0,13330.5,13330.5,13325.0,13345.0,13365.0,13322.57142857143,13332.57142857143,13340.7,13383.475,10.795170878251371,17.754584611360297,24.149891125621416,0.0009384384384385491,4,2,1,0,0,17,7,13354.0
2017-02-20,13354.0,13331.0,13359.0,13326.0,0.16,13332.5,13320.0,13330.5,13302.5,13352.0,13365.0,13329.92857142857,13332.714285714286,13340.333333333334,13380.541666666666,12.282876195088672,17.930114639501877,23.849865659036205,0.001612600787549212,0,2,1,0,0,20,8,13372.5
2017-02-21,13372.5,13367.5,13377.5,13360.5,0.14,13354.0,13332.5,13320.0,13315.5,13372.5,13315.0,13338.07142857143,13332.714285714286,13342.25,13377.208333333334,18.462639237762076,17.930114639501877,24.0533709731609,0.0013853527033098612,1,2,1,0,0,21,8,13367.0
2017-02-22,13367.0,13360.0,13368.0,13350.0,-0.04,13372.5,13354.0,13332.5,13326.5,13352.5,13329.0,13343.857142857143,13333.75,13343.516666666666,13374.116666666667,20.46890789663222,19.51010586249687,24.330512747881404,-0.00041129183024868343,2,2,1,0,0,22,8,13351.0
2017-02-23,13351.0,13356.0,13363.0,13344.0,-0.12,13367.0,13372.5,13354.0,13330.5,13345.0,13290.0,13346.785714285714,13334.17857142857,13345.55,13370.883333333333,19.691066381551835,19.839361751877334,22.15554340223718,-0.0011969776314805225,3,2,1,0,0,23,8,13330.5
2017-02-24,13330.5,13326.5,13337.5,13326.5,-0.15,13351.0,13367.0,13372.5,13330.5,13322.5,13331.5,13346.785714285714,13334.75,13345.516666666666,13367.641666666666,19.691066381551835,19.59076509275788,22.178151462621717,-0.0015354655082016055,4,2,1,0,0,24,8,13342.5
2017-02-27,13342.5,13331.5,13349.5,13331.5,0.09,13330.5,13351.0,13367.0,13320.0,13328.5,13366.5,13350.0,13335.75,13344.716666666667,13366.141666666666,16.098654188198996,19.60450301481839,21.825200292694195,0.0009001912906492215,0,2,1,0,0,27,9,13336.0
2017-02-28,13336.0,13350.0,13355.0,13336.0,-0.05,13342.5,13330.5,13351.0,13332.5,13325.0,13351.5,13350.5,13336.535714285714,13344.2,13365.366666666667,15.508062419417323,19.359418583948393,21.842539955880994,-0.00048716507401158626,1,2,1,1,0,28,9,13362.0
2017-03-01,13362.0,13356.0,13366.0,13351.0,0.19,13336.0,13342.5,13330.5,13354.0,13302.5,13342.5,13351.642857142857,13340.785714285714,13344.85,13365.983333333334,16.09273719665862,17.77932494783122,22.07907028902519,0.0019496100779843317,2,3,1,0,1,1,9,13358.5
2017-03-02,13358.5,13361.5,13366.5,13351.5,-0.03,13362.0,13336.0,13342.5,13372.5,13315.5,13373.0,13349.642857142857,13343.857142857143,13344.366666666667,13367.183333333332,13.771087725645062,16.76010438204624,21.59499196945999,-0.00026193683580300053,3,3,1,0,0,2,9,13382.5
2017-03-03,13382.5,13362.5,13382.5,13362.5,0.18,13358.5,13362.0,13336.0,13367.0,13326.5,13410.0,13351.857142857143,13347.857142857143,13343.45,13368.1,17.709964910958867,18.851064621351508,19.159201444739494,0.001796608900699992,4,3,1,0,0,3,9,13350.0
2017-03-06,13350.0,13362.0,13372.0,13342.0,-0.24,13382.5,13358.5,13362.0,13351.0,13330.5,13360.0,13351.714285714286,13349.25,13343.116666666667,13368.475,17.722060505933456,18.178336642073937,18.94715124312857,-0.002428544741266525,0,3,1,0,0,6,10,13347.0
2017-03-07,13347.0,13339.0,13351.0,13339.0,-0.02,13350.0,13382.5,13358.5,13330.5,13330.5,13331.0,13354.07142857143,13350.42857142857,13343.65,13369.133333333333,15.371587890983724,17.38683978754531,18.819079643298192,-0.00022471910112364935,1,3,1,0,0,7,10,13350.0
2017-03-08,13350.0,13350.0,13353.0,13338.0,0.02,13347.0,13350.0,13382.5,13342.5,13320.0,13360.5,13355.142857142857,13352.57142857143,13343.3,13370.033333333333,14.67626850215592,15.038229671200773,18.59115473774734,0.00022476961114858973,2,3,1,0,0,8,10,13386.5
2017-03-09,13386.5,13366.5,13386.5,13366.5,0.27,13350.0,13347.0,13350.0,13336.0,13332.5,13336.0,13362.357142857143,13356.42857142857,13344.983333333334,13369.85,16.04606464154516,16.361137282658355,20.129958516727953,0.0027340823970036787,3,3,1,0,0,9,10,13379.0
2017-03-10,13379.0,13386.0,13396.0,13379.0,-0.06,13386.5,13350.0,13347.0,13362.0,13354.0,13358.5,13364.785714285714,13358.214285714286,13345.666666666666,13369.666666666666,17.226087635981795,17.406579531432225,20.936411663259666,-0.0005602659395659293,4,3,1,0,0,10,10,13356.0
2017-03-13,13356.0,13351.0,13366.0,13351.0,-0.17,13379.0,13386.5,13350.0,13358.5,13372.5,13345.0,13364.42857142857,13357.035714285714,13346.033333333333,13369.2,17.403133270290184,16.916610277825807,21.02048808996541,-0.0017191120412587413,0,3,1,0,0,13,11,13371.5
2017-03-14,13371.5,13356.5,13373.5,13356.5,0.12,13356.0,13379.0,13386.5,13382.5,13367.0,13352.0,13362.857142857143,13357.357142857143,13346.683333333332,13368.266666666666,15.93401572571422,17.1614825557585,21.507209430128857,0.0011605271039232257,1,3,1,0,0,14,11,13365.0
2017-03-15,13365.0,13365.0,13380.0,13365.0,-0.05,13371.5,13356.0,13379.0,13350.0,13351.0,13372.5,13365.0,13358.357142857143,13346.433333333332,13366.533333333333,14.891272611984288,17.17044483463479,21.238681908149513,-0.0004861085143775812,2,3,1,0,0,15,11,13348.5
2017-03-16,13348.5,13323.5,13353.5,13323.5,-0.12,13365.0,13371.5,13356.0,13347.0,13330.5,13352.5,13365.214285714286,13359.642857142857,13346.3,13364.8,14.596966416891423,15.518510747464152,21.211821687693345,-0.0012345679012345512,3,3,1,0,0,16,11,13345.0
2017-03-17,13345.0,13333.0,13356.0,13323.0,-0.03,13348.5,13365.0,13371.5,13350.0,13342.5,13345.0,13364.5,13359.82142857143,13346.3,13363.05,15.556349186246653,15.319177451716302,21.211821687693345,-0.00026220174551450093,4,3,1,0,0,17,11,13313.5
2017-03-20,13313.5,13331.5,13336.5,13306.5,-0.24,13345.0,13348.5,13365.0,13386.5,13336.0,13322.5,13354.07142857143,13358.214285714286,13346.0,13360.775,21.63220702926339,18.796188530970188,21.619754695731338,-0.0023604346197078074,0,3,1,0,0,20,12,13319.0
2017-03-21,13319.0,13301.0,13324.0,13296.0,0.04,13313.5,13345.0,13348.5,13379.0,13362.0,13328.5,13345.5,13355.142857142857,13345.683333333332,13358.633333333333,21.992422937713798,21.455166646275103,21.951939405854464,0.00041311450783032555,1,3,1,0,0,21,12,13329.0
2017-03-22,13329.0,13326.0,13339.0,13316.0,0.08,13319.0,13313.5,13345.0,13356.0,13358.5,13325.0,13341.642857142857,13353.035714285714,13345.816666666668,13356.741666666667,22.210572343237057,22.52218076406048,21.833809330604804,0.0007508071176514086,2,3,1,0,0,22,12,13324.5
2017-03-23,13324.5,13325.5,13331.5,13320.5,-0.03,13329.0,13319.0,13313.5,13371.5,13382.5,13302.5,13334.92857142857,13348.892857142857,13346.55,13354.441666666668,18.469408426469762,22.01413756527603,20.6670443977383,-0.0003376097231599928,3,3,1,0,0,23,12,13326.5
2017-03-24,13326.5,13320.5,13335.5,13320.5,0.02,13324.5,13329.0,13319.0,13365.0,13350.0,13315.5,13329.42857142857,13347.214285714286,13346.916666666666,13352.008333333333,12.921005415877756,22.804954156096997,20.189226955424257,0.00015009944087962523,4,3,1,0,0,24,12,13310.5
2017-03-27,13310.5,13301.5,13319.5,13301.5,-0.12,13326.5,13324.5,13329.0,13348.5,13347.0,13326.5,13324.0,13344.607142857143,13346.383333333333,13349.308333333332,11.47460965224915,24.828007271040914,20.944377623198616,-0.0012006153153490962,0,3,1,0,0,27,13,13310.5
2017-03-28,13310.5,13310.5,13310.5,13310.5,0.0,13310.5,13326.5,13324.5,13345.0,13350.0,13330.5,13319.07142857143,13341.785714285714,13345.716666666667,13346.491666666667,7.7590193296106795,26.364832554000564,21.7694357605677,0.0,1,3,1,0,0,28,13,13313.5
2017-03-29,13313.5,13311.5,13333.5,13306.5,0.02,13310.5,13310.5,13326.5,13313.5,13386.5,13330.5,13319.07142857143,13336.57142857143,13345.15,13344.383333333333,7.7590193296106795,23.949351318310217,22.391558600326874,0.0002253859734795416,2,3,1,0,0,29,13,13316.0
2017-03-30,13316.0,13308.0,13328.0,13303.0,0.02,13313.5,13310.5,13310.5,13319.0,13379.0,13320.0,13318.642857142857,13332.07142857143,13345.016666666666,13343.4,7.8459877526301245,21.114939245410262,22.557773846718298,0.00018777932174107725,3,3,1,0,0,30,13,13325.5
2017-03-31,13325.5,13317.5,13327.5,13312.5,0.07,13316.0,13313.5,13310.5,13329.0,13356.0,13332.5,13318.142857142857,13329.892857142857,13344.783333333333,13342.741666666667,7.157247409521129,20.000171702480895,22.72727486938662,0.0007134274556923614,4,3,1,1,0,31,13,13322.5
2017-04-03,13322.5,13317.5,13327.5,13317.5,-0.02,13325.5,13316.0,13313.5,13324.5,13371.5,13354.0,13317.857142857143,13326.392857142857,13343.733333333334,13342.033333333333,6.896341335406359,16.05780252634539,23.012640204799283,-0.00022513226520581853,0,4,2,0,0,3,14,13328.0
2017-04-04,13328.0,13326.0,13330.0,13319.0,0.04,13322.5,13325.5,13316.0,13326.5,13365.0,13372.5,13318.07142857143,13323.75,13342.25,13342.25,7.2251215185134985,11.656543226757199,22.523455207469716,0.00041283542878578494,1,4,2,0,0,4,14,13321.0
2017-04-05,13321.0,13326.0,13331.0,13316.0,-0.05,13328.0,13322.5,13325.5,13310.5,13348.5,13367.0,13319.57142857143,13321.785714285714,13340.716666666667,13342.116666666667,6.438352348020272,9.229372604825764,22.345516920333527,-0.0005252100840336116,2,4,2,0,0,5,14,13335.5
2017-04-06,13335.5,13317.5,13339.5,13317.5,0.11,13321.0,13328.0,13322.5,13310.5,13345.0,13351.0,13323.142857142857,13321.107142857143,13340.2,13342.875,7.425823667961976,7.59599735529239,22.27864293521066,0.0010885068688537558,3,4,2,0,0,6,14,13317.5
2017-04-07,13317.5,13332.5,13347.5,13317.5,-0.13,13335.5,13321.0,13328.0,13313.5,13313.5,13330.5,13323.714285714286,13321.392857142857,13339.766666666666,13342.641666666666,6.676183683529423,7.359396325999034,22.597960440979687,-0.0013497806606426188,4,4,2,0,0,7,14,13286.5
2017-04-10,13286.5,13326.5,13329.5,13276.5,-0.23,13317.5,13335.5,13321.0,13316.0,13319.0,13342.5,13319.5,13319.07142857143,13337.9,13341.308333333332,15.64448784731817,11.898379241266412,24.589526786547452,-0.0023277642200112414,0,4,2,0,0,10,15,13281.5
2017-04-11,13281.5,13271.5,13291.5,13271.5,-0.04,13286.5,13317.5,13335.5,13325.5,13329.0,13336.0,13313.214285714286,13315.67857142857,13336.083333333334,13340.141666666666,20.816374049686292,15.171591801785326,26.660730301888005,-0.0003763218304293492,1,4,2,0,0,11,15,13275.0
2017-04-12,13275.0,13286.0,13301.0,13266.0,-0.05,13281.5,13286.5,13317.5,13322.5,13324.5,13362.0,13306.42857142857,13312.142857142857,13333.183333333332,13339.016666666666,24.67020566643565,18.385224597881063,28.41820789969002,-0.0004894025524225798,2,4,2,0,0,12,15,13256.5
2017-04-13,13256.5,13251.5,13267.5,13246.5,-0.14,13275.0,13281.5,13286.5,13328.0,13326.5,13358.5,13296.214285714286,13307.142857142857,13329.783333333333,13337.075,28.719704534985194,23.095477888528315,31.24587788905258,-0.0013935969868172915,3,4,2,0,0,13,15,13256.5
2017-04-14,13256.5,13256.5,13256.5,13256.5,0.0,13256.5,13275.0,13281.5,13321.0,13310.5,13382.5,13287.0,13303.285714285714,13325.583333333334,13334.516666666666,29.7699512933029,26.71697406697419,32.363795047632536,0.0,4,4,2,0,0,14,15,13285.5
2017-04-17,13285.5,13252.5,13285.5,13252.5,0.22,13256.5,13256.5,13275.0,13335.5,13310.5,13350.0,13279.857142857143,13301.5,13323.433333333332,13333.275,20.858080540052093,27.031320864713596,32.824962466385905,0.0021876060800363195,0,4,2,0,0,17,16,13296.5
2017-04-18,13296.5,13276.5,13301.5,13276.5,0.08,13285.5,13256.5,13256.5,13317.5,13313.5,13347.0,13276.857142857143,13300.285714285714,13321.75,13332.7,15.315336229262718,26.831894257570184,32.869582941660866,0.000827970343607598,1,4,2,0,0,18,16,13296.5
2017-04-19,13296.5,13296.5,13296.5,13296.5,0.0,13296.5,13285.5,13256.5,13286.5,13316.0,13350.0,13278.285714285714,13298.892857142857,13319.966666666667,13331.633333333333,16.762699521375133,26.456916044625885,32.73507381191261,0.0,2,4,2,0,0,19,16,13323.5
2017-04-20,13323.5,13321.5,13336.5,13315.5,0.2,13296.5,13296.5,13285.5,13281.5,13325.5,13386.5,13284.285714285714,13298.75,13317.866666666667,13331.425,24.0413829727781,26.30717217207682,30.24581285735932,0.0020306095589064377,3,4,2,0,0,20,16,13320.0
2017-04-21,13320.0,13321.0,13324.0,13312.0,-0.03,13323.5,13296.5,13296.5,13275.0,13322.5,13379.0,13290.714285714286,13298.57142857143,13315.9,13330.783333333333,26.98125451574968,26.141521013095577,27.965927544931898,-0.00026269373663079243,4,4,2,0,0,21,16,13320.0
2017-04-24,13320.0,13320.0,13320.0,13320.0,0.0,13320.0,13323.5,13296.5,13256.5,13328.0,13356.0,13299.785714285714,13298.0,13314.7,13330.366666666667,24.079481484800297,25.529018179902813,26.93945958549891,0.0,0,4,2,0,0,24,17,13277.5
2017-04-25,13277.5,13302.5,13305.5,13277.5,-0.32,13320.0,13320.0,13323.5,13256.5,13321.0,13371.5,13302.785714285714,13294.892857142857,13311.566666666668,13329.125,18.434246081052375,25.158863380380744,25.535213459787172,-0.0031906906906906674,1,4,2,0,0,25,17,13285.0
2017-04-26,13285.0,13279.0,13287.0,13272.0,0.06,13277.5,13320.0,13320.0,13285.5,13335.5,13365.0,13302.714285714286,13291.285714285714,13308.9,13327.666666666666,18.51318706337367,22.35269239135106,23.886729832044562,0.0005648653737526654,2,4,2,0,0,26,17,13314.0
2017-04-27,13314.0,13286.0,13317.0,13286.0,0.22,13285.0,13277.5,13320.0,13296.5,13317.5,13348.5,13305.214285714286,13291.035714285714,13307.75,13327.025,18.71464921507803,22.05453405826104,22.716297506722306,0.0021829130598418622,3,4,2,0,0,27,17,13329.0
2017-04-28,13329.0,13317.0,13340.0,13317.0,0.11,13314.0,13285.0,13277.5,13296.5,13286.5,13345.0,13309.857142857143,13294.07142857143,13307.216666666667,13326.758333333333,20.167453743133645,24.20255639933624,21.987725154535426,0.0011266336187472081,4,4,2,0,0,28,17,13329.0
2017-05-01,13329.0,13329.0,13329.0,13329.0,0.0,13329.0,13314.0,13285.0,13323.5,13281.5,13313.5,13310.642857142857,13297.464285714286,13307.733333333334,13326.866666666667,20.88203830603587,25.59406803695738,22.32005953108978,0.0,0,5,2,0,1,1,18,13311.5
2017-05-02,13311.5,13326.5,13326.5,13296.5,-0.13,13329.0,13329.0,13314.0,13320.0,13275.0,13319.0,13309.42857142857,13300.07142857143,13307.483333333334,13326.583333333334,20.490706372018945,24.981421668318585,22.23133984411408,-0.0013129267011778856,1,5,2,0,0,2,18,13305.5
2017-05-03,13305.5,13292.5,13312.5,13291.5,-0.05,13311.5,13329.0,13329.0,13320.0,13256.5,13329.0,13307.357142857143,13303.57142857143,13306.7,13326.258333333333,19.970215918082,21.612725189308286,21.857926834843337,-0.0004507380836119568,2,5,2,0,0,3,18,13327.5
2017-05-04,13327.5,13316.5,13333.5,13316.5,0.17,13305.5,13311.5,13329.0,13277.5,13256.5,13324.5,13314.5,13308.642857142857,13306.8,13326.675,16.07275126848125,17.692271858492692,21.94884334396814,0.0016534515801736038,3,5,2,0,0,4,18,13330.0
2017-05-05,13330.0,13333.0,13348.0,13328.0,0.02,13327.5,13305.5,13311.5,13285.0,13285.5,13326.5,13320.92857142857,13311.82142857143,13306.916666666666,13326.916666666666,10.25275804961996,17.205329164141745,22.06615575684132,0.0001875820671544126,4,5,2,0,0,5,18,13309.5
2017-05-08,13309.5,13327.5,13332.5,13302.5,-0.15,13330.0,13327.5,13305.5,13314.0,13296.5,13310.5,13320.285714285714,13312.75,13306.883333333333,13326.633333333333,10.88139521889423,16.656888157005028,22.061310858190925,-0.0015378844711178008,0,5,2,0,0,8,19,13350.0
2017-05-09,13350.0,13315.0,13353.0,13315.0,0.3,13309.5,13330.0,13327.5,13329.0,13296.5,13310.5,13323.285714285714,13316.57142857143,13308.2,13326.958333333334,15.569353291312876,18.658733923986883,23.42140194278822,0.00304293925391641,1,5,2,0,0,9,19,13357.5
2017-05-10,13357.5,13341.5,13364.5,13341.5,0.06,13350.0,13309.5,13330.0,13329.0,13323.5,13313.5,13327.357142857143,13319.0,13309.666666666666,13327.408333333333,20.31566367316287,21.60929287272406,25.08342402702766,0.0005617977528089568,2,5,2,0,0,10,19,13357.5
2017-05-11,13357.5,13357.5,13357.5,13357.5,0.0,13357.5,13350.0,13309.5,13311.5,13320.0,13316.0,13333.92857142857,13321.67857142857,13311.05,13328.033333333333,21.72254698749218,23.941119393203802,26.546429722932842,0.0,3,5,2,0,0,11,19,13329.5
2017-05-12,13329.5,13337.5,13347.5,13319.5,-0.21,13357.5,13357.5,13350.0,13305.5,13320.0,13325.5,13337.357142857143,13322.357142857143,13311.183333333332,13327.983333333334,18.075568884018047,24.02436949573756,26.631418874414038,-0.0020962006363466346,4,5,2,0,0,12,19,13304.0
2017-05-15,13304.0,13316.0,13321.0,13298.0,-0.19,13329.5,13357.5,13357.5,13327.5,13277.5,13322.5,13334.0,13324.25,13310.566666666668,13327.15,21.973468850823167,21.08202843832137,26.574467047350257,-0.0019130500018755825,0,5,2,0,0,15,20,13300.5
2017-05-16,13300.5,13294.5,13308.5,13294.5,-0.03,13304.0,13329.5,13357.5,13330.0,13285.0,13328.0,13329.785714285714,13325.357142857143,13309.65,13325.95,25.426130166483123,19.183755719714412,26.42626371232293,-0.00026307877330122853,1,5,2,0,0,16,20,13323.5
2017-05-17,13323.5,13286.5,13323.5,13281.5,0.17,13300.5,13304.0,13329.5,13309.5,13314.0,13321.0,13331.785714285714,13326.035714285714,13309.733333333334,13325.225,24.079481484787745,18.917293965738338,26.46719939242332,0.0017292582985601879,2,5,2,0,0,17,20,13355.5
2017-05-18,13355.5,13337.5,13357.5,13327.5,0.24,13323.5,13300.5,13304.0,13350.0,13329.0,13335.5,13332.57142857143,13327.92857142857,13310.4,13325.3,24.850265879674193,20.496582400657058,27.37491930393011,0.0024017713063384516,3,5,2,0,0,18,20,13335.0
2017-05-19,13335.0,13395.0,13420.0,13315.0,-0.15,13355.5,13323.5,13300.5,13357.5,13329.0,13317.5,13329.357142857143,13328.357142857143,13310.983333333334,13325.375,22.42527273296173,20.583253621994192,27.71576276683107,-0.0015349481487028083,4,5,2,0,0,19,20,13302.5
2017-05-22,13302.5,13292.5,13308.5,13282.5,-0.24,13335.0,13355.5,13323.5,13357.5,13311.5,13286.5,13321.5,13327.714285714286,13311.516666666666,13324.708333333334,20.471524939251346,21.27902026160397,27.380298521502088,-0.0024371953505811783,0,5,2,0,0,22,21,13302.5
2017-05-23,13302.5,13288.5,13310.5,13287.5,0.0,13302.5,13335.0,13355.5,13329.5,13305.5,13281.5,13317.642857142857,13327.5,13312.216666666667,13324.15,21.24208536093719,21.53351591564576,26.84973618740911,0.0,1,5,2,0,0,23,21,13308.5
2017-05-24,13308.5,13306.5,13321.5,13306.5,0.05,13302.5,13302.5,13335.0,13304.0,13327.5,13275.0,13318.285714285714,13326.142857142857,13313.333333333334,13323.258333333333,20.824379028194265,22.124150197808,25.92939130279509,0.0004510430370230356,2,5,2,0,0,24,21,13308.5
2017-05-25,13308.5,13308.5,13308.5,13308.5,0.0,13308.5,13302.5,13302.5,13300.5,13330.0,13256.5,13319.42857142857,13324.607142857143,13315.066666666668,13322.425,19.883889147351276,22.577370027527113,23.635790122455667,0.0,3,5,2,0,0,25,21,13294.5
2017-05-26,13294.5,13300.5,13300.5,13288.5,-0.11,13308.5,13308.5,13302.5,13323.5,13309.5,13256.5,13315.285714285714,13323.535714285714,13316.333333333334,13320.958333333334,21.82097069128585,23.67850720155341,21.290816108708455,-0.0010519592741481398,4,5,2,0,0,26,21,13321.5
2017-05-29,13321.5,13296.5,13322.5,13296.5,0.2,13294.5,13308.5,13308.5,13355.5,13350.0,13285.5,13310.42857142857,13321.5,13317.533333333333,13320.483333333334,13.621149521644815,22.419943045228568,20.492611508465878,0.0020309150400541487,0,5,2,0,0,29,22,13323.5
2017-05-30,13323.5,13320.5,13338.5,13319.5,0.02,13321.5,13294.5,13308.5,13335.0,13357.5,13296.5,13308.785714285714,13319.07142857143,13318.433333333332,13320.091666666667,10.499433091525317,19.922790527814886,20.126639292130477,0.00015013324325341415,1,5,2,0,0,30,22,13322.5
2017-05-31,13322.5,13311.5,13323.5,13310.5,-0.01,13323.5,13321.5,13294.5,13302.5,13357.5,13296.5,13311.642857142857,13316.57142857143,13319.3,13319.633333333333,11.201615529978488,16.658166330430138,19.704979241214165,-7.505535332308355e-05,2,5,2,1,0,31,22,13322.5
2017-06-01,13322.5,13322.5,13322.5,13322.5,0.0,13322.5,13323.5,13321.5,13302.5,13329.5,13323.5,13314.5,13316.07142857143,13319.266666666666,13318.566666666668,11.030261405418829,16.342320170931398,19.69847418095119,0.0,3,6,2,0,1,1,22,13304.0
2017-06-02,13304.0,13301.0,13314.0,13301.0,-0.14,13322.5,13322.5,13323.5,13308.5,13304.0,13320.0,13313.857142857143,13316.07142857143,13318.733333333334,13317.316666666668,11.556795568614321,16.342320170931398,19.89356737713558,-0.0013886282604615996,4,6,2,0,0,2,22,13286.0
2017-06-05,13286.0,13291.0,13291.0,13276.0,-0.14,13304.0,13322.5,13322.5,13308.5,13300.5,13320.0,13310.642857142857,13315.035714285714,13317.6,13316.15,15.68628457649584,17.79959408100141,20.768178576356547,-0.0013529765484064926,0,6,2,0,0,5,23,13298.0
2017-06-06,13298.0,13286.0,13298.0,13276.0,0.09,13286.0,13304.0,13322.5,13294.5,13323.5,13277.5,13311.142857142857,13313.214285714286,13318.283333333333,13314.925,15.131959241336462,18.167716809327555,19.713763498238865,0.0009032063826583947,1,6,2,0,0,6,23,13304.0
2017-06-07,13304.0,13306.0,13311.0,13301.0,0.05,13298.0,13286.0,13304.0,13321.5,13355.5,13285.0,13308.642857142857,13309.535714285714,13318.916666666666,13313.908333333333,14.570844993165386,13.582319227680419,18.895850362438537,0.00045119566852158677,2,6,2,0,0,7,23,13298.0
2017-06-08,13298.0,13317.0,13322.0,13292.0,-0.05,13304.0,13298.0,13286.0,13323.5,13335.0,13314.0,13305.0,13306.892857142857,13318.383333333333,13313.066666666668,13.375973485024225,11.718129562261511,19.2616661171697,-0.0004509921828022012,3,6,2,0,0,8,23,13291.5
2017-06-09,13291.5,13301.5,13306.5,13284.5,-0.05,13298.0,13304.0,13298.0,13322.5,13302.5,13329.0,13300.57142857143,13306.107142857143,13317.133333333333,13312.175,11.63482048097607,12.385131550166102,19.759298698526685,-0.0004887953075650708,4,6,2,0,0,9,23,13298.0
2017-06-12,13298.0,13281.0,13299.0,13281.0,0.05,13291.5,13298.0,13304.0,13322.5,13302.5,13329.0,13297.07142857143,13305.785714285714,13316.1,13311.916666666666,6.483495530288385,12.543331488628557,19.92719507227254,0.0004890343452581547,0,6,2,0,0,12,24,13291.5
2017-06-13,13291.5,13296.5,13296.5,13288.5,-0.05,13298.0,13291.5,13298.0,13304.0,13308.5,13311.5,13295.285714285714,13304.57142857143,13315.433333333332,13311.458333333334,5.957188535180115,13.072074084767644,20.414976472382826,-0.0004887953075650708,1,6,2,0,0,13,24,13282.5
2017-06-14,13282.5,13287.5,13290.5,13282.5,-0.07,13291.5,13298.0,13291.5,13286.0,13308.5,13305.5,13294.785714285714,13302.714285714286,13314.666666666666,13310.683333333332,6.933356227471845,14.263609271471303,21.216996006512343,-0.0006771244780499064,2,6,2,0,0,14,24,13286.0
2017-06-15,13286.0,13277.0,13286.0,13272.0,0.03,13282.5,13291.5,13298.0,13298.0,13294.5,13327.5,13293.07142857143,13302.107142857143,13313.283333333333,13310.041666666666,7.4689834844732115,14.81057129136863,21.69883332845863,0.00026350461133062275,3,6,2,0,0,15,24,13297.5
2017-06-16,13297.5,13297.5,13302.5,13281.5,0.09,13286.0,13282.5,13291.5,13304.0,13321.5,13330.0,13292.142857142857,13300.392857142857,13312.2,13309.558333333332,6.175990377946613,13.743779811801467,21.646692826964685,0.0008655727833810634,4,6,2,0,0,16,24,13289.0
2017-06-19,13289.0,13291.0,13291.0,13281.0,-0.06,13297.5,13286.0,13282.5,13298.0,13323.5,13309.5,13290.857142857143,13297.92857142857,13311.516666666666,13309.2,5.669467095637011,12.298932322063042,22.054588752856176,-0.0006392178981011742,0,6,2,0,0,19,25,13288.5
2017-06-20,13288.5,13295.5,13301.5,13288.5,0.0,13289.0,13297.5,13286.0,13291.5,13322.5,13350.0,13290.42857142857,13295.5,13309.466666666667,13308.833333333334,5.725881093017552,10.26195363012284,21.195694639820402,-3.7625103469052235e-05,1,6,2,0,0,20,25,13318.5
2017-06-21,13318.5,13306.5,13321.5,13293.5,0.23,13288.5,13289.0,13297.5,13298.0,13322.5,13357.5,13293.357142857143,13295.214285714286,13308.166666666666,13308.916666666666,12.023290889566038,9.478141422994328,19.255242606008288,0.0022575911502427104,2,6,2,0,0,21,25,13327.5
2017-06-22,13327.5,13310.5,13327.5,13307.5,0.07,13318.5,13288.5,13289.0,13291.5,13304.0,13357.5,13298.5,13296.892857142857,13307.166666666666,13309.108333333334,17.533301647783194,12.690363653943711,17.2828065515702,0.0006757517738484875,3,6,2,0,0,22,25,13327.5
2017-06-23,13327.5,13327.5,13327.5,13327.5,0.0,13327.5,13318.5,13288.5,13282.5,13286.0,13329.5,13304.92857142857,13299.857142857143,13307.1,13309.141666666666,18.88656615051397,14.646381242999666,17.197333393936855,0.0,4,6,2,0,0,23,25,13327.5
2017-06-26,13327.5,13327.5,13327.5,13327.5,0.0,13327.5,13327.5,13318.5,13286.0,13298.0,13304.0,13310.857142857143,13301.964285714286,13307.883333333333,13309.225,18.463284029340603,16.378297419826605,17.582163440956613,0.0,0,6,2,0,0,26,26,13327.5
2017-06-27,13327.5,13327.5,13327.5,13327.5,0.0,13327.5,13327.5,13327.5,13297.5,13304.0,13300.5,13315.142857142857,13303.642857142857,13308.783333333333,13309.216666666667,18.327379985912373,17.74978718333017,17.879714634256334,0.0,1,6,2,0,0,27,26,13327.5
2017-06-28,13327.5,13327.5,13327.5,13327.5,0.0,13327.5,13327.5,13327.5,13289.0,13298.0,13323.5,13320.642857142857,13305.75,13308.916666666666,13309.325,14.565124687001642,18.751153810611324,18.007701098438847,0.0,2,6,2,0,0,28,26,13327.5
2017-06-29,13327.5,13327.5,13327.5,13327.5,0.0,13327.5,13327.5,13327.5,13288.5,13291.5,13355.5,13326.214285714286,13308.32142857143,13307.983333333334,13309.191666666668,3.401680257807551,19.111622664687392,16.13866813573988,0.0,3,6,2,0,0,29,26,13327.5
2017-06-30,13327.5,13327.5,13327.5,13327.5,0.0,13327.5,13327.5,13327.5,13318.5,13298.0,13335.0,13327.5,13310.42857142857,13307.733333333334,13309.358333333334,0.0,19.508240017222544,15.759361385047029,0.0,4,6,2,1,0,30,26,13367.5
2017-07-03,13367.5,13302.5,13375.5,13302.5,0.3,13327.5,13327.5,13327.5,13327.5,13291.5,13302.5,13333.214285714286,13315.857142857143,13309.9,13310.708333333334,15.118578920526978,23.91284541458738,19.12409565137387,0.0030013130744701577,0,7,3,0,0,3,27,13363.5
2017-07-04,13363.5,13386.5,13391.5,13356.5,-0.03,13367.5,13327.5,13327.5,13327.5,13282.5,13302.5,13338.357142857143,13321.642857142857,13311.933333333332,13312.075,18.57802080813518,24.995713918252118,21.415726308800778,-0.0002992332148868959,1,7,3,0,0,4,27,13364.0
2017-07-05,13364.0,13351.0,13364.0,13341.0,0.0,13363.5,13367.5,13327.5,13327.5,13286.0,13308.5,13343.57142857143,13327.214285714286,13313.783333333333,13313.558333333332,20.084049582282155,25.13250598607077,23.41296551108176,3.7415347775571206e-05,2,7,3,0,0,5,27,13388.0
2017-07-06,13388.0,13366.0,13388.0,13360.0,0.18,13364.0,13363.5,13367.5,13327.5,13297.5,13308.5,13352.214285714286,13333.67857142857,13316.433333333332,13315.75,24.53884190236145,28.336309367453524,27.016193526175705,0.0017958695001496494,3,7,3,0,0,6,27,13403.0
2017-07-07,13403.0,13381.0,13411.0,13376.0,0.11,13388.0,13364.0,13363.5,13327.5,13289.0,13294.5,13363.0,13341.82142857143,13320.05,13318.191666666668,28.186876378983307,30.78374142725038,30.954179150748455,0.0011204063340304327,4,7,3,0,0,7,27,13399.0
2017-07-10,13399.0,13398.0,13413.0,13393.0,-0.03,13403.0,13388.0,13364.0,13327.5,13288.5,13321.5,13373.214285714286,13349.714285714286,13322.633333333333,13320.083333333334,26.052602465818385,30.221435519027448,34.14849250303657,-0.0002984406476161938,0,7,3,0,0,10,28,13391.0
2017-07-11,13391.0,13386.0,13401.0,13381.0,-0.06,13399.0,13403.0,13388.0,13327.5,13318.5,13323.5,13382.285714285714,13354.892857142857,13324.883333333333,13321.658333333333,16.945641383802066,30.669565577987864,36.35971703669527,-0.0005970594820509101,1,7,3,0,0,11,28,13369.5
2017-07-12,13369.5,13370.5,13372.5,13358.5,-0.16,13391.0,13399.0,13403.0,13367.5,13327.5,13322.5,13382.57142857143,13357.892857142857,13326.45,13322.875,16.669404537136504,29.826536050006077,37.25502743208695,-0.0016055559704278854,2,7,3,0,0,12,28,13347.5
2017-07-13,13347.5,13349.5,13349.5,13329.5,-0.16,13369.5,13391.0,13399.0,13363.5,13327.5,13322.5,13380.285714285714,13359.32142857143,13327.283333333333,13323.275,20.399871615000155,28.717193417831893,37.442757076252995,-0.0016455364822918206,3,7,3,0,0,13,28,13338.5
2017-07-14,13338.5,13336.5,13349.5,13336.5,-0.07,13347.5,13369.5,13391.0,13364.0,13327.5,13304.0,13376.642857142857,13360.107142857143,13328.433333333332,13323.583333333334,25.445553452028204,27.91896141672049,37.2322008698011,-0.0006742835737029163,4,7,3,0,0,14,28,13327.5
2017-07-17,13327.5,13302.5,13331.5,13302.5,-0.08,13338.5,13347.5,13369.5,13388.0,13327.5,13286.0,13368.0,13360.107142857143,13329.816666666668,13323.708333333334,30.681155997410215,27.91896141672049,36.362040488753664,-0.0008246804363308824,0,7,3,0,0,17,29,13309.0
2017-07-18,13309.0,13316.0,13319.0,13301.0,-0.14,13327.5,13338.5,13347.5,13403.0,13327.5,13298.0,13354.57142857143,13358.785714285714,13330.183333333332,13324.233333333334,33.2708939007789,29.945279765177943,36.084547111331425,-0.0013881072969423869,1,7,3,0,0,18,29,13318.0
2017-07-19,13318.0,13296.0,13321.0,13296.0,0.07,13309.0,13327.5,13338.5,13399.0,13327.5,13304.0,13343.0,13358.107142857143,13330.65,13324.783333333333,29.063149634400148,30.804082254005134,35.82383862448458,0.0006762341272823491,2,7,3,0,0,19,29,13334.5
2017-07-20,13334.5,13314.5,13337.5,13312.5,0.12,13318.0,13309.0,13327.5,13391.0,13327.5,13298.0,13334.92857142857,13358.607142857143,13331.866666666667,13325.125,19.91738890912875,30.32210324251845,35.292602852325224,0.0012389247634780887,3,7,3,0,0,20,29,13312.5
2017-07-21,13312.5,13319.5,13325.5,13309.5,-0.16,13334.5,13318.0,13309.0,13369.5,13367.5,13291.5,13326.785714285714,13354.67857142857,13332.566666666668,13324.85,14.282440101167136,32.561543588631466,34.66707006838669,-0.0016498556376317586,4,7,3,0,0,21,29,13310.0
2017-07-24,13310.0,13315.0,13321.0,13306.0,-0.02,13312.5,13334.5,13318.0,13347.5,13363.5,13298.0,13321.42857142857,13350.857142857143,13332.966666666667,13324.533333333333,12.08107532291145,34.526705701367696,34.32198785872847,-0.0001877934272300763,0,7,3,0,0,24,30,13326.0
2017-07-25,13326.0,13312.0,13326.0,13311.0,0.12,13310.0,13312.5,13334.5,13338.5,13364.0,13291.5,13319.642857142857,13348.142857142857,13334.116666666667,13324.775,9.85610760637213,34.905602686341176,33.45163346698003,0.001202103681442468,1,7,3,0,0,25,30,13336.0
2017-07-26,13336.0,13331.0,13341.0,13329.0,0.08,13326.0,13310.0,13312.5,13327.5,13388.0,13282.5,13320.857142857143,13344.42857142857,13335.9,13325.283333333333,11.389740580087285,33.05581360642394,31.99956896261375,0.0007504127269999383,2,7,3,0,0,26,30,13318.0
2017-07-27,13318.0,13311.0,13321.0,13310.0,-0.13,13336.0,13326.0,13310.0,13309.0,13403.0,13286.0,13322.142857142857,13338.357142857143,13336.966666666667,13325.125,10.282324177035692,29.031434270810188,30.789309982449517,-0.0013497300539891954,3,7,3,0,0,27,30,13326.5
2017-07-28,13326.5,13315.5,13330.5,13315.5,0.06,13318.0,13336.0,13326.0,13318.0,13399.0,13297.5,13323.357142857143,13333.17857142857,13337.933333333332,13325.066666666668,10.213203406128484,23.278090675375655,29.95132065861801,0.0006382339690644834,4,7,3,0,0,28,30,13325.0
2017-07-31,13325.0,13323.0,13327.0,13321.0,-0.01,13326.5,13318.0,13336.0,13334.5,13391.0,13289.0,13322.0,13328.464285714286,13339.133333333333,13325.325,9.050782655225593,16.306516259589884,28.614540954258427,-0.0001125576858139743,0,7,3,1,0,31,31,13324.0
2017-08-01,13324.0,13316.0,13324.0,13311.0,-0.01,13325.0,13326.5,13318.0,13312.5,13369.5,13288.5,13323.642857142857,13325.214285714286,13340.316666666668,13324.891666666666,8.024516007104733,11.24844311558167,27.14472176206935,-7.504690431514582e-05,1,8,3,0,1,1,31,13324.0
2017-08-02,13324.0,13323.0,13334.0,13321.0,0.0,13324.0,13325.0,13326.5,13310.0,13347.5,13318.5,13325.642857142857,13323.535714285714,13340.5,13324.333333333334,5.359681938470258,9.241345817822486,27.010534343421845,0.0,2,8,3,0,0,2,31,13325.5
2017-08-03,13325.5,13328.5,13331.5,13325.5,0.01,13324.0,13324.0,13325.0,13326.0,13338.5,13327.5,13325.57142857143,13322.607142857143,13340.433333333332,13323.8,5.357460308556345,8.218596575298168,27.046171675466024,0.00011257880516368779,3,8,3,0,0,3,31,13316.0
2017-08-04,13316.0,13322.0,13325.0,13313.0,-0.07,13325.5,13324.0,13324.0,13336.0,13327.5,13327.5,13322.714285714286,13321.785714285714,13340.05,13323.575,4.039978784211745,8.266508624104391,27.31595150999659,-0.0007129188398183883,4,8,3,0,0,4,31,13321.0
2017-08-07,13321.0,13319.0,13322.0,13316.0,0.04,13316.0,13325.5,13324.0,13318.0,13309.0,13327.5,13323.142857142857,13322.642857142857,13339.833333333334,13323.858333333334,3.59066249434531,7.417309722106466,27.444405664885252,0.0003754881345749972,0,8,3,0,0,7,32,13313.0
2017-08-08,13313.0,13320.0,13320.0,13301.0,-0.06,13321.0,13316.0,13325.5,13326.5,13318.0,13327.5,13321.214285714286,13322.285714285714,13339.35,13324.066666666668,4.880720087950184,7.770046741868497,27.79455106608949,-0.0006005555138502983,1,8,3,0,0,8,32,13332.5
2017-08-09,13332.5,13320.5,13333.5,13318.5,0.15,13313.0,13321.0,13316.0,13325.0,13334.5,13327.5,13322.285714285714,13322.142857142857,13339.516666666666,13324.216666666667,6.428174591350978,7.543281706147726,27.73597294854169,0.0014647337189213072,2,8,3,0,0,9,32,13334.0
2017-08-10,13334.0,13339.0,13351.0,13334.0,0.01,13332.5,13313.0,13321.0,13324.0,13312.5,13327.5,13323.714285714286,13323.67857142857,13339.733333333334,13323.858333333334,7.830799995967659,7.617306062214867,27.664159975071946,0.00011250703168941278,3,8,3,0,0,10,32,13357.5
2017-08-11,13357.5,13362.5,13377.5,13352.5,0.18,13334.0,13332.5,13313.0,13324.0,13310.0,13327.5,13328.5,13327.07142857143,13340.733333333334,13324.233333333334,14.994443415432444,10.919032682529936,27.748791006074097,0.0017624118794059562,4,8,3,0,0,11,32,13349.0
2017-08-14,13349.0,13347.0,13352.0,13337.0,-0.06,13357.5,13334.0,13332.5,13325.5,13326.0,13367.5,13331.857142857143,13328.714285714286,13340.116666666667,13325.008333333333,16.739957899629346,12.378197777405115,27.33593168193602,-0.0006363466217480518,0,8,3,0,0,14,33,13361.0
2017-08-15,13361.0,13348.0,13361.0,13341.0,0.09,13349.0,13357.5,13334.0,13316.0,13336.0,13363.5,13338.285714285714,13330.5,13340.033333333333,13325.983333333334,18.211390993269756,15.02945825308679,27.265910677206517,0.0008989437411042189,1,8,3,0,0,15,33,13378.5
2017-08-16,13378.5,13356.5,13381.5,13356.5,0.13,13361.0,13349.0,13357.5,13321.0,13318.0,13364.0,13346.5,13334.82142857143,13340.516666666666,13327.15,21.740898478936344,19.260968046966877,27.82813118154718,0.001309782201931009,2,8,3,0,0,16,33,13378.5
2017-08-17,13378.5,13378.5,13378.5,13378.5,0.0,13378.5,13361.0,13349.0,13313.0,13326.5,13388.0,13355.857142857143,13338.535714285714,13340.2,13328.316666666668,18.81868372515265,22.30597047154585,27.318555018078676,0.0,3,8,3,0,0,17,33,13362.0
2017-08-18,13362.0,13361.0,13370.0,13356.0,-0.12,13378.5,13378.5,13361.0,13332.5,13325.0,13403.0,13360.07142857143,13341.17857142857,13338.833333333334,13329.441666666668,15.772942474061637,22.766040112711117,24.995286912056816,-0.0012333221213139955,4,8,3,0,0,18,33,13350.5
2017-08-21,13350.5,13354.5,13359.5,13347.5,-0.09,13362.0,13378.5,13378.5,13334.0,13324.0,13399.0,13362.42857142857,13343.07142857143,13337.216666666667,13329.925,12.011898862794057,22.32526780160651,22.403695559273487,-0.0008606496033527478,0,8,3,0,0,21,34,13343.0
2017-08-22,13343.0,13341.0,13347.0,13334.0,-0.06,13350.5,13362.0,13378.5,13357.5,13324.0,13391.0,13360.357142857143,13344.42857142857,13335.616666666667,13330.25,14.076322571865088,21.64384540583818,20.01709757687877,-0.0005617767124826978,1,8,3,0,0,22,34,13358.5
2017-08-23,13358.5,13333.5,13362.5,13333.5,0.12,13343.0,13350.5,13362.0,13349.0,13325.5,13369.5,13361.714285714286,13346.785714285714,13335.25,13330.85,13.231456026293168,21.21657034344812,19.46825444241147,0.001161657798096405,2,8,3,0,0,23,34,13346.5
2017-08-24,13346.5,13347.5,13355.5,13340.5,-0.09,13358.5,13343.0,13350.5,13361.0,13316.0,13347.5,13359.642857142857,13348.964285714286,13335.216666666667,13331.25,14.441590072214572,19.290755344302227,19.447401800281717,-0.000898304450349996,3,8,3,0,0,24,34,13345.5
2017-08-25,13345.5,13335.5,13348.5,13335.5,-0.01,13346.5,13358.5,13343.0,13378.5,13321.0,13338.5,13354.92857142857,13350.714285714286,13335.45,13331.941666666668,12.518082159695227,17.595578865151566,19.52997254443015,-7.492601056457993e-05,4,8,3,0,0,25,34,13340.0
2017-08-28,13340.0,13333.0,13341.0,13331.0,-0.04,13345.5,13346.5,13358.5,13378.5,13313.0,13327.5,13349.42857142857,13352.642857142857,13335.866666666667,13332.841666666667,8.121107126312069,14.318396680904403,19.487809334136582,-0.0004121239369075935,0,8,3,0,0,28,35,13339.5
2017-08-29,13339.5,13341.5,13349.5,13335.5,0.0,13340.0,13345.5,13346.5,13362.0,13332.5,13309.0,13346.214285714286,13353.142857142857,13336.883333333333,13333.533333333333,6.632352165170209,13.668364050587586,18.82207221054097,-3.7481259370308884e-05,1,8,3,0,0,29,35,13346.5
2017-08-30,13346.5,13339.5,13348.5,13339.5,0.05,13339.5,13340.0,13345.5,13350.5,13334.0,13318.0,13345.642857142857,13354.035714285714,13337.833333333334,13334.241666666667,6.368635946125478,12.69534179499973,18.553433241786397,0.0005247572997488792,2,8,3,0,0,30,35,13343.0
2017-08-31,13343.0,13346.0,13353.0,13337.0,-0.03,13346.5,13339.5,13340.0,13343.0,13357.5,13334.5,13345.642857142857,13353.0,13338.116666666667,13334.991666666667,6.368635946125478,12.979273417906187,18.565672500673035,-0.00026224103697602974,3,8,3,1,0,31,35,13343.0
2017-09-01,13343.0,13343.0,13343.0,13343.0,0.0,13343.0,13346.5,13339.5,13358.5,13349.0,13312.5,13343.42857142857,13352.57142857143,13339.133333333333,13335.85,2.9072978789925155,13.218368837361519,17.939041094836373,0.0,4,9,3,0,1,1,35,13342.5
2017-09-04,13342.5,13341.5,13346.5,13336.5,0.0,13343.0,13343.0,13346.5,13346.5,13361.0,13310.0,13342.857142857143,13351.25,13340.216666666667,13336.591666666667,2.5773740798891276,13.235659874106465,17.079773949348038,-3.747283219668329e-05,0,9,3,0,0,4,36,13337.5
2017-09-05,13337.5,13335.5,13340.5,13330.5,-0.04,13342.5,13343.0,13343.0,13345.5,13378.5,13326.0,13341.714285714286,13348.32142857143,13340.6,13337.358333333334,2.95602693542361,11.107182608115586,16.87755089276379,-0.0003747423646243142,1,9,3,0,0,5,36,13337.5
2017-09-06,13337.5,13334.5,13340.5,13334.5,0.0,13337.5,13342.5,13343.0,13340.0,13378.5,13336.0,13341.357142857143,13345.392857142857,13340.65,13338.275,3.325586236197489,7.2858624200907505,16.865671112317624,0.0,2,9,3,0,0,6,36,13306.5
2017-09-07,13306.5,13333.5,13333.5,13305.5,-0.23,13337.5,13337.5,13342.5,13339.5,13362.0,13318.0,13336.642857142857,13341.42857142857,13340.266666666666,13338.616666666667,13.67697056421791,11.45871710961319,17.516363449804704,-0.002324273664479848,3,9,3,0,0,7,36,13204.0
2017-09-08,13204.0,13294.0,13294.0,13204.0,-0.77,13306.5,13337.5,13337.5,13346.5,13350.5,13326.5,13316.285714285714,13330.964285714286,13336.183333333332,13337.058333333332,51.18337713792908,38.2081668100632,30.386443022180234,-0.007703002292112848,4,9,3,0,0,8,36,13162.5
2017-09-11,13162.5,13187.5,13187.5,13137.5,-0.31,13204.0,13306.5,13337.5,13343.0,13343.0,13325.0,13290.5,13318.07142857143,13330.766666666666,13334.95,75.27781877821585,58.76054967237484,43.91895618800327,-0.003142986973644346,0,9,3,0,0,11,37,13195.0
2017-09-12,13195.0,13195.0,13227.0,13180.0,0.25,13162.5,13204.0,13306.5,13343.0,13358.5,13324.0,13269.357142857143,13306.392857142857,13326.466666666667,13333.391666666666,78.77748953317325,65.91899999573512,50.43584749604028,0.0024691358024691024,1,9,3,0,0,12,37,13202.5
2017-09-13,13202.5,13206.5,13214.5,13198.5,0.06,13195.0,13162.5,13204.0,13342.5,13346.5,13324.0,13249.357142857143,13296.107142857143,13322.416666666666,13331.458333333334,74.78341743873646,70.2704058978868,55.28579092462318,0.0005683971201213556,2,9,3,0,0,13,37,13249.5
2017-09-14,13249.5,13230.5,13249.5,13230.5,0.36,13202.5,13195.0,13162.5,13337.5,13345.5,13325.5,13236.785714285714,13289.25,13319.883333333333,13330.158333333333,64.13518089612352,69.7618889784774,56.85851820047977,0.0035599318310926,3,9,3,0,0,14,37,13240.0
2017-09-15,13240.0,13262.0,13269.0,13230.0,-0.07,13249.5,13202.5,13195.0,13337.5,13340.0,13316.0,13222.857142857143,13282.107142857143,13317.35,13328.7,46.88435620918991,69.28374728146811,58.700753387636865,-0.0007170081889882329,4,9,3,0,0,15,37,13255.0
2017-09-18,13255.0,13245.0,13257.0,13235.0,0.11,13240.0,13249.5,13202.5,13306.5,13339.5,13321.0,13215.5,13276.07142857143,13315.15,13327.491666666667,33.781158456662965,67.55848097499259,59.78599045907608,0.0011329305135951984,0,9,3,0,0,18,38,13278.5
2017-09-19,13278.5,13258.5,13278.5,13253.5,0.18,13255.0,13240.0,13249.5,13204.0,13346.5,13313.0,13226.142857142857,13271.214285714286,13314.0,13326.675,40.60143089206926,64.47978642290354,60.15941466149856,0.0017729158807997525,1,9,3,0,0,19,38,13281.5
2017-09-20,13281.5,13277.5,13284.5,13265.5,0.02,13278.5,13255.0,13240.0,13162.5,13343.0,13332.5,13243.142857142857,13266.82142857143,13312.3,13325.908333333333,33.867036930961575,61.2258137939052,60.33892779041494,0.00022592913356178634,2,9,3,0,0,20,38,13281.5
2017-09-21,13281.5,13281.5,13281.5,13281.5,0.0,13281.5,13278.5,13255.0,13195.0,13343.0,13334.0,13255.5,13262.42857142857,13310.55,13325.141666666666,28.770644761747494,57.4281682234029,60.44908801114944,0.0,3,9,3,0,0,21,38,13312.5
2017-09-22,13312.5,13327.5,13342.5,13307.5,0.23,13281.5,13281.5,13278.5,13202.5,13342.5,13357.5,13271.214285714286,13260.285714285714,13309.05,13324.891666666666,24.75859639083878,54.70575637189267,59.79870688257387,0.002334073711553586,4,9,3,0,0,22,38,13326.0
2017-09-25,13326.0,13296.0,13326.0,13296.0,0.1,13312.5,13281.5,13281.5,13249.5,13337.5,13349.0,13282.142857142857,13259.464285714286,13308.283333333333,13324.2,29.921723276169594,53.53089125619395,59.41506301136177,0.0010140845070423232,0,9,3,0,0,25,39,13376.5
2017-09-26,13376.5,13341.5,13381.5,13341.5,0.38,13326.0,13312.5,13281.5,13240.0,13337.5,13361.0,13301.642857142857,13262.25,13308.8,13324.416666666666,40.49147470536566,58.67208417586188,59.95423542026027,0.0037895842713493444,1,9,3,0,0,26,39,13440.0
2017-09-27,13440.0,13385.0,13440.0,13370.0,0.47,13376.5,13326.0,13312.5,13255.0,13306.5,13378.5,13328.07142857143,13271.785714285714,13310.85,13325.683333333332,60.43621194524793,74.99505478202263,63.373570853779356,0.004747131162860185,2,9,3,0,0,27,39,13515.0
2017-09-28,13515.0,13427.0,13555.0,13427.0,0.56,13440.0,13376.5,13326.0,13278.5,13204.0,13378.5,13361.857142857143,13294.0,13315.4,13327.8,87.94871341003673,96.38265084865769,72.62318903908852,0.005580357142857206,3,9,3,0,0,28,39,13471.5
2017-09-29,13471.5,13476.5,13496.5,13446.5,-0.32,13515.0,13440.0,13376.5,13281.5,13162.5,13362.0,13389.0,13316.07142857143,13319.05,13328.941666666668,88.33364779820563,99.28937063390293,77.62546573795683,-0.0032186459489456087,4,9,3,0,0,29,39,13537.5
2017-10-02,13537.5,13477.5,13577.5,13477.5,0.49,13471.5,13515.0,13440.0,13281.5,13195.0,13350.5,13425.57142857143,13340.535714285714,13325.283333333333,13331.25,89.39678805353792,108.89381989343951,87.16044295488679,0.004899231711390728,0,10,4,0,0,2,40,13542.5
2017-10-03,13542.5,13587.5,13587.5,13535.5,0.04,13537.5,13471.5,13515.0,13312.5,13202.5,13343.0,13458.42857142857,13364.82142857143,13331.933333333332,13333.775,82.94648303347135,113.55473216822122,95.74640835375331,0.00036934441366565096,1,10,4,0,0,3,40,13476.5
2017-10-04,13476.5,13496.5,13496.5,13456.5,-0.49,13542.5,13537.5,13471.5,13326.0,13249.5,13358.5,13479.92857142857,13381.035714285714,13335.866666666667,13335.558333333332,58.92681094053565,112.01759207400936,99.23560725428338,-0.004873546243308158,2,10,4,0,0,4,40,13457.5
2017-10-05,13457.5,13482.5,13492.5,13457.5,-0.14,13476.5,13542.5,13537.5,13376.5,13240.0,13346.5,13491.5,13396.57142857143,13339.566666666668,13337.391666666666,40.212974688969936,105.86636299211894,101.68483538427118,-0.0014098616109523565,3,10,4,0,0,5,40,13504.0
2017-10-06,13504.0,13486.0,13506.0,13476.0,0.35,13457.5,13476.5,13542.5,13440.0,13255.0,13345.5,13500.642857142857,13414.357142857143,13344.85,13340.15,33.21986640267805,101.05966032520672,106.02863552703093,0.0034553223109790032,4,10,4,0,0,6,40,13516.5
2017-10-09,13516.5,13501.5,13516.5,13495.5,0.09,13504.0,13457.5,13476.5,13515.0,13278.5,13340.0,13500.857142857143,13431.357142857143,13350.733333333334,13343.3,33.332559514861416,96.35659503419372,110.55063852443674,0.0009256516587676789,0,10,4,0,0,9,41,13513.0
2017-10-10,13513.0,13501.0,13513.0,13481.0,-0.03,13516.5,13504.0,13457.5,13471.5,13281.5,13339.5,13506.785714285714,13447.892857142857,13356.516666666666,13346.7,30.838094870472556,88.17818031409877,114.41345798382191,-0.00025894277364701956,1,10,4,0,0,10,41,13517.0
2017-10-11,13517.0,13492.0,13527.0,13492.0,0.03,13513.0,13516.5,13504.0,13537.5,13281.5,13346.5,13503.857142857143,13464.714285714286,13362.2,13350.016666666666,28.304467088166025,75.55327063261352,118.07483015969585,0.0002960112484273747,2,10,4,0,0,11,41,13504.5
2017-10-12,13504.5,13508.5,13525.5,13490.5,-0.09,13517.0,13513.0,13516.5,13542.5,13312.5,13343.0,13498.42857142857,13478.42857142857,13367.583333333334,13352.85,22.758567199072367,62.010190583896346,120.81897853695104,-0.0009247614115558411,3,10,4,0,0,12,41,13499.0
2017-10-13,13499.0,13503.0,13518.0,13491.0,-0.04,13504.5,13517.0,13513.0,13476.5,13326.0,13343.0,13501.642857142857,13490.785714285714,13372.783333333333,13355.958333333334,20.635152623903366,43.88740588814805,123.06072816334019,-0.0004072716501907214,4,10,4,0,0,13,41,13482.5
2017-10-16,13482.5,13482.5,13489.5,13467.5,-0.12,13499.0,13504.5,13517.0,13457.5,13376.5,13342.5,13505.214285714286,13498.357142857143,13377.45,13358.833333333334,12.13417056251879,29.40985481816844,124.51861445112173,-0.0012223127639083842,0,10,4,0,0,16,42,13506.5
2017-10-17,13506.5,13486.5,13513.5,13481.5,0.18,13482.5,13499.0,13504.5,13504.0,13440.0,13337.5,13505.57142857143,13503.107142857143,13383.083333333334,13361.841666666667,12.129264100564594,24.161458956093377,126.45669037353996,0.0017800852957536861,1,10,4,0,0,17,42,13516.0
2017-10-18,13516.0,13504.0,13516.0,13501.0,0.07,13506.5,13482.5,13499.0,13516.5,13515.0,13337.5,13505.5,13503.17857142857,13389.033333333333,13364.841666666667,12.055427546774663,24.200768537136963,128.42205024256998,0.0007033650464591812,2,10,4,0,0,18,42,13523.0
2017-10-19,13523.0,13512.0,13532.0,13510.0,0.05,13516.0,13506.5,13482.5,13513.0,13471.5,13306.5,13506.92857142857,13506.857142857143,13396.25,13368.258333333333,13.587459204031669,22.893926446057847,129.70089928701898,0.0005179047055341446,3,10,4,0,0,19,42,13518.5
2017-10-20,13518.5,13511.5,13526.5,13501.5,-0.03,13523.0,13516.0,13506.5,13517.0,13537.5,13204.0,13507.142857142857,13505.5,13406.733333333334,13371.458333333334,13.783185062907755,21.455678824774637,126.2913116659184,-0.0003327663979886264,4,10,4,0,0,20,42,13542.5
2017-10-23,13542.5,13532.5,13543.5,13527.5,0.18,13518.5,13523.0,13516.0,13504.5,13542.5,13162.5,13512.57142857143,13505.5,13419.4,13375.083333333334,19.046934511563915,21.455678824774637,119.84252598506905,0.001775344897732678,0,10,4,0,0,23,43,13532.5
2017-10-24,13532.5,13529.5,13536.5,13522.5,-0.07,13542.5,13518.5,13523.0,13499.0,13476.5,13195.0,13517.357142857143,13509.5,13430.65,13378.558333333332,19.275879326545333,20.844663585327147,113.73654903418696,-0.0007384160974709397,1,10,4,0,0,24,43,13577.5
2017-10-25,13577.5,13562.5,13577.5,13562.5,0.33,13532.5,13542.5,13518.5,13482.5,13457.5,13202.5,13530.92857142857,13518.07142857143,13443.15,13382.783333333333,23.601604061747647,22.429253856433373,108.27313402558907,0.003325327914280418,2,10,4,0,0,25,43,13581.5
2017-10-26,13581.5,13561.5,13601.5,13551.5,0.03,13577.5,13532.5,13542.5,13506.5,13504.0,13249.5,13541.642857142857,13523.607142857143,13454.216666666667,13387.05,27.384171653429334,27.646239534954994,104.70571925008258,0.00029460504511136243,3,10,4,0,0,26,43,13616.5
2017-10-27,13616.5,13633.5,13643.5,13608.5,0.26,13581.5,13577.5,13532.5,13516.0,13516.5,13240.0,13556.0,13530.75,13466.766666666666,13392.058333333332,36.52054216466923,37.00350814948102,100.62860474016757,0.0025770349372307155,4,10,4,0,0,27,43,13584.0
2017-10-30,13584.0,13589.0,13609.0,13574.0,-0.24,13616.5,13581.5,13577.5,13523.0,13513.0,13255.0,13564.714285714286,13535.82142857143,13477.733333333334,13396.441666666668,34.55895583741871,39.18477291697898,94.4946389040562,-0.0023868101200749114,0,10,4,0,0,30,44,13562.5
2017-10-31,13562.5,13562.5,13578.5,13552.5,-0.16,13584.0,13616.5,13581.5,13518.5,13517.0,13278.5,13571.0,13539.07142857143,13487.2,13400.6,28.161735268524378,39.38999147696038,87.8381740906817,-0.001582744405182579,1,10,4,1,0,31,44,13580.0
2017-11-01,13580.0,13585.0,13600.0,13575.0,0.13,13562.5,13584.0,13616.5,13542.5,13504.5,13281.5,13576.357142857143,13544.464285714286,13497.15,13404.725,25.253241187562686,39.46101498035708,80.31834827089088,0.001290322580645098,2,11,4,0,1,1,44,13551.0
2017-11-02,13551.0,13571.0,13576.0,13541.0,-0.21,13580.0,13562.5,13584.0,13532.5,13499.0,13281.5,13579.0,13548.17857142857,13506.133333333333,13408.341666666667,20.400163398062322,37.23708198433808,69.74188042386002,-0.002135493372606767,3,11,4,0,0,2,44,13497.5
2017-11-03,13497.5,13517.5,13517.5,13467.5,-0.39,13551.0,13580.0,13562.5,13577.5,13482.5,13312.5,13567.57142857143,13549.25,13512.3,13410.675,37.019621566860565,35.37097354065545,59.4497179599341,-0.0039480481145303115,4,11,4,0,0,3,44,13524.5
2017-11-06,13524.5,13531.5,13539.5,13516.5,0.2,13497.5,13551.0,13580.0,13581.5,13506.5,13326.0,13559.42857142857,13550.535714285714,13518.916666666666,13413.6,39.62262460960556,33.99800010253413,47.93010056559747,0.002000370438970167,0,11,4,0,0,6,45,13513.5
2017-11-07,13513.5,13496.5,13514.5,13491.5,-0.08,13524.5,13497.5,13551.0,13616.5,13516.0,13376.5,13544.714285714286,13550.357142857143,13523.483333333334,13416.141666666666,33.556987775619405,34.19931880281127,39.71568858195189,-0.0008133387555917526,1,11,4,0,0,7,45,13517.0
2017-11-08,13517.0,13522.0,13530.0,13515.0,0.03,13513.5,13524.5,13497.5,13584.0,13523.0,13440.0,13535.142857142857,13549.92857142857,13526.05,13418.45,29.832468729189326,34.60372208882336,36.491697213415044,0.0002590002590001639,2,11,4,0,0,8,45,13515.0
2017-11-09,13515.0,13518.0,13520.0,13509.0,-0.01,13517.0,13513.5,13524.5,13562.5,13518.5,13515.0,13528.357142857143,13549.67857142857,13526.05,13420.725,27.913130550780256,34.8599434784914,36.491697213415044,-0.00014796182584897455,3,11,4,0,0,9,45,13532.5
2017-11-10,13532.5,13507.5,13537.5,13507.5,0.13,13515.0,13517.0,13513.5,13580.0,13542.5,13471.5,13521.57142857143,13548.964285714286,13528.083333333334,13423.566666666668,16.845940587807288,35.11983018908943,35.01701146517674,0.0012948575656677175,4,11,4,0,0,10,45,13551.5
2017-11-13,13551.5,13551.5,13558.5,13545.5,0.14,13532.5,13515.0,13517.0,13551.0,13532.5,13537.5,13521.642857142857,13550.32142857143,13528.55,13426.916666666666,16.99194487039087,34.80031340619977,35.239415138572255,0.001404027341585179,0,11,4,0,0,13,46,13553.5
2017-11-14,13553.5,13546.5,13555.5,13528.5,0.01,13551.5,13532.5,13515.0,13497.5,13577.5,13542.5,13529.642857142857,13548.607142857143,13528.916666666666,13430.425,16.913294292109622,33.938960236887745,35.44619120953129,0.0001475851381764759,1,11,4,0,0,14,46,13535.0
2017-11-15,13535.0,13542.0,13547.0,13527.0,-0.14,13553.5,13551.5,13532.5,13524.5,13581.5,13476.5,13531.142857142857,13545.285714285714,13530.866666666667,13433.366666666667,16.84664725728726,32.72596844972289,34.04457861879907,-0.001364961080163818,2,11,4,0,0,15,46,13542.0
2017-11-16,13542.0,13542.0,13549.0,13532.0,0.05,13535.0,13553.5,13551.5,13513.5,13616.5,13457.5,13535.214285714286,13539.964285714286,13533.683333333332,13436.625,15.239360066614141,25.51881981633861,31.136651906591364,0.000517177687476833,3,11,4,0,0,16,46,13527.5
2017-11-17,13527.5,13522.5,13530.5,13512.5,-0.11,13542.0,13535.0,13553.5,13517.0,13584.0,13504.0,13536.714285714286,13535.92857142857,13534.466666666667,13439.658333333333,13.573433435939071,22.281293587668827,30.656026389948114,-0.0010707428740215352,4,11,4,0,0,17,46,13535.0
2017-11-20,13535.0,13522.0,13537.0,13517.0,0.06,13527.5,13542.0,13535.0,13515.0,13562.5,13516.5,13539.57142857143,13533.964285714286,13535.083333333334,13442.908333333333,9.829498848910552,20.929794998166958,30.467643473835874,0.0005544261689152119,0,11,4,0,0,20,47,13533.5
2017-11-21,13533.5,13531.5,13546.5,13531.5,-0.01,13535.0,13527.5,13542.0,13532.5,13580.0,13513.0,13539.714285714286,13530.642857142857,13535.766666666666,13446.141666666666,9.716211293834817,16.222525378451955,30.183842827153104,-0.00011082379017357535,1,11,4,0,0,21,47,13526.0
2017-11-22,13526.0,13518.0,13527.0,13511.0,-0.06,13533.5,13535.0,13527.5,13551.5,13551.0,13517.0,13536.07142857143,13528.857142857143,13536.066666666668,13449.133333333333,9.333758493813479,15.149801434368385,30.03524749277436,-0.0005541803672368673,2,11,4,0,0,22,47,13513.0
2017-11-23,13513.0,13507.0,13517.0,13492.0,-0.1,13526.0,13533.5,13535.0,13553.5,13497.5,13504.5,13530.285714285714,13529.964285714286,13536.35,13451.966666666667,9.281958947695841,13.111158320747432,29.766085190773552,-0.00096111193257431,3,11,4,0,0,23,47,13502.5
2017-11-24,13502.5,13507.5,13513.5,13500.5,-0.08,13513.0,13526.0,13533.5,13535.0,13524.5,13499.0,13525.642857142857,13528.392857142857,13536.466666666667,13454.625,13.637308769631725,14.998946848954036,29.62115196403309,-0.0007770295271219974,4,11,4,0,0,24,47,13518.5
2017-11-27,13518.5,13504.5,13521.5,13504.5,0.12,13502.5,13513.0,13526.0,13542.0,13513.5,13482.5,13522.285714285714,13528.75,13537.666666666666,13457.558333333332,11.69350654167836,14.67303911626332,28.04686144258881,0.0011849657470839325,0,11,4,0,0,27,48,13508.5
2017-11-28,13508.5,13528.5,13530.5,13503.5,-0.07,13518.5,13502.5,13513.0,13527.5,13517.0,13506.5,13519.57142857143,13528.142857142857,13537.733333333334,13460.408333333333,12.461368876972106,15.356567839479569,27.972502918730637,-0.0007397270407220047,1,11,4,0,0,28,48,13502.5
2017-11-29,13502.5,13510.5,13517.5,13495.5,-0.04,13508.5,13518.5,13502.5,13535.0,13515.0,13516.0,13514.92857142857,13527.25,13537.283333333333,13463.158333333333,11.791340648463201,16.500291372246885,28.43888890756841,-0.00044416478513531477,2,11,4,0,0,29,48,13526.0
2017-11-30,13526.0,13512.0,13526.0,13512.0,0.17,13502.5,13508.5,13518.5,13533.5,13532.5,13523.0,13513.857142857143,13526.785714285714,13537.383333333333,13466.816666666668,10.032091364480015,16.43251266580788,28.39216846039104,0.0017404184410294565,3,11,4,1,0,30,48,13526.0
2017-12-01,13526.0,13526.0,13526.0,13526.0,0.0,13526.0,13502.5,13508.5,13526.0,13551.5,13518.5,13513.857142857143,13524.964285714286,13537.633333333333,13472.183333333332,10.032091364480015,14.816135026634104,28.25284036170366,0.0,4,12,4,0,1,1,48,13526.0
2017-12-04,13526.0,13531.0,13533.0,13516.0,0.0,13526.0,13526.0,13502.5,13513.0,13553.5,13542.5,13515.714285714286,13523.0,13537.083333333334,13478.241666666667,11.00324627434093,12.36154085429606,28.315367867457276,0.0,0,12,4,0,0,4,49,13519.0
2017-12-05,13519.0,13511.0,13520.0,13511.0,-0.05,13526.0,13526.0,13526.0,13502.5,13535.0,13532.5,13518.07142857143,13521.857142857143,13536.633333333333,13483.641666666666,9.342682392547598,11.897686541498896,28.497408633922234,-0.0005175218098476542,1,12,4,0,0,5,49,13539.0
2017-12-06,13539.0,13521.0,13539.0,13516.0,0.15,13519.0,13526.0,13526.0,13518.5,13542.0,13577.5,13521.0,13521.642857142857,13535.35,13489.25,12.257650672221754,11.5282738901335,27.440892591260155,0.0014793993638582137,2,12,4,0,0,6,49,13553.5
2017-12-07,13553.5,13548.5,13558.5,13547.5,0.11,13539.0,13519.0,13526.0,13508.5,13527.5,13581.5,13527.42857142857,13523.5,13534.416666666666,13494.316666666668,15.875632720862955,14.304383405099577,26.268206603403794,0.0010709801314721101,3,12,4,0,0,7,49,13547.5
2017-12-08,13547.5,13557.5,13560.5,13539.5,-0.04,13553.5,13539.0,13519.0,13502.5,13535.0,13616.5,13533.857142857143,13524.392857142857,13532.116666666667,13499.441666666668,12.938039153776826,15.42373117961815,21.403626559143362,-0.00044269008005315413,4,12,4,0,0,8,49,13552.5
2017-12-11,13552.5,13542.5,13552.5,13542.5,0.04,13547.5,13553.5,13539.0,13526.0,13533.5,13584.0,13537.642857142857,13525.75,13531.066666666668,13504.4,14.082241434203517,17.038135957540145,19.454515180742938,0.00036907178446199396,0,12,4,0,0,11,50,13568.5
2017-12-12,13568.5,13549.5,13571.5,13546.5,0.12,13552.5,13547.5,13553.5,13526.0,13526.0,13562.5,13543.714285714286,13528.785714285714,13531.266666666666,13509.233333333334,17.07058176824177,20.51707945675709,19.8162826349818,0.0011805939863493986,1,12,4,0,0,12,50,13585.0
2017-12-13,13585.0,13595.0,13596.0,13585.0,0.12,13568.5,13552.5,13547.5,13526.0,13513.0,13580.0,13552.142857142857,13533.92857142857,13531.433333333332,13514.291666666666,20.983553650673635,24.82698372463115,20.256430793798895,0.001216051884880498,2,12,4,0,0,13,50,13577.5
2017-12-14,13577.5,13562.5,13580.5,13560.5,-0.06,13585.0,13568.5,13552.5,13519.0,13502.5,13551.0,13560.5,13539.285714285714,13532.316666666668,13519.225,16.820126832683982,25.603270738541966,21.66774312087522,-0.0005520794994479106,3,12,4,0,0,14,50,13578.5
2017-12-15,13578.5,13566.5,13578.5,13563.5,0.01,13577.5,13585.0,13568.5,13539.0,13518.5,13497.5,13566.142857142857,13543.57142857143,13535.016666666666,13523.658333333333,14.924013886248254,26.84775964183063,22.21931566236779,7.36512612777851e-05,4,12,4,0,0,15,50,13581.5
2017-12-18,13581.5,13571.5,13588.5,13571.5,0.02,13578.5,13577.5,13585.0,13553.5,13508.5,13524.5,13570.142857142857,13548.785714285714,13536.916666666666,13527.916666666666,14.721623228326905,26.600111542038462,23.678188469424434,0.0002209375115072021,0,12,4,0,0,18,51,13576.5
2017-12-19,13576.5,13576.5,13588.5,13574.5,-0.04,13581.5,13578.5,13577.5,13547.5,13502.5,13513.5,13574.285714285714,13554.07142857143,13539.016666666666,13531.25,10.862232516320073,23.91158163414379,24.314917846524278,-0.0003681478481758482,1,12,4,0,0,19,51,13577.5
2017-12-20,13577.5,13577.5,13584.5,13577.5,0.01,13576.5,13581.5,13578.5,13552.5,13526.0,13517.0,13577.857142857143,13557.75,13541.033333333333,13533.541666666666,5.07209921793685,23.212024403429524,24.927112137959003,7.365668618564136e-05,2,12,4,0,0,20,51,13557.5
2017-12-21,13557.5,13542.5,13567.5,13537.5,-0.15,13577.5,13576.5,13581.5,13568.5,13526.0,13515.0,13576.285714285714,13560.0,13542.45,13534.25,8.793260406235584,21.34965321240287,24.602127045655134,-0.0014730252255570342,3,12,4,0,0,21,51,13561.0
2017-12-22,13561.0,13556.0,13562.0,13546.0,0.03,13557.5,13577.5,13576.5,13585.0,13526.0,13532.5,13572.857142857143,13562.5,13543.4,13535.741666666667,9.481184374506048,18.979746289473056,24.754449269148008,0.0002581596902084815,4,12,4,0,0,22,51,13561.0
2017-12-25,13561.0,13561.0,13561.0,13561.0,0.0,13561.0,13557.5,13577.5,13577.5,13519.0,13551.5,13570.5,13565.5,13543.716666666667,13536.133333333333,10.161200716478978,14.323192595773907,24.92183758280832,0.0,0,12,4,0,0,25,52,13561.0
2017-12-26,13561.0,13561.0,13561.0,13561.0,0.0,13561.0,13561.0,13557.5,13578.5,13539.0,13553.5,13568.0,13567.07142857143,13543.966666666667,13536.441666666668,10.016652800909021,12.248794512711935,25.060593235824676,0.0,1,12,4,0,0,26,52,13560.5
2017-12-27,13560.5,13551.5,13565.5,13551.5,0.0,13561.0,13561.0,13561.0,13581.5,13553.5,13535.0,13565.0,13567.57142857143,13544.816666666668,13537.841666666667,8.296585643143999,11.786330319451475,25.178152589382208,-3.687043728339834e-05,2,12,4,0,0,27,52,13562.0
2017-12-28,13562.0,13554.0,13566.0,13554.0,0.01,13560.5,13561.0,13561.0,13576.5,13547.5,13542.0,13562.92857142857,13568.607142857143,13545.483333333334,13539.583333333334,6.57918796558101,10.44800049135137,25.3650871016892,0.00011061539028789369,3,12,4,0,0,28,52,13567.5
2017-12-29,13567.5,13542.5,13567.5,13542.5,0.04,13562.0,13560.5,13561.0,13577.5,13552.5,13527.5,13561.5,13569.67857142857,13546.816666666668,13540.641666666666,3.000000000126627,9.3841255942308,25.438391883279653,0.0004055449048812054,4,12,4,0,0,29,52,13567.5
2018-01-01,13567.5,13567.5,13567.5,13567.5,0.0,13567.5,13562.0,13560.5,13557.5,13568.5,13535.0,13562.92857142857,13569.607142857143,13547.9,13541.491666666667,3.154739442983708,9.397582690301261,25.609265564571082,0.0,0,1,1,0,1,1,1,13517.5
2018-01-02,13517.5,13537.5,13555.5,13514.5,-0.37,13567.5,13567.5,13562.0,13561.0,13585.0,13533.5,13556.714285714286,13564.785714285714,13547.366666666667,13541.566666666668,17.55671083201292,15.9346191637553,26.081745939688883,-0.0036852773171180964,1,1,1,0,0,2,1,13478.0
2018-01-03,13478.0,13500.0,13509.0,13476.0,-0.29,13517.5,13567.5,13567.5,13561.0,13577.5,13526.0,13544.857142857143,13557.67857142857,13545.766666666666,13540.916666666666,34.260903721450696,27.6847688911027,28.77131393845696,-0.0029221379692990768,2,1,1,0,0,3,1,13423.5
2018-01-04,13423.5,13466.5,13481.5,13411.5,-0.4,13478.0,13517.5,13567.5,13561.0,13578.5,13513.0,13525.214285714286,13546.607142857143,13542.783333333333,13539.566666666668,55.989476051957176,44.564636968284965,36.014528517890625,-0.00404362665083835,3,1,1,0,0,4,1,13415.5
2018-01-05,13415.5,13413.5,13435.5,13392.5,-0.06,13423.5,13478.0,13517.5,13560.5,13581.5,13502.5,13504.5,13534.75,13539.883333333333,13538.175,66.58015219769466,55.34602688804086,42.320754534459546,-0.0005959697545349085,4,1,1,0,0,5,1,13426.5
2018-01-08,13426.5,13405.5,13426.5,13390.5,0.08,13415.5,13423.5,13478.0,13562.0,13576.5,13518.5,13485.142857142857,13524.035714285714,13536.816666666668,13537.241666666667,66.77369385078197,60.88402098230597,46.998437856142836,0.0008199470761431904,0,1,1,0,0,8,2,13437.5
2018-01-09,13437.5,13429.5,13440.5,13407.5,0.08,13426.5,13415.5,13423.5,13567.5,13577.5,13508.5,13466.57142857143,13514.035714285714,13534.45,13536.091666666667,57.48219185934363,62.89137897547002,50.15516441244683,0.0008192753137452602,1,1,1,0,0,9,2,13436.5
2018-01-10,13436.5,13435.5,13455.5,13427.5,-0.01,13437.5,13426.5,13415.5,13567.5,13557.5,13502.5,13447.857142857143,13505.392857142857,13532.25,13534.766666666666,36.72273851187851,64.74570926415267,52.973277257938996,-7.4418604651183e-05,2,1,1,0,0,10,2,13399.5
2018-01-11,13399.5,13428.5,13430.5,13399.5,-0.28,13436.5,13437.5,13426.5,13517.5,13561.0,13526.0,13431.0,13493.857142857143,13528.033333333333,13532.708333333334,24.462556421379624,68.3622783330712,58.25892462832443,-0.0027536932981059303,3,1,1,0,0,11,2,13353.5
2018-01-12,13353.5,13368.5,13371.5,13353.5,-0.34,13399.5,13436.5,13437.5,13478.0,13561.0,13526.0,13413.214285714286,13479.035714285714,13522.283333333333,13529.958333333334,29.36389100989254,74.8694926792898,66.40908788728558,-0.0034329639165640025,4,1,1,0,0,12,2,13334.5
2018-01-15,13334.5,13325.5,13338.5,13315.5,-0.14,13353.5,13399.5,13436.5,13423.5,13561.0,13526.0,13400.5,13462.857142857143,13515.9,13526.491666666667,41.09338957386691,80.08587423969811,74.72275192450202,-0.0014228479424870377,0,1,1,0,0,15,3,13337.5
2018-01-16,13337.5,13330.5,13340.5,13325.5,0.02,13334.5,13353.5,13399.5,13415.5,13560.5,13519.0,13389.357142857143,13446.92857142857,13509.85,13523.241666666667,46.559741449159766,81.33829099758763,81.5031361782774,0.00022498031422246711,1,1,1,0,0,16,3,13357.5
2018-01-17,13357.5,13317.5,13362.5,13317.5,0.15,13337.5,13334.5,13353.5,13426.5,13562.0,13539.0,13379.5,13432.32142857143,13503.8,13519.575,44.65049458482939,77.34826514454521,85.88340131066043,0.001499531396438547,2,1,1,0,0,17,3,13346.0
2018-01-18,13346.0,13361.0,13371.0,13341.0,-0.09,13357.5,13337.5,13334.5,13437.5,13567.5,13553.5,13366.42857142857,13416.5,13496.883333333333,13515.65,37.69220583828641,69.86222705599718,89.99968231105188,-0.0008609395470708936,3,1,1,0,0,18,3,13313.5
2018-01-19,13313.5,13338.5,13343.5,13286.5,-0.24,13346.0,13357.5,13337.5,13436.5,13567.5,13547.5,13348.857142857143,13398.357142857143,13489.083333333334,13510.6,26.628171619791726,59.90326450950234,95.43738544317007,-0.0024351865727558764,4,1,1,0,0,19,3,13347.5
2018-01-22,13347.5,13320.5,13350.5,13320.5,0.26,13313.5,13346.0,13357.5,13399.5,13517.5,13552.5,13341.42857142857,13386.214285714286,13482.25,13506.658333333333,14.749091981859117,50.365095623239604,98.04359955546018,0.0025537987756787395,0,1,1,0,0,22,4,13325.0
2018-01-23,13325.0,13335.0,13336.0,13310.0,-0.17,13347.5,13313.5,13346.0,13353.5,13478.0,13568.5,13337.357142857143,13375.285714285714,13474.133333333333,13502.7,14.795028122532374,45.25726218206114,100.70030076772844,-0.0016857089342573461,1,1,1,0,0,23,4,13313.5
2018-01-24,13313.5,13317.5,13330.5,13309.5,-0.09,13325.0,13347.5,13313.5,13334.5,13423.5,13585.0,13334.357142857143,13367.42857142857,13465.083333333334,13498.258333333333,17.37506423431436,45.788332886971084,102.57554687200205,-0.0008630393996247321,2,1,1,0,0,24,4,13288.5
2018-01-25,13288.5,13291.5,13296.5,13266.5,-0.19,13313.5,13325.0,13347.5,13337.5,13415.5,13577.5,13327.357142857143,13358.357142857143,13455.45,13493.883333333333,24.363077059626075,48.05622851304959,105.19123390118361,-0.0018777932174108836,3,1,1,0,0,25,4,13307.0
2018-01-26,13307.0,13296.0,13311.0,13296.0,0.14,13288.5,13313.5,13325.0,13357.5,13426.5,13578.5,13320.142857142857,13349.82142857143,13446.4,13490.708333333334,21.22442438512779,45.57015181302041,105.9163137445773,0.0013921812093162789,4,1,1,0,0,26,4,13363.5
2018-01-29,13363.5,13311.5,13363.5,13311.5,0.42,13307.0,13288.5,13313.5,13346.0,13437.5,13581.5,13322.642857142857,13344.535714285714,13439.133333333333,13488.025,25.398022045295576,38.335294184578494,103.78458570463826,0.004245885624107659,0,1,1,0,0,29,5,13432.5
2018-01-30,13432.5,13382.5,13442.5,13382.5,0.52,13363.5,13307.0,13288.5,13313.5,13436.5,13576.5,13339.642857142857,13344.25,13434.333333333334,13486.675,48.014506736469805,37.60510910458373,100.49003496086131,0.005163317993040817,1,1,1,0,0,30,5,13388.5
2018-01-31,13388.5,13421.5,13426.5,13376.5,-0.33,13432.5,13363.5,13307.0,13347.5,13399.5,13577.5,13345.5,13343.464285714286,13428.033333333333,13484.533333333333,51.506472085265784,36.459389571282784,97.07133293696583,-0.0032756374464917304,2,1,1,1,0,31,5,13427.0
2018-02-01,13427.0,13387.0,13432.0,13387.0,0.29,13388.5,13432.5,13363.5,13325.0,13353.5,13557.5,13360.07142857143,13348.714285714286,13423.683333333332,13483.066666666668,58.67028533214949,42.76263388919021,93.94316727766454,0.0028756021959144284,3,2,1,0,1,1,5,13451.5
2018-02-02,13451.5,13413.5,13453.5,13413.5,0.18,13427.0,13388.5,13432.5,13313.5,13334.5,13561.0,13379.785714285714,13357.07142857143,13420.033333333333,13481.716666666667,63.40731894065007,50.50318236080603,90.48765712489389,0.0018246816116780362,4,2,1,0,0,2,5,13525.0
2018-02-05,13525.0,13495.0,13530.0,13495.0,0.55,13451.5,13427.0,13388.5,13288.5,13337.5,13561.0,13413.57142857143,13370.464285714286,13418.833333333334,13481.275,69.38625498580565,67.06095513257343,88.77629123282749,0.00546407463851617,0,2,1,0,0,5,6,13552.5
2018-02-06,13552.5,13567.5,13607.5,13552.5,0.2,13525.0,13451.5,13427.0,13307.0,13357.5,13561.0,13448.642857142857,13384.392857142857,13418.55,13481.258333333333,68.58128649380461,82.60940963615919,88.31930218207889,0.002033271719038776,1,2,1,0,0,6,6,13553.0
2018-02-07,13553.0,13526.0,13561.0,13523.0,0.0,13552.5,13525.0,13451.5,13363.5,13346.0,13560.5,13475.714285714286,13399.17857142857,13418.3,13481.558333333332,66.74756995756628,93.07143805922189,87.9133193784438,3.6893562073370134e-05,2,2,1,0,0,7,6,13605.0
2018-02-08,13605.0,13605.0,13627.0,13595.0,0.38,13553.0,13552.5,13525.0,13432.5,13313.5,13562.0,13500.357142857143,13420.0,13419.733333333334,13482.608333333334,78.87527828040483,104.35221423322535,90.64507645236884,0.003836788902825905,3,2,1,0,0,8,6,13627.5
2018-02-09,13627.5,13642.5,13650.5,13617.5,0.17,13605.0,13553.0,13552.5,13388.5,13347.5,13567.5,13534.5,13440.0,13421.733333333334,13484.275,73.9605750834049,115.61274883116685,94.59375328697901,0.001653803748621785,4,2,1,0,0,9,6,13657.5
2018-02-12,13657.5,13607.5,13657.5,13597.5,0.22,13627.5,13605.0,13553.0,13427.0,13325.0,13567.5,13567.42857142857,13463.75,13424.733333333334,13486.316666666668,69.28649975009495,124.01810506778563,100.61181233636283,0.0022014309301046087,0,2,1,0,0,12,7,13657.5
2018-02-13,13657.5,13632.5,13657.5,13632.5,0.0,13657.5,13627.5,13605.0,13451.5,13313.5,13517.5,13596.857142857143,13488.32142857143,13429.4,13488.383333333333,53.87463401710142,126.02130576010353,108.03586569218731,0.0,1,2,1,0,0,13,7,13628.5
2018-02-14,13628.5,13647.5,13662.5,13612.5,-0.21,13657.5,13657.5,13627.5,13525.0,13288.5,13478.0,13611.642857142857,13512.607142857143,13434.416666666666,13490.091666666667,44.200974994635985,116.98852319960528,113.71539514046573,-0.0021233754347428357,2,2,1,0,0,14,7,13558.5
2018-02-15,13558.5,13591.5,13591.5,13541.5,-0.51,13628.5,13657.5,13657.5,13552.5,13307.0,13423.5,13612.5,13530.57142857143,13438.916666666666,13490.85,42.90202015445859,101.23693783595549,115.91830382177676,-0.005136295263602042,3,2,1,0,0,15,7,13558.5
2018-02-16,13558.5,13558.5,13558.5,13558.5,0.0,13558.5,13628.5,13657.5,13553.0,13363.5,13415.5,13613.285714285714,13544.5,13443.683333333332,13491.783333333333,41.663190331174235,89.17873151053749,117.8462969831545,0.0,4,2,1,0,0,16,7,13560.5
2018-02-19,13560.5,13552.5,13562.5,13532.5,0.01,13558.5,13558.5,13628.5,13605.0,13432.5,13426.5,13606.92857142857,13553.642857142857,13448.15,13492.483333333334,46.27763009942638,83.1720710730172,119.6974742625162,0.000147508942729635,0,2,1,0,0,19,8,13612.5
2018-02-20,13612.5,13562.5,13615.5,13562.5,0.38,13560.5,13558.5,13558.5,13627.5,13388.5,13437.5,13604.785714285714,13569.642857142857,13453.983333333334,13494.216666666667,45.507194616951196,69.3578869595718,123.36848947523187,0.0038346668633162384,1,2,1,0,0,20,8,13618.5
2018-02-21,13618.5,13575.5,13618.5,13570.5,0.04,13612.5,13560.5,13558.5,13657.5,13427.0,13436.5,13599.214285714286,13583.32142857143,13460.05,13496.15,40.03629305898758,56.81095748259298,126.90339456343231,0.00044077134986220123,2,2,1,0,0,21,8,13682.5
2018-02-22,13682.5,13652.5,13690.5,13652.5,0.47,13618.5,13612.5,13560.5,13657.5,13451.5,13399.5,13602.785714285714,13599.82142857143,13469.483333333334,13498.758333333333,46.66802719105542,48.52065664082491,132.63610337889978,0.004699489664794276,3,2,1,0,0,22,8,13667.5
2018-02-23,13667.5,13667.5,13684.5,13662.5,-0.11,13682.5,13618.5,13612.5,13628.5,13525.0,13353.5,13608.357142857143,13610.0,13479.95,13501.116666666667,52.244389081282854,46.522947191267406,135.52575464616186,-0.0010962908825141726,4,2,1,0,0,23,8,13660.0
2018-02-26,13660.0,13660.0,13665.0,13645.0,-0.05,13667.5,13682.5,13618.5,13558.5,13552.5,13334.5,13622.857142857143,13617.67857142857,13490.8,13503.35,50.14372201126475,45.15384264346378,136.50569016811582,-0.000548747027620311,0,2,1,0,0,26,9,13675.0
2018-02-27,13675.0,13652.0,13685.0,13650.0,0.11,13660.0,13667.5,13682.5,13558.5,13553.0,13337.5,13639.5,13626.392857142857,13502.05,13505.95,44.20501479847426,43.451643578186875,137.34077614860456,0.001098096632503598,1,2,1,0,0,27,9,13745.0
2018-02-28,13745.0,13705.0,13755.0,13705.0,0.51,13675.0,13660.0,13667.5,13560.5,13605.0,13357.5,13665.857142857143,13636.392857142857,13514.966666666667,13509.383333333333,44.25467422178071,53.17213648966662,141.43805353759396,0.00511882998171842,2,2,1,1,0,28,9,13747.5
2018-03-01,13747.5,13782.5,13802.5,13742.5,0.02,13745.0,13675.0,13660.0,13612.5,13627.5,13346.0,13685.142857142857,13644.964285714286,13528.35,13512.616666666667,46.48630110554926,60.759128559177434,143.87321705656103,0.00018188432157151269,3,3,1,0,1,1,9,13757.5
2018-03-02,13757.5,13722.5,13762.5,13722.5,0.07,13747.5,13745.0,13675.0,13618.5,13657.5,13313.5,13705.0,13652.107142857143,13543.15,13516.116666666667,42.8174419288773,67.8145600915684,143.84661071360148,0.0007274049827241669,4,3,1,0,0,2,9,13762.5
2018-03-05,13762.5,13737.5,13775.5,13737.5,0.04,13757.5,13747.5,13745.0,13682.5,13657.5,13347.5,13716.42857142857,13659.607142857143,13556.983333333334,13519.616666666667,46.34241089561927,73.98263272571297,144.3365609126432,0.0003634381246593321,0,3,1,0,0,5,10,13775.0
2018-03-06,13775.0,13750.0,13785.0,13745.0,0.09,13762.5,13757.5,13747.5,13667.5,13628.5,13325.0,13731.785714285714,13670.07142857143,13571.983333333334,13523.058333333332,45.224308676168654,79.40617519634486,142.77100566105273,0.0009082652134422275,1,3,1,0,0,6,10,13766.0
2018-03-07,13766.0,13754.0,13776.0,13754.0,-0.07,13775.0,13762.5,13757.5,13660.0,13558.5,13313.5,13746.92857142857,13684.892857142857,13587.066666666668,13526.075,33.37592516997274,76.28291939339744,138.35572177226146,-0.0006533575317604345,2,3,1,0,0,7,10,13785.0
2018-03-08,13785.0,13760.0,13785.0,13760.0,0.14,13766.0,13775.0,13762.5,13675.0,13558.5,13288.5,13762.642857142857,13701.07142857143,13603.616666666667,13529.533333333333,14.322808982251198,71.26868368852347,130.90472208581596,0.0013802121168096093,3,3,1,0,0,8,10,13781.0
2018-03-09,13781.0,13794.0,13799.0,13774.0,-0.03,13785.0,13766.0,13775.0,13745.0,13560.5,13307.0,13767.785714285714,13716.82142857143,13619.416666666666,13532.908333333333,13.363062095590438,61.51003893738181,122.18408125709554,-0.00029017047515411676,4,3,1,0,0,9,10,13770.0
2018-03-12,13770.0,13770.0,13780.0,13770.0,-0.08,13781.0,13785.0,13766.0,13747.5,13612.5,13363.5,13771.0,13728.07142857143,13632.966666666667,13536.05,9.937303457134066,55.023371657313966,115.16307278520381,-0.0007982004208693105,0,3,1,0,0,12,11,13750.5
2018-03-13,13750.5,13764.5,13764.5,13749.5,-0.14,13770.0,13781.0,13785.0,13757.5,13618.5,13432.5,13770.0,13737.5,13643.566666666668,13538.95,11.715374513824669,45.243784103087066,110.62048614076777,-0.0014161220043572564,1,3,1,0,0,13,11,13736.5
2018-03-14,13736.5,13741.5,13742.5,13726.5,-0.1,13750.5,13770.0,13781.0,13762.5,13682.5,13388.5,13766.285714285714,13741.357142857143,13655.166666666666,13541.6,17.286452168406704,42.407105976818215,100.75759005662935,-0.001018144794734721,2,3,1,0,0,14,11,13747.5
2018-03-15,13747.5,13737.5,13752.5,13737.5,0.08,13736.5,13750.5,13770.0,13775.0,13667.5,13427.0,13762.357142857143,13747.07142857143,13665.85,13544.766666666666,18.082482973181325,36.69461139541513,92.3733195918094,0.0008007862264769461,3,3,1,0,0,15,11,13749.0
2018-03-16,13749.0,13764.0,13770.0,13744.0,0.01,13747.5,13736.5,13750.5,13766.0,13660.0,13451.5,13759.92857142857,13753.42857142857,13675.766666666666,13547.9,18.644544714694902,26.834146689190067,84.17343889902979,0.00010911074740871385,4,3,1,0,0,16,11,13764.5
2018-03-19,13764.5,13765.5,13765.5,13755.5,0.11,13749.0,13747.5,13736.5,13785.0,13675.0,13525.0,13757.0,13759.82142857143,13683.75,13551.291666666666,15.3731367434415,14.57158343904645,80.66552376408806,0.0011273547167067743,0,3,1,0,0,19,12,13750.0
2018-03-20,13750.0,13766.0,13768.0,13750.0,-0.11,13764.5,13749.0,13747.5,13781.0,13745.0,13552.5,13752.57142857143,13760.17857142857,13690.333333333334,13554.441666666668,11.207990346992734,14.23782494995921,77.58491825236773,-0.0010534345599186867,1,3,1,0,0,20,12,13762.5
2018-03-21,13762.5,13757.5,13766.5,13752.5,0.09,13750.0,13764.5,13749.0,13770.0,13747.5,13553.0,13751.5,13761.25,13697.316666666668,13557.808333333332,9.491224016562251,13.76694759628242,74.1498347166223,0.0009090909090909705,2,3,1,0,0,21,12,13752.5
2018-03-22,13752.5,13727.5,13753.5,13727.5,-0.07,13762.5,13750.0,13764.5,13750.5,13757.5,13605.0,13751.785714285714,13760.892857142857,13702.233333333334,13560.983333333334,9.486205523671153,13.9355364370785,72.6933489977066,-0.0007266121707538709,3,3,1,0,0,22,12,13782.5
2018-03-23,13782.5,13762.5,13796.5,13762.5,0.22,13752.5,13762.5,13750.0,13736.5,13762.5,13627.5,13758.357142857143,13762.32142857143,13707.4,13564.566666666668,12.56554245315583,15.090250471927993,72.7068274553172,0.0021814215597164566,4,3,1,0,0,23,12,13740.0
2018-03-26,13740.0,13780.0,13785.0,13740.0,-0.31,13782.5,13752.5,13762.5,13747.5,13775.0,13657.5,13757.285714285714,13759.82142857143,13710.15,13567.441666666668,13.895014522145784,15.71452921778042,72.31351163865429,-0.0030836205332849254,0,3,1,0,0,26,13,13742.0
2018-03-27,13742.0,13717.0,13747.0,13697.0,0.01,13740.0,13782.5,13752.5,13749.0,13766.0,13657.5,13756.285714285714,13758.107142857143,13712.966666666667,13571.183333333332,14.812317911251508,16.287298697643866,71.83613216936162,0.00014556040756907862,1,3,1,0,0,27,13,13763.0
2018-03-28,13763.0,13748.0,13768.0,13733.0,0.15,13742.0,13740.0,13782.5,13764.5,13785.0,13628.5,13756.07142857143,13756.535714285714,13717.45,13575.933333333332,14.68397247403679,14.450797535632406,70.56866917380545,0.0015281618396156826,2,3,1,0,0,28,13,13765.0
2018-03-29,13765.0,13767.0,13775.0,13749.0,0.01,13763.0,13742.0,13740.0,13750.0,13781.0,13558.5,13758.214285714286,13755.392857142857,13724.333333333334,13581.625,14.74465197635987,12.918648670889002,64.3247865205627,0.00014531715469012774,3,3,1,0,0,29,13,13765.0
2018-03-30,13765.0,13765.0,13765.0,13765.0,0.0,13765.0,13763.0,13742.0,13762.5,13770.0,13558.5,13758.57142857143,13755.035714285714,13731.216666666667,13587.45,14.895269303314262,12.547546932820735,56.54547808578853,0.0,4,3,1,0,0,30,13,13754.0
2018-04-02,13754.0,13741.0,13761.0,13741.0,-0.08,13765.0,13765.0,13763.0,13752.5,13750.5,13560.5,13758.785714285714,13755.285714285714,13737.666666666666,13592.908333333333,14.80387658365092,12.484935976568448,46.554071886267025,-0.0007991282237559405,0,4,2,0,0,2,14,13764.5
2018-04-03,13764.5,13761.5,13767.5,13751.5,0.08,13754.0,13765.0,13765.0,13782.5,13736.5,13612.5,13756.214285714286,13757.285714285714,13742.733333333334,13598.358333333334,11.097511518533176,11.443362679553138,40.315294721755855,0.000763414279482344,1,4,2,0,0,3,14,13766.5
2018-04-04,13766.5,13763.5,13768.5,13753.5,0.01,13764.5,13754.0,13765.0,13740.0,13747.5,13618.5,13760.0,13758.642857142857,13747.666666666666,13603.858333333334,8.958236433539442,11.319534800379868,32.97604494517433,0.00014530131860945872,2,4,2,0,0,4,14,13766.5
2018-04-05,13766.5,13762.5,13772.5,13762.5,0.0,13766.5,13764.5,13754.0,13742.0,13749.0,13682.5,13763.5,13759.892857142857,13750.466666666667,13609.975,4.358898943446576,11.137563900395172,30.74251614371929,0.0,3,4,2,0,0,5,14,13773.5
2018-04-06,13773.5,13773.5,13783.5,13773.5,0.05,13766.5,13766.5,13764.5,13763.0,13764.5,13667.5,13765.0,13760.535714285714,13754.0,13616.975,5.744562646466035,11.670911052705941,26.70431968149417,0.0005084807322122131,4,4,2,0,0,6,14,13764.5
2018-04-09,13764.5,13764.5,13775.5,13759.5,-0.07,13773.5,13766.5,13766.5,13765.0,13750.0,13660.0,13764.92857142857,13761.57142857143,13757.483333333334,13624.141666666666,5.747670335439164,11.301560719219609,19.992017084894243,-0.0006534286855193194,0,4,2,0,0,9,15,13749.0
2018-04-10,13749.0,13761.0,13762.0,13736.0,-0.11,13764.5,13773.5,13766.5,13765.0,13762.5,13675.0,13762.642857142857,13760.607142857143,13759.95,13631.0,8.32022778987273,11.781959107235211,12.699002132792932,-0.001126085219223416,1,4,2,0,0,10,15,13758.5
2018-04-11,13758.5,13744.5,13761.5,13741.5,0.07,13749.0,13764.5,13773.5,13754.0,13752.5,13745.0,13763.285714285714,13761.035714285714,13760.4,13637.683333333332,7.691213292058602,11.571623589300012,12.386310574639943,0.0006909593424977434,2,4,2,0,0,11,15,13769.5
2018-04-12,13769.5,13755.5,13770.5,13750.5,0.08,13758.5,13749.0,13764.5,13764.5,13782.5,13747.5,13764.0,13760.107142857143,13761.133333333333,13644.741666666667,8.046738469664193,10.151124550283415,12.246697889295094,0.0007995057600755917,3,4,2,0,0,12,15,13752.5
2018-04-13,13752.5,13742.5,13760.5,13740.5,-0.12,13769.5,13758.5,13749.0,13766.5,13740.0,13757.5,13762.0,13761.0,13760.966666666667,13652.058333333332,9.00462843944802,8.691286527519264,12.331578004789877,-0.0012346127310359778,4,4,2,0,0,13,15,13774.5
2018-04-16,13774.5,13752.5,13779.5,13752.5,0.16,13752.5,13769.5,13758.5,13766.5,13742.0,13762.5,13763.142857142857,13763.32142857143,13761.366666666667,13659.175,10.110696834312128,7.482305131088353,12.575244793062955,0.0015997091437920385,0,4,2,0,0,16,16,13766.0
2018-04-17,13766.0,13761.0,13773.0,13751.0,-0.06,13774.5,13752.5,13769.5,13773.5,13763.0,13775.0,13762.07142857143,13763.535714285714,13761.066666666668,13666.525,9.185262523098089,7.515277477858131,12.344015255982999,-0.0006170822897383355,1,4,2,0,0,17,16,13774.5
2018-04-18,13774.5,13766.5,13776.5,13766.5,0.06,13766.0,13774.5,13752.5,13764.5,13765.0,13766.0,13763.5,13764.214285714286,13761.35,13674.208333333334,10.331989159846104,8.066345766869548,12.556870629112236,0.0006174633154147902,2,4,2,0,0,18,16,13781.0
2018-04-19,13781.0,13771.0,13785.0,13769.0,0.05,13774.5,13766.0,13774.5,13749.0,13765.0,13785.0,13768.07142857143,13765.357142857143,13761.216666666667,13682.416666666666,9.918117140778907,9.235026488884433,12.316013778758164,0.00047188645685869446,3,4,2,0,0,19,16,13877.5
2018-04-20,13877.5,13792.5,13877.5,13787.5,0.7,13781.0,13774.5,13766.0,13758.5,13754.0,13781.0,13785.07142857143,13774.17857142857,13764.433333333332,13691.925,41.73370797031471,30.966860165918224,24.36706841178787,0.007002394601262507,4,4,2,0,0,20,16,13895.0
2018-04-23,13895.0,13900.0,13900.0,13894.0,0.13,13877.5,13781.0,13774.5,13769.5,13764.5,13770.0,13803.0,13783.5,13768.6,13700.783333333333,57.795616904159836,44.50929030034556,34.09656671961545,0.0012610340479193294,0,4,2,0,0,23,17,13887.5
2018-04-24,13887.5,13897.5,13901.5,13882.5,-0.05,13895.0,13877.5,13781.0,13752.5,13766.5,13750.5,13822.285714285714,13792.142857142857,13773.166666666666,13708.366666666667,60.59211798496382,52.0615126447942,40.21436810761868,-0.0005397625044980536,1,4,2,0,0,24,17,13920.0
2018-04-25,13920.0,13877.0,13925.0,13875.0,0.23,13887.5,13895.0,13877.5,13774.5,13766.5,13736.5,13843.07142857143,13803.107142857143,13779.283333333333,13717.225,66.16735635959775,61.54553616583662,47.70304756640443,0.0023402340234024432,2,4,2,0,0,25,17,13887.5
2018-04-26,13887.5,13912.5,13932.5,13881.5,-0.23,13920.0,13887.5,13895.0,13766.0,13773.5,13747.5,13860.42857142857,13811.25,13783.95,13724.9,58.013955628089704,64.78329259895467,51.20586409033229,-0.0023347701149425415,3,4,2,0,0,26,17,13890.0
2018-04-27,13890.0,13875.0,13901.0,13874.0,0.02,13887.5,13920.0,13887.5,13774.5,13764.5,13749.0,13876.92857142857,13820.214285714286,13788.65,13732.208333333334,44.30709929139924,66.47750177104622,54.2667660409935,0.00018001800180011962,4,4,2,0,0,27,17,13912.5
2018-04-30,13912.5,13862.5,13912.5,13862.5,0.16,13890.0,13887.5,13920.0,13781.0,13749.0,13764.5,13895.714285714286,13831.892857142857,13793.583333333334,13738.666666666666,15.118578920330053,67.36016243653927,58.55355393276426,0.0016198704103671524,0,4,2,1,0,30,18,13912.5
2018-05-01,13912.5,13912.5,13912.5,13912.5,0.0,13912.5,13890.0,13887.5,13877.5,13758.5,13750.0,13900.714285714286,13842.892857142857,13799.0,13744.666666666666,13.822858914502643,67.02645246192078,61.808519667150286,0.0,1,5,2,0,1,1,18,13945.0
2018-05-02,13945.0,13920.0,13965.0,13920.0,0.23,13912.5,13912.5,13890.0,13895.0,13769.5,13762.5,13907.857142857143,13855.42857142857,13805.083333333334,13751.2,21.283237311908074,68.63640465463699,66.86632100731813,0.0023360287511231537,2,5,2,0,0,2,18,13937.5
2018-05-03,13937.5,13952.5,13975.5,13936.5,-0.05,13945.0,13912.5,13912.5,13887.5,13752.5,13752.5,13915.0,13868.642857142857,13811.25,13756.741666666667,21.698694277125014,65.00841027552987,70.29258434422061,-0.0005378271782000565,3,5,2,0,0,3,18,13940.0
2018-05-04,13940.0,13930.0,13952.0,13930.0,0.02,13937.5,13945.0,13912.5,13920.0,13774.5,13782.5,13917.857142857143,13880.464285714286,13816.5,13761.95,23.69197171635001,61.52656220771921,73.86229031806943,0.0001793721973093465,4,5,2,0,0,4,18,14000.0
2018-05-07,14000.0,13940.0,14005.0,13940.0,0.43,13940.0,13937.5,13945.0,13887.5,13766.0,13740.0,13933.92857142857,13897.17857142857,13825.166666666666,13767.658333333333,35.084930966885935,59.79921762471392,79.60682839074242,0.004304160688665792,0,5,2,0,0,7,19,14050.0
2018-05-08,14050.0,14000.0,14055.0,14000.0,0.36,14000.0,13940.0,13937.5,13890.0,13774.5,13742.0,13956.785714285714,13916.857142857143,13835.433333333332,13774.2,50.45035277613817,61.625553069842994,87.9363732884341,0.0035714285714285587,1,5,2,0,0,8,19,14080.0
2018-05-09,14080.0,14060.0,14090.0,14060.0,0.21,14050.0,14000.0,13940.0,13912.5,13781.0,13763.0,13980.714285714286,13938.214285714286,13846.0,13781.725,63.8800028326816,62.72213272856575,97.46228271347127,0.002135231316725994,2,5,2,0,0,9,19,14080.0
2018-05-10,14080.0,14080.0,14080.0,14080.0,0.0,14080.0,14050.0,14000.0,13912.5,13877.5,13765.0,14004.642857142857,13952.67857142857,13856.5,13790.416666666666,65.42216385758081,70.50957576583637,105.10347938725383,0.0,3,5,2,0,0,10,19,13950.0
2018-05-11,13950.0,14075.0,14075.0,13950.0,-0.92,14080.0,14080.0,14050.0,13945.0,13895.0,13765.0,14005.357142857143,13956.607142857143,13862.666666666666,13796.941666666668,64.6855949224772,68.5537909433165,104.97695423061585,-0.009232954545454586,4,5,2,0,0,11,19,13970.0
2018-05-14,13970.0,13955.0,13990.0,13945.0,0.14,13950.0,14080.0,14080.0,13937.5,13887.5,13754.0,14010.0,13962.5,13869.866666666667,13803.766666666666,59.99999999998862,65.64033703528753,104.67378993256713,0.0014336917562725038,0,5,2,0,0,14,20,14037.0
2018-05-15,14037.0,13984.0,14040.0,13984.0,0.48,13970.0,13950.0,14080.0,13940.0,13920.0,13764.5,14023.857142857143,13970.857142857143,13878.95,13810.841666666667,51.77653449013579,67.24165048830459,107.01235426582245,0.004795991410164735,1,5,2,0,0,15,20,14093.0
2018-05-16,14093.0,14070.0,14115.0,14070.0,0.4,14037.0,13970.0,13950.0,14000.0,13887.5,13766.5,14037.142857142857,13985.535714285714,13889.833333333334,13818.75,56.3631929880507,70.01798238376809,111.68253447045248,0.003989456436560568,2,5,2,0,0,16,20,14052.0
2018-05-17,14052.0,14065.0,14082.0,14045.0,-0.29,14093.0,14037.0,13970.0,14050.0,13890.0,13766.5,14037.42857142857,13997.107142857143,13899.35,13824.908333333333,56.4442413444552,66.30267965640884,112.96727860083847,-0.00290924572482798,3,5,2,0,0,17,20,14152.5
2018-05-18,14152.5,14042.5,14157.5,14042.5,0.72,14052.0,14093.0,14037.0,14080.0,13912.5,13773.5,14047.785714285714,14014.25,13911.983333333334,13832.991666666667,70.4674021225666,73.39192734864581,119.41599870671922,0.007152006831767643,4,5,2,0,0,18,20,14185.0
2018-05-21,14185.0,14155.0,14205.0,14155.0,0.23,14152.5,14052.0,14093.0,14080.0,13912.5,13764.5,14062.785714285714,14033.714285714286,13926.0,13841.741666666667,87.5680007874082,80.15434972705711,126.00465234978385,0.0022964140611199113,0,5,2,0,0,21,21,14138.0
2018-05-22,14138.0,14155.0,14192.0,14125.0,-0.33,14185.0,14152.5,14052.0,13950.0,13945.0,13749.0,14089.642857142857,14047.5,13938.966666666667,13849.458333333334,75.16244312914304,80.31955408975723,127.17202124878953,-0.003313359182234743,1,5,2,0,0,22,21,14207.0
2018-05-23,14207.0,14155.0,14215.0,14155.0,0.49,14138.0,14185.0,14152.5,13970.0,13937.5,13758.5,14123.5,14066.75,13953.916666666666,13857.158333333333,64.97499519044909,84.13285053061571,131.51341109882077,0.004880463997736673,2,5,2,0,0,23,21,14135.0
2018-05-24,14135.0,14180.0,14215.0,14130.0,-0.51,14207.0,14138.0,14185.0,14037.0,13940.0,13769.5,14137.5,14080.67857142857,13966.1,13863.616666666667,52.612577710394305,77.40741545212214,130.7677857620152,-0.005067924262687429,3,5,2,0,0,24,21,14120.0
2018-05-25,14120.0,14145.0,14175.0,14120.0,-0.11,14135.0,14207.0,14138.0,14093.0,14000.0,13752.5,14141.357142857143,14089.25,13978.35,13869.658333333333,49.71645794377507,74.37088708693581,127.23377547132087,-0.0010611956137247525,4,5,2,0,0,25,21,13990.0
2018-05-28,13990.0,14085.0,14085.0,13975.0,-0.92,14120.0,14135.0,14207.0,14052.0,14050.0,13774.5,14132.5,14084.964285714286,13985.533333333333,13873.45,69.76806814963604,78.42499216160992,121.27163392730854,-0.009206798866855492,0,5,2,0,0,28,22,13990.0
2018-05-29,13990.0,13990.0,13990.0,13990.0,0.0,13990.0,14120.0,14135.0,14152.5,14080.0,13766.0,14109.285714285714,14078.535714285714,13993.0,13877.033333333333,86.92854208239223,82.44869366980092,113.96460430537016,0.0,1,5,2,0,0,29,22,13990.0
2018-05-30,13990.0,14025.0,14045.0,13970.0,0.0,13990.0,13990.0,14120.0,14185.0,14080.0,13774.5,14081.42857142857,14072.107142857143,14000.183333333332,13880.766666666666,89.81807008772998,85.76761504876859,106.24771667592393,0.0,2,5,2,0,0,30,22,13895.0
2018-05-31,13895.0,13945.0,13961.0,13875.0,-0.68,13990.0,13990.0,13990.0,14138.0,13950.0,13781.0,14046.714285714286,14068.17857142857,14003.983333333334,13882.6,109.18136942065638,92.76513087060077,99.9927138150014,-0.006790564689063583,3,5,2,1,0,31,22,13895.0
2018-06-01,13895.0,13895.0,13895.0,13895.0,0.0,13895.0,13990.0,13990.0,14207.0,13970.0,13877.5,14002.142857142857,14062.82142857143,14004.566666666668,13884.5,95.69296137721378,100.69749197500107,99.27788701705695,0.0,4,6,2,0,1,1,22,13872.0
2018-06-04,13872.0,13855.0,13901.0,13850.0,-0.17,13895.0,13895.0,13990.0,14135.0,14037.0,13895.0,13964.57142857143,14051.035714285714,14003.8,13886.2,85.97258699308459,112.87202833371079,100.23735624109261,-0.001655271680460646,0,6,2,0,0,4,23,13879.0
2018-06-05,13879.0,13865.0,13900.0,13865.0,0.05,13872.0,13895.0,13895.0,14120.0,14093.0,13887.5,13930.142857142857,14035.75,14003.516666666666,13888.341666666667,56.59042490098289,120.95306623114759,100.58882533167395,0.0005046136101498622,1,6,2,0,0,5,23,13852.5
2018-06-06,13852.5,13882.5,13885.5,13832.5,-0.19,13879.0,13872.0,13895.0,13990.0,14052.0,13920.0,13910.5,14021.5,14001.266666666666,13890.275,56.21313606857535,130.2834188633274,103.24132537101909,-0.0019093594639383316,2,6,2,0,0,6,23,13870.0
2018-06-07,13870.0,13860.0,13887.0,13850.0,0.13,13852.5,13879.0,13872.0,13990.0,14152.5,13887.5,13893.357142857143,14001.32142857143,14000.683333333332,13892.316666666668,45.133795805437835,130.31022262596406,103.95327890643522,0.0012633098718641822,3,6,2,0,0,7,23,13930.0
2018-06-08,13930.0,13906.0,13947.0,13895.0,0.43,13870.0,13852.5,13879.0,13990.0,14185.0,13890.0,13884.785714285714,13983.107142857143,14002.016666666666,13895.333333333334,24.869420886613046,120.08141125761561,102.73404594095918,0.00432588320115368,4,6,2,0,0,8,23,13930.0
2018-06-11,13930.0,13930.0,13930.0,13930.0,0.0,13930.0,13870.0,13852.5,13895.0,14138.0,13912.5,13889.785714285714,13968.25,14002.6,13898.091666666667,30.21017646261274,112.04132994273044,102.25680990726538,0.0,0,6,2,0,0,11,24,13930.0
2018-06-12,13930.0,13930.0,13930.0,13930.0,0.0,13930.0,13930.0,13870.0,13895.0,14207.0,13912.5,13894.785714285714,13948.464285714286,14003.183333333332,13901.091666666667,33.88935076444457,88.65370491726061,101.77387742654594,0.0,1,6,2,0,0,12,24,13930.0
2018-06-13,13930.0,13930.0,13930.0,13930.0,0.0,13930.0,13930.0,13930.0,13872.0,14135.0,13945.0,13903.07142857143,13933.82142857143,14002.683333333332,13903.883333333333,34.47514632721998,70.55647142037216,102.10588514677306,0.0,2,6,2,0,0,13,24,13930.0
2018-06-14,13930.0,13930.0,13930.0,13930.0,0.0,13930.0,13930.0,13930.0,13879.0,14120.0,13937.5,13910.357142857143,13920.25,14002.433333333332,13906.841666666667,33.92481182173927,45.98526101614671,102.28001905967456,0.0,3,6,2,0,0,14,24,13930.0
2018-06-15,13930.0,13930.0,13930.0,13930.0,0.0,13930.0,13930.0,13930.0,13852.5,13990.0,13940.0,13921.42857142857,13915.964285714286,14002.1,13909.3,22.677868380501735,41.56850892226106,102.5065515147451,0.0,4,6,2,0,0,15,24,13930.0
2018-06-18,13930.0,13930.0,13930.0,13930.0,0.0,13930.0,13930.0,13930.0,13870.0,13990.0,14000.0,13930.0,13911.67857142857,13999.766666666666,13912.466666666667,0.0,36.07876380582633,103.34923496481677,0.0,0,6,2,0,0,18,25,13930.0
2018-06-19,13930.0,13930.0,13930.0,13930.0,0.0,13930.0,13930.0,13930.0,13930.0,13990.0,14050.0,13930.0,13907.392857142857,13995.766666666666,13915.6,0.0,28.911122806502554,103.65973292403307,0.0,1,6,2,0,0,19,25,13930.0
2018-06-20,13930.0,13930.0,13930.0,13930.0,0.0,13930.0,13930.0,13930.0,13930.0,13895.0,14080.0,13930.0,13909.892857142857,13990.766666666666,13918.383333333333,0.0,29.2681098245472,103.07260023661493,0.0,2,6,2,0,0,20,25,14103.0
2018-06-21,14103.0,13975.0,14111.0,13975.0,1.24,13930.0,13930.0,13930.0,13930.0,13895.0,14080.0,13954.714285714286,13924.75,13991.533333333333,13924.016666666666,65.38785383058011,58.909562368219824,103.84188356152828,0.01241923905240494,3,6,2,0,0,21,25,14080.0
2018-06-22,14080.0,14095.0,14110.0,14058.0,-0.16,14103.0,13930.0,13930.0,13930.0,13872.0,13950.0,13976.142857142857,13939.607142857143,13995.866666666667,13929.266666666666,79.08313889281875,69.80417074000671,104.75734961732938,-0.0016308586825498628,4,6,2,0,0,22,25,14155.0
2018-06-25,14155.0,14103.0,14165.0,14103.0,0.53,14080.0,14103.0,13930.0,13930.0,13879.0,13970.0,14008.285714285714,13959.32142857143,14002.033333333333,13935.95,100.12777550994338,87.97893260530732,108.55833751340778,0.005326704545454586,0,6,2,0,0,25,26,14178.0
2018-06-26,14178.0,14130.0,14185.0,14130.0,0.16,14155.0,14080.0,14103.0,13930.0,13852.5,14037.0,14043.714285714286,13982.57142857143,14006.733333333334,13942.841666666667,111.0866242858991,99.7941838026116,113.08241832101977,0.0016248675379724187,1,6,2,0,0,26,26,14178.0
2018-06-27,14178.0,14178.0,14178.0,14178.0,0.0,14178.0,14155.0,14080.0,13930.0,13870.0,14093.0,14079.142857142857,14004.57142857143,14009.566666666668,13949.7,108.28731623390416,106.77417887614192,116.33644233897095,0.0,2,6,2,0,0,27,26,14390.0
2018-06-28,14390.0,14220.0,14400.0,14195.0,1.5,14178.0,14178.0,14155.0,13930.0,13930.0,14052.0,14144.857142857143,14037.42857142857,14020.833333333334,13960.091666666667,138.15260713117968,145.7314254085081,135.39363641473665,0.01495274368740307,3,6,2,0,0,28,26,14330.0
2018-06-29,14330.0,14365.0,14415.0,14305.0,-0.42,14390.0,14178.0,14178.0,13930.0,13930.0,14152.5,14202.0,14066.0,14026.75,13969.366666666667,115.30683703348369,161.41632745536117,144.8910857304016,-0.004169562195969423,4,6,2,0,0,29,26,14380.0
2018-07-02,14380.0,14255.0,14410.0,14255.0,0.35,14330.0,14390.0,14178.0,14103.0,13930.0,14185.0,14241.57142857143,14098.142857142857,14033.25,13979.625,122.9469494576924,176.36363533357923,156.17015201153825,0.0034891835310537633,0,7,3,0,0,2,27,14380.0
2018-07-03,14380.0,14370.0,14460.0,14370.0,0.0,14380.0,14330.0,14390.0,14080.0,13930.0,14138.0,14284.42857142857,14130.285714285714,14041.316666666668,13990.141666666666,108.701206897406,184.19489200762405,167.59919776642894,0.0,1,7,3,0,0,3,27,14352.0
2018-07-04,14352.0,14330.0,14370.0,14310.0,-0.19,14380.0,14380.0,14330.0,14155.0,13930.0,14207.0,14312.57142857143,14160.42857142857,14046.15,14000.033333333333,94.13263186033232,183.42540478575876,174.49113948455147,-0.0019471488178025576,2,7,3,0,0,4,27,14385.0
2018-07-05,14385.0,14365.0,14425.0,14365.0,0.23,14352.0,14380.0,14380.0,14178.0,13930.0,14135.0,14342.142857142857,14192.92857142857,14054.483333333334,14010.291666666666,75.4772119504305,179.72862632540645,184.5599838634438,0.00229933110367897,3,7,3,0,0,5,27,14370.0
2018-07-06,14370.0,14375.0,14422.0,14358.0,-0.1,14385.0,14352.0,14380.0,14178.0,13930.0,14120.0,14369.57142857143,14224.357142857143,14062.816666666668,14020.583333333334,21.39982198414956,168.32322712907285,193.06817106441284,-0.0010427528675703845,4,7,3,0,0,6,27,14325.0
2018-07-09,14325.0,14330.0,14345.0,14320.0,-0.31,14370.0,14385.0,14352.0,14390.0,13930.0,13990.0,14360.285714285714,14252.57142857143,14073.983333333334,14029.758333333333,24.877796564519574,146.93363980188303,198.32759747331352,-0.0031315240083507057,0,7,3,0,0,9,28,14360.0
2018-07-10,14360.0,14305.0,14375.0,14305.0,0.24,14325.0,14370.0,14385.0,14330.0,13930.0,13990.0,14364.57142857143,14283.285714285714,14086.316666666668,14039.658333333333,21.085991739065342,116.00558910341324,204.33831325613963,0.002443280977312501,1,7,3,0,0,10,28,14385.0
2018-07-11,14385.0,14375.0,14395.0,14375.0,0.17,14360.0,14325.0,14370.0,14380.0,14103.0,13990.0,14365.285714285714,14303.42857142857,14099.483333333334,14049.833333333334,21.76935373192436,106.37648256963628,210.54971086924542,0.0017409470752089984,2,7,3,0,0,11,28,14380.0
2018-07-12,14380.0,14405.0,14445.0,14380.0,-0.03,14385.0,14360.0,14325.0,14380.0,14080.0,13895.0,14365.285714285714,14324.857142857143,14115.65,14059.816666666668,21.76935373192436,86.21159759783137,212.91406514818937,-0.0003475842891901282,3,7,3,0,0,12,28,14380.0
2018-07-13,14380.0,14340.0,14386.0,14340.0,0.0,14380.0,14385.0,14360.0,14352.0,14155.0,13895.0,14369.285714285714,14340.92857142857,14131.816666666668,14068.191666666668,21.49196970744363,71.89464972632204,213.9926877309017,0.0,4,7,3,0,0,13,28,14375.0
2018-07-16,14375.0,14390.0,14420.0,14375.0,-0.03,14380.0,14380.0,14385.0,14385.0,14178.0,13872.0,14367.857142857143,14355.0,14148.583333333334,14076.191666666668,20.586634591657475,54.798933172572895,212.6347882189457,-0.0003477051460362146,0,7,3,0,0,16,29,14370.0
2018-07-17,14370.0,14385.0,14400.0,14362.0,-0.03,14375.0,14380.0,14380.0,14370.0,14178.0,13879.0,14367.857142857143,14368.714285714286,14164.95,14084.233333333334,20.586634591657475,20.193024579950148,210.04984424883978,-0.0003478260869564931,1,7,3,0,0,17,29,14405.0
2018-07-18,14405.0,14390.0,14422.0,14390.0,0.24,14370.0,14375.0,14380.0,14325.0,14390.0,13852.5,14379.285714285714,14369.785714285714,14183.366666666667,14092.316666666668,13.972762620149425,21.747426270221315,205.89007501213376,0.002435629784272697,2,7,3,0,0,18,29,14475.0
2018-07-19,14475.0,14405.0,14480.0,14405.0,0.49,14405.0,14370.0,14375.0,14360.0,14330.0,13870.0,14395.714285714286,14380.142857142857,14203.533333333333,14102.108333333334,36.67748758079214,32.9728493026658,203.75623253988306,0.004859423811176766,3,7,3,0,0,19,29,14480.0
2018-07-20,14480.0,14485.0,14545.0,14475.0,0.03,14475.0,14405.0,14370.0,14385.0,14380.0,13930.0,14409.285714285714,14387.285714285714,14221.866666666667,14111.941666666668,47.9086432206053,42.41811762942555,203.03825583699657,0.0003454231433506205,4,7,3,0,0,20,29,14490.0
2018-07-23,14490.0,14430.0,14498.0,14425.0,0.07,14480.0,14475.0,14405.0,14380.0,14380.0,13930.0,14425.0,14395.142857142857,14240.533333333333,14121.566666666668,54.31390245601239,50.40124714937423,201.01187704372103,0.0006906077348065587,0,7,3,0,0,23,30,14530.0
2018-07-24,14530.0,14510.0,14565.0,14510.0,0.28,14490.0,14480.0,14475.0,14380.0,14352.0,13930.0,14446.42857142857,14407.857142857143,14260.533333333333,14131.858333333334,62.56425268703376,60.18287149932122,198.8872030579802,0.002760524499654915,1,7,3,0,0,24,30,14460.0
2018-07-25,14460.0,14500.0,14530.0,14460.0,-0.48,14530.0,14490.0,14480.0,14375.0,14385.0,13930.0,14458.57142857143,14413.214285714286,14278.2,14140.441666666668,54.06125273817071,61.31906287976786,191.9319922659295,-0.004817618719889838,2,7,3,0,0,25,30,14460.0
2018-07-26,14460.0,14425.0,14475.0,14415.0,0.0,14460.0,14530.0,14490.0,14370.0,14370.0,13930.0,14471.42857142857,14419.642857142857,14295.866666666667,14149.15,37.717622507528255,61.157560879030235,182.9587730710791,0.0,3,7,3,0,0,26,30,14417.5
2018-07-27,14417.5,14457.5,14492.5,14372.5,-0.29,14460.0,14460.0,14530.0,14405.0,14325.0,13930.0,14473.214285714286,14426.25,14312.116666666667,14157.108333333334,34.178279095152405,54.813933517098576,170.57285243702248,-0.0029391424619640283,4,7,3,0,0,27,30,14410.0
2018-07-30,14410.0,14385.0,14420.0,14385.0,-0.05,14417.5,14460.0,14460.0,14475.0,14360.0,13930.0,14463.92857142857,14429.82142857143,14328.116666666667,14163.941666666668,41.62974554674946,51.70612489418164,155.32455915970755,-0.0005202011444425114,0,7,3,0,0,30,31,14420.0
2018-07-31,14420.0,14405.0,14427.0,14402.0,0.07,14410.0,14417.5,14460.0,14480.0,14385.0,13930.0,14455.357142857143,14432.32142857143,14344.45,14170.108333333334,43.884995808867096,50.1963863014698,136.65816591166978,0.000693962526023606,1,7,3,1,0,31,31,14440.0
2018-08-01,14440.0,14430.0,14455.0,14430.0,0.14,14420.0,14410.0,14417.5,14490.0,14380.0,13930.0,14448.214285714286,14436.607142857143,14361.45,14176.108333333334,41.2995733864918,47.894185679494676,112.9966699234532,0.001386962552011095,2,8,3,0,1,1,31,14475.0
2018-08-02,14475.0,14440.0,14480.0,14440.0,0.24,14440.0,14420.0,14410.0,14530.0,14380.0,14103.0,14440.357142857143,14443.392857142857,14373.85,14182.691666666668,25.26643736549258,45.9473689585065,103.68446413732906,0.002423822714681334,3,8,3,0,0,2,31,14492.5
2018-08-03,14492.5,14487.5,14517.5,14487.5,0.12,14475.0,14440.0,14420.0,14460.0,14375.0,14080.0,14445.0,14451.785714285714,14387.6,14191.733333333334,31.655699855394378,43.13918185260176,89.79319150902367,0.0012089810017270608,4,8,3,0,0,3,31,14470.0
2018-08-06,14470.0,14495.0,14495.0,14465.0,-0.16,14492.5,14475.0,14440.0,14460.0,14370.0,14155.0,14446.42857142857,14458.92857142857,14398.1,14200.066666666668,32.65530657673463,36.29094882963659,79.48133591364488,-0.0015525271692254927,0,8,3,0,0,6,32,14440.0
2018-08-07,14440.0,14486.0,14493.0,14434.0,-0.21,14470.0,14492.5,14475.0,14417.5,14405.0,14178.0,14449.642857142857,14461.42857142857,14406.833333333334,14206.783333333333,30.359943848394416,33.37886084890423,68.03261557228424,-0.0020732550103662595,1,8,3,0,0,7,32,14435.0
2018-08-08,14435.0,14438.0,14450.0,14430.0,-0.03,14440.0,14470.0,14492.5,14410.0,14475.0,14178.0,14453.214285714286,14458.57142857143,14415.4,14212.483333333334,26.089361086585143,33.836630777013525,52.67064221861373,-0.0003462603878116033,2,8,3,0,0,8,32,14410.0
2018-08-09,14410.0,14430.0,14440.0,14395.0,-0.17,14435.0,14440.0,14470.0,14420.0,14480.0,14390.0,14451.785714285714,14453.57142857143,14416.066666666668,14218.45,28.38405823532355,35.554863965019585,52.46422974080467,-0.001731901627987531,3,8,3,0,0,9,32,14475.0
2018-08-10,14475.0,14425.0,14482.0,14425.0,0.45,14410.0,14435.0,14440.0,14440.0,14490.0,14330.0,14456.785714285714,14452.5,14420.9,14223.825,29.037127301201856,34.58545714713937,50.918189961570974,0.004510756419153328,4,8,3,0,0,10,32,14595.0
2018-08-13,14595.0,14495.0,14630.0,14495.0,0.83,14475.0,14410.0,14435.0,14475.0,14530.0,14380.0,14473.92857142857,14457.142857142857,14428.066666666668,14230.658333333333,60.240095016694404,47.67535590178642,59.38894784750721,0.008290155440414448,0,8,3,0,0,13,33,14580.0
2018-08-14,14580.0,14602.0,14635.0,14575.0,-0.1,14595.0,14475.0,14410.0,14492.5,14460.0,14380.0,14486.42857142857,14465.714285714286,14434.733333333334,14238.025,72.55539755446844,57.915958437032444,64.78728234785116,-0.0010277492291880241,1,8,3,0,0,14,33,14600.0
2018-08-15,14600.0,14600.0,14651.0,14570.0,0.14,14580.0,14595.0,14475.0,14470.0,14460.0,14352.0,14505.0,14475.714285714286,14443.0,14244.575,83.466560170333,68.05278332737338,69.51618516573858,0.00137174211248281,2,8,3,0,0,15,33,14610.0
2018-08-16,14610.0,14635.0,14635.0,14580.0,0.07,14600.0,14580.0,14595.0,14440.0,14417.5,14385.0,14529.285714285714,14489.464285714286,14450.5,14252.491666666667,86.0924198864558,74.52528334104466,74.96665925594729,0.00068493150684934,3,8,3,0,0,16,33,14610.0
2018-08-17,14610.0,14610.0,14610.0,14610.0,0.0,14610.0,14600.0,14580.0,14435.0,14410.0,14370.0,14554.285714285714,14503.75,14458.5,14260.658333333333,79.29000417395453,77.24057074588386,78.78823647533888,0.0,4,8,3,0,0,17,33,14590.0
2018-08-20,14590.0,14560.0,14595.0,14555.0,-0.14,14610.0,14610.0,14600.0,14410.0,14420.0,14325.0,14580.0,14515.892857142857,14467.333333333334,14270.658333333333,47.52192476461992,76.41993763442974,78.15748175331915,-0.001368925393566034,0,8,3,0,0,20,34,14580.0
2018-08-21,14580.0,14550.0,14590.0,14550.0,-0.07,14590.0,14610.0,14610.0,14475.0,14440.0,14360.0,14595.0,14525.892857142857,14474.666666666666,14280.491666666667,12.583057392149845,74.86916243310091,78.06035831475126,-0.0006854009595613775,1,8,3,0,0,21,34,14580.0
2018-08-22,14580.0,14580.0,14580.0,14580.0,0.0,14580.0,14590.0,14610.0,14595.0,14475.0,14385.0,14592.857142857143,14533.392857142857,14481.166666666666,14290.325,13.801311186876525,74.63763192129112,78.45417433930379,0.0,2,8,3,0,0,22,34,14630.0
2018-08-23,14630.0,14600.0,14642.0,14600.0,0.34,14580.0,14580.0,14590.0,14580.0,14492.5,14380.0,14600.0,14543.214285714286,14489.5,14302.575,18.257418583527002,77.82147080721138,80.58621427410547,0.003429355281207025,3,8,3,0,0,23,34,14642.0
2018-08-24,14642.0,14650.0,14665.0,14640.0,0.08,14630.0,14580.0,14580.0,14600.0,14470.0,14380.0,14606.0,14555.5,14498.233333333334,14315.025,24.193663082181118,78.94277381988175,82.4846624544679,0.0008202323991797211,4,8,3,0,0,24,34,14620.0
2018-08-27,14620.0,14605.0,14630.0,14585.0,-0.15,14642.0,14630.0,14580.0,14610.0,14440.0,14375.0,14607.42857142857,14568.357142857143,14506.4,14327.491666666667,24.757875130009282,73.12855607900579,81.98984377809418,-0.0015025269771888894,0,8,3,0,0,27,35,14622.0
2018-08-28,14622.0,14585.0,14630.0,14585.0,0.01,14620.0,14642.0,14630.0,14610.0,14435.0,14370.0,14609.142857142857,14581.714285714286,14514.8,14339.875,25.373401896676405,63.31657769417665,80.42758576335507,0.00013679890560869268,1,8,3,0,0,28,35,14655.0
2018-08-29,14655.0,14625.0,14658.0,14625.0,0.23,14622.0,14620.0,14642.0,14590.0,14410.0,14405.0,14618.42857142857,14599.214285714286,14523.133333333333,14353.25,28.85513901577522,42.71043571065386,81.6016325619734,0.0022568732047598683,2,8,3,0,0,29,35,14690.0
2018-08-30,14690.0,14655.0,14690.0,14650.0,0.24,14655.0,14622.0,14620.0,14580.0,14475.0,14475.0,14634.142857142857,14614.57142857143,14530.3,14366.916666666666,33.94322991619163,31.895778078802948,86.52143445810044,0.0023882633913339113,3,8,3,0,0,30,35,14730.0
2018-08-31,14730.0,14715.0,14735.0,14715.0,0.27,14690.0,14655.0,14622.0,14580.0,14595.0,14480.0,14655.57142857143,14624.214285714286,14538.633333333333,14380.25,40.73433090510079,43.73377249968074,93.28478211750502,0.002722940776038074,4,8,3,1,0,31,35,14815.0
2018-09-03,14815.0,14740.0,14830.0,14740.0,0.58,14730.0,14690.0,14655.0,14630.0,14580.0,14490.0,14682.0,14641.0,14549.466666666667,14395.0,70.51004656548726,65.25924632325412,105.51220989430283,0.0057705363204345606,0,9,3,0,0,3,36,14935.0
2018-09-04,14935.0,14820.0,14945.0,14820.0,0.81,14815.0,14730.0,14690.0,14642.0,14600.0,14530.0,14723.857142857143,14664.92857142857,14562.966666666667,14411.75,115.45190711782715,100.80557393404493,126.71464910912415,0.00809989875126571,1,9,3,0,0,4,36,14935.0
2018-09-05,14935.0,14930.0,14945.0,14929.0,0.0,14935.0,14815.0,14730.0,14620.0,14610.0,14460.0,14768.857142857143,14688.142857142857,14578.8,14428.5,128.8376608649168,122.3109889661802,142.1421459496457,0.0,2,9,3,0,0,5,36,14890.0
2018-09-06,14890.0,14905.0,14910.0,14854.0,-0.3,14935.0,14935.0,14815.0,14622.0,14610.0,14460.0,14807.142857142857,14708.142857142857,14593.133333333333,14444.5,117.21977730091722,131.1252232628413,151.14459469575863,-0.003013056578506812,3,9,3,0,0,6,36,14820.0
2018-09-07,14820.0,14870.0,14904.0,14820.0,-0.47,14890.0,14935.0,14935.0,14655.0,14590.0,14417.5,14830.714285714286,14724.57142857143,14606.55,14459.333333333334,96.23879031817268,129.58378001841447,152.87104944566443,-0.004701141705842793,4,9,3,0,0,7,36,14857.0
2018-09-10,14857.0,14825.0,14880.0,14820.0,0.25,14820.0,14890.0,14935.0,14690.0,14580.0,14410.0,14854.57142857143,14744.357142857143,14621.45,14474.783333333333,73.57276928968206,126.93160310984602,154.8247257050803,0.0024966261808367918,0,9,3,0,0,10,37,14857.0
2018-09-11,14857.0,14857.0,14857.0,14857.0,0.0,14857.0,14820.0,14890.0,14730.0,14580.0,14420.0,14872.714285714286,14764.142857142857,14636.016666666666,14490.233333333334,49.43249365115826,120.78133907203676,155.77240710758193,0.0,1,9,3,0,0,11,37,14825.0
2018-09-12,14825.0,14825.0,14890.0,14825.0,-0.22,14857.0,14857.0,14820.0,14815.0,14630.0,14440.0,14874.142857142857,14778.07142857143,14648.85,14505.15,47.597018714164804,115.23852473161571,154.92351561223222,-0.002153866864104459,2,9,3,0,0,12,37,14840.0
2018-09-13,14840.0,14805.0,14847.0,14775.0,0.1,14825.0,14857.0,14857.0,14935.0,14642.0,14475.0,14860.57142857143,14792.214285714286,14661.016666666666,14517.433333333332,40.34376095035528,109.2486075044392,155.13189512494182,0.0010118043844855595,3,9,3,0,0,13,37,14805.0
2018-09-14,14805.0,14785.0,14845.0,14775.0,-0.24,14840.0,14825.0,14857.0,14935.0,14620.0,14492.5,14842.0,14805.42857142857,14671.433333333332,14529.516666666666,28.577380332477603,97.35716502814553,153.91324993562338,-0.002358490566037763,4,9,3,0,0,14,37,14877.5
2018-09-17,14877.5,14837.5,14917.5,14837.5,0.49,14805.0,14840.0,14825.0,14890.0,14622.0,14470.0,14840.214285714286,14823.67857142857,14685.016666666666,14541.558333333332,25.2782138458893,83.2534608059185,153.50415491025407,0.0048969942586964965,0,9,3,0,0,17,38,14855.0
2018-09-18,14855.0,14890.0,14935.0,14855.0,-0.15,14877.5,14805.0,14840.0,14820.0,14655.0,14440.0,14845.214285714286,14837.964285714286,14698.85,14552.841666666667,24.04484896823331,67.80982010885077,149.30443037978893,-0.0015123508654008022,1,9,3,0,0,18,38,14875.0
2018-09-19,14875.0,14855.0,14910.0,14855.0,0.13,14855.0,14877.5,14805.0,14857.0,14690.0,14435.0,14847.785714285714,14851.17857142857,14713.516666666666,14564.458333333334,26.365787716378396,53.212060207678185,144.00924798687774,0.0013463480309658937,2,9,3,0,0,19,38,14845.0
2018-09-20,14845.0,14825.0,14856.0,14815.0,-0.2,14875.0,14855.0,14877.5,14857.0,14730.0,14410.0,14846.07142857143,14859.392857142857,14728.016666666666,14572.041666666666,26.055115574862224,40.400960845744514,133.94276205060962,-0.002016806722689113,3,9,3,0,0,20,38,14819.0
2018-09-21,14819.0,14813.0,14838.0,14793.0,-0.18,14845.0,14875.0,14855.0,14825.0,14815.0,14475.0,14845.214285714286,14859.67857142857,14739.483333333334,14580.191666666668,26.947258894090616,40.075701030469055,126.02616609351062,-0.0017514314584035073,4,9,3,0,0,21,38,14867.5
2018-09-24,14867.5,14832.5,14885.5,14832.5,0.33,14819.0,14845.0,14875.0,14840.0,14935.0,14595.0,14849.142857142857,14854.857142857143,14748.566666666668,14588.316666666668,28.042697037610765,33.90168396586189,125.07003095737008,0.003272825426816839,0,9,3,0,0,24,39,14920.0
2018-09-25,14920.0,14870.0,14920.0,14870.0,0.35,14867.5,14819.0,14845.0,14805.0,14935.0,14580.0,14865.57142857143,14853.785714285714,14759.9,14597.316666666668,31.361372965577083,31.312146993580768,124.67256424675628,0.0035311921977467797,1,9,3,0,0,25,39,14905.0
2018-09-26,14905.0,14930.0,14945.0,14905.0,-0.1,14920.0,14867.5,14819.0,14877.5,14890.0,14600.0,14869.5,14854.857142857143,14770.066666666668,14606.533333333333,34.65424456927291,32.864774554078366,123.61499834604045,-0.001005361930294879,2,9,3,0,0,26,39,14917.0
2018-09-27,14917.0,14915.0,14930.0,14885.0,0.08,14905.0,14920.0,14867.5,14855.0,14820.0,14610.0,14878.357142857143,14861.785714285714,14780.3,14615.4,38.08402364697269,35.09970100849229,122.6103725150349,0.0008050989600805192,3,9,3,0,0,27,39,14901.5
2018-09-28,14901.5,14931.5,14936.5,14886.5,-0.1,14917.0,14905.0,14920.0,14875.0,14857.0,14610.0,14882.142857142857,14864.964285714286,14790.016666666666,14624.258333333333,39.000763118301045,36.61518405242615,120.17526592535489,-0.0010390829255212397,4,9,3,0,0,28,39,14910.0
2018-10-01,14910.0,14885.0,14915.0,14885.0,0.06,14901.5,14917.0,14905.0,14845.0,14857.0,14590.0,14891.42857142857,14868.75,14800.683333333332,14634.008333333333,36.33000203164473,38.42362554335679,115.93647809909959,0.0005704123745930989,0,10,4,0,1,1,40,15045.0
2018-10-02,15045.0,14915.0,15053.0,14915.0,0.91,14910.0,14901.5,14917.0,14819.0,14825.0,14580.0,14923.714285714286,14884.464285714286,14816.183333333332,14645.425,56.21525381873511,58.760093824539965,116.49755682900239,0.0090543259557343,1,10,4,0,0,2,40,15075.0
2018-10-03,15075.0,15050.0,15095.0,15050.0,0.2,15045.0,14910.0,14901.5,14867.5,14840.0,14580.0,14953.357142857143,14901.25,14832.683333333332,14656.925,73.64029370624998,76.0909754067823,116.94601490559342,0.001994017946161497,2,10,4,0,0,3,40,15170.0
2018-10-04,15170.0,15100.0,15195.0,15100.0,0.63,15075.0,15045.0,14910.0,14920.0,14805.0,14630.0,14989.07142857143,14927.32142857143,14850.683333333332,14670.091666666667,107.57184752969557,99.50427264503526,125.88948925842766,0.006301824212271878,3,10,4,0,0,4,40,15180.0
2018-10-05,15180.0,15183.0,15193.0,15160.0,0.07,15170.0,15075.0,15045.0,14905.0,14877.5,14642.0,15028.357142857143,14948.92857142857,14868.616666666667,14683.425,121.1145168444959,118.82191864946093,133.24198127734945,0.0006591957811470373,4,10,4,0,0,5,40,15217.5
2018-10-08,15217.5,15186.5,15260.5,15186.5,0.25,15180.0,15170.0,15075.0,14917.0,14855.0,14620.0,15071.285714285714,14974.82142857143,14888.533333333333,14697.466666666667,128.1190387695651,135.1535604044484,139.31587362421905,0.0024703557312253377,0,10,4,0,0,8,41,15230.0
2018-10-09,15230.0,15210.0,15258.0,15210.0,0.08,15217.5,15180.0,15170.0,14901.5,14875.0,14622.0,15118.214285714286,15000.17857142857,14908.8,14711.8,115.06080173211436,147.70404493444698,143.37024651652246,0.0008214227041234423,1,10,4,0,0,9,41,15203.0
2018-10-10,15203.0,15185.0,15230.0,15180.0,-0.18,15230.0,15217.5,15180.0,14910.0,14845.0,14655.0,15160.07142857143,15025.75,14927.066666666668,14725.1,71.88557375638133,149.74744764705855,144.82151519843197,-0.0017728168089297114,2,10,4,0,0,10,41,15235.0
2018-10-11,15235.0,15215.0,15270.0,15215.0,0.21,15203.0,15230.0,15217.5,15045.0,14819.0,14690.0,15187.214285714286,15055.464285714286,14945.233333333334,14737.766666666666,55.1073627437348,146.8109019587758,148.2014433671079,0.0021048477274221433,3,10,4,0,0,11,41,15205.0
2018-10-12,15205.0,15205.0,15205.0,15180.0,-0.2,15235.0,15203.0,15230.0,15075.0,14867.5,14730.0,15205.785714285714,15079.57142857143,14961.066666666668,14749.85,24.258773572381116,141.173360030493,149.77901729878874,-0.0019691499835904347,4,10,4,0,0,12,41,15210.0
2018-10-15,15210.0,15210.0,15260.0,15190.0,0.03,15205.0,15235.0,15203.0,15170.0,14920.0,14815.0,15211.5,15100.285714285714,14974.233333333334,14761.85,18.436829083781298,137.17769417838994,153.80354314858943,0.0003288391976323801,0,10,4,0,0,15,42,15200.0
2018-10-16,15200.0,15185.0,15230.0,15175.0,-0.07,15210.0,15205.0,15235.0,15180.0,14905.0,14935.0,15214.357142857143,15121.357142857143,14983.066666666668,14773.016666666666,13.676970563958335,127.16455550074757,158.9947805114612,-0.0006574621959237748,1,10,4,0,0,16,42,15155.0
2018-10-17,15155.0,15155.0,15195.0,15145.0,-0.3,15200.0,15210.0,15205.0,15217.5,14917.0,14935.0,15205.42857142857,15138.357142857143,14990.4,14784.6,26.06950416899044,112.84595159369279,161.75100063647,-0.002960526315789469,2,10,4,0,0,17,42,15193.5
2018-10-18,15193.5,15161.5,15196.5,15161.5,0.25,15155.0,15200.0,15210.0,15230.0,14901.5,14890.0,15200.214285714286,15159.214285714286,15000.516666666666,14796.825,23.895357189967246,90.46625258635713,164.71890807725703,0.0025404157043880105,3,10,4,0,0,18,42,15187.5
2018-10-19,15187.5,15197.5,15222.5,15177.5,-0.04,15193.5,15155.0,15200.0,15203.0,14910.0,14820.0,15198.0,15179.035714285714,15012.766666666666,14809.658333333333,24.308777564178776,55.18202894562254,164.49629140214861,-0.00039490571626021875,4,10,4,0,0,19,42,15185.0
2018-10-22,15185.0,15185.0,15200.0,15180.0,-0.02,15187.5,15193.5,15155.0,15235.0,15045.0,14857.0,15190.857142857143,15189.035714285714,15023.7,14822.575,18.2041988876468,39.47319649625142,164.68641046882632,-0.00016460905349791055,0,10,4,0,0,22,43,15190.0
2018-10-23,15190.0,15190.0,15217.0,15190.0,0.03,15185.0,15187.5,15193.5,15205.0,15075.0,14857.0,15188.714285714286,15197.25,15034.8,14835.408333333333,17.11202584645086,22.027736009834246,164.2850025686125,0.0003292723081989024,1,10,4,0,0,23,43,15197.0
2018-10-24,15197.0,15182.0,15199.0,15177.0,0.05,15190.0,15185.0,15187.5,15210.0,15170.0,14825.0,15186.857142857143,15199.17857142857,15047.2,14848.025,14.990870237394159,20.59369502051341,161.92562149504147,0.0004608294930874557,2,10,4,0,0,24,43,15187.5
2018-10-25,15187.5,15202.5,15212.5,15182.5,-0.06,15197.0,15190.0,15185.0,15200.0,15180.0,14840.0,15185.07142857143,15199.714285714286,15058.783333333333,14859.9,13.86671245407279,20.14916898687422,158.99515733969756,-0.0006251233796144007,3,10,4,0,0,25,43,15216.5
2018-10-26,15216.5,15186.5,15216.5,15185.5,0.19,15187.5,15197.0,15190.0,15155.0,15217.5,14805.0,15193.857142857143,15199.642857142857,15072.5,14871.966666666667,10.776959549935286,20.082932447647746,154.01841582680072,0.0019094650205762065,4,10,4,0,0,26,43,15220.0
2018-10-29,15220.0,15205.0,15230.0,15205.0,0.02,15216.5,15187.5,15197.0,15193.5,15230.0,14877.5,15197.642857142857,15198.92857142857,15083.916666666666,14884.466666666667,14.605119780664069,19.072591227633435,151.74269756522793,0.00023001347221773827,0,10,4,0,0,29,44,15223.0
2018-10-30,15223.0,15221.0,15241.0,15216.0,0.02,15220.0,15216.5,15187.5,15187.5,15203.0,14855.0,15202.714285714286,15200.357142857143,15096.183333333332,14897.516666666666,16.532435651451127,20.121198702741168,147.41177860425205,0.00019710906701697617,1,10,4,0,0,30,44,15202.5
2018-10-31,15202.5,15217.5,15233.5,15197.5,-0.13,15223.0,15220.0,15216.5,15185.0,15235.0,14875.0,15205.214285714286,15198.035714285714,15107.1,14910.308333333332,14.61978437720628,17.52411995201213,142.51227412355385,-0.0013466465217105705,2,10,4,1,0,31,44,15127.5
2018-11-01,15127.5,15182.5,15200.5,15116.5,-0.49,15202.5,15223.0,15220.0,15190.0,15205.0,14845.0,15196.285714285714,15192.5,15116.516666666666,14922.266666666666,32.99603150738195,25.555369747864333,133.65450076491155,-0.0049333991119882015,3,11,4,0,1,1,44,14952.5
2018-11-02,14952.5,15087.5,15097.5,14942.5,-1.16,15127.5,15202.5,15223.0,15197.0,15210.0,14819.0,15161.357142857143,15174.107142857143,15120.966666666667,14930.225,97.82923654924521,68.52713627803169,125.37302501855834,-0.011568335812262465,4,11,4,0,0,2,44,14976.0
2018-11-05,14976.0,14951.0,14988.0,14951.0,0.16,14952.5,15127.5,15202.5,15187.5,15200.0,14867.5,15131.142857142857,15158.107142857143,15124.583333333334,14936.575,118.81838882853403,85.9515021053236,119.2232102007826,0.0015716435378698712,0,11,4,0,0,5,45,14802.5
2018-11-06,14802.5,14952.5,14952.5,14782.5,-1.16,14976.0,14952.5,15127.5,15216.5,15155.0,14920.0,15072.0,15132.92857142857,15120.666666666666,14940.283333333333,163.77932307427224,128.18584122276323,127.79754553074706,-0.011585202991452936,1,11,4,0,0,6,45,14580.0
2018-11-07,14580.0,14775.0,14805.0,14580.0,-1.5,14802.5,14976.0,14952.5,15220.0,15193.5,14905.0,14980.57142857143,15089.107142857143,15109.833333333334,14939.95,231.87198849283337,193.90473261256687,157.12082619116242,-0.015031244722175319,2,11,4,0,0,7,45,14540.0
2018-11-08,14540.0,14601.0,14670.0,14455.0,-0.27,14580.0,14802.5,14976.0,15223.0,15187.5,14917.0,14883.0,15042.857142857143,15097.266666666666,14938.783333333333,255.36836139193693,240.30080736831087,185.57546719055628,-0.002743484224965731,3,11,4,0,0,8,45,14685.0
2018-11-09,14685.0,14605.0,14695.0,14605.0,1.0,14540.0,14580.0,14802.5,15202.5,15185.0,14901.5,14809.07142857143,15007.142857142857,15090.05,14940.033333333333,219.90290065001335,254.29816150523288,197.29080365516566,0.009972489683631292,4,11,4,0,0,9,45,14815.0
2018-11-12,14815.0,14705.0,14835.0,14705.0,0.89,14685.0,14540.0,14580.0,15127.5,15190.0,14910.0,14764.42857142857,14980.357142857143,15086.883333333333,14943.783333333333,170.70013390237952,253.3036660860551,201.0077920660512,0.008852570650323521,0,11,4,0,0,12,46,14810.0
2018-11-13,14810.0,14840.0,14935.0,14755.0,-0.03,14815.0,14685.0,14540.0,14952.5,15197.0,15045.0,14744.07142857143,14952.714285714286,15079.05,14947.616666666667,152.00669628108696,248.92157509814405,207.18051224759725,-0.0003374957813027102,1,11,4,0,0,13,46,14787.0
2018-11-14,14787.0,14802.0,14802.0,14732.0,-0.16,14810.0,14815.0,14685.0,14976.0,15187.5,15075.0,14717.07142857143,14924.107142857143,15069.45,14951.066666666668,116.60847188043839,242.8017693010424,213.93692069039176,-0.001553004726536078,2,11,4,0,0,14,46,14677.5
2018-11-15,14677.5,14742.5,14777.5,14632.5,-0.74,14787.0,14810.0,14815.0,14802.5,15216.5,15170.0,14699.214285714286,14885.607142857143,15053.033333333333,14951.858333333334,110.77073061919519,235.49540078545897,224.586245369567,-0.0074051531750862765,3,11,4,0,0,15,46,14611.5
2018-11-16,14611.5,14603.5,14613.5,14533.5,-0.45,14677.5,14787.0,14810.0,14580.0,15220.0,15180.0,14703.714285714286,14842.142857142857,15034.083333333334,14951.35,105.64163365790142,224.94840678294216,237.13727594724912,-0.00449667858967806,4,11,4,0,0,16,46,14590.0
2018-11-19,14590.0,14520.0,14625.0,14520.0,-0.15,14611.5,14677.5,14787.0,14540.0,15223.0,15217.5,14710.857142857143,14796.92857142857,15013.166666666666,14950.85,93.74820633207639,205.26276378755068,247.8341816804104,-0.001471443725832411,0,11,4,0,0,19,47,14590.0
2018-11-20,14590.0,14590.0,14590.0,14590.0,0.0,14590.0,14611.5,14677.5,14685.0,15202.5,15230.0,14697.285714285714,14753.17857142857,14991.833333333334,14950.316666666668,104.38784138287836,175.24944937259954,255.93854776076225,0.0,1,11,4,0,0,20,47,14605.0
2018-11-21,14605.0,14615.0,14645.0,14565.0,0.1,14590.0,14590.0,14611.5,14815.0,15127.5,15203.0,14667.285714285714,14715.857142857143,14971.9,14949.483333333334,94.64048514550892,141.85602513830491,262.137118633588,0.0010281014393420662,2,11,4,0,0,21,47,14577.5
2018-11-22,14577.5,14597.5,14607.5,14567.5,-0.19,14605.0,14590.0,14590.0,14810.0,14952.5,15235.0,14634.07142857143,14689.07142857143,14949.983333333334,14947.608333333334,74.95855998011132,128.51187570692306,266.82551070113533,-0.001882916809311852,3,11,4,0,0,22,47,14540.0
2018-11-23,14540.0,14555.0,14562.0,14505.0,-0.26,14577.5,14605.0,14590.0,14787.0,14976.0,15205.0,14598.785714285714,14657.92857142857,14927.816666666668,14944.441666666668,41.752102884103074,104.1503826095416,272.4721903979039,-0.002572457554450347,4,11,4,0,0,23,47,14475.0
2018-11-26,14475.0,14540.0,14565.0,14455.0,-0.45,14540.0,14577.5,14605.0,14677.5,14802.5,15210.0,14569.857142857143,14634.535714285714,14903.316666666668,14938.775,47.83366517230772,105.94473600809744,279.1859929834628,-0.004470426409903694,0,11,4,0,0,26,48,14513.5
2018-11-27,14513.5,14488.5,14518.5,14478.5,0.27,14475.0,14540.0,14577.5,14611.5,14580.0,15200.0,14555.857142857143,14629.785714285714,14880.433333333332,14931.75,47.955460486614484,109.99138327850092,282.14855262277564,0.0026597582037997114,1,11,4,0,0,27,48,14527.5
2018-11-28,14527.5,14513.5,14542.5,14509.5,0.1,14513.5,14475.0,14540.0,14590.0,14540.0,15155.0,14546.92857142857,14628.892857142857,14859.516666666666,14924.958333333334,46.32982172380464,110.82386902183441,284.3429353528197,0.0009646191476899713,2,11,4,0,0,28,48,14382.5
2018-11-29,14382.5,14462.5,14462.5,14332.5,-1.0,14527.5,14513.5,14475.0,14590.0,14685.0,15193.5,14517.285714285714,14607.285714285714,14832.483333333334,14916.5,72.92625107082884,127.3065220221094,289.99121518600754,-0.009981070383754953,3,11,4,0,0,29,48,14302.5
2018-11-30,14302.5,14302.5,14352.5,14252.5,-0.56,14382.5,14527.5,14513.5,14605.0,14815.0,15187.5,14474.07142857143,14570.67857142857,14802.983333333334,14907.875,97.70381627292572,136.3474925922058,297.54688078413307,-0.0055623153137494,4,11,4,1,0,30,48,14240.0
2018-12-03,14240.0,14255.0,14270.0,14210.0,-0.44,14302.5,14382.5,14527.5,14577.5,14810.0,15185.0,14425.857142857143,14529.964285714286,14771.483333333334,14897.591666666667,119.09090165563175,144.26064342598457,305.6218218460594,-0.004369865408145435,0,12,4,0,0,3,49,14290.0
2018-12-04,14290.0,14305.0,14325.0,14265.0,0.35,14240.0,14302.5,14382.5,14540.0,14787.0,15190.0,14390.142857142857,14494.464285714286,14741.483333333334,14888.141666666666,116.61607746712487,137.11778545409578,307.2910695688695,0.0035112359550562022,1,12,4,0,0,4,49,14395.0
2018-12-05,14395.0,14355.0,14430.0,14354.0,0.73,14290.0,14240.0,14302.5,14475.0,14677.5,15197.0,14378.714285714286,14474.285714285714,14714.75,14880.975,110.68305243011314,128.63405373440034,301.1198280785685,0.007347795661301504,2,12,4,0,0,5,49,14520.0
2018-12-06,14520.0,14435.0,14570.0,14435.0,0.87,14395.0,14290.0,14240.0,14513.5,14611.5,15187.5,14379.642857142857,14467.75,14692.5,14875.641666666666,112.02146903080036,123.3417313492598,289.41704189271286,0.008683570684265396,3,12,4,0,0,6,49,14470.0
2018-12-07,14470.0,14495.0,14536.0,14455.0,-0.34,14520.0,14395.0,14290.0,14527.5,14590.0,15216.5,14371.42857142857,14459.17857142857,14667.616666666667,14870.058333333332,100.93167184269527,118.25747775038145,274.5189737595925,-0.003443526170798905,4,12,4,0,0,7,49,14555.0
2018-12-10,14555.0,14475.0,14555.0,14475.0,0.59,14470.0,14520.0,14395.0,14382.5,14590.0,15220.0,14396.07142857143,14456.67857142857,14645.45,14864.683333333332,122.7790795736849,115.61966946397602,254.49569300602536,0.005874222529371087,0,12,4,0,0,10,50,14600.0
2018-12-11,14600.0,14585.0,14655.0,14585.0,0.31,14555.0,14470.0,14520.0,14302.5,14605.0,15223.0,14438.57142857143,14456.32142857143,14624.683333333332,14860.433333333332,135.7913315138126,115.13296780093619,229.9803396144798,0.003091721058055663,1,12,4,0,0,11,50,14597.5
2018-12-12,14597.5,14562.5,14602.5,14552.5,-0.02,14600.0,14555.0,14470.0,14240.0,14577.5,15202.5,14489.642857142857,14457.75,14604.516666666666,14855.808333333332,114.16753562411752,116.86329126838703,202.4423069510765,-0.0001712328767122795,2,12,4,0,0,12,50,14497.5
2018-12-13,14497.5,14527.5,14557.5,14479.5,-0.69,14597.5,14600.0,14555.0,14290.0,14540.0,15127.5,14519.285714285714,14454.714285714286,14583.516666666666,14850.016666666666,73.3245395160842,115.10107836890359,177.45468014606573,-0.006850488097276952,3,12,4,0,0,13,50,14585.0
2018-12-14,14585.0,14505.0,14585.0,14505.0,0.6,14497.5,14597.5,14600.0,14395.0,14475.0,14952.5,14546.42857142857,14462.57142857143,14571.266666666666,14846.116666666667,51.59653458285523,120.2324442871653,163.21831864170474,0.006035523366097584,4,12,4,0,0,14,50,14575.0
2018-12-17,14575.0,14585.0,14630.0,14574.0,-0.07,14585.0,14497.5,14597.5,14520.0,14513.5,14976.0,14554.285714285714,14466.964285714286,14557.9,14841.241666666667,51.086411388731655,123.32016871101956,144.24729723157952,-0.0006856359273226253,0,12,4,0,0,17,51,14500.0
2018-12-18,14500.0,14555.0,14560.0,14480.0,-0.51,14575.0,14585.0,14497.5,14470.0,14527.5,14802.5,14558.57142857143,14465.0,14547.816666666668,14834.241666666667,43.53775045053385,122.49803766058743,136.94754113522194,-0.005145797598627766,1,12,4,0,0,18,51,14442.5
2018-12-19,14442.5,14437.5,14442.5,14337.5,-0.4,14500.0,14575.0,14585.0,14555.0,14382.5,14580.0,14542.5,14469.285714285714,14543.233333333334,14826.533333333333,61.94755846687899,120.42164932560412,138.12910835413135,-0.003965517241379279,2,12,4,0,0,19,51,14470.0
2018-12-20,14470.0,14465.0,14520.0,14455.0,0.19,14442.5,14500.0,14575.0,14600.0,14302.5,14540.0,14523.92857142857,14481.25,14540.9,14819.083333333334,61.319809585700916,110.48733829268038,138.775333195215,0.0019041024753332358,3,12,4,0,0,20,51,14555.0
2018-12-21,14555.0,14480.0,14560.0,14454.0,0.59,14470.0,14442.5,14500.0,14597.5,14240.0,14685.0,14517.857142857143,14503.75,14536.566666666668,14813.308333333332,54.55174476724366,87.19865692287561,136.12492572006582,0.005874222529371087,4,12,4,0,0,21,51,14555.0
2018-12-24,14555.0,14555.0,14555.0,14555.0,0.0,14555.0,14470.0,14442.5,14497.5,14290.0,14815.0,14526.07142857143,14522.67857142857,14527.9,14807.391666666666,55.29950916864718,62.49203245854873,125.66117552560601,0.0,0,12,4,0,0,24,52,14555.0
2018-12-25,14555.0,14555.0,14555.0,14555.0,0.0,14555.0,14555.0,14470.0,14585.0,14395.0,14810.0,14521.785714285714,14534.107142857143,14519.4,14799.225,50.963922813879165,50.901556032343095,114.00509667975271,0.0,1,12,4,0,0,25,52,14575.0
2018-12-26,14575.0,14580.0,14610.0,14565.0,0.14,14555.0,14555.0,14555.0,14575.0,14520.0,14787.0,14521.785714285714,14538.035714285714,14512.333333333334,14790.891666666666,50.963922813879165,51.84275940974578,102.87273132647358,0.0013740982480248132,2,12,4,0,0,26,52,14560.0
2018-12-27,14560.0,14555.0,14595.0,14555.0,-0.1,14575.0,14555.0,14555.0,14500.0,14470.0,14677.5,14530.357142857143,14544.464285714286,14508.416666666666,14780.725,51.72903301967291,48.21006289930354,98.51186549686389,-0.0010291595197255976,3,12,4,0,0,27,52,14560.0
2018-12-28,14560.0,14560.0,14575.0,14535.0,0.0,14560.0,14575.0,14555.0,14442.5,14555.0,14611.5,14547.142857142857,14544.82142857143,14506.7,14770.391666666666,34.74396144872286,48.31252709851647,97.09208213745916,0.0,4,12,4,0,0,28,52,14380.0
2018-12-31,14380.0,14485.0,14496.0,14380.0,-1.24,14560.0,14560.0,14575.0,14470.0,14600.0,14590.0,14534.285714285714,14529.107142857143,14499.7,14756.433333333332,68.40008354219277,62.63913085449369,98.44012708587664,-0.012362637362637319,0,12,4,1,0,31,1,14380.0
2019-01-01,14380.0,14380.0,14380.0,14380.0,0.0,14380.0,14560.0,14560.0,14555.0,14597.5,14590.0,14509.285714285714,14513.57142857143,14492.7,14742.266666666666,88.57334867354692,70.81065139913673,99.26059397986268,0.0,1,1,1,0,1,1,1,14450.0
2019-01-02,14450.0,14425.0,14485.0,14425.0,0.49,14380.0,14380.0,14560.0,14555.0,14497.5,14605.0,14494.285714285714,14510.17857142857,14487.533333333333,14729.716666666667,88.43211009155982,72.75131696953028,97.22679967327076,0.004867872044506338,2,1,1,0,0,2,1,14410.0
2019-01-03,14410.0,14445.0,14490.0,14410.0,-0.28,14450.0,14380.0,14380.0,14555.0,14585.0,14577.5,14473.57142857143,14497.67857142857,14481.95,14715.966666666667,88.82165115721182,73.93125890906255,96.69016906127031,-0.0027681660899654403,3,1,1,0,0,3,1,14270.0
2019-01-04,14270.0,14380.0,14380.0,14255.0,-0.97,14410.0,14450.0,14380.0,14575.0,14575.0,14540.0,14430.0,14475.892857142857,14472.95,14700.383333333333,104.24330514078352,92.09948186805327,103.43141572372542,-0.009715475364330373,4,1,1,0,0,4,1,14090.0
2019-01-07,14090.0,14190.0,14190.0,13995.0,-1.26,14270.0,14410.0,14450.0,14560.0,14500.0,14475.0,14362.857142857143,14446.607142857143,14460.116666666667,14681.716666666667,148.51647335279344,137.72745921530836,124.83773491002013,-0.01261387526278912,0,1,1,0,0,7,2,14145.0
2019-01-08,14145.0,14050.0,14162.0,13995.0,0.39,14090.0,14270.0,14410.0,14560.0,14442.5,14513.5,14303.57142857143,14425.357142857143,14447.833333333334,14664.133333333333,139.24541541571153,159.62051494446666,136.9459579625913,0.003903477643719011,1,1,1,0,0,8,2,14125.0
2019-01-09,14125.0,14105.0,14180.0,14085.0,-0.14,14145.0,14090.0,14270.0,14380.0,14470.0,14527.5,14267.142857142857,14400.714285714286,14434.416666666666,14646.966666666667,148.93670755442142,177.7947946676693,148.13158661816777,-0.0014139271827501299,2,1,1,0,0,9,2,14055.0
2019-01-10,14055.0,14055.0,14110.0,14005.0,-0.5,14125.0,14145.0,14090.0,14380.0,14555.0,14382.5,14220.714285714286,14365.0,14423.5,14627.991666666667,158.25687376934496,193.9071942964783,163.37311854176477,-0.004955752212389419,3,1,1,0,0,10,2,14045.0
2019-01-11,14045.0,14065.0,14095.0,14015.0,-0.07,14055.0,14125.0,14145.0,14450.0,14555.0,14302.5,14162.857142857143,14328.57142857143,14414.916666666666,14608.95,132.37752650589,203.15235445550178,176.20946994654673,-0.0007114905727498844,4,1,1,0,0,11,2,14124.0
2019-01-14,14124.0,14034.0,14144.0,14034.0,0.56,14045.0,14055.0,14125.0,14410.0,14555.0,14240.0,14122.0,14297.785714285714,14411.05,14591.266666666666,75.1531769122764,198.81037682677118,181.37707673658645,0.005624777500889966,0,1,1,0,0,14,3,14092.5
2019-01-15,14092.5,14087.5,14107.5,14062.5,-0.22,14124.0,14045.0,14055.0,14270.0,14575.0,14290.0,14096.642857142857,14263.32142857143,14404.466666666667,14572.975,37.31254735988981,188.6180111251795,189.33208069844213,-0.0022302463891249458,1,1,1,0,0,15,3,14122.5
2019-01-16,14122.5,14112.5,14162.5,14107.5,0.21,14092.5,14124.0,14045.0,14090.0,14560.0,14395.0,14101.285714285714,14232.07142857143,14395.383333333333,14555.066666666668,38.35563533449282,171.11364387687055,196.21353969823684,0.002128791910590788,2,1,1,0,0,16,3,14180.0
2019-01-17,14180.0,14120.0,14200.0,14120.0,0.41,14122.5,14092.5,14124.0,14145.0,14560.0,14520.0,14106.285714285714,14204.92857142857,14384.05,14538.275,46.43441355194009,142.90890820344015,198.5725069520783,0.004071517082669507,3,1,1,0,0,17,3,14175.0
2019-01-18,14175.0,14185.0,14200.0,14155.0,-0.04,14180.0,14122.5,14092.5,14125.0,14380.0,14470.0,14113.42857142857,14190.285714285714,14374.216666666667,14520.916666666666,53.15263286950354,133.80305766948115,201.45281313382503,-0.00035260930888580955,4,1,1,0,0,18,3,14222.5
2019-01-21,14222.5,14182.5,14232.5,14182.5,0.34,14175.0,14180.0,14122.5,14055.0,14380.0,14555.0,14137.357142857143,14179.035714285714,14363.133333333333,14504.291666666666,59.75764545632681,122.79336368379282,200.30700287880657,0.003350970017636623,0,1,1,0,0,21,4,14215.0
2019-01-22,14215.0,14210.0,14230.0,14185.0,-0.05,14222.5,14175.0,14180.0,14045.0,14450.0,14600.0,14161.642857142857,14162.25,14350.3,14487.491666666667,49.658596340251655,96.05442167346145,196.91244334683043,-0.0005273334505185856,1,1,1,0,0,22,4,14180.0
2019-01-23,14180.0,14195.0,14200.0,14165.0,-0.25,14215.0,14222.5,14175.0,14124.0,14410.0,14597.5,14169.642857142857,14145.82142857143,14336.383333333333,14470.45,47.02456298380024,65.10364728690142,193.5641069664982,-0.0024621878297572675,2,1,1,0,0,23,4,14165.0
2019-01-24,14165.0,14135.0,14175.0,14120.0,-0.11,14180.0,14215.0,14222.5,14092.5,14270.0,14497.5,14180.0,14138.32142857143,14325.3,14454.408333333333,33.134825586903915,54.95473911862625,193.5399183630875,-0.0010578279266573176,3,1,1,0,0,24,4,14085.0
2019-01-25,14085.0,14155.0,14170.0,14084.0,-0.56,14165.0,14180.0,14215.0,14122.5,14090.0,14585.0,14174.642857142857,14137.964285714286,14308.633333333333,14439.95,44.9172519619956,55.30804096650268,191.92670715544122,-0.005647723261560156,4,1,1,0,0,25,4,14070.0
2019-01-28,14070.0,14065.0,14075.0,14025.0,-0.11,14085.0,14165.0,14180.0,14180.0,14145.0,14575.0,14158.92857142857,14132.607142857143,14291.8,14424.85,59.57937882321568,58.13418779992644,189.8941447409227,-0.0010649627263046302,0,1,1,0,0,28,5,14095.0
2019-01-29,14095.0,14070.0,14097.0,14070.0,0.18,14070.0,14085.0,14165.0,14175.0,14125.0,14500.0,14147.5,14130.464285714286,14278.3,14413.058333333332,63.52492948972493,58.98287374783356,188.97630758265956,0.0017768301350391535,1,1,1,0,0,29,5,14130.0
2019-01-30,14130.0,14097.0,14132.0,14085.0,0.25,14095.0,14070.0,14085.0,14222.5,14055.0,14442.5,14134.285714285714,14135.82142857143,14267.883333333333,14405.558333333332,54.270047864784054,54.86367971250601,188.2244937766093,0.0024831500532103146,2,1,1,0,0,30,5,13972.5
2019-01-31,13972.5,14132.5,14132.5,13957.5,-1.11,14130.0,14095.0,14070.0,14215.0,14045.0,14470.0,14099.642857142857,14130.642857142857,14251.3,14396.1,69.4386505520088,66.32102247346968,191.68718231028978,-0.011146496815286677,3,1,1,1,0,31,5,13940.0
2019-02-01,13940.0,13945.0,13985.0,13940.0,-0.23,13972.5,14130.0,14095.0,14180.0,14124.0,14555.0,14065.357142857143,14117.5,14230.8,14383.683333333332,81.37398964339891,83.69472917846755,190.97226734932136,-0.002325997495079668,4,2,1,0,1,1,5,13955.0
2019-02-04,13955.0,13950.0,13995.0,13940.0,0.11,13940.0,13972.5,14130.0,14165.0,14092.5,14555.0,14035.357142857143,14107.67857142857,14210.8,14369.35,77.11501922767057,94.2555052751577,187.2304315082013,0.001076040172166337,0,2,1,0,0,4,6,13955.0
2019-02-05,13955.0,13955.0,13955.0,13955.0,0.0,13955.0,13940.0,13972.5,14085.0,14122.5,14555.0,14016.785714285714,14095.714285714286,14190.8,14355.1,78.80242019493608,102.49966496838972,181.1421427003039,0.0,1,2,1,0,0,5,6,13922.0
2019-02-06,13922.0,13950.0,13950.0,13890.0,-0.24,13955.0,13955.0,13940.0,14070.0,14180.0,14575.0,13995.642857142857,14077.285714285714,14169.033333333333,14340.683333333332,81.9373308723447,109.1570347788464,172.40609304641222,-0.0023647438194195347,2,2,1,0,0,6,6,13972.5
2019-02-07,13972.5,13927.5,13987.5,13927.5,0.36,13922.0,13955.0,13955.0,14095.0,14175.0,14560.0,13978.142857142857,14062.82142857143,14149.45,14328.933333333332,69.28486744701786,108.6282664626397,159.33668268249937,0.003627352391897709,3,2,1,0,0,7,6,13965.0
2019-02-08,13965.0,13975.0,14000.0,13948.0,-0.05,13972.5,13922.0,13955.0,14130.0,14222.5,14560.0,13954.57142857143,14044.42857142857,14129.616666666667,14318.158333333333,18.37214506511937,101.04718188542981,142.62645226270214,-0.0005367686527106841,4,2,1,0,0,8,6,14040.0
2019-02-11,14040.0,13985.0,14050.0,13985.0,0.54,13965.0,13972.5,13922.0,13972.5,14215.0,14380.0,13964.214285714286,14031.92857142857,14118.283333333333,14308.991666666667,37.3071230273718,88.35001570277306,135.36831515208317,0.005370569280343629,0,2,1,0,0,11,7,14068.5
2019-02-12,14068.5,14083.5,14098.5,14033.5,0.2,14040.0,13965.0,13972.5,13940.0,14180.0,14380.0,13982.57142857143,14023.964285714286,14107.9,14300.3,52.09160886643472,78.44583243442008,126.24021983280706,0.0020299145299145227,1,2,1,0,0,12,7,14057.5
2019-02-13,14057.5,14027.5,14057.5,14007.5,-0.08,14068.5,14040.0,13965.0,13955.0,14165.0,14450.0,13997.214285714286,14016.285714285714,14094.816666666668,14291.175,57.2049365169876,68.16657038928462,108.68076340052278,-0.000781888616412596,2,2,1,0,0,13,7,14090.0
2019-02-14,14090.0,14065.0,14100.0,14065.0,0.23,14057.5,14068.5,14040.0,13955.0,14085.0,14410.0,14016.5,14016.642857142857,14084.15,14283.05,63.058174199234564,68.56620286832374,90.93443545605342,0.0023119331317802416,3,2,1,0,0,14,7,14142.5
2019-02-15,14142.5,14092.5,14157.5,14092.5,0.37,14090.0,14057.5,14068.5,13922.0,14070.0,14270.0,14048.0,14021.82142857143,14079.9,14276.425,63.058174199232596,75.31207052650066,84.71569084797126,0.0037260468417317227,4,2,1,0,0,15,7,14106.5
2019-02-18,14106.5,14101.5,14116.5,14076.5,-0.25,14142.5,14090.0,14057.5,13972.5,14095.0,14090.0,14067.142857142857,14022.642857142857,14080.45,14270.283333333333,56.29514061755354,76.22876212939428,84.83699888195787,-0.0025455188262329953,0,2,1,0,0,18,8,14102.0
2019-02-19,14102.0,14105.0,14130.0,14102.0,-0.03,14106.5,14142.5,14090.0,13965.0,14130.0,14145.0,14086.714285714286,14020.642857142857,14079.016666666666,14263.425,34.4369679546829,73.51437027764268,84.06857661873198,-0.0003190018785665938,1,2,1,0,0,19,8,14040.0
2019-02-20,14040.0,14080.0,14080.0,14040.0,-0.44,14102.0,14106.5,14142.5,14040.0,13972.5,14125.0,14086.714285714286,14025.464285714286,14076.183333333332,14255.3,34.4369679546829,72.31779871473167,83.89756514207404,-0.004396539497943608,2,2,1,0,0,20,8,14063.0
2019-02-21,14063.0,14040.0,14075.0,14040.0,0.16,14040.0,14102.0,14106.5,14068.5,13940.0,14055.0,14085.92857142857,14034.25,14076.45,14249.975,34.980266545956354,68.50736905866052,83.84060718876057,0.0016381766381765583,3,2,1,0,0,21,8,14057.5
2019-02-22,14057.5,14067.5,14082.5,14049.5,-0.04,14063.0,14040.0,14102.0,14057.5,13955.0,14045.0,14085.92857142857,14041.57142857143,14076.866666666667,14245.891666666666,34.980266545956354,64.76105701306106,83.70987802014689,-0.0003910972054327333,4,2,1,0,0,22,8,14017.5
2019-02-25,14017.5,13987.5,14022.5,13987.5,-0.28,14057.5,14063.0,14040.0,14090.0,13955.0,14124.0,14075.57142857143,14046.035714285714,14073.316666666668,14242.183333333332,43.31418991077016,60.33734150734461,83.90013391676612,-0.002845456162191007,0,2,1,0,0,25,9,13991.0
2019-02-26,13991.0,13963.0,14003.0,13963.0,-0.19,14017.5,14057.5,14063.0,14142.5,13922.0,14092.5,14053.92857142857,14050.964285714286,14069.933333333332,14237.2,42.13216167758881,51.613752000394484,85.13728602234896,-0.0018904940253254843,1,2,1,0,0,26,9,14030.0
2019-02-27,14030.0,13985.0,14045.0,13980.0,0.28,13991.0,14017.5,14057.5,14106.5,13972.5,14122.5,14043.0,14055.07142857143,14066.85,14231.116666666667,35.64524278695376,46.96842521297171,84.84236397062963,0.0027875062540203555,2,2,1,0,0,27,9,14065.0
2019-02-28,14065.0,14030.0,14083.0,14030.0,0.25,14030.0,13991.0,14017.5,14102.0,13965.0,14180.0,14037.714285714286,14062.214285714286,14063.016666666666,14223.533333333333,27.175137446675155,39.17402705310566,82.107633662979,0.0024946543121882048,3,2,1,1,0,28,9,14115.0
2019-03-01,14115.0,14102.0,14135.0,14102.0,0.36,14065.0,14030.0,13991.0,14040.0,14040.0,14175.0,14048.42857142857,14067.57142857143,14061.016666666666,14217.616666666667,39.990028519118255,40.988674393350706,79.98927550233918,0.00355492356914322,4,3,1,0,1,1,9,14130.0
2019-03-04,14130.0,14120.0,14155.0,14115.0,0.11,14115.0,14065.0,14030.0,14063.0,14068.5,14222.5,14058.0,14071.964285714286,14057.933333333332,14210.533333333333,50.65487801460091,44.260793679002774,75.18869748753369,0.0010626992561104665,0,3,1,0,0,4,10,14120.0
2019-03-05,14120.0,14125.0,14155.0,14120.0,-0.07,14130.0,14115.0,14065.0,14057.5,14057.5,14215.0,14066.92857142857,14076.42857142857,14054.766666666666,14202.533333333333,55.799065532435925,45.81436503879698,70.17917135404771,-0.0007077140835102247,1,3,1,0,0,5,10,14140.0
2019-03-06,14140.0,14125.0,14155.0,14120.0,0.14,14120.0,14130.0,14115.0,14017.5,14090.0,14180.0,14084.42857142857,14080.0,14053.433333333332,14194.908333333333,56.91179474379308,48.80494930716495,68.06598387525372,0.0014164305949009304,2,3,1,0,0,6,10,14140.0
2019-03-07,14140.0,14140.0,14140.0,14140.0,0.0,14140.0,14120.0,14130.0,13991.0,14142.5,14165.0,14105.714285714286,14079.82142857143,14052.6,14188.95,42.07419749971713,48.56265070924274,66.79412528359471,0.0,3,3,1,0,0,7,10,14310.0
2019-03-08,14310.0,14200.0,14340.0,14200.0,1.2,14140.0,14140.0,14120.0,14030.0,14106.5,14085.0,14145.714285714286,14094.357142857143,14060.1,14184.366666666667,76.8347019814506,78.43209423790934,81.55803941421273,0.012022630834511938,4,3,1,0,0,8,10,14290.0
2019-03-11,14290.0,14310.0,14338.0,14275.0,-0.14,14310.0,14140.0,14140.0,14065.0,14102.0,14070.0,14177.857142857143,14107.785714285714,14067.433333333332,14179.616666666667,84.15546837341931,94.32507503400005,91.73469367134446,-0.0013976240391334604,0,3,1,0,0,11,11,14265.0
2019-03-12,14265.0,14245.0,14280.0,14235.0,-0.17,14290.0,14310.0,14140.0,14115.0,14040.0,14095.0,14199.285714285714,14123.857142857143,14073.1,14175.7,84.57878828984285,100.8308615321296,98.49762818772668,-0.0017494751574527179,1,3,1,0,0,12,11,14265.0
2019-03-13,14265.0,14245.0,14286.0,14245.0,0.0,14265.0,14290.0,14310.0,14130.0,14063.0,14130.0,14218.57142857143,14138.285714285714,14077.6,14172.741666666667,81.48181216868127,105.7836533620823,104.11071692816905,0.0,2,3,1,0,0,13,11,14267.0
2019-03-14,14267.0,14235.0,14284.0,14235.0,0.01,14265.0,14265.0,14290.0,14120.0,14057.5,13972.5,14239.57142857143,14153.25,14087.416666666666,14169.358333333334,69.97346435822736,108.26547677577229,107.68208983508576,0.0001402032947774856,3,3,1,0,0,14,11,14259.0
2019-03-15,14259.0,14284.0,14314.0,14259.0,-0.06,14267.0,14265.0,14265.0,14140.0,14017.5,13940.0,14256.57142857143,14170.5,14098.05,14164.425,54.49421113866449,104.13286631078324,108.3711176371189,-0.0005607345622765658,4,3,1,0,0,15,11,14237.5
2019-03-18,14237.5,14232.5,14247.5,14212.5,-0.15,14259.0,14267.0,14265.0,14140.0,13991.0,13955.0,14270.5,14188.107142857143,14107.466666666667,14159.133333333333,23.21816817364248,91.52388897272458,107.78450190339069,-0.0015078196226944174,0,3,1,0,0,18,12,14230.0
2019-03-19,14230.0,14215.0,14240.0,14215.0,-0.05,14237.5,14259.0,14267.0,14310.0,14030.0,13955.0,14259.07142857143,14202.392857142857,14116.633333333333,14153.716666666667,20.000892837371882,79.8055759016767,106.05056807246798,-0.0005267778753292873,1,3,1,0,0,19,12,14185.0
2019-03-20,14185.0,14215.0,14235.0,14180.0,-0.32,14230.0,14237.5,14259.0,14290.0,14065.0,13922.0,14244.07142857143,14210.964285714286,14125.4,14147.216666666667,29.875336220571374,69.72100011535666,100.11049068312026,-0.003162333099086423,2,3,1,0,0,20,12,14140.0
2019-03-21,14140.0,14105.0,14145.0,14084.0,-0.32,14185.0,14230.0,14237.5,14265.0,14115.0,13972.5,14226.214285714286,14212.75,14130.983333333334,14140.216666666667,47.46214030057492,67.35404447867168,95.87001646739637,-0.003172365174480052,3,3,1,0,0,21,12,14165.0
2019-03-22,14165.0,14135.0,14170.0,14135.0,0.18,14140.0,14185.0,14230.0,14265.0,14130.0,13965.0,14211.92857142857,14215.25,14137.65,14133.633333333333,48.87094277406516,64.64124368046895,90.74672502870796,0.0017680339462518013,4,3,1,0,0,22,12,14180.0
2019-03-25,14180.0,14195.0,14230.0,14179.0,0.11,14165.0,14140.0,14185.0,14267.0,14120.0,14040.0,14199.5,14219.535714285714,14142.316666666668,14130.3,43.273355928797784,59.635580591367756,89.1373875013308,0.0010589481115426125,0,3,1,0,0,25,13,14170.0
2019-03-26,14170.0,14195.0,14195.0,14155.0,-0.07,14180.0,14165.0,14140.0,14259.0,14140.0,14068.5,14186.785714285714,14221.67857142857,14145.7,14126.8,35.19926270883151,57.040339012554576,88.15988610036372,-0.0007052186177715081,1,3,1,0,0,26,13,14195.0
2019-03-27,14195.0,14175.0,14225.0,14175.0,0.18,14170.0,14180.0,14165.0,14237.5,14140.0,14057.5,14180.714285714286,14225.607142857143,14150.283333333333,14122.55,27.90289283530901,52.71190880258378,86.98272552764516,0.0017642907551165266,2,3,1,0,0,27,13,14242.0
2019-03-28,14242.0,14220.0,14260.0,14215.0,0.33,14195.0,14170.0,14180.0,14230.0,14310.0,14090.0,14182.42857142857,14220.75,14155.35,14119.75,31.56399395344312,47.17999494509182,87.77352813557813,0.003311025008805979,3,3,1,0,0,28,13,14240.0
2019-03-29,14240.0,14245.0,14250.0,14220.0,-0.01,14242.0,14195.0,14170.0,14185.0,14290.0,14142.5,14190.285714285714,14217.17857142857,14158.6,14119.25,38.4131673853978,43.26466276186941,89.07672012907395,-0.0001404297149276701,4,3,1,0,0,29,13,14225.0
2019-04-01,14225.0,14225.0,14246.0,14220.0,-0.11,14240.0,14242.0,14195.0,14140.0,14265.0,14106.5,14202.42857142857,14214.32142857143,14162.55,14121.5,32.9082418393834,41.131873819442255,89.31379686438554,-0.001053370786516905,0,4,2,0,1,1,14,14220.0
2019-04-02,14220.0,14220.0,14245.0,14219.0,-0.04,14225.0,14240.0,14242.0,14165.0,14265.0,14102.0,14210.285714285714,14211.107142857143,14166.483333333334,14122.75,28.790706172506404,38.543770608101944,89.15344031235237,-0.00035149384885768686,1,4,2,0,0,2,14,14220.0
2019-04-03,14220.0,14220.0,14220.0,14220.0,0.0,14220.0,14225.0,14240.0,14180.0,14267.0,14040.0,14216.0,14207.75,14172.483333333334,14124.333333333334,25.56690569219147,35.20311939768421,86.36085912318025,0.0,2,4,2,0,0,3,14,14180.0
2019-04-04,14180.0,14190.0,14195.0,14175.0,-0.28,14220.0,14220.0,14225.0,14170.0,14259.0,14063.0,14217.42857142857,14202.107142857143,14176.383333333333,14126.416666666666,22.685216499424545,32.59080720431993,83.85153992094915,-0.002812939521800284,3,4,2,0,0,4,14,14125.0
2019-04-05,14125.0,14180.0,14180.0,14125.0,-0.39,14180.0,14220.0,14220.0,14195.0,14237.5,14057.5,14207.42857142857,14194.07142857143,14178.633333333333,14127.75,41.688756049554385,36.79143772746545,81.42194626340893,-0.00387870239774335,4,4,2,0,0,5,14,14163.0
2019-04-08,14163.0,14133.0,14173.0,14133.0,0.27,14125.0,14180.0,14220.0,14242.0,14230.0,14017.5,14196.142857142857,14189.285714285714,14183.483333333334,14128.4,41.4625476442285,36.10972289919354,75.61956544538651,0.0026902654867255738,0,4,2,0,0,8,15,14133.0
2019-04-09,14133.0,14148.0,14153.0,14129.0,-0.21,14163.0,14125.0,14180.0,14240.0,14185.0,13991.0,14180.857142857143,14185.57142857143,14188.216666666667,14129.075,42.31401884108271,39.13234799095752,67.12259542121552,-0.0021181952976064844,1,4,2,0,0,9,15,14150.0
2019-04-10,14150.0,14145.0,14170.0,14145.0,0.12,14133.0,14163.0,14125.0,14225.0,14140.0,14030.0,14170.142857142857,14186.285714285714,14192.216666666667,14129.533333333333,38.6066858262101,38.31936359490213,60.6305492778632,0.0012028585579848539,2,4,2,0,0,10,15,14135.0
2019-04-11,14135.0,14150.0,14165.0,14135.0,-0.11,14150.0,14133.0,14163.0,14220.0,14165.0,14065.0,14158.0,14184.142857142857,14194.55,14128.783333333333,33.31666249803088,40.384416534672766,56.79126177310555,-0.0010600706713781438,3,4,2,0,0,11,15,14092.5
2019-04-12,14092.5,14142.5,14152.5,14092.5,-0.3,14135.0,14150.0,14133.0,14220.0,14180.0,14115.0,14139.785714285714,14177.892857142857,14193.8,14127.408333333333,28.23688064534449,47.26039916902594,58.01346454879081,-0.0030067209055535393,4,4,2,0,0,12,15,14060.0
2019-04-15,14060.0,14085.0,14085.0,14060.0,-0.23,14092.5,14135.0,14150.0,14180.0,14170.0,14130.0,14122.642857142857,14170.035714285714,14191.466666666667,14124.7,35.297207497918755,56.845426135032305,61.94267835900485,-0.002306191236473354,0,4,2,0,0,15,16,14085.0
2019-04-16,14085.0,14060.0,14085.0,14060.0,0.18,14060.0,14092.5,14135.0,14125.0,14195.0,14120.0,14116.92857142857,14162.17857142857,14190.3,14122.533333333333,37.9873099112595,60.607059483918235,63.641452550573455,0.0017780938833571458,1,4,2,0,0,16,16,14085.0
2019-04-17,14085.0,14085.0,14085.0,14085.0,0.0,14085.0,14060.0,14092.5,14163.0,14242.0,14140.0,14105.785714285714,14150.964285714286,14188.466666666667,14120.95,33.381453362308164,59.210337027721806,65.89279869248602,0.0,2,4,2,0,0,17,16,14042.5
2019-04-18,14042.5,14002.5,14047.5,13992.5,-0.3,14085.0,14085.0,14060.0,14133.0,14240.0,14140.0,14092.857142857143,14136.857142857143,14185.216666666667,14118.908333333333,38.25431815039408,59.88913750553815,70.6019296567212,-0.003017394391196304,3,4,2,0,0,18,16,14042.5
2019-04-19,14042.5,14042.5,14042.5,14042.5,0.0,14042.5,14085.0,14085.0,14150.0,14225.0,14310.0,14077.5,14123.82142857143,14176.3,14118.2,32.659863237245396,59.0842316402682,71.18850643372181,0.0,4,4,2,0,0,19,16,14075.0
2019-04-22,14075.0,14045.0,14097.0,14045.0,0.23,14042.5,14042.5,14085.0,14135.0,14220.0,14290.0,14068.92857142857,14113.464285714286,14169.133333333333,14118.283333333333,20.75939259615748,53.35925566183797,70.16224219530902,0.0023144027060708616,0,4,2,0,0,22,17,14075.0
2019-04-23,14075.0,14065.0,14090.0,14065.0,0.0,14075.0,14042.5,14042.5,14092.5,14220.0,14265.0,14066.42857142857,14103.107142857143,14162.8,14117.95,18.363071120088687,44.412047295817736,69.78459468364429,0.0,1,4,2,0,0,23,17,14095.0
2019-04-24,14095.0,14090.0,14130.0,14090.0,0.14,14075.0,14075.0,14042.5,14060.0,14180.0,14265.0,14071.42857142857,14097.035714285714,14157.133333333333,14117.366666666667,20.90938499720546,38.50947150449946,68.08095248997402,0.001420959147424572,2,4,2,0,0,24,17,14185.0
2019-04-25,14185.0,14095.0,14190.0,14095.0,0.64,14095.0,14075.0,14075.0,14085.0,14125.0,14267.0,14085.714285714286,14101.32142857143,14154.4,14120.908333333333,48.147219669608,44.70183576577445,65.09865192726103,0.0063852429939694755,3,4,2,0,0,25,17,14187.5
2019-04-26,14187.5,14192.5,14202.5,14172.5,0.02,14185.0,14095.0,14075.0,14085.0,14163.0,14259.0,14100.357142857143,14103.07142857143,14152.016666666666,14125.033333333333,61.60067253814127,47.682385532405114,62.389555289194504,0.00017624250969339172,4,4,2,0,0,26,17,14200.0
2019-04-29,14200.0,14190.0,14217.0,14180.0,0.09,14187.5,14185.0,14095.0,14042.5,14133.0,14237.5,14122.857142857143,14107.857142857143,14150.766666666666,14129.116666666667,65.58119286160407,53.87714963412539,60.97748783753358,0.0008810572687225626,0,4,2,0,0,29,18,14250.0
2019-04-30,14250.0,14195.0,14265.0,14195.0,0.35,14200.0,14187.5,14185.0,14042.5,14150.0,14230.0,14152.5,14115.0,14151.433333333332,14134.033333333333,69.95534289821991,65.30991207569339,61.9747909446392,0.0035211267605634866,1,4,2,1,0,30,18,14250.0
2019-05-01,14250.0,14250.0,14250.0,14250.0,0.0,14250.0,14200.0,14187.5,14075.0,14135.0,14185.0,14177.5,14123.214285714286,14153.6,14139.5,68.9051280143486,74.5913776942297,64.28202945095074,0.0,2,5,2,0,1,1,18,14250.0
2019-05-02,14250.0,14205.0,14270.0,14205.0,0.0,14250.0,14250.0,14200.0,14075.0,14092.5,14140.0,14202.5,14134.464285714286,14157.266666666666,14144.125,56.06915373007419,81.18816328191974,66.57582316331626,0.0,3,5,2,0,0,2,18,14255.0
2019-05-03,14255.0,14255.0,14287.0,14255.0,0.04,14250.0,14250.0,14250.0,14095.0,14060.0,14165.0,14225.357142857143,14148.392857142857,14160.266666666666,14148.958333333334,32.673529405557446,84.10505760198689,68.92271200317919,0.00035087719298254605,4,5,2,0,0,3,18,14292.5
2019-05-06,14292.5,14272.5,14332.5,14272.5,0.26,14255.0,14250.0,14250.0,14185.0,14085.0,14180.0,14240.714285714286,14163.214285714286,14164.016666666666,14153.166666666666,35.66961492050965,90.1410677097786,72.9747811106623,0.002630655910206947,0,5,2,0,0,6,19,14280.0
2019-05-07,14280.0,14290.0,14320.0,14265.0,-0.09,14292.5,14255.0,14250.0,14187.5,14085.0,14170.0,14253.92857142857,14177.142857142857,14167.683333333332,14156.691666666668,29.221037757492685,92.16862234513881,75.9871226990478,-0.0008745845723281409,1,5,2,0,0,7,19,14295.0
2019-05-08,14295.0,14290.0,14315.0,14290.0,0.11,14280.0,14292.5,14255.0,14200.0,14042.5,14195.0,14267.5,14195.17857142857,14171.016666666666,14160.65,20.866640042713065,88.42350173616376,79.34586916791072,0.0010504201680672232,2,5,2,0,0,8,19,14350.0
2019-05-09,14350.0,14300.0,14375.0,14300.0,0.38,14295.0,14280.0,14292.5,14250.0,14042.5,14242.0,14281.785714285714,14217.142857142857,14174.616666666667,14164.983333333334,35.78623704596446,85.73133987816772,84.9309743396783,0.0038474991255683655,3,5,2,0,0,9,19,14325.0
2019-05-10,14325.0,14325.0,14370.0,14325.0,-0.17,14350.0,14295.0,14280.0,14250.0,14075.0,14240.0,14292.5,14235.0,14177.45,14168.025,35.91076904409479,79.66878550949217,88.52900849335118,-0.0017421602787456303,4,5,2,0,0,10,19,14415.0
2019-05-13,14415.0,14335.0,14442.0,14335.0,0.63,14325.0,14350.0,14295.0,14250.0,14075.0,14225.0,14316.07142857143,14259.285714285714,14183.783333333333,14173.166666666666,53.30449369071591,78.96219014482763,98.3045657315389,0.006282722513089034,0,5,2,0,0,13,20,14430.0
2019-05-14,14430.0,14420.0,14460.0,14420.0,0.1,14415.0,14325.0,14350.0,14255.0,14095.0,14220.0,14341.07142857143,14283.214285714286,14190.783333333333,14178.633333333333,60.44724185290103,76.0530468423504,107.97363050785039,0.0010405827263266776,1,5,2,0,0,14,20,14460.0
2019-05-15,14460.0,14445.0,14465.0,14440.0,0.21,14430.0,14415.0,14325.0,14292.5,14185.0,14220.0,14365.0,14302.857142857143,14198.783333333333,14185.633333333333,70.35623639737737,83.848863248522,118.58284484672471,0.0020790020790020236,2,5,2,0,0,15,20,14450.0
2019-05-16,14450.0,14455.0,14475.0,14440.0,-0.07,14460.0,14430.0,14415.0,14280.0,14187.5,14180.0,14389.285714285714,14321.607142857143,14207.783333333333,14192.083333333334,65.28326555793609,85.40405740896769,127.05169212274498,-0.0006915629322268302,3,5,2,0,0,16,20,14450.0
2019-05-17,14450.0,14460.0,14475.0,14445.0,0.0,14450.0,14460.0,14430.0,14295.0,14200.0,14125.0,14411.42857142857,14339.464285714286,14218.616666666667,14198.625,53.12832622642987,84.14832698278062,133.44466006116184,0.0,4,5,2,0,0,17,20,14455.0
2019-05-20,14455.0,14450.0,14460.0,14450.0,0.03,14450.0,14450.0,14460.0,14350.0,14250.0,14163.0,14426.42857142857,14354.107142857143,14228.35,14205.916666666666,47.4090608177563,85.21244459713479,139.748366840086,0.000346020761245569,0,5,2,0,0,20,21,14480.0
2019-05-21,14480.0,14455.0,14480.0,14455.0,0.17,14455.0,14450.0,14450.0,14325.0,14250.0,14133.0,14448.57142857143,14370.535714285714,14239.916666666666,14214.066666666668,20.959143930228667,85.76678222947915,145.81294602974583,0.0017295053614665434,1,5,2,0,0,21,21,14525.0
2019-05-22,14525.0,14470.0,14530.0,14470.0,0.31,14480.0,14455.0,14450.0,14415.0,14250.0,14150.0,14464.285714285714,14390.17857142857,14252.416666666666,14222.316666666668,30.608900044053936,87.5107921127185,153.69933049753607,0.003107734806629736,2,5,2,0,0,22,21,14460.0
2019-05-23,14460.0,14510.0,14525.0,14455.0,-0.45,14525.0,14480.0,14455.0,14430.0,14255.0,14135.0,14468.57142857143,14404.82142857143,14263.25,14228.9,26.88157450041053,79.97874889404082,156.56488959904436,-0.00447504302925994,3,5,2,0,0,23,21,14392.5
2019-05-24,14392.5,14442.5,14472.5,14392.5,-0.47,14460.0,14525.0,14480.0,14460.0,14292.5,14092.5,14458.92857142857,14411.964285714286,14273.25,14233.525,39.57738050479374,73.36800399983167,154.85414438907117,-0.004668049792531104,4,5,2,0,0,24,21,14380.0
2019-05-27,14380.0,14355.0,14390.0,14345.0,-0.09,14392.5,14460.0,14525.0,14450.0,14280.0,14060.0,14448.92857142857,14419.107142857143,14283.916666666666,14237.691666666668,49.746380581451994,63.77248579900896,150.6218193730673,-0.0008685079034219667,0,5,2,0,0,27,22,14375.0
2019-05-28,14375.0,14365.0,14390.0,14365.0,-0.03,14380.0,14392.5,14460.0,14450.0,14295.0,14085.0,14438.214285714286,14424.82142857143,14293.583333333334,14241.941666666668,57.02182121995481,54.74121184861334,146.66946673133066,-0.0003477051460362146,1,5,2,0,0,28,22,14400.0
2019-05-29,14400.0,14385.0,14435.0,14385.0,0.17,14375.0,14380.0,14392.5,14455.0,14350.0,14085.0,14430.357142857143,14428.392857142857,14304.083333333334,14246.275,58.102434175732476,50.9864908841206,142.43643974701357,0.0017391304347826875,2,5,2,0,0,29,22,14400.0
2019-05-30,14400.0,14400.0,14400.0,14400.0,0.0,14400.0,14375.0,14380.0,14480.0,14325.0,14042.5,14418.92857142857,14433.75,14316.0,14250.608333333334,54.46438329423746,42.52544487089334,134.53239579086485,0.0,3,5,2,0,0,30,22,14275.0
2019-05-31,14275.0,14380.0,14385.0,14255.0,-0.87,14400.0,14400.0,14375.0,14525.0,14415.0,14042.5,14383.214285714286,14423.75,14323.75,14250.025,55.2779771871906,60.102076630630435,124.56086657834051,-0.00868055555555558,4,5,2,1,0,31,22,14275.0
2019-06-03,14275.0,14275.0,14275.0,14275.0,0.0,14275.0,14400.0,14400.0,14460.0,14430.0,14075.0,14356.785714285714,14412.67857142857,14330.416666666666,14249.775,56.655285972046734,71.96730217500041,115.83483212454645,0.0,0,6,2,0,0,3,23,14275.0
2019-06-04,14275.0,14275.0,14275.0,14275.0,0.0,14275.0,14275.0,14400.0,14392.5,14460.0,14075.0,14340.0,14399.464285714286,14337.083333333334,14249.941666666668,61.508806957511695,79.22811862054289,105.96250827961781,0.0,1,6,2,0,0,4,23,14275.0
2019-06-05,14275.0,14275.0,14275.0,14275.0,0.0,14275.0,14275.0,14275.0,14380.0,14450.0,14095.0,14325.0,14386.964285714286,14343.083333333334,14250.108333333334,62.915286960615276,84.28533595516268,96.45144243148965,0.0,2,6,2,0,0,5,23,14275.0
2019-06-06,14275.0,14275.0,14275.0,14275.0,0.0,14275.0,14275.0,14275.0,14375.0,14450.0,14185.0,14310.714285714286,14374.464285714286,14346.083333333334,14250.241666666667,60.99375455931092,87.14586893513653,92.69128249497487,0.0,3,6,2,0,0,6,23,14275.0
2019-06-07,14275.0,14275.0,14275.0,14275.0,0.0,14275.0,14275.0,14275.0,14400.0,14455.0,14187.5,14292.857142857143,14361.607142857143,14349.0,14250.508333333333,47.24555912619074,87.62687034538382,88.8251867045151,0.0,4,6,2,0,0,7,23,14250.0
2019-06-10,14250.0,14205.0,14260.0,14205.0,-0.18,14275.0,14275.0,14275.0,14400.0,14480.0,14200.0,14271.42857142857,14345.17857142857,14350.666666666666,14250.716666666667,9.449111825426412,85.25112386833018,86.36813082947334,-0.0017513134851138146,0,6,2,0,0,10,24,14237.5
2019-06-11,14237.5,14242.5,14260.5,14232.5,-0.09,14250.0,14275.0,14275.0,14275.0,14525.0,14250.0,14266.07142857143,14324.642857142857,14350.25,14250.841666666667,15.669579263319187,72.23663798978514,86.89904467544946,-0.0008771929824561431,1,6,2,0,0,11,24,14235.0
2019-06-12,14235.0,14225.0,14265.0,14220.0,-0.02,14237.5,14250.0,14275.0,14275.0,14460.0,14250.0,14260.357142857143,14308.57142857143,14349.75,14251.675,18.8430232132023,64.41089765094121,87.53656871306691,-0.00017559262510979945,2,6,2,0,0,12,24,14280.0
2019-06-13,14280.0,14235.0,14280.0,14235.0,0.32,14235.0,14237.5,14250.0,14275.0,14392.5,14250.0,14261.07142857143,14300.535714285714,14350.75,14254.008333333333,19.571298226981916,60.00143084321769,86.52324284094222,0.0031612223393044925,3,6,2,0,0,13,24,14325.0
2019-06-14,14325.0,14275.0,14330.0,14275.0,0.32,14280.0,14235.0,14237.5,14275.0,14380.0,14255.0,14268.214285714286,14296.607142857143,14353.083333333334,14256.675,31.18206902332068,56.07007242651793,84.77831978599038,0.0031512605042016695,4,6,2,0,0,14,24,14335.0
2019-06-17,14335.0,14330.0,14355.0,14330.0,0.07,14325.0,14280.0,14235.0,14275.0,14375.0,14292.5,14276.785714285714,14293.75,14354.5,14259.258333333333,40.278051449581106,52.68511320841256,84.08329203824336,0.0006980802792320162,0,6,2,0,0,17,25,14322.5
2019-06-18,14322.5,14332.5,14342.5,14317.5,-0.09,14335.0,14325.0,14280.0,14275.0,14400.0,14280.0,14283.57142857143,14288.214285714286,14355.916666666666,14261.8,43.77635260757439,44.02172290868982,83.13751418196442,-0.0008719916288804086,1,6,2,0,0,18,25,14269.5
2019-06-19,14269.5,14264.5,14279.5,14259.5,-0.37,14322.5,14335.0,14325.0,14250.0,14400.0,14295.0,14286.357142857143,14278.892857142857,14355.066666666668,14263.041666666666,41.86258700175861,30.166957579580156,83.90858463054397,-0.003700471286437468,2,6,2,0,0,19,25,14182.5
2019-06-20,14182.5,14242.5,14252.5,14172.5,-0.61,14269.5,14322.5,14335.0,14237.5,14275.0,14350.0,14278.5,14272.285714285714,14349.483333333334,14262.05,55.50075074570596,39.70647800476115,89.634745738841,-0.006096920004204809,3,6,2,0,0,20,25,14155.0
2019-06-21,14155.0,14125.0,14170.0,14080.0,-0.19,14182.5,14269.5,14322.5,14235.0,14275.0,14325.0,14267.07142857143,14263.714285714286,14343.816666666668,14260.633333333333,71.79567568887919,50.54766002501535,96.35749557772613,-0.0019390093424995758,4,6,2,0,0,21,25,14140.0
2019-06-24,14140.0,14135.0,14175.0,14135.0,-0.11,14155.0,14182.5,14269.5,14280.0,14275.0,14415.0,14247.07142857143,14254.07142857143,14334.65,14259.216666666667,85.73963910752964,60.186842780587114,102.25248922012939,-0.0010596962204167948,0,6,2,0,0,24,26,14125.0
2019-06-25,14125.0,14140.0,14145.0,14095.0,-0.11,14140.0,14155.0,14182.5,14325.0,14275.0,14430.0,14218.5,14243.357142857143,14324.483333333334,14257.633333333333,88.71489916207466,68.89580443010627,107.47449443477994,-0.0010608203677510142,1,6,2,0,0,25,26,14175.0
2019-06-26,14175.0,14135.0,14185.0,14135.0,0.35,14125.0,14140.0,14155.0,14335.0,14275.0,14460.0,14195.642857142857,14236.214285714286,14314.983333333334,14256.883333333333,72.89816772146342,70.527330840918,107.67851924007728,0.003539823008849474,2,6,2,0,0,26,26,14140.0
2019-06-27,14140.0,14175.0,14185.0,14140.0,-0.25,14175.0,14125.0,14140.0,14322.5,14275.0,14450.0,14169.57142857143,14226.57142857143,14304.65,14256.216666666667,48.52871020632494,73.9617513264863,109.13951447884594,-0.0024691358024691024,3,6,2,0,0,27,26,14127.5
2019-06-28,14127.5,14132.5,14147.5,14097.5,-0.09,14140.0,14175.0,14125.0,14269.5,14250.0,14450.0,14149.285714285714,14217.82142857143,14293.9,14256.258333333333,22.48676859641152,78.10683195305593,110.20673363238559,-0.0008840169731259007,4,6,2,0,0,28,26,14112.5
2019-07-01,14112.5,14082.5,14117.5,14082.5,-0.11,14127.5,14140.0,14175.0,14182.5,14237.5,14455.0,14139.285714285714,14208.892857142857,14282.483333333334,14255.416666666666,20.752223059436133,82.6941023313071,110.68170294951483,-0.0010617589807113692,0,7,3,0,1,1,27,14137.5
2019-07-02,14137.5,14117.5,14147.5,14117.5,0.18,14112.5,14127.5,14140.0,14155.0,14235.0,14480.0,14136.785714285714,14201.92857142857,14271.066666666668,14255.491666666667,19.563693292472482,84.41401112769567,107.21552040670464,0.001771479185119551,1,7,3,0,0,2,27,14117.5
2019-07-03,14117.5,14142.5,14167.5,14117.5,-0.14,14137.5,14112.5,14127.5,14140.0,14280.0,14525.0,14133.57142857143,14190.32142857143,14257.483333333334,14254.95,20.75939259603295,84.02440285219083,99.4684565606767,-0.0014146772767462679,2,7,3,0,0,3,27,14140.0
2019-07-04,14140.0,14105.0,14145.0,14100.0,0.16,14117.5,14137.5,14112.5,14125.0,14325.0,14460.0,14135.714285714286,14177.107142857143,14246.816666666668,14255.033333333333,20.49970963799098,75.30991827874574,94.01049861884147,0.0015937666017353802,3,7,3,0,0,4,27,14082.5
2019-07-05,14082.5,14137.5,14147.5,14077.5,-0.41,14140.0,14117.5,14137.5,14175.0,14335.0,14392.5,14122.5,14159.07142857143,14236.483333333334,14254.866666666667,20.766559657388587,63.969300672391284,94.48120441915535,-0.004066478076379054,4,7,3,0,0,5,27,14110.0
2019-07-08,14110.0,14115.0,14155.0,14095.0,0.2,14082.5,14140.0,14117.5,14140.0,14322.5,14380.0,14118.214285714286,14143.892857142857,14227.483333333334,14255.7,19.61686592132719,44.4371546594711,93.1896919092954,0.0019527782709036767,0,7,3,0,0,8,28,14130.0
2019-07-09,14130.0,14105.0,14135.0,14105.0,0.14,14110.0,14082.5,14140.0,14127.5,14269.5,14375.0,14118.57142857143,14133.92857142857,14219.316666666668,14256.45,19.835634120347095,25.864184578302797,90.5131428190237,0.0014174344436570507,1,7,3,0,0,9,28,14130.0
2019-07-10,14130.0,14135.0,14155.0,14130.0,0.0,14130.0,14110.0,14082.5,14112.5,14182.5,14400.0,14121.07142857143,14130.17857142857,14210.316666666668,14257.2,20.044593143528694,21.76059171054394,85.19495728688932,0.0,2,7,3,0,0,10,28,14065.0
2019-07-11,14065.0,14100.0,14105.0,14050.0,-0.46,14130.0,14130.0,14110.0,14137.5,14155.0,14400.0,14110.714285714286,14123.75,14199.15,14257.575,27.489175358833506,26.6160376743685,81.34294683614813,-0.004600141542816738,3,7,3,0,0,11,28,14007.0
2019-07-12,14007.0,14073.0,14098.0,14003.0,-0.41,14065.0,14130.0,14130.0,14117.5,14140.0,14275.0,14094.92857142857,14114.25,14190.216666666667,14256.983333333334,47.434541362700465,40.48967104687134,87.22895787490752,-0.004123711340206171,4,7,3,0,0,12,28,13919.5
2019-07-15,13919.5,13999.5,13999.5,13889.5,-0.62,14007.0,14065.0,14130.0,14140.0,14125.0,14275.0,14063.42857142857,14099.57142857143,14178.366666666667,14254.391666666666,76.70094989170566,65.69622900471961,98.70619354258595,-0.0062468765617191835,0,7,3,0,0,15,29,13935.0
2019-07-16,13935.0,13905.0,13943.0,13905.0,0.11,13919.5,14007.0,14065.0,14082.5,14175.0,14275.0,14042.357142857143,14082.42857142857,14167.033333333333,14252.058333333332,89.7406978864509,75.13471417841465,106.44416808603674,0.0011135457451776354,1,7,3,0,0,16,29,13980.0
2019-07-17,13980.0,13940.0,13990.0,13935.0,0.32,13935.0,13919.5,14007.0,14110.0,14140.0,14275.0,14023.785714285714,14071.0,14157.2,14250.141666666666,86.81294889152568,77.8245067192918,109.70246594525993,0.0032292787944026013,2,7,3,0,0,17,29,13960.0
2019-07-18,13960.0,13965.0,13984.0,13925.0,-0.14,13980.0,13935.0,13919.5,14130.0,14127.5,14275.0,13999.5,14059.035714285714,14146.7,14246.391666666666,75.14153312253318,81.26936793640564,113.06205192811156,-0.0014306151645206988,3,7,3,0,0,18,29,13935.0
2019-07-19,13935.0,13935.0,13945.0,13890.0,-0.18,13960.0,13980.0,13935.0,14130.0,14112.5,14275.0,13971.642857142857,14046.357142857143,14135.366666666667,14242.183333333332,50.94990536937066,85.99517619970632,116.73879871929812,-0.0017908309455587634,4,7,3,0,0,19,29,13945.0
2019-07-22,13945.0,13945.0,13970.0,13940.0,0.07,13935.0,13960.0,13980.0,14065.0,14137.5,14250.0,13954.5,14032.607142857143,14125.2,14237.933333333332,30.310889132539625,85.69022441555583,119.6558715073975,0.0007176175098673188,0,7,3,0,0,22,30,13984.0
2019-07-23,13984.0,13954.0,13990.0,13954.0,0.28,13945.0,13935.0,13960.0,14007.0,14117.5,14237.5,13951.214285714286,14023.07142857143,14116.75,14233.5,24.327380224277572,82.89911782529948,120.40053485384226,0.0027967013266403384,1,7,3,0,0,23,30,13993.0
2019-07-24,13993.0,13983.0,14025.0,13983.0,0.06,13984.0,13945.0,13935.0,13919.5,14140.0,14235.0,13961.714285714286,14012.57142857143,14108.683333333332,14229.216666666667,24.219236746365578,75.9695933964945,120.31155556423744,0.0006435926773455947,2,7,3,0,0,24,30,13977.5
2019-07-25,13977.5,13987.5,13992.5,13972.5,-0.11,13993.0,13984.0,13945.0,13935.0,14082.5,14280.0,13967.785714285714,14005.07142857143,14098.6,14224.675,21.590617450869754,73.68353775582187,118.11459952384064,-0.0011076967054955977,3,7,3,0,0,25,30,14004.0
2019-07-26,14004.0,13995.0,14015.0,13995.0,0.19,13977.5,13993.0,13984.0,13980.0,14110.0,14325.0,13971.214285714286,13997.5,14087.9,14220.491666666667,25.41957438490624,67.23609378631768,111.23727358430806,0.0018959041316402026,4,7,3,0,0,26,30,14020.0
2019-07-29,14020.0,13995.0,14028.0,13995.0,0.11,14004.0,13977.5,13993.0,13960.0,14130.0,14335.0,13979.785714285714,13989.642857142857,14077.4,14215.95,30.596646252649087,56.05952487865762,101.55390958358718,0.0011425307055126233,0,7,3,0,0,29,31,14020.0
2019-07-30,14020.0,14020.0,14040.0,14015.0,0.0,14020.0,14004.0,13977.5,13935.0,14130.0,14322.5,13991.92857142857,13981.785714285714,14067.316666666668,14211.616666666667,26.445586543391173,40.39407529121221,90.83012595827613,0.0,1,7,3,0,0,30,31,14017.0
2019-07-31,14017.0,14015.0,14031.0,14005.0,-0.02,14020.0,14020.0,14004.0,13945.0,14065.0,14269.5,14002.214285714286,13978.357142857143,14058.9,14206.983333333334,17.710301011266623,34.37655091335059,82.79215771615904,-0.00021398002853068032,2,7,3,1,0,31,31,14116.0
2019-08-01,14116.0,14061.0,14128.0,14061.0,0.71,14017.0,14020.0,14020.0,13984.0,14007.0,14182.5,14021.07142857143,13986.142857142857,14056.683333333332,14203.083333333334,44.7366633492467,50.106973478343534,80.21904100783595,0.007062852250838247,3,8,3,0,1,1,31,14180.0
2019-08-02,14180.0,14165.0,14230.0,14165.0,0.45,14116.0,14017.0,14020.0,13993.0,13919.5,14155.0,14047.785714285714,14004.75,14057.516666666666,14200.666666666666,72.43724706191806,68.46187878011928,81.39680195070984,0.004533862283933043,4,8,3,0,0,2,31,14255.0
2019-08-05,14255.0,14190.0,14280.0,14190.0,0.53,14180.0,14116.0,14017.0,13977.5,13935.0,14140.0,14087.42857142857,14027.607142857143,14061.35,14198.0,98.7249666883882,92.56062017155242,87.86609620357555,0.005289139633286366,0,8,3,0,0,5,32,14265.0
2019-08-06,14265.0,14305.0,14355.0,14255.0,0.07,14255.0,14180.0,14116.0,14004.0,13980.0,14125.0,14124.714285714286,14047.964285714286,14066.016666666666,14195.25,110.5436780730082,110.82357154927462,94.8068347722215,0.0007015082427217489,1,8,3,0,0,6,32,14222.5
2019-08-07,14222.5,14257.5,14297.5,14207.5,-0.3,14265.0,14255.0,14180.0,14020.0,13960.0,14175.0,14153.642857142857,14066.714285714286,14067.6,14191.291666666666,104.92724236574657,116.8389282935383,97.05956223204781,-0.002979320014020348,2,8,3,0,0,7,32,14208.0
2019-08-08,14208.0,14213.0,14243.0,14193.0,-0.1,14222.5,14265.0,14255.0,14020.0,13935.0,14140.0,14180.5,14086.214285714286,14069.866666666667,14187.258333333333,87.65795267213558,115.94324113453874,99.57019126471982,-0.0010195113376691989,3,8,3,0,0,8,32,14190.0
2019-08-09,14190.0,14205.0,14210.0,14175.0,-0.13,14208.0,14222.5,14265.0,14017.0,13945.0,14127.5,14205.214285714286,14103.714285714286,14071.95,14182.925,50.30892659599876,111.3895994116541,101.45368826245861,-0.0012668918918918859,4,8,3,0,0,9,32,14247.5
2019-08-12,14247.5,14202.5,14249.5,14202.5,0.41,14190.0,14208.0,14222.5,14116.0,13984.0,14112.5,14224.0,14122.535714285714,14076.45,14179.466666666667,33.026504507794975,111.86624298074241,106.19738859696511,0.004052149400986638,0,8,3,0,0,12,33,14317.5
2019-08-13,14317.5,14257.5,14332.5,14257.5,0.49,14247.5,14190.0,14208.0,14180.0,13993.0,14137.5,14243.642857142857,14145.714285714286,14082.45,14176.758333333333,42.13046629791209,116.48468276398255,114.52400365766306,0.004913142656606473,1,8,3,0,0,13,33,14245.0
2019-08-14,14245.0,14255.0,14255.0,14215.0,-0.51,14317.5,14247.5,14190.0,14255.0,13977.5,14117.5,14242.214285714286,14164.82142857143,14086.7,14172.091666666667,41.8497880748288,108.43051783398363,118.17707345184405,-0.005063733193644171,2,8,3,0,0,14,33,14267.5
2019-08-15,14267.5,14267.5,14312.5,14257.5,0.16,14245.0,14317.5,14247.5,14265.0,14004.0,14140.0,14242.57142857143,14183.642857142857,14090.95,14168.883333333333,42.08664531997094,100.98103945599522,122.37797229663393,0.0015795015795014855,3,8,3,0,0,15,33,14235.0
2019-08-16,14235.0,14260.0,14270.0,14225.0,-0.23,14267.5,14245.0,14317.5,14222.5,14020.0,14082.5,14244.357142857143,14199.0,14096.033333333333,14166.258333333333,41.351858367907674,89.92304402151989,125.15073210778243,-0.002277904328018221,4,8,3,0,0,16,33,14235.0
2019-08-19,14235.0,14215.0,14240.0,14185.0,0.0,14235.0,14267.5,14245.0,14208.0,14020.0,14110.0,14248.214285714286,14214.357142857143,14100.2,14163.841666666667,38.560404068267324,73.94031599616099,127.68688804766867,0.0,0,8,3,0,0,19,34,14260.0
2019-08-20,14260.0,14235.0,14275.0,14235.0,0.18,14235.0,14235.0,14267.5,14190.0,14017.0,14130.0,14258.214285714286,14231.714285714286,14104.533333333333,14161.925,28.784916685213048,48.02952388662996,130.89861392094403,0.0017562346329469403,1,8,3,0,0,20,34,14240.0
2019-08-21,14240.0,14260.0,14275.0,14225.0,-0.14,14260.0,14235.0,14235.0,14247.5,14116.0,14130.0,14257.142857142857,14240.57142857143,14108.2,14159.258333333333,29.383547388736023,34.607056384344816,133.15771048668793,-0.0014025245441795509,2,8,3,0,0,21,34,14235.0
2019-08-22,14235.0,14225.0,14250.0,14225.0,-0.04,14240.0,14260.0,14235.0,14317.5,14180.0,14065.0,14245.357142857143,14244.5,14113.866666666667,14156.508333333333,13.262460448430865,30.019865216769904,134.86224985802852,-0.000351123595505598,3,8,3,0,0,22,34,14212.5
2019-08-23,14212.5,14237.5,14252.5,14202.5,-0.16,14235.0,14240.0,14260.0,14245.0,14255.0,14007.0,14240.714285714286,14241.464285714286,14120.716666666667,14155.466666666667,18.183914922484178,31.00897158278786,134.46539635192295,-0.0015806111696522462,4,8,3,0,0,23,34,14240.0
2019-08-26,14240.0,14235.0,14280.0,14235.0,0.19,14212.5,14235.0,14240.0,14267.5,14265.0,13919.5,14236.785714285714,14239.67857142857,14131.4,14154.883333333333,13.898012876241799,30.26015858754018,130.60386275108837,0.0019349164467898916,0,8,3,0,0,26,35,14255.0
2019-08-27,14255.0,14245.0,14260.0,14230.0,0.11,14240.0,14212.5,14235.0,14235.0,14222.5,13935.0,14239.642857142857,14242.0,14142.066666666668,14154.55,15.439975943836297,30.08705318191825,127.02896311964598,0.001053370786516794,1,8,3,0,0,27,35,14255.0
2019-08-28,14255.0,14255.0,14270.0,14254.0,0.0,14255.0,14240.0,14212.5,14235.0,14208.0,13980.0,14242.5,14245.357142857143,14151.233333333334,14154.216666666667,16.266017746722234,28.586191240020582,124.8339402713311,0.0,2,8,3,0,0,28,35,14237.5
2019-08-29,14237.5,14242.5,14262.5,14232.5,-0.12,14255.0,14255.0,14240.0,14260.0,14190.0,13960.0,14239.285714285714,14248.75,14160.483333333334,14153.591666666667,14.340668112335319,23.95408267631358,120.37681379251893,-0.0012276394247632272,3,8,3,0,0,29,35,14185.0
2019-08-30,14185.0,14220.0,14245.0,14185.0,-0.37,14237.5,14255.0,14255.0,14240.0,14247.5,13935.0,14231.42857142857,14244.285714285714,14168.816666666668,14152.091666666667,24.99404691033149,29.408079923311696,112.63332967648284,-0.003687445127304678,4,8,3,0,0,30,35,14194.0
2019-09-02,14194.0,14185.0,14202.0,14184.0,0.06,14185.0,14237.5,14255.0,14235.0,14317.5,13945.0,14225.57142857143,14235.464285714286,14177.116666666667,14151.158333333333,28.56633883243091,23.73204931682399,104.44852579246032,0.0006344730348959438,0,9,3,0,0,2,36,14225.0
2019-09-03,14225.0,14200.0,14235.0,14200.0,0.22,14194.0,14185.0,14237.5,14212.5,14245.0,13984.0,14227.357142857143,14234.035714285714,14185.15,14150.95,27.99808666938464,23.7158371981042,98.16208886145213,0.0021840214175004036,1,9,3,0,0,3,36,14152.5
2019-09-04,14152.5,14222.5,14222.5,14152.5,-0.51,14225.0,14194.0,14185.0,14240.0,14267.5,13993.0,14214.857142857143,14225.82142857143,14190.466666666667,14149.575,38.84447009738293,30.24935291191659,91.48854585671923,-0.005096660808435849,2,9,3,0,0,4,36,14150.0
2019-09-05,14150.0,14155.0,14165.0,14142.0,-0.02,14152.5,14225.0,14194.0,14255.0,14235.0,13977.5,14199.857142857143,14219.75,14196.216666666667,14147.408333333333,40.97429507809277,36.20866343340815,82.63449677622435,-0.00017664723547072825,3,9,3,0,0,5,36,14095.0
2019-09-06,14095.0,14135.0,14150.0,14085.0,-0.39,14150.0,14152.5,14225.0,14255.0,14235.0,14004.0,14177.0,14209.75,14199.25,14143.575,48.939588610217235,48.81194289487563,76.79953192199076,-0.003886925795053009,4,9,3,0,0,6,36,14031.0
2019-09-09,14031.0,14086.0,14096.0,14026.0,-0.45,14095.0,14150.0,14152.5,14237.5,14260.0,14020.0,14147.5,14193.392857142857,14199.616666666667,14138.508333333333,65.74508853648997,66.01549310285183,75.93562193167001,-0.004540617240156086,0,9,3,0,0,9,37,14050.0
2019-09-10,14050.0,14035.0,14055.0,14025.0,0.14,14031.0,14095.0,14150.0,14185.0,14240.0,14020.0,14128.214285714286,14179.82142857143,14200.616666666667,14133.966666666667,72.37740044545995,74.66092767185444,73.65187023079837,0.0013541443945548348,1,9,3,0,0,10,37,14060.0
2019-09-11,14060.0,14055.0,14070.0,14050.0,0.07,14050.0,14031.0,14095.0,14194.0,14235.0,14017.0,14109.07142857143,14167.32142857143,14202.05,14130.475,69.7510027236661,79.22232764660055,70.29731809267768,0.000711743772241924,2,9,3,0,0,11,37,13990.0
2019-09-12,13990.0,14045.0,14055.0,13985.0,-0.5,14060.0,14050.0,14031.0,14225.0,14212.5,14116.0,14075.5,14151.42857142857,14197.85,14127.266666666666,60.608717744821206,90.91666876477747,78.85846662603372,-0.004978662873399764,3,9,3,0,0,12,37,13965.0
2019-09-13,13965.0,13935.0,13975.0,13905.0,-0.18,13990.0,14060.0,14050.0,14152.5,14240.0,14180.0,14048.714285714286,14131.785714285714,14190.683333333332,14124.1,62.31563283192337,99.6010724155007,89.57769535847424,-0.0017869907076483171,4,9,3,0,0,13,37,14040.0
2019-09-16,14040.0,13980.0,14055.0,13975.0,0.54,13965.0,13990.0,14060.0,14150.0,14255.0,14255.0,14033.0,14116.42857142857,14183.516666666666,14122.433333333332,43.566041821642855,95.63791031831752,92.7972840094398,0.005370569280343629,0,9,3,0,0,16,38,14095.0
2019-09-17,14095.0,14060.0,14110.0,14060.0,0.39,14040.0,13965.0,13990.0,14095.0,14255.0,14265.0,14033.0,14105.0,14177.85,14121.933333333332,43.566041821642855,86.97236519514284,92.84044061604529,0.0039173789173789775,1,9,3,0,0,17,38,14060.0
2019-09-18,14060.0,14075.0,14090.0,14060.0,-0.25,14095.0,14040.0,13965.0,14031.0,14237.5,14222.5,14037.142857142857,14092.32142857143,14172.433333333332,14120.016666666666,44.70804764038152,78.7170217007722,94.86394370929459,-0.0024831500532103146,2,9,3,0,0,18,38,14060.0
2019-09-19,14060.0,14075.0,14104.0,14060.0,0.0,14060.0,14095.0,14040.0,14050.0,14185.0,14208.0,14038.57142857143,14083.392857142857,14167.5,14118.683333333332,45.34261109549684,74.36505035452689,96.77952191479947,0.0,3,9,3,0,0,19,38,14055.0
2019-09-20,14055.0,14090.0,14090.0,14055.0,-0.04,14060.0,14060.0,14095.0,14060.0,14194.0,14190.0,14037.857142857143,14073.464285714286,14163.0,14117.475,44.986770542178476,67.4161770943136,98.81443772767417,-0.00035561877667145136,4,9,3,0,0,20,38,14085.0
2019-09-23,14085.0,14070.0,14090.0,14065.0,0.21,14055.0,14060.0,14060.0,13990.0,14225.0,14247.5,14051.42857142857,14063.464285714286,14157.583333333334,14117.016666666666,42.398337793173305,51.77928910448672,98.47598020912994,0.002134471718249653,0,9,3,0,0,23,39,14112.5
2019-09-24,14112.5,14077.5,14112.5,14077.5,0.2,14085.0,14055.0,14060.0,13965.0,14152.5,14317.5,14072.5,14060.607142857143,14150.75,14116.6,25.617376914993987,47.40747205388343,94.00777205574259,0.001952431664891785,1,9,3,0,0,24,39,14150.0
2019-09-25,14150.0,14120.0,14155.0,14120.0,0.27,14112.5,14085.0,14055.0,14040.0,14150.0,14245.0,14088.214285714286,14060.607142857143,14147.583333333334,14117.141666666666,34.54207234532393,47.40747205388343,92.30814991222461,0.0026572187776794376,2,9,3,0,0,25,39,14177.5
2019-09-26,14177.5,14147.5,14177.5,14145.5,0.19,14150.0,14112.5,14085.0,14095.0,14095.0,14267.5,14100.0,14066.5,14144.583333333334,14117.766666666666,48.498281756554604,56.304119264046726,89.70219727180653,0.00194346289752656,3,9,3,0,0,26,39,14165.0
2019-09-27,14165.0,14185.0,14200.0,14165.0,-0.09,14177.5,14150.0,14112.5,14060.0,14031.0,14235.0,14115.0,14076.07142857143,14142.25,14119.141666666666,50.27010377290031,60.999009179043135,88.1664520997064,-0.0008816787162757578,4,9,3,0,0,27,39,14195.0
2019-09-30,14195.0,14155.0,14195.0,14155.0,0.21,14165.0,14177.5,14150.0,14060.0,14050.0,14235.0,14134.285714285714,14086.42857142857,14140.916666666666,14120.558333333332,51.53304533898237,68.125409565866,87.010312838293,0.002117896223085003,0,9,3,1,0,30,40,14212.5
2019-10-01,14212.5,14182.5,14222.5,14182.5,0.12,14195.0,14165.0,14177.5,14055.0,14060.0,14260.0,14156.785714285714,14097.32142857143,14139.333333333334,14121.933333333332,45.13208129379395,75.38021754908533,85.1815842705352,0.001232828460725699,1,10,4,0,1,1,40,14195.0
2019-10-02,14195.0,14215.0,14215.0,14185.0,-0.12,14212.5,14195.0,14165.0,14085.0,13990.0,14240.0,14172.5,14111.964285714286,14137.833333333334,14123.016666666666,33.66501646127928,72.79567408012616,83.73164578422438,-0.0012313104661390017,2,10,4,0,0,2,40,14172.5
2019-10-03,14172.5,14192.5,14197.5,14167.5,-0.16,14195.0,14212.5,14195.0,14112.5,13965.0,14235.0,14181.07142857143,14126.785714285714,14135.75,14124.808333333332,21.15700942061331,60.68858538101466,81.99009086461403,-0.0015850651637900892,3,10,4,0,0,3,40,14135.0
2019-10-04,14135.0,14150.0,14150.0,14115.0,-0.26,14172.5,14195.0,14212.5,14150.0,14040.0,14212.5,14178.92857142857,14133.57142857143,14133.166666666666,14126.941666666668,25.201568356431885,55.31130679422395,80.69924297092001,-0.0026459693067560908,4,10,4,0,0,4,40,14162.5
2019-10-07,14162.5,14137.5,14167.5,14137.5,0.19,14135.0,14172.5,14195.0,14177.5,14095.0,14240.0,14176.785714285714,14138.392857142857,14130.583333333334,14130.991666666667,25.969304224596023,54.6281762216771,78.3681721254646,0.0019455252918287869,0,10,4,0,0,7,41,14155.0
2019-10-08,14155.0,14175.0,14180.0,14135.0,-0.05,14162.5,14135.0,14172.5,14165.0,14060.0,14255.0,14175.357142857143,14145.17857142857,14127.25,14134.658333333333,26.981033903115193,49.83110209705904,74.94569873320441,-0.0005295675198587757,1,10,4,0,0,8,41,14170.0
2019-10-09,14170.0,14165.0,14185.0,14165.0,0.11,14155.0,14162.5,14135.0,14195.0,14060.0,14255.0,14171.785714285714,14153.035714285714,14124.416666666666,14137.825,25.565043097485542,43.657083434530016,71.47595247072053,0.0010596962204167948,2,10,4,0,0,9,41,14151.5
2019-10-10,14151.5,14171.5,14181.5,14131.5,-0.13,14170.0,14155.0,14162.5,14212.5,14055.0,14237.5,14163.07142857143,14159.92857142857,14121.55,14141.016666666666,18.902002917431968,33.401322602432224,68.4444589832128,-0.0013055751587861542,3,10,4,0,0,10,41,14128.0
2019-10-11,14128.0,14125.0,14155.0,14125.0,-0.17,14151.5,14170.0,14155.0,14195.0,14085.0,14185.0,14153.5,14163.0,14119.65,14144.233333333334,16.896745248860718,27.423319665601767,67.40563646738775,-0.0016606013496802685,4,10,4,0,0,11,41,14139.0
2019-10-14,14139.0,14114.0,14139.0,14112.0,0.08,14128.0,14151.5,14170.0,14172.5,14112.5,14194.0,14148.714285714286,14164.892857142857,14117.816666666668,14147.466666666667,15.285769915501902,24.419552829296972,66.04798194894093,0.0007785956964891927,0,10,4,0,0,14,42,14165.0
2019-10-15,14165.0,14135.0,14170.0,14135.0,0.18,14139.0,14128.0,14151.5,14135.0,14150.0,14225.0,14153.0,14165.964285714286,14115.816666666668,14150.483333333334,15.002777520787046,24.04200193590569,63.55170082813112,0.0018388853525708182,1,10,4,0,0,15,42,14169.0
2019-10-16,14169.0,14175.0,14194.0,14165.0,0.03,14165.0,14139.0,14128.0,14162.5,14177.5,14152.5,14153.92857142857,14165.357142857143,14116.366666666667,14153.416666666666,15.86513097825806,23.834710120676093,63.95026803381334,0.0002823861630780744,2,10,4,0,0,16,42,14148.0
2019-10-17,14148.0,14175.0,14176.0,14146.0,-0.15,14169.0,14165.0,14139.0,14155.0,14165.0,14150.0,14152.92857142857,14164.142857142857,14116.3,14156.258333333333,16.006323155468362,24.283128497243027,63.91502980105797,-0.0014821088291340212,3,10,4,0,0,17,42,14144.5
2019-10-18,14144.5,14135.5,14153.5,14125.5,-0.02,14148.0,14169.0,14165.0,14170.0,14195.0,14095.0,14149.285714285714,14160.535714285714,14117.95,14158.6,14.282440101151813,23.067179718447786,63.98509389980379,-0.00024738478936947583,4,10,4,0,0,18,42,14078.0
2019-10-21,14078.0,14125.0,14135.0,14078.0,-0.47,14144.5,14148.0,14169.0,14151.5,14212.5,14031.0,14138.785714285714,14150.92857142857,14119.516666666666,14159.566666666668,30.356022388365982,27.367763983164583,62.336888305926735,-0.004701474071193701,0,10,4,0,0,21,43,14040.0
2019-10-22,14040.0,14073.0,14073.0,13993.0,-0.27,14078.0,14144.5,14148.0,14128.0,14195.0,14050.0,14126.214285714286,14139.857142857143,14119.183333333332,14159.9,48.416472010149675,37.60494472906393,62.74682068228272,-0.0026992470521380874,1,10,4,0,0,22,43,14029.0
2019-10-23,14029.0,14034.0,14064.0,14014.0,-0.08,14040.0,14078.0,14144.5,14139.0,14172.5,14060.0,14110.5,14129.607142857143,14118.15,14160.1,60.03263001627916,46.52260764319302,63.99786499661783,-0.0007834757834758177,2,10,4,0,0,23,43,14059.0
2019-10-24,14059.0,14005.0,14060.0,13985.0,0.21,14029.0,14040.0,14078.0,14165.0,14135.0,13990.0,14095.357142857143,14124.17857142857,14120.45,14159.15,57.300897524799595,50.138503222963784,60.3706011461379,0.002138427542946797,3,10,4,0,0,24,43,14035.0
2019-10-25,14035.0,14045.0,14073.0,14035.0,-0.17,14059.0,14029.0,14040.0,14169.0,14162.5,13965.0,14076.214285714286,14115.07142857143,14122.783333333333,14156.733333333334,50.58808913083625,54.06792634534458,55.29461583388911,-0.0017070915427840339,4,10,4,0,0,25,43,14025.0
2019-10-28,14025.0,14020.0,14032.0,14015.0,-0.07,14035.0,14059.0,14029.0,14148.0,14155.0,14040.0,14058.642857142857,14105.785714285714,14122.283333333333,14152.9,42.157160607431784,57.72271725982193,56.1304950205488,-0.0007125044531528513,0,10,4,0,0,28,44,14025.0
2019-10-29,14025.0,14025.0,14040.0,14013.0,0.0,14025.0,14035.0,14059.0,14144.5,14170.0,14095.0,14041.57142857143,14095.42857142857,14119.95,14148.9,19.932027350227724,58.320024645664205,58.699901603523216,0.0,1,10,4,0,0,29,44,14027.0
2019-10-30,14027.0,14040.0,14050.0,14027.0,0.01,14025.0,14025.0,14035.0,14078.0,14151.5,14060.0,14034.285714285714,14086.535714285714,14118.85,14145.641666666666,12.22993984351069,58.603775240792935,60.1532740530204,0.00014260249554376436,2,10,4,0,0,30,44,14037.0
2019-10-31,14037.0,13995.0,14045.0,13985.0,0.07,14027.0,14025.0,14025.0,14040.0,14128.0,14060.0,14033.857142857143,14080.035714285714,14118.083333333334,14142.791666666666,12.047524938646818,58.69755082176424,61.06879717575227,0.0007129108148571373,3,10,4,1,0,31,44,14035.0
2019-11-01,14035.0,14045.0,14072.0,14035.0,-0.01,14037.0,14027.0,14025.0,14029.0,14139.0,14055.0,14034.714285714286,14072.607142857143,14117.416666666666,14140.208333333334,11.85628224090062,57.2236430998298,61.88491590104465,-0.00014248058702004407,4,11,4,0,1,1,44,14015.0
2019-11-04,14015.0,13995.0,14020.0,13995.0,-0.14,14035.0,14037.0,14027.0,14059.0,14165.0,14085.0,14028.42857142857,14061.892857142857,14115.083333333334,14136.333333333334,7.807200583870951,52.43610711730086,64.41715922241707,-0.0014250089063057025,0,11,4,0,0,4,45,13967.5
2019-11-05,13967.5,14017.5,14035.5,13967.5,-0.34,14015.0,14035.0,14037.0,14035.0,14169.0,14112.5,14018.785714285714,14047.5,14110.25,14130.5,23.748433532391466,48.263698732399725,69.83005849168985,-0.003389225829468434,1,11,4,0,0,5,45,14015.0
2019-11-06,14015.0,13980.0,14032.0,13980.0,0.34,13967.5,14015.0,14035.0,14025.0,14148.0,14150.0,14017.357142857143,14038.0,14105.75,14126.666666666666,23.61269835943848,39.19821424437043,71.50979556715437,0.0034007517451226654,2,11,4,0,0,6,45,13994.5
2019-11-07,13994.5,14034.5,14047.5,13994.5,-0.15,14015.0,13967.5,14015.0,14025.0,14144.5,14177.5,14013.0,14027.285714285714,14099.65,14122.116666666667,24.75378758905894,26.190657674034988,72.96859858389428,-0.0014627185158758715,3,11,4,0,0,7,45,14014.0
2019-11-08,14014.0,14009.0,14029.0,14009.0,0.14,13994.5,14015.0,13967.5,14027.0,14078.0,14165.0,14011.142857142857,14022.714285714286,14094.616666666667,14118.433333333332,24.004711839145582,21.890210566127696,73.51128031343495,0.0013934045517882687,4,11,4,0,0,8,45,14063.0
2019-11-11,14063.0,14030.0,14075.0,14015.0,0.35,14014.0,13994.5,14015.0,14037.0,14040.0,14195.0,14014.857142857143,14024.357142857143,14090.216666666667,14115.566666666668,29.948169512461483,24.044372898453926,71.21006846339728,0.0034965034965035446,0,11,4,0,0,11,46,14055.0
2019-11-12,14055.0,14057.0,14065.0,14045.0,-0.06,14063.0,14014.0,13994.5,14035.0,14029.0,14212.5,14017.714285714286,14026.214285714286,14084.966666666667,14112.15,32.989717012665174,25.396633850512313,67.59806839371707,-0.0005688686624475414,1,11,4,0,0,12,46,14081.0
2019-11-13,14081.0,14064.0,14088.0,14064.0,0.18,14055.0,14063.0,14014.0,14015.0,14059.0,14195.0,14027.142857142857,14027.785714285714,14081.166666666666,14109.5,40.63118084854633,28.1163203935971,64.32425044560708,0.0018498754891498326,2,11,4,0,0,13,46,14085.0
2019-11-14,14085.0,14075.0,14105.0,14075.0,0.03,14081.0,14055.0,14063.0,13967.5,14035.0,14172.5,14043.92857142857,14031.357142857143,14078.25,14107.0,35.87760277606393,32.00927063432148,61.98119152964964,0.00028407073361269575,3,11,4,0,0,14,46,14073.0
2019-11-15,14073.0,14055.0,14080.0,14055.0,-0.09,14085.0,14081.0,14055.0,14015.0,14025.0,14135.0,14052.214285714286,14034.785714285714,14076.183333333332,14104.675,34.76331536609917,33.796742153164985,61.05035842937059,-0.0008519701810436597,4,11,4,0,0,15,46,14076.5
2019-11-18,14076.5,14071.5,14088.5,14071.5,0.02,14073.0,14085.0,14081.0,13994.5,14025.0,14162.5,14063.92857142857,14038.464285714286,14073.316666666668,14101.95,24.32150723723102,35.413743683856374,58.83648928387149,0.0002487031905067383,0,11,4,0,0,18,47,14090.0
2019-11-19,14090.0,14075.0,14097.0,14075.0,0.1,14076.5,14073.0,14085.0,14014.0,14027.0,14155.0,14074.785714285714,14042.964285714286,14071.15,14099.2,12.321583850162904,37.769271333855,56.889358740609424,0.0009590452172059116,1,11,4,0,0,19,47,14094.5
2019-11-20,14094.5,14084.5,14102.5,14084.5,0.03,14090.0,14076.5,14073.0,14063.0,14037.0,14170.0,14079.285714285714,14047.07142857143,14068.633333333333,14096.525,13.031555109681928,40.12377826632195,53.96022374965755,0.0003193754435770746,2,11,4,0,0,20,47,14087.5
2019-11-21,14087.5,14097.5,14122.5,14087.5,-0.05,14094.5,14090.0,14076.5,14055.0,14035.0,14151.5,14083.92857142857,14050.82142857143,14066.5,14094.025,7.590721153117009,41.34359179322547,51.79269020438424,-0.0004966476285075405,3,11,4,0,0,21,47,14085.0
2019-11-22,14085.0,14085.0,14110.0,14080.0,-0.02,14087.5,14094.5,14090.0,14081.0,14015.0,14128.0,14084.5,14055.82142857143,14065.066666666668,14092.358333333334,7.4833147739047705,40.90871975013984,50.61360273282074,-0.00017746228926351915,4,11,4,0,0,22,47,14075.0
2019-11-25,14075.0,14086.0,14095.0,14075.0,-0.07,14085.0,14087.5,14094.5,14085.0,13967.5,14139.0,14083.07142857143,14063.5,14062.933333333332,14090.375,8.283661486586789,32.22218538082317,48.70260442879301,-0.0007099751508696794,0,11,4,0,0,25,48,14085.0
2019-11-26,14085.0,14085.0,14095.0,14075.0,0.07,14075.0,14085.0,14087.5,14073.0,14015.0,14165.0,14084.785714285714,14068.5,14060.266666666666,14088.041666666666,6.993193970576516,29.427224442823174,44.968328573554615,0.000710479573712286,1,11,4,0,0,26,48,14095.0
2019-11-27,14095.0,14085.0,14105.0,14080.0,0.07,14085.0,14075.0,14085.0,14076.5,13994.5,14169.0,14087.42857142857,14075.67857142857,14057.8,14087.083333333334,6.83391402914734,21.053601136756875,40.617348085562256,0.0007099751508696794,2,11,4,0,0,27,48,14090.0
2019-11-28,14090.0,14085.0,14102.0,14085.0,-0.04,14095.0,14085.0,14075.0,14090.0,14014.0,14148.0,14087.42857142857,14081.107142857143,14055.866666666667,14086.083333333334,6.83391402914734,11.60434031869444,37.43130105723054,-0.0003547357218871561,3,11,4,0,0,28,48,14105.0
2019-11-29,14105.0,14090.0,14120.0,14090.0,0.11,14090.0,14095.0,14085.0,14094.5,14063.0,14144.5,14088.92857142857,14084.107142857143,14054.55,14086.25,9.338221509356295,11.985854756002194,34.80892424196682,0.001064584811923286,4,11,4,0,0,29,48,14125.0
2019-12-02,14125.0,14105.0,14135.0,14105.0,0.14,14105.0,14090.0,14095.0,14087.5,14055.0,14078.0,14094.285714285714,14089.107142857143,14056.116666666667,14087.816666666668,16.438920136177426,13.423828655427567,36.895865419365386,0.0014179369018079147,0,12,4,0,0,2,49,14105.0
2019-12-03,14105.0,14115.0,14132.0,14105.0,-0.14,14125.0,14105.0,14090.0,14085.0,14081.0,14040.0,14097.142857142857,14090.82142857143,14058.283333333333,14088.733333333334,16.293440105814508,13.835026815261797,37.813900776572886,-0.001415929203539834,1,12,4,0,0,3,49,14105.0
2019-12-04,14105.0,14110.0,14130.0,14105.0,0.0,14105.0,14125.0,14105.0,14075.0,14085.0,14029.0,14101.42857142857,14092.25,14060.816666666668,14089.483333333334,13.138456820521057,14.215038080789931,38.32674481093587,0.0,2,12,4,0,0,4,49,14065.0
2019-12-05,14065.0,14100.0,14100.0,14065.0,-0.28,14105.0,14105.0,14125.0,14085.0,14073.0,14059.0,14098.57142857143,14091.67857142857,14061.016666666666,14090.733333333334,18.419709940476988,15.176661157911509,38.332592446437424,-0.0028358738036157183,3,12,4,0,0,5,49,14037.5
2019-12-06,14037.5,14012.5,14042.5,14012.5,-0.2,14065.0,14105.0,14105.0,14095.0,14076.5,14035.0,14090.357142857143,14088.892857142857,14061.1,14091.941666666668,29.66579720511403,20.73753431863178,38.27675985260635,-0.0019552079630288377,4,12,4,0,0,6,49,14015.0
2019-12-09,14015.0,14005.0,14023.0,14005.0,-0.16,14037.5,14065.0,14105.0,14090.0,14090.0,14025.0,14079.642857142857,14083.535714285714,14060.766666666666,14091.525,41.140728284933815,28.619159991648672,38.64376055550962,-0.0016028495102404783,0,12,4,0,0,9,50,14010.0
2019-12-10,14010.0,13995.0,14020.0,13995.0,-0.04,14015.0,14037.5,14065.0,14105.0,14094.5,14025.0,14066.07142857143,14077.5,14060.266666666666,14090.108333333334,46.67835737923966,34.44616758777257,39.21530606627407,-0.0003567606136282153,1,12,4,0,0,10,50,14035.0
2019-12-11,14035.0,13995.0,14045.0,13995.0,0.18,14010.0,14015.0,14037.5,14125.0,14087.5,14027.0,14053.214285714286,14073.75,14060.533333333333,14089.691666666668,39.59993386243832,36.092163009659004,39.007942014625485,0.0017844396859385547,2,12,4,0,0,11,50,14025.0
2019-12-12,14025.0,14035.0,14045.0,14025.0,-0.07,14035.0,14010.0,14015.0,14105.0,14085.0,14037.0,14041.785714285714,14069.464285714286,14060.133333333333,14089.108333333334,33.18867420133842,38.1567940740917,39.31787637049263,-0.0007125044531528513,3,12,4,0,0,12,50,13985.0
2019-12-13,13985.0,13980.0,13990.0,13955.0,-0.29,14025.0,14035.0,14010.0,14105.0,14075.0,14035.0,14024.642857142857,14063.035714285714,14058.466666666667,14087.941666666668,25.100986510765626,44.24775712887509,41.42336782886337,-0.0028520499108734,4,12,4,0,0,13,50,14005.0
2019-12-16,14005.0,13995.0,14020.0,13995.0,0.14,13985.0,14025.0,14035.0,14065.0,14085.0,14015.0,14016.07142857143,14057.32142857143,14058.133333333333,14086.608333333334,18.363071119948895,46.31065965573447,41.82350711158608,0.0014301036825170588,0,12,4,0,0,16,51,13990.0
2019-12-17,13990.0,13995.0,14019.0,13990.0,-0.11,14005.0,13985.0,14025.0,14037.5,14095.0,13967.5,14009.285714285714,14049.82142857143,14058.883333333333,14084.566666666668,17.895197546880087,48.20293924228728,40.316780824842944,-0.001071046054980318,1,12,4,0,0,17,51,13975.0
2019-12-18,13975.0,13995.0,14010.0,13975.0,-0.11,13990.0,14005.0,13985.0,14015.0,14090.0,14015.0,14003.57142857143,14041.607142857143,14057.55,14081.65,21.73980330229966,50.569897769197496,42.4244460267438,-0.0010721944245889459,2,12,4,0,0,18,51,13985.0
2019-12-19,13985.0,13975.0,14000.0,13975.0,0.07,13975.0,13990.0,14005.0,14010.0,14105.0,13994.5,14000.0,14033.035714285714,14057.233333333334,14078.441666666668,22.546248764193273,49.148309417813095,42.94357431210259,0.0007155635062612298,3,12,4,0,0,19,51,13977.5
2019-12-20,13977.5,13982.5,14003.5,13977.5,-0.05,13985.0,13975.0,13990.0,14035.0,14125.0,14014.0,13991.785714285714,14022.5,14056.016666666666,14075.316666666668,17.60174504345574,43.39000239272182,44.69214297462773,-0.0005362888809438138,4,12,4,0,0,20,51,13967.5
2019-12-23,13967.5,13957.5,13992.5,13957.5,-0.07,13977.5,13985.0,13975.0,14025.0,14105.0,14063.0,13983.57142857143,14012.67857142857,14052.833333333334,14071.525,12.06381839588749,38.573908649757556,47.491075991568266,-0.000715435521373653,0,12,4,0,0,23,52,13967.5
2019-12-24,13967.5,13967.5,13967.5,13967.5,0.0,13967.5,13977.5,13985.0,13985.0,14105.0,14055.0,13981.07142857143,14002.857142857143,14049.916666666666,14067.441666666668,13.451854182809521,29.756336474578113,49.975353120578426,0.0,1,12,4,0,0,24,52,13967.5
2019-12-25,13967.5,13967.5,13967.5,13967.5,0.0,13967.5,13967.5,13977.5,14005.0,14065.0,14081.0,13975.714285714286,13995.892857142857,14046.133333333333,14063.65,9.096048331070845,25.14586567188631,51.803829796602884,0.0,2,12,4,0,0,25,52,13955.0
2019-12-26,13955.0,13970.0,13980.0,13955.0,-0.09,13967.5,13967.5,13967.5,13990.0,14037.5,14085.0,13970.714285714286,13990.0,14041.8,14060.025,9.543135154361405,24.297831494473115,53.83781519353945,-0.0008949346697690874,3,12,4,0,0,26,52,13950.0
2019-12-27,13950.0,13955.0,13962.0,13947.0,-0.04,13955.0,13967.5,13967.5,13975.0,14015.0,14073.0,13967.142857142857,13985.357142857143,14037.7,14056.941666666668,12.026755886179771,25.34107988266652,56.01917775055344,-0.00035829451809388235,4,12,4,0,0,27,52,13924.5
2019-12-30,13924.5,13949.5,13949.5,13914.5,-0.18,13950.0,13955.0,13967.5,13985.0,14010.0,14076.5,13958.5,13979.25,14032.633333333333,14052.975,17.533301647703922,28.98590506189654,59.17390112793457,-0.0018279569892473146,0,12,4,0,0,30,1,13882.5
2019-12-31,13882.5,13922.5,13922.5,13862.5,-0.3,13924.5,13950.0,13955.0,13977.5,14035.0,14090.0,13944.92857142857,13968.357142857143,14025.716666666667,14048.433333333332,31.544186695620372,34.545081231814045,64.15467345737636,-0.003016266293224157,1,12,4,1,0,31,1,13882.5
2020-01-01,13882.5,13882.5,13882.5,13882.5,0.0,13882.5,13924.5,13950.0,13967.5,14025.0,14094.5,13932.785714285714,13958.17857142857,14018.65,14043.641666666666,37.25123839427317,37.44360227860986,67.88442891886804,0.0,2,1,1,0,1,1,1,13889.0
2020-01-02,13889.0,13870.0,13905.0,13870.0,0.05,13882.5,13882.5,13924.5,13967.5,13985.0,14087.5,13921.57142857143,13951.32142857143,14012.033333333333,14039.266666666666,36.873012456552146,40.79432800957526,70.56324301187811,0.000468215379074266,3,1,1,0,0,2,1,13925.0
2020-01-03,13925.0,13880.0,13935.0,13880.0,0.26,13889.0,13882.5,13882.5,13967.5,14005.0,14085.0,13915.5,13945.607142857143,14006.7,14035.883333333333,31.096623610962748,38.21859121208617,70.90384455302292,0.002591979264165989,4,1,1,0,0,3,1,13940.0
2020-01-06,13940.0,13925.0,13970.0,13925.0,0.11,13925.0,13889.0,13882.5,13955.0,13990.0,14075.0,13913.357142857143,13942.035714285714,14002.2,14032.566666666668,28.313298238543286,36.02427829012819,70.70331407137152,0.001077199281867225,0,1,1,0,0,6,2,13875.0
2020-01-07,13875.0,13935.0,13935.0,13875.0,-0.47,13940.0,13925.0,13889.0,13950.0,13975.0,14085.0,13902.642857142857,13934.892857142857,13995.2,14027.733333333334,26.25153056765392,38.79293084400451,72.59329312603022,-0.004662840746054497,1,1,1,0,0,7,2,13892.5
2020-01-08,13892.5,13907.5,13942.5,13892.5,0.13,13875.0,13940.0,13925.0,13924.5,13985.0,14095.0,13898.07142857143,13928.285714285714,13988.45,14023.125,24.541510024593528,37.45649490996821,72.40789035866153,0.0012612612612612484,2,1,1,0,0,8,2,13850.0
2020-01-09,13850.0,13855.0,13870.0,13835.0,-0.31,13892.5,13875.0,13940.0,13882.5,13977.5,14090.0,13893.42857142857,13919.17857142857,13980.45,14018.158333333333,30.362296481334404,39.984904431164374,74.04103591917715,-0.0030592046068022016,3,1,1,0,0,9,2,13762.5
2020-01-10,13762.5,13857.5,13860.5,13747.5,-0.63,13850.0,13892.5,13875.0,13882.5,13967.5,14105.0,13876.285714285714,13904.535714285714,13969.033333333333,14011.791666666666,58.447880730662824,55.46706031666041,80.31392430186844,-0.006317689530685899,4,1,1,0,0,10,2,13668.0
2020-01-13,13668.0,13733.0,13743.0,13668.0,-0.69,13762.5,13850.0,13892.5,13889.0,13967.5,14125.0,13844.714285714286,13883.142857142857,13953.8,14004.958333333334,97.24618978948075,81.13294611320327,92.17548855113003,-0.006866485013623969,0,1,1,0,0,13,3,13670.0
2020-01-14,13670.0,13655.0,13695.0,13635.0,0.01,13668.0,13762.5,13850.0,13925.0,13967.5,14105.0,13808.285714285714,13861.892857142857,13939.3,13998.791666666666,109.18709369046712,95.09715246287426,101.33025554906693,0.00014632718759144403,1,1,1,0,0,14,3,13665.0
2020-01-15,13665.0,13675.0,13730.0,13665.0,-0.04,13670.0,13668.0,13762.5,13940.0,13955.0,14105.0,13769.0,13841.17857142857,13924.633333333333,13992.725,103.20650819270946,104.38678208796226,108.1342503184711,-0.000365764447695649,2,1,1,0,0,15,3,13630.0
2020-01-16,13630.0,13680.0,13680.0,13620.0,-0.26,13665.0,13670.0,13668.0,13875.0,13950.0,14065.0,13734.0,13818.32142857143,13910.133333333333,13985.575,102.81010002263528,113.37338026011032,117.4287702904935,-0.0025612879619465456,3,1,1,0,0,16,3,13637.5
2020-01-17,13637.5,13647.5,13667.5,13632.5,0.06,13630.0,13665.0,13670.0,13892.5,13924.5,14037.5,13697.57142857143,13797.82142857143,13896.8,13978.95,79.91684666545027,118.52776486508101,124.93712901647675,0.000550256786500336,4,1,1,0,0,17,3,13632.5
2020-01-20,13632.5,13642.5,13660.5,13632.5,-0.04,13637.5,13630.0,13665.0,13850.0,13882.5,14015.0,13666.5,13779.964285714286,13884.05,13972.408333333333,45.75660243792862,123.5161877096688,131.78818886425623,-0.0003666361136571705,0,1,1,0,0,20,4,13657.5
2020-01-21,13657.5,13637.5,13677.5,13632.5,0.18,13632.5,13637.5,13630.0,13762.5,13882.5,14010.0,13651.5,13763.892857142857,13872.3,13966.283333333333,17.56891193734923,123.78613358566858,135.8238336709951,0.0018338529249954938,1,1,1,0,0,21,4,13644.5
2020-01-22,13644.5,13664.5,13689.5,13624.5,-0.1,13657.5,13632.5,13637.5,13668.0,13889.0,14035.0,13648.142857142857,13746.42857142857,13859.283333333333,13959.908333333333,16.072010571335404,122.01258717250953,138.38151182898093,-0.0009518579535053862,2,1,1,0,0,22,4,13630.0
2020-01-23,13630.0,13640.0,13650.0,13605.0,-0.11,13644.5,13657.5,13632.5,13670.0,13925.0,14025.0,13642.42857142857,13725.357142857143,13846.116666666667,13953.125,13.980428496575065,114.01204871725595,140.84007091270166,-0.0010626992561104665,3,1,1,0,0,23,4,13572.5
2020-01-24,13572.5,13637.5,13645.5,13572.5,-0.42,13630.0,13644.5,13657.5,13665.0,13940.0,13985.0,13629.214285714286,13699.107142857143,13832.366666666667,13945.416666666666,26.866734609300504,102.51851213137157,146.82237293881417,-0.004218635363169465,4,1,1,0,0,24,4,13605.0
2020-01-27,13605.0,13575.0,13625.0,13575.0,0.24,13572.5,13630.0,13644.5,13630.0,13875.0,14005.0,13625.642857142857,13679.82142857143,13819.033333333333,13938.583333333334,28.36475848309996,91.71079274248596,148.75430641881462,0.00239454779885806,0,1,1,0,0,27,5,13637.5
2020-01-28,13637.5,13617.5,13660.5,13617.5,0.24,13605.0,13572.5,13630.0,13637.5,13892.5,13990.0,13625.642857142857,13661.607142857143,13807.283333333333,13933.083333333334,28.36475848309996,68.64377908124618,148.7059516544402,0.002388827636898183,1,1,1,0,0,28,5,13627.5
2020-01-29,13627.5,13622.5,13649.5,13622.5,-0.07,13637.5,13605.0,13572.5,13632.5,13850.0,13975.0,13624.92857142857,13645.714285714286,13795.7,13926.625,28.225916830945103,42.41811762983977,148.7254239332306,-0.000733272227314341,2,1,1,0,0,29,5,13645.0
2020-01-30,13645.0,13635.0,13672.0,13630.0,0.13,13627.5,13637.5,13605.0,13657.5,13762.5,13985.0,13623.142857142857,13637.32142857143,13784.366666666667,13920.8,26.14018981959634,25.967884856465204,146.74408484420294,0.0012841680425610402,3,1,1,0,0,30,5,13655.0
2020-01-31,13655.0,13645.0,13663.0,13645.0,0.07,13645.0,13627.5,13637.5,13644.5,13668.0,13977.5,13624.642857142857,13636.392857142857,13773.616666666667,13914.816666666668,27.817432013120378,25.00090657622161,143.89284107496283,0.0007328691828507594,4,1,1,1,0,31,5,13742.5
2020-02-03,13742.5,13662.5,13742.5,13662.5,0.64,13655.0,13645.0,13627.5,13630.0,13670.0,13967.5,13640.714285714286,13641.57142857143,13766.116666666667,13909.475,52.75166438353967,37.08558560010963,139.22684809283646,0.00640790919077272,0,2,1,0,0,3,6,13710.0
2020-02-04,13710.0,13745.0,13770.0,13695.0,-0.24,13742.5,13655.0,13645.0,13572.5,13665.0,13967.5,13660.357142857143,13644.785714285714,13757.533333333333,13903.725,48.55041562272074,41.01440379480828,134.23126809098494,-0.0023649263234492013,1,2,1,0,0,4,6,13675.0
2020-02-05,13675.0,13695.0,13735.0,13675.0,-0.26,13710.0,13742.5,13655.0,13605.0,13630.0,13967.5,13670.357142857143,13648.0,13747.783333333333,13896.958333333334,42.01757002103459,41.52663649302298,128.97431469310104,-0.0025528811086797942,2,2,1,0,0,5,6,13620.0
2020-02-06,13620.0,13645.0,13675.0,13595.0,-0.4,13675.0,13710.0,13742.5,13637.5,13637.5,13955.0,13667.857142857143,13646.75,13736.616666666667,13889.208333333334,44.73134088241867,42.12606994715922,124.85106184433631,-0.004021937842778822,3,2,1,0,0,6,6,13675.0
2020-02-07,13675.0,13620.0,13680.0,13620.0,0.4,13620.0,13675.0,13710.0,13627.5,13632.5,13950.0,13674.642857142857,13649.785714285714,13727.45,13882.575,41.039324927107,42.54938953043387,118.58202093755672,0.004038179148311283,4,2,1,0,0,7,6,13695.0
2020-02-10,13695.0,13675.0,13730.0,13675.0,0.15,13675.0,13620.0,13675.0,13645.0,13657.5,13924.5,13681.785714285714,13652.464285714286,13719.8,13876.216666666667,39.3360067694737,44.219932976989,112.68782022723681,0.001462522851919612,0,2,1,0,0,10,7,13665.0
2020-02-11,13665.0,13695.0,13695.0,13665.0,-0.22,13695.0,13675.0,13620.0,13655.0,13644.5,13882.5,13683.214285714286,13653.92857142857,13712.55,13869.133333333333,38.37084086344884,44.27530008666298,108.78841770871531,-0.0021905805038334725,1,2,1,0,0,11,7,13660.0
2020-02-12,13660.0,13645.0,13680.0,13645.0,-0.04,13665.0,13695.0,13675.0,13742.5,13630.0,13882.5,13671.42857142857,13656.07142857143,13705.133333333333,13861.891666666666,28.535691936278027,43.75098115025666,104.29417391505277,-0.00036589828027810967,2,2,1,0,0,12,7,13680.0
2020-02-13,13680.0,13660.0,13715.0,13660.0,0.15,13660.0,13665.0,13695.0,13710.0,13572.5,13889.0,13667.142857142857,13663.75,13698.166666666666,13855.1,23.603873774006356,36.84361441333284,98.40270298118074,0.0014641288433381305,3,2,1,0,0,13,7,13675.0
2020-02-14,13675.0,13685.0,13715.0,13675.0,-0.04,13680.0,13660.0,13665.0,13675.0,13605.0,13925.0,13667.142857142857,13668.75,13689.833333333334,13848.266666666666,23.603873774006356,32.78352658494543,88.63129101567793,-0.0003654970760234022,4,2,1,0,0,14,7,13652.5
2020-02-17,13652.5,13672.5,13692.5,13651.5,-0.16,13675.0,13680.0,13660.0,13620.0,13637.5,13940.0,13671.785714285714,13669.82142857143,13680.25,13841.225,14.047114599371593,31.917325378261612,75.16989378077973,-0.001645338208409508,0,2,1,0,0,17,8,13665.0
2020-02-18,13665.0,13655.0,13695.0,13655.0,0.09,13652.5,13675.0,13680.0,13675.0,13627.5,13875.0,13670.357142857143,13672.5,13673.25,13834.225,14.1736677377199,29.5803989148396,65.5743523767813,0.0009155832265153041,1,2,1,0,0,18,8,13687.5
2020-02-19,13687.5,13697.5,13722.5,13687.5,0.16,13665.0,13652.5,13675.0,13695.0,13645.0,13892.5,13669.285714285714,13675.535714285714,13666.416666666666,13827.433333333332,12.137603905542193,28.709060674220353,51.00085924430261,0.0016465422612512715,2,2,1,0,0,19,8,13707.5
2020-02-20,13707.5,13697.5,13777.5,13697.5,0.15,13687.5,13665.0,13652.5,13665.0,13655.0,13850.0,13675.357142857143,13679.285714285714,13661.666666666666,13821.058333333332,18.56455916900142,29.244140954736654,38.38986336488228,0.0014611872146119698,3,2,1,0,0,20,8,13765.0
2020-02-21,13765.0,13720.0,13765.0,13720.0,0.42,13707.5,13687.5,13665.0,13660.0,13742.5,13762.5,13690.357142857143,13680.892857142857,13661.75,13815.391666666666,37.17718194187929,33.319651495548776,38.61832466561603,0.004194783877439434,4,2,1,0,0,21,8,13870.0
2020-02-24,13870.0,13775.0,13895.0,13775.0,0.76,13765.0,13707.5,13687.5,13680.0,13710.0,13668.0,13717.5,13692.32142857143,13668.483333333334,13811.141666666666,76.70288999334075,60.4586976442534,54.20864597856712,0.007628042135851887,0,2,1,0,0,24,9,13882.5
2020-02-25,13882.5,13872.5,13912.5,13872.5,0.09,13870.0,13765.0,13707.5,13675.0,13675.0,13670.0,13747.142857142857,13707.142857142857,13675.566666666668,13807.433333333332,95.36583694982478,78.5986466340655,66.82823238465409,0.0009012256669069796,1,2,1,0,0,25,9,13932.5
2020-02-26,13932.5,13887.5,13947.5,13887.5,0.36,13882.5,13870.0,13765.0,13652.5,13620.0,13665.0,13787.142857142857,13729.464285714286,13684.483333333334,13804.558333333332,107.05750568646727,94.67646614505959,81.58605392701394,0.003601656762110661,2,2,1,0,0,26,9,14035.0
2020-02-27,14035.0,13935.0,14035.0,13935.0,0.74,13932.5,13882.5,13870.0,13665.0,13675.0,13630.0,13840.0,13755.17857142857,13697.983333333334,13804.058333333332,126.30980431726609,123.30568755079697,102.96605427670285,0.007356899336084632,3,2,1,0,0,27,9,14347.5
2020-02-28,14347.5,14057.5,14347.5,14057.5,2.23,14035.0,13932.5,13882.5,13687.5,13695.0,13637.5,13934.285714285714,13801.785714285714,13721.65,13809.225,211.2646162878179,198.93328165343678,156.34495183886585,0.02226576416102599,4,2,1,0,0,28,9,14265.0
2020-03-02,14265.0,14355.0,14420.0,14225.0,-0.58,14347.5,14035.0,13932.5,13707.5,13665.0,13632.5,14013.92857142857,13844.642857142857,13742.733333333334,13813.391666666666,216.53933987681694,229.48281555993626,184.09282391248274,-0.005750130684788246,0,3,1,0,0,2,10,14281.5
2020-03-03,14281.5,14196.5,14286.5,14196.5,0.12,14265.0,14347.5,14035.0,13765.0,13660.0,13657.5,14087.714285714286,13889.035714285714,13763.533333333333,13817.916666666666,205.28615336136977,250.19557459995468,207.84945369733276,0.0011566771819138122,1,3,1,0,0,3,10,14115.0
2020-03-04,14115.0,14255.0,14255.0,14095.0,-1.17,14281.5,14265.0,14347.5,13870.0,13680.0,13644.5,14122.714285714286,13920.107142857143,13779.216666666667,13819.25,181.4866517458195,249.24803668466106,216.14341835649708,-0.011658439239575658,2,3,1,0,0,4,10,14170.0
2020-03-05,14170.0,14120.0,14190.0,14120.0,0.39,14115.0,14281.5,14265.0,13882.5,13675.0,13630.0,14163.785714285714,13955.464285714286,13797.216666666667,13821.666666666666,147.39370665638674,246.90183850488108,225.56804475828014,0.0038965639390720064,3,3,1,0,0,5,10,14230.0
2020-03-06,14230.0,14190.0,14295.0,14190.0,0.42,14170.0,14115.0,14281.5,13932.5,13652.5,13572.5,14206.285714285714,13996.714285714286,13819.133333333333,13825.75,106.92437247221156,240.55182667904796,234.7369008989856,0.004234297812279353,4,3,1,0,0,6,10,14392.5
2020-03-09,14392.5,14247.5,14392.5,14247.5,1.14,14230.0,14170.0,14115.0,14035.0,13665.0,13605.0,14257.357142857143,14048.67857142857,13845.383333333333,13832.208333333334,96.32917275579088,241.95602009308087,253.26593231472526,0.011419536191145552,0,3,1,0,0,9,11,14346.0
2020-03-10,14346.0,14391.0,14416.0,14281.0,-0.32,14392.5,14230.0,14170.0,14347.5,13687.5,13637.5,14257.142857142857,14095.714285714286,13869.0,13838.141666666666,96.09661556899394,230.0555714039679,265.9293722672731,-0.0032308494007295963,1,3,1,0,0,10,11,14352.5
2020-03-11,14352.5,14302.5,14392.5,14292.5,0.05,14346.0,14392.5,14230.0,14265.0,13707.5,13627.5,14269.642857142857,14141.785714285714,13893.166666666666,13844.433333333332,102.74958000148635,210.04484084302803,275.97873897784183,0.0004530879687718592,2,3,1,0,0,11,11,14521.5
2020-03-12,14521.5,14366.5,14521.5,14366.5,1.18,14352.5,14346.0,14392.5,14281.5,13765.0,13645.0,14303.92857142857,14195.82142857143,13922.383333333333,13853.375,140.47995959433175,202.84179200143274,294.56989930184113,0.011774952098937419,3,3,1,0,0,12,11,14770.0
2020-03-13,14770.0,14610.0,14865.0,14610.0,1.71,14521.5,14352.5,14346.0,14115.0,13870.0,13655.0,14397.5,14260.107142857143,13959.55,13866.583333333334,199.43545321734337,232.1383190594685,328.1027317566737,0.017112557242709103,4,3,1,0,0,13,11,14925.0
2020-03-16,14925.0,14725.0,15002.0,14725.0,1.05,14770.0,14521.5,14352.5,14170.0,13882.5,13742.5,14505.357142857143,14334.57142857143,13998.966666666667,13882.541666666666,252.888268194641,266.37349841766934,369.54134977751517,0.0104942450914014,0,3,1,0,0,16,12,15170.0
2020-03-17,15170.0,14940.0,15170.0,14940.0,1.64,14925.0,14770.0,14521.5,14230.0,13932.5,13710.0,14639.642857142857,14422.964285714286,14047.633333333333,13902.583333333334,322.3390702202978,322.1688797631375,422.5141281729328,0.01641541038525962,1,3,1,0,0,17,12,15217.5
2020-03-18,15217.5,15097.5,15232.5,15097.5,0.31,15170.0,14925.0,14770.0,14392.5,14035.0,13675.0,14757.5,14507.42857142857,14099.05,13923.416666666666,364.9251064716489,364.817966048229,467.1058978728203,0.003131179960448316,2,3,1,0,0,18,12,15912.5
2020-03-19,15912.5,15287.5,15912.5,15287.5,4.57,15217.5,15170.0,14925.0,14346.0,14347.5,13620.0,14981.285714285714,14619.214285714286,14175.466666666667,13956.041666666666,518.5162209888757,519.1636659935137,563.5899850639263,0.045671102349268855,3,3,1,0,0,19,12,15925.0
2020-03-20,15925.0,15962.5,16225.0,15925.0,0.08,15912.5,15217.5,15170.0,14352.5,14265.0,13675.0,15205.92857142857,14737.785714285714,14250.466666666667,13988.958333333334,540.8525236891918,613.1057040963742,639.3160803348395,0.0007855459544383603,4,3,1,0,0,20,12,16575.0
2020-03-23,16575.0,15975.0,16640.0,15975.0,4.08,15925.0,15912.5,15217.5,14521.5,14281.5,13695.0,15499.285714285714,14901.607142857143,14346.466666666667,14033.133333333333,653.0229613844037,768.5209115459473,758.2070153730521,0.04081632653061229,0,3,1,0,0,23,13,16500.0
2020-03-24,16500.0,16505.0,16525.0,16472.5,-0.45,16575.0,15925.0,15912.5,14770.0,14115.0,13665.0,15746.42857142857,15071.964285714286,14440.966666666667,14076.758333333333,658.3626425061191,841.6067157591348,842.3460662947816,-0.004524886877828038,1,3,1,0,0,24,13,16305.0
2020-03-26,16305.0,16205.0,16360.0,16205.0,-1.18,16500.0,16575.0,15925.0,14925.0,14170.0,13660.0,15943.57142857143,15224.464285714286,14529.133333333333,14117.133333333333,572.3996584971395,858.8531813341508,894.5885293147932,-0.011818181818181839,3,3,1,0,0,26,13,16140.0
2020-03-27,16140.0,16105.0,16265.0,16060.0,-1.01,16305.0,16500.0,16575.0,15170.0,14230.0,13680.0,16082.142857142857,15360.892857142857,14611.133333333333,14154.65,460.3631459950944,840.2308331773181,926.2552427450225,-0.010119595216191324,4,3,1,0,0,27,13,16337.5
2020-03-30,16337.5,16155.0,16416.0,16155.0,1.22,16140.0,16305.0,16500.0,15217.5,14392.5,13675.0,16242.142857142857,15499.82142857143,14699.883333333333,14194.858333333334,261.40816014520647,828.5113064346042,960.3916916741732,0.01223667905824044,0,3,1,0,0,30,14,16310.0
2020-03-31,16310.0,16325.0,16392.5,16300.0,-0.17,16337.5,16140.0,16305.0,15912.5,14346.0,13652.5,16298.92857142857,15640.107142857143,14788.466666666667,14234.358333333334,217.32203994911626,783.1478438516751,982.7524237755824,-0.0016832440703902218,1,3,1,1,0,31,14,16450.0
2020-04-01,16450.0,16325.0,16480.0,16325.0,0.86,16310.0,16337.5,16140.0,15925.0,14352.5,13665.0,16373.92857142857,15789.92857142857,14881.3,14277.275,145.4866627826966,715.5907150239033,1004.2709192794276,0.008583690987124415,2,4,2,0,1,1,14,16475.0
2020-04-02,16475.0,16505.0,16570.0,16475.0,0.15,16450.0,16310.0,16337.5,16575.0,14521.5,13687.5,16359.642857142857,15929.464285714286,14974.216666666667,14320.316666666668,126.06569526971413,635.1704636213695,1018.8559903259105,0.001519756838905817,3,4,2,0,0,2,14,16425.0
2020-04-03,16425.0,16445.0,16505.0,16425.0,-0.3,16475.0,16450.0,16310.0,16500.0,14770.0,13707.5,16348.92857142857,16047.67857142857,15064.8,14363.233333333334,114.83554493700608,551.2428826381135,1023.1459143587342,-0.003034901365705611,4,4,2,0,0,3,14,16412.5
2020-04-06,16412.5,16450.0,16575.0,16412.5,-0.08,16425.0,16475.0,16450.0,16305.0,14925.0,13765.0,16364.285714285714,16153.92857142857,15153.05,14407.4,115.16938870752539,452.7636442805985,1021.344156171089,-0.0007610350076103778,0,4,2,0,0,6,15,16175.0
2020-04-07,16175.0,16385.0,16436.5,16175.0,-1.45,16412.5,16425.0,16475.0,16140.0,15170.0,13870.0,16369.285714285714,16225.714285714286,15229.883333333333,14449.183333333332,104.03038704435582,353.5662115274773,1008.1091269210971,-0.0144706778370145,1,4,2,0,0,7,15,16175.0
2020-04-08,16175.0,16180.0,16330.0,16167.5,0.0,16175.0,16412.5,16425.0,16337.5,15217.5,13882.5,16346.07142857143,16294.107142857143,15306.3,14490.933333333332,127.73554339981398,204.88413034677646,989.1629132582387,0.0,2,4,2,0,0,8,15,15820.0
2020-04-09,15820.0,16177.5,16240.0,15820.0,-2.19,16175.0,16175.0,16412.5,16310.0,15912.5,13932.5,16276.07142857143,16287.5,15369.216666666667,14526.85,237.7141891312155,219.1329066321491,958.314987480575,-0.021947449768160765,3,4,2,0,0,9,15,15630.0
2020-04-13,15630.0,15800.0,15825.0,15630.0,-1.2,15820.0,16175.0,16175.0,16450.0,15925.0,14035.0,16158.92857142857,16266.42857142857,15422.383333333333,14560.183333333332,324.0751492801877,265.8706927710346,925.4213176871903,-0.012010113780025256,0,4,2,0,0,13,16,15630.0
2020-04-14,15630.0,15700.0,15727.5,15630.0,0.0,15630.0,15820.0,16175.0,16475.0,16575.0,14347.5,16038.214285714286,16198.92857142857,15465.133333333333,14593.391666666666,343.51344674591616,299.354617156668,903.4156920508351,0.0,1,4,2,0,0,14,16,15565.0
2020-04-15,15565.0,15645.0,15697.5,15540.0,-0.42,15630.0,15630.0,15820.0,16425.0,16500.0,14265.0,15915.357142857143,16132.142857142857,15508.466666666667,14625.6,335.8274252109679,329.7724406878096,874.582806289652,-0.004158669225847733,2,4,2,0,0,15,16,15640.0
2020-04-16,15640.0,15657.5,15785.0,15640.0,0.48,15565.0,15630.0,15630.0,16412.5,16305.0,14281.5,15805.0,16084.642857142857,15553.75,14658.641666666666,264.60662627130677,350.2181423806915,843.4799401780525,0.004818503051718492,3,4,2,0,0,16,16,15430.0
2020-04-17,15430.0,15505.0,15552.5,15400.0,-1.34,15640.0,15565.0,15630.0,16175.0,16140.0,14115.0,15698.57142857143,16033.92857142857,15597.583333333334,14688.4,239.6301714050908,390.65737777882146,799.1367226180978,-0.013427109974424534,4,4,2,0,0,17,16,15412.5
2020-04-20,15412.5,15470.0,15519.0,15412.5,-0.11,15430.0,15640.0,15565.0,16175.0,16337.5,14170.0,15589.642857142857,15967.857142857143,15639.0,14718.108333333334,139.24220932301714,412.9512184157476,753.4922602169914,-0.0011341542449773145,0,4,2,0,0,20,17,15455.0
2020-04-21,15455.0,15500.0,15585.0,15455.0,0.28,15412.5,15430.0,15640.0,15820.0,16310.0,14230.0,15537.5,15906.785714285714,15679.833333333334,14749.483333333334,101.94974252057301,421.59202455060785,706.211875178896,0.002757502027574965,1,4,2,0,0,21,17,15450.0
2020-04-22,15450.0,15530.0,15610.0,15450.0,-0.03,15455.0,15412.5,15430.0,15630.0,16450.0,14392.5,15511.785714285714,15835.357142857143,15715.083333333334,14780.233333333334,97.32585179993093,406.9360859174661,664.9252107715237,-0.0003235198964736119,2,4,2,0,0,22,17,15400.0
2020-04-23,15400.0,15524.0,15607.5,15400.0,-0.32,15450.0,15455.0,15412.5,15630.0,16475.0,14346.0,15478.92857142857,15758.57142857143,15750.216666666667,14809.608333333334,89.25451835973996,377.29899677429165,616.1476071937554,-0.003236245954692518,3,4,2,0,0,23,17,15400.0
2020-04-24,15400.0,15452.5,15525.0,15400.0,0.0,15400.0,15450.0,15455.0,15565.0,16425.0,14352.5,15455.357142857143,15685.357142857143,15785.133333333333,14839.15,84.39032047863007,335.1246282853214,561.462467399974,0.0,4,4,2,0,0,24,17,15385.0
2020-04-27,15385.0,15455.0,15505.0,15385.0,-0.1,15400.0,15400.0,15450.0,15640.0,16412.5,14521.5,15418.92857142857,15611.964285714286,15813.916666666666,14868.15,26.765071410854347,269.7687374459084,514.6289604696182,-0.0009740259740259605,0,4,2,0,0,27,18,15422.5
2020-04-28,15422.5,15405.0,15507.5,15395.0,0.24,15385.0,15400.0,15400.0,15430.0,16175.0,14770.0,15417.857142857143,15558.214285714286,15835.666666666666,14897.608333333334,26.395571418047677,219.17991505770138,481.72460177371056,0.0024374390640233834,1,4,2,0,0,28,18,15295.0
2020-04-29,15295.0,15355.0,15412.5,15290.0,-0.83,15422.5,15385.0,15400.0,15412.5,16175.0,14925.0,15401.07142857143,15495.357142857143,15848.0,14923.483333333334,53.655093398743276,140.8929528957854,461.93530297861867,-0.008267142162425078,2,4,2,0,0,29,18,14875.0
2020-04-30,14875.0,15190.0,15195.0,14857.5,-2.75,15295.0,15422.5,15385.0,15455.0,15820.0,15170.0,15318.214285714286,15427.857142857143,15838.166666666666,14942.9,201.27051803127773,190.8932876049366,479.66535269365636,-0.027459954233409634,3,4,2,1,0,30,18,15100.0
2020-05-04,15100.0,14960.0,15135.0,14960.0,1.51,14875.0,15295.0,15422.5,15450.0,15630.0,15217.5,15268.214285714286,15390.0,15834.25,14966.65,206.48201236083045,200.05528082130556,485.3540966531014,0.015126050420168013,0,5,2,0,0,4,19,15080.0
2020-05-05,15080.0,15125.0,15150.0,15030.0,-0.13,15100.0,14875.0,15295.0,15400.0,15630.0,15912.5,15222.5,15350.714285714286,15806.5,14990.983333333334,207.86113152777276,203.27706691593184,504.1605347779645,-0.0013245033112583293,1,5,2,0,0,5,19,15045.0
2020-05-06,15045.0,15060.0,15125.0,15025.0,-0.23,15080.0,15100.0,14875.0,15400.0,15565.0,15925.0,15171.785714285714,15313.57142857143,15777.166666666666,15013.816666666668,200.51347775626,208.54974108201353,522.302071624271,-0.0023209549071617763,2,5,2,0,0,6,19,14920.0
2020-05-08,14920.0,15025.0,15052.5,14908.0,-0.83,15045.0,15080.0,15100.0,15385.0,15640.0,16575.0,15105.357142857143,15262.142857142857,15722.0,15034.233333333334,195.05570022555253,210.6260291979778,522.5296559807169,-0.008308408109006349,4,5,2,0,0,8,19,14895.0
2020-05-11,14895.0,14945.0,14962.5,14885.0,-0.17,14920.0,15045.0,15080.0,15422.5,15430.0,16500.0,15030.0,15223.92857142857,15668.5,15054.733333333334,148.4362938547599,225.81415581605665,522.291288128749,-0.0016756032171582058,0,5,2,0,0,11,20,14905.0
2020-05-12,14905.0,14930.0,14986.0,14902.0,0.07,14895.0,14920.0,15045.0,15295.0,15412.5,16305.0,14974.285714285714,15187.67857142857,15621.833333333334,15075.483333333334,96.49821118501278,233.8072519060165,525.9908274625401,0.0006713662302786361,1,5,2,0,0,12,20,14865.0
2020-05-13,14865.0,14885.0,14907.5,14852.5,-0.27,14905.0,14895.0,14920.0,14875.0,15455.0,16140.0,14972.857142857143,15145.535714285714,15579.333333333334,15095.233333333334,98.27076298241211,235.08627420283636,534.1263142181299,-0.0026836632002683602,2,5,2,0,0,13,20,14885.0
2020-05-14,14885.0,14892.5,14962.5,14867.5,0.13,14865.0,14905.0,14895.0,15100.0,15450.0,16337.5,14942.142857142857,15105.17857142857,15530.916666666666,15115.4,84.55063290012504,227.16154935504971,528.837160963662,0.001345442314160783,3,5,2,0,0,14,20,14860.0
2020-05-15,14860.0,14875.0,14925.0,14857.5,-0.17,14885.0,14865.0,14905.0,15080.0,15400.0,16310.0,14910.714285714286,15066.607142857143,15482.583333333334,15135.525,62.877431790533706,218.9476736371118,521.3863661586345,-0.001679543164259334,4,5,2,0,0,15,20,14850.0
2020-05-18,14850.0,14855.0,14895.0,14835.0,-0.07,14860.0,14885.0,14865.0,15045.0,15400.0,16450.0,14882.857142857143,15027.32142857143,15429.25,15155.275,25.634797778495575,203.31025997987308,500.4274681330775,-0.0006729475100941684,0,5,2,0,0,18,21,14770.0
2020-05-19,14770.0,14805.0,14845.0,14755.0,-0.54,14850.0,14860.0,14885.0,14920.0,15385.0,16475.0,14861.42857142857,14983.392857142857,15372.416666666666,15173.316666666668,44.88079449260034,185.76662142931391,473.66940827263295,-0.005387205387205385,1,5,2,0,0,19,21,14710.0
2020-05-20,14710.0,14755.0,14792.5,14705.0,-0.41,14770.0,14850.0,14860.0,14895.0,15422.5,16425.0,14835.0,14932.5,15315.25,15190.025,69.52217871538836,150.45763523298635,444.86890261879824,-0.004062288422478022,2,5,2,0,0,20,21,14755.0
2020-05-26,14755.0,14730.0,14779.5,14727.5,0.31,14710.0,14770.0,14850.0,14905.0,15295.0,16412.5,14813.57142857143,14893.92857142857,15260.0,15206.525,67.43603671346578,115.54517217561035,405.0409728103867,0.00305914343983682,1,5,2,0,0,26,22,14710.0
2020-05-27,14710.0,14740.0,14780.0,14707.5,-0.3,14755.0,14710.0,14770.0,14865.0,14875.0,16175.0,14791.42857142857,14882.142857142857,15211.166666666666,15220.525,72.95628175571771,125.6018478197255,378.3549540634818,-0.0030498136225008965,2,5,2,0,0,27,22,14715.0
2020-05-28,14715.0,14740.0,14777.5,14710.0,0.03,14710.0,14755.0,14710.0,14885.0,15100.0,16175.0,14767.142857142857,14854.642857142857,15162.5,15234.4,64.41125308368022,116.01499050504175,342.2831556192925,0.0003399048266485849,3,5,2,0,0,28,22,14610.0
2020-05-29,14610.0,14725.0,14745.0,14607.5,-0.71,14715.0,14710.0,14755.0,14860.0,15080.0,15820.0,14731.42857142857,14821.07142857143,15122.166666666666,15245.691666666668,73.07041613598332,113.76728222737556,333.30744152317294,-0.007135575942915362,4,5,2,0,0,29,22,14415.0
2020-06-02,14415.0,14630.0,14630.0,14415.0,-1.33,14610.0,14715.0,14710.0,14850.0,15045.0,15630.0,14669.285714285714,14776.07142857143,15081.666666666666,15252.025,123.20134507614236,139.9612387468748,343.1448958388281,-0.013347022587268942,1,6,2,0,0,2,23,14095.0
2020-06-03,14095.0,14245.0,14255.0,14095.0,-2.22,14415.0,14610.0,14715.0,14770.0,14920.0,15630.0,14572.857142857143,14717.142857142857,15030.5,15247.816666666668,240.01488049106595,223.46669245611838,371.8084879667861,-0.022199098161637232,2,6,2,0,0,3,23,14095.0
2020-06-04,14095.0,14105.0,14170.0,14070.0,0.0,14095.0,14415.0,14610.0,14710.0,14895.0,15565.0,14485.0,14660.0,14981.5,15244.983333333334,289.0069203323626,271.59075547863665,395.075069252461,0.0,3,6,2,0,0,4,23,13870.0
2020-06-05,13870.0,14075.0,14107.5,13862.5,-1.6,14095.0,14095.0,14415.0,14755.0,14905.0,15640.0,14358.57142857143,14586.07142857143,14922.5,15238.125,340.241510862917,333.5656928230087,424.41948182397647,-0.01596310748492369,4,6,2,0,0,5,23,13885.0
2020-06-08,13885.0,13870.0,13995.0,13850.0,0.11,13870.0,14095.0,14095.0,14710.0,14865.0,15430.0,14240.714285714286,14516.07142857143,14871.0,15234.291666666666,341.10639312180064,371.23069010340663,453.4582632963393,0.00108147080028842,0,6,2,0,0,8,24,13890.0
2020-06-09,13890.0,13910.0,14045.0,13880.0,0.04,13885.0,13870.0,14095.0,14715.0,14885.0,15412.5,14122.857142857143,14445.0,14820.25,15229.625,288.3698022628825,389.94082391277834,475.4300911298438,0.0003601008282319018,1,6,2,0,0,9,24,13980.0
2020-06-10,13980.0,13937.5,14055.0,13897.5,0.65,13890.0,13885.0,13870.0,14610.0,14860.0,15455.0,14032.857142857143,14382.142857142857,14771.083333333334,15225.458333333334,193.79665336927908,388.82324581157724,483.7201756525566,0.00647948164146861,2,6,2,0,0,10,24,14015.0
2020-06-11,14015.0,13925.0,14060.0,13887.5,0.25,13980.0,13890.0,13885.0,14415.0,14850.0,15450.0,13975.714285714286,14322.5,14723.25,15219.166666666666,97.27232269198413,375.34471335838845,485.2182010046748,0.002503576537911334,3,6,2,0,0,11,24,14125.0
2020-06-12,14125.0,14060.0,14223.5,14060.0,0.78,14015.0,13980.0,13890.0,14095.0,14770.0,15400.0,13980.0,14276.42857142857,14680.75,15215.483333333334,103.84282995624757,355.23788655476426,479.7049874662609,0.007848733499821625,4,6,2,0,0,12,24,14115.0
2020-06-15,14115.0,14055.0,14145.0,14040.0,-0.07,14125.0,14015.0,13980.0,14095.0,14710.0,15400.0,13982.857142857143,14233.92857142857,14637.916666666666,15211.525,107.73645092136512,334.3545939649049,470.54997322160733,-0.000707964601769917,0,6,2,0,0,15,25,14090.0
2020-06-16,14090.0,14085.0,14130.0,14047.5,-0.18,14115.0,14125.0,14015.0,13870.0,14755.0,15385.0,14014.285714285714,14186.42857142857,14594.75,15204.333333333334,101.21876355314484,300.11810861862983,458.90722430274013,-0.0017711654268508514,1,6,2,0,0,16,25,14082.5
2020-06-17,14082.5,14065.0,14130.0,14034.5,-0.05,14090.0,14115.0,14125.0,13885.0,14710.0,15422.5,14042.5,14141.607142857143,14550.083333333334,15192.875,85.4766049863337,260.09910674513566,440.4016991443138,-0.000532292405961643,2,6,2,0,0,17,25,14085.0
2020-06-18,14085.0,14030.0,14105.0,14005.0,0.02,14082.5,14090.0,14115.0,13890.0,14715.0,15295.0,14070.357142857143,14096.607142857143,14509.75,15178.875,53.15912769349144,201.06353555436183,424.96467905965835,0.00017752529735481914,3,6,2,0,0,18,25,14100.0
2020-06-19,14100.0,14055.0,14202.5,14055.0,0.11,14085.0,14082.5,14090.0,13980.0,14610.0,14875.0,14087.5,14060.17857142857,14483.916666666666,15161.041666666666,35.61951712180108,136.83392617183907,425.55120611154496,0.0010649627263046302,4,6,2,0,0,19,25,14185.0
2020-06-22,14185.0,14100.0,14185.0,14100.0,0.6,14100.0,14085.0,14082.5,14015.0,14415.0,15100.0,14111.785714285714,14043.75,14453.416666666666,15143.833333333334,35.90248034925581,99.73402127635727,412.461326992446,0.006028368794326333,0,6,2,0,0,22,26,14160.0
2020-06-23,14160.0,14185.0,14255.0,14160.0,-0.18,14185.0,14100.0,14085.0,14125.0,14095.0,15080.0,14116.785714285714,14048.392857142857,14422.75,15114.625,40.22629440919751,103.73601454768892,398.2236148369334,-0.0017624250969333621,1,6,2,0,0,23,26,14130.0
2020-06-24,14130.0,14110.0,14175.0,14099.5,-0.21,14160.0,14185.0,14100.0,14115.0,14095.0,15045.0,14118.92857142857,14050.892857142857,14392.25,15084.708333333334,40.51381304703064,105.35474480392291,383.6970507107641,-0.0021186440677966045,2,6,2,0,0,24,26,14175.0
2020-06-25,14175.0,14085.0,14195.0,14079.5,0.32,14130.0,14160.0,14185.0,14090.0,13870.0,14920.0,14131.07142857143,14072.67857142857,14367.416666666666,15044.708333333334,43.05657960881158,96.20922855574658,372.30206690668376,0.0031847133757962887,3,6,2,0,0,25,26,14220.0
2020-06-26,14220.0,14105.0,14250.0,14100.0,0.32,14175.0,14130.0,14160.0,14082.5,13885.0,14895.0,14150.714285714286,14096.607142857143,14344.916666666666,15006.708333333334,48.25527358292166,87.17581231452382,359.494666483225,0.0031746031746031633,4,6,2,0,0,26,26,14245.0
2020-06-29,14245.0,14225.0,14275.0,14225.0,0.18,14220.0,14175.0,14130.0,14085.0,13890.0,14905.0,14173.57142857143,14121.964285714286,14322.916666666666,14972.375,49.809159608890475,72.9210490568583,343.89383093336056,0.0017580872011251358,0,6,2,0,0,29,27,14255.0
2020-06-30,14255.0,14175.0,14315.0,14165.0,0.07,14245.0,14220.0,14175.0,14100.0,13980.0,14865.0,14195.714285714286,14141.607142857143,14302.583333333334,14940.958333333334,45.95546498401106,68.65190304103683,328.42261680627996,0.0007020007020006602,1,6,2,1,0,30,27,14265.0
2020-07-01,14265.0,14245.0,14325.0,14245.0,0.07,14255.0,14245.0,14220.0,14185.0,14015.0,14885.0,14207.142857142857,14159.464285714286,14281.916666666666,14906.416666666666,52.349557691238005,65.6343203738335,309.4695707656642,0.0007015082427217489,2,7,3,0,1,1,27,14378.5
2020-07-02,14378.5,14265.0,14383.0,14265.0,0.8,14265.0,14255.0,14245.0,14160.0,14125.0,14860.0,14238.357142857143,14177.57142857143,14265.866666666667,14874.225,78.2766005295882,86.91327621464096,290.3500245937795,0.007956536978618978,3,7,3,0,0,2,27,14510.0
2020-07-03,14510.0,14380.0,14605.0,14380.0,0.91,14378.5,14265.0,14255.0,14130.0,14115.0,14850.0,14292.642857142857,14205.785714285714,14254.533333333333,14841.891666666666,114.15147622261814,122.04975566172189,272.8727736046813,0.009145599332336385,4,7,3,0,0,3,27,14490.0
2020-07-06,14490.0,14465.0,14582.5,14455.0,-0.14,14510.0,14378.5,14265.0,14175.0,14090.0,14770.0,14337.642857142857,14234.357142857143,14245.2,14808.808333333332,121.87312880124051,138.56204227847178,259.0734352024249,-0.001378359751895264,0,7,3,0,0,6,28,14440.0
2020-07-07,14440.0,14450.0,14450.0,14374.0,-0.35,14490.0,14510.0,14378.5,14220.0,14082.5,14710.0,14369.07142857143,14259.892857142857,14236.2,14775.725,114.63072180243475,141.33759075482874,246.76739710881733,-0.0034506556245686992,1,7,3,0,0,7,28,14410.0
2020-07-08,14410.0,14395.0,14450.0,14375.0,-0.21,14440.0,14490.0,14510.0,14245.0,14085.0,14755.0,14392.642857142857,14283.107142857143,14224.7,14742.35,101.0225693783561,137.0266928754321,229.16759414650022,-0.0020775623268698418,2,7,3,0,0,8,28,14395.0
2020-07-09,14395.0,14355.0,14430.0,14342.5,-0.1,14410.0,14440.0,14490.0,14255.0,14100.0,14710.0,14412.642857142857,14304.17857142857,14214.2,14712.683333333332,81.13092006425038,129.15935404066107,212.7969973213058,-0.001040943789035409,3,7,3,0,0,9,28,14435.0
2020-07-10,14435.0,14397.5,14490.0,14397.5,0.28,14395.0,14410.0,14440.0,14265.0,14185.0,14715.0,14436.92857142857,14322.035714285714,14204.866666666667,14683.683333333332,48.418684901751256,128.69589442439164,195.51285050513133,0.0027787426189649356,4,7,3,0,0,10,28,14425.0
2020-07-13,14425.0,14370.0,14501.0,14365.0,-0.07,14435.0,14395.0,14410.0,14378.5,14160.0,14610.0,14443.57142857143,14340.964285714286,14198.7,14660.433333333332,41.80453381650369,122.36271181080015,184.92475636658122,-0.0006927606511950568,0,7,3,0,0,13,29,14450.0
2020-07-14,14450.0,14355.0,14450.0,14352.0,0.17,14425.0,14435.0,14395.0,14510.0,14130.0,14415.0,14435.0,14363.82142857143,14199.866666666667,14640.766666666666,30.55050463297329,109.09163528906844,186.44061332995184,0.0017331022530329143,1,7,3,0,0,14,29,14587.5
2020-07-15,14587.5,14450.0,14625.0,14450.0,0.95,14450.0,14425.0,14435.0,14490.0,14175.0,14095.0,14448.92857142857,14393.285714285714,14216.283333333333,14623.391666666666,63.866024203916865,109.8731286326906,198.20055513915577,0.009515570934256035,2,7,3,0,0,15,29,14625.0
2020-07-16,14625.0,14560.0,14687.5,14535.0,0.26,14587.5,14450.0,14425.0,14440.0,14220.0,14095.0,14475.357142857143,14422.214285714286,14233.95,14607.725,91.74725894437555,113.9786947506964,210.27048877166368,0.0025706940874035134,3,7,3,0,0,16,29,14695.0
2020-07-17,14695.0,14585.0,14730.0,14570.0,0.48,14625.0,14587.5,14450.0,14410.0,14245.0,13870.0,14516.07142857143,14454.357142857143,14261.45,14591.975,117.52532655113137,123.23452135126259,214.92714683881775,0.0047863247863246805,4,7,3,0,0,17,29,14785.0
2020-07-20,14785.0,14695.0,14860.0,14692.5,0.61,14695.0,14625.0,14587.5,14395.0,14255.0,13885.0,14571.785714285714,14492.214285714286,14291.45,14581.225,140.71776041153095,137.82510018745998,223.221451431778,0.006124532153793716,0,7,3,0,0,20,30,14738.5
2020-07-21,14738.5,14755.0,14780.0,14725.0,-0.31,14785.0,14695.0,14625.0,14435.0,14265.0,13890.0,14615.142857142857,14526.035714285714,14319.733333333334,14569.991666666667,138.2831377662373,135.8621281191556,224.35346701336968,-0.0031450794724382503,1,7,3,0,0,21,30,14650.0
2020-07-22,14650.0,14605.0,14680.0,14605.0,-0.6,14738.5,14785.0,14695.0,14425.0,14378.5,13980.0,14647.285714285714,14545.42857142857,14342.066666666668,14556.575,109.97115422648591,132.51877329136082,222.71009969407984,-0.006004681616175289,2,7,3,0,0,22,30,14580.0
2020-07-23,14580.0,14605.0,14670.0,14532.5,-0.48,14650.0,14738.5,14785.0,14450.0,14510.0,14015.0,14665.857142857143,14550.42857142857,14360.9,14542.075,77.19386541133983,132.39972361416892,217.936458629574,-0.004778156996587013,3,7,3,0,0,23,30,14610.0
2020-07-24,14610.0,14525.0,14615.0,14505.0,0.21,14580.0,14650.0,14738.5,14587.5,14490.0,14125.0,14669.07142857143,14559.0,14377.066666666668,14528.908333333333,73.78032064369857,132.0706396065183,217.8225999694968,0.002057613168724215,4,7,3,0,0,24,30,14520.0
2020-07-27,14520.0,14505.0,14580.0,14480.0,-0.62,14610.0,14580.0,14650.0,14625.0,14440.0,14115.0,14654.07142857143,14564.714285714286,14390.566666666668,14514.241666666667,92.52586510963603,128.19977113318876,213.52843359614494,-0.006160164271047264,0,7,3,0,0,27,31,14535.0
2020-07-28,14535.0,14460.0,14561.0,14445.0,0.1,14520.0,14610.0,14580.0,14695.0,14410.0,14090.0,14631.214285714286,14573.642857142857,14405.4,14500.075,100.17645146725663,120.73101516138337,207.2943268182584,0.0010330578512396382,1,7,3,0,0,28,31,14535.0
2020-07-29,14535.0,14455.0,14595.0,14454.5,0.0,14535.0,14520.0,14610.0,14785.0,14395.0,14082.5,14595.5,14583.642857142857,14420.483333333334,14485.283333333333,78.41184009233457,110.12849637675679,199.29736417679155,0.0,2,7,3,0,0,29,31,14600.0
2020-07-30,14600.0,14455.0,14620.0,14455.0,0.45,14535.0,14535.0,14520.0,14738.5,14435.0,14085.0,14575.714285714286,14595.42857142857,14437.65,14473.7,47.82159305066432,101.48737267811094,191.4283943734956,0.004471964224286307,3,7,3,0,0,30,31,14630.0
2020-08-03,14630.0,14605.0,14647.5,14595.0,0.21,14600.0,14535.0,14535.0,14650.0,14425.0,14100.0,14572.857142857143,14610.07142857143,14455.316666666668,14469.616666666667,42.997785103514694,89.03043065343283,183.48426049821194,0.00205479452054802,0,8,3,0,0,3,32,14620.0
2020-08-04,14620.0,14565.0,14675.0,14560.0,-0.07,14630.0,14600.0,14535.0,14580.0,14450.0,14185.0,14578.57142857143,14622.214285714286,14469.816666666668,14461.616666666667,46.61136178677613,76.1854302352964,178.50622916463135,-0.0006835269993165083,1,8,3,0,0,4,32,14550.0
2020-08-05,14550.0,14540.0,14612.5,14520.0,-0.48,14620.0,14630.0,14600.0,14610.0,14587.5,14160.0,14570.0,14619.535714285714,14482.816666666668,14452.783333333333,45.36885862936989,78.13412144500961,169.11970272731696,-0.004787961696306464,2,8,3,0,0,5,32,14585.0
2020-08-06,14585.0,14490.0,14615.0,14465.0,0.24,14550.0,14620.0,14630.0,14520.0,14625.0,14130.0,14579.285714285714,14616.67857142857,14497.983333333334,14445.116666666667,39.7312399576219,78.64858723869747,156.30471363893247,0.002405498281786933,3,8,3,0,0,6,32,14580.0
2020-08-07,14580.0,14555.0,14675.0,14555.0,-0.03,14585.0,14550.0,14620.0,14535.0,14695.0,14175.0,14585.714285714286,14608.464285714286,14511.483333333334,14439.45,34.69252698450099,75.79285136871081,144.49015497624475,-0.0003428179636613127,4,8,3,0,0,7,32,14590.0
2020-08-10,14590.0,14600.0,14700.0,14600.0,0.07,14580.0,14585.0,14550.0,14535.0,14785.0,14220.0,14593.57142857143,14594.535714285714,14523.816666666668,14434.366666666667,26.569764412796335,56.254389327413406,134.17483983102082,0.000685871056241405,0,8,3,0,0,10,33,14620.0
2020-08-11,14620.0,14580.0,14720.0,14580.0,0.21,14590.0,14580.0,14585.0,14600.0,14738.5,14245.0,14596.42857142857,14586.07142857143,14536.316666666668,14429.616666666667,28.389300466048454,39.28096874332159,124.41708798075646,0.0020562028786841324,1,8,3,0,0,11,33,14685.0
2020-08-12,14685.0,14640.0,14770.0,14640.0,0.44,14620.0,14590.0,14580.0,14630.0,14650.0,14255.0,14604.285714285714,14588.57142857143,14550.65,14426.616666666667,43.05312333119212,44.437881077347214,115.32758066512642,0.0044459644322845104,2,8,3,0,0,12,33,14700.0
2020-08-13,14700.0,14742.5,14795.0,14725.0,0.1,14685.0,14620.0,14590.0,14620.0,14580.0,14265.0,14615.714285714286,14597.142857142857,14565.15,14423.533333333333,56.45267718987728,53.33905646872392,105.0640321997562,0.0010214504596526286,3,8,3,0,0,13,33,14720.0
2020-08-14,14720.0,14775.0,14844.0,14775.0,0.14,14700.0,14685.0,14620.0,14550.0,14610.0,14378.5,14640.0,14605.0,14576.533333333333,14421.2,59.9305153212205,62.66516637527968,102.61544662018508,0.0013605442176871652,4,8,3,0,0,14,33,14830.0
2020-08-18,14830.0,14750.0,14881.0,14750.0,0.75,14720.0,14700.0,14685.0,14585.0,14520.0,14510.0,14675.0,14627.142857142857,14587.2,14420.866666666667,87.60707733968353,82.08143905463656,111.69127709589966,0.007472826086956541,1,8,3,0,0,18,34,14770.0
2020-08-19,14770.0,14750.0,14807.5,14735.0,-0.4,14830.0,14720.0,14700.0,14580.0,14535.0,14490.0,14702.142857142857,14643.92857142857,14596.533333333333,14420.866666666667,82.55589736946816,85.7361464792032,114.9404593492,-0.004045853000674282,2,8,3,0,0,19,34,14670.0
2020-08-24,14670.0,14755.0,14802.5,14670.5,-0.68,14770.0,14830.0,14720.0,14590.0,14535.0,14440.0,14713.57142857143,14653.57142857143,14604.2,14420.2,68.84247028025636,79.93816291375471,111.7662739828205,-0.00677048070413,0,8,3,0,0,24,35,14640.0
2020-08-25,14640.0,14600.0,14660.0,14575.0,-0.2,14670.0,14770.0,14830.0,14620.0,14600.0,14410.0,14716.42857142857,14656.42857142857,14611.866666666667,14418.283333333333,64.59581292639164,78.57942017246778,105.71007303106404,-0.002044989775051076,1,8,3,0,0,25,35,14670.0
2020-08-26,14670.0,14585.0,14695.0,14585.0,0.2,14640.0,14670.0,14770.0,14685.0,14630.0,14395.0,14714.285714285714,14659.285714285714,14621.033333333333,14417.616666666667,66.04471789558232,78.27115449697574,97.89006266122848,0.002049180327868827,2,8,3,0,0,26,35,14650.0
2020-08-27,14650.0,14605.0,14727.5,14605.0,-0.14,14670.0,14640.0,14670.0,14700.0,14620.0,14435.0,14707.142857142857,14661.42857142857,14628.2,14416.533333333333,70.4069801734529,77.51993717268076,91.45967643610139,-0.0013633265167007913,3,8,3,0,0,27,35,14615.0
2020-08-28,14615.0,14655.0,14716.5,14614.5,-0.24,14650.0,14670.0,14640.0,14720.0,14550.0,14425.0,14692.142857142857,14666.07142857143,14634.533333333333,14416.616666666667,77.98809432948507,72.08911609429086,83.09984992450111,-0.0023890784982935065,4,8,3,0,0,28,35,14560.0
2020-08-31,14560.0,14505.0,14567.5,14505.0,-0.38,14615.0,14650.0,14670.0,14830.0,14585.0,14450.0,14653.57142857143,14664.285714285714,14638.2,14419.033333333333,63.94752312862976,74.52044486724625,76.87008745169331,-0.003763256927813874,0,8,3,1,0,31,36,14565.0
2020-09-01,14565.0,14535.0,14620.0,14535.0,0.03,14560.0,14615.0,14650.0,14770.0,14580.0,14587.5,14624.285714285714,14663.214285714286,14637.45,14426.866666666667,46.22666721606705,75.92017930885883,77.48908154458971,0.0003434065934067032,1,9,3,0,1,1,36,14740.0
2020-09-02,14740.0,14605.0,14820.0,14605.0,1.2,14565.0,14560.0,14615.0,14670.0,14590.0,14625.0,14634.285714285714,14673.92857142857,14641.283333333333,14437.616666666667,62.478567753845816,75.37543395477798,79.66586290656178,0.012015104703055224,2,9,3,0,0,2,36,14760.0
2020-09-03,14760.0,14755.0,14835.0,14755.0,0.14,14740.0,14565.0,14560.0,14640.0,14620.0,14695.0,14651.42857142857,14683.92857142857,14643.45,14452.45,78.67201353903809,76.94100065850502,82.0261049700348,0.0013568521031208647,3,9,3,0,0,3,36,14740.0
2020-09-04,14740.0,14735.0,14802.5,14705.0,-0.14,14760.0,14740.0,14565.0,14670.0,14685.0,14785.0,14661.42857142857,14687.857142857143,14641.95,14466.7,85.57230304029548,78.39040084710126,79.72759116583717,-0.0013550135501354532,4,9,3,0,0,4,36,14730.0
2020-09-07,14730.0,14705.0,14757.5,14705.0,-0.07,14740.0,14760.0,14740.0,14650.0,14700.0,14738.5,14672.857142857143,14690.0,14641.666666666666,14480.7,89.06257832077539,79.1541825508846,79.38701940857926,-0.0006784260515604323,0,9,3,0,0,7,37,14760.0
2020-09-08,14760.0,14720.0,14802.5,14720.0,0.2,14730.0,14740.0,14760.0,14615.0,14720.0,14650.0,14693.57142857143,14692.857142857143,14645.333333333334,14493.7,90.21798997033586,81.02027964775056,82.27302458713989,0.0020366598778003286,1,9,3,0,0,8,37,14780.0
2020-09-09,14780.0,14765.0,14860.0,14765.0,0.14,14760.0,14730.0,14740.0,14560.0,14830.0,14580.0,14725.0,14689.285714285714,14652.0,14506.45,72.51436639270871,75.41824771118903,84.85890927157963,0.0013550135501354532,2,9,3,0,0,9,37,14820.0
2020-09-10,14820.0,14770.0,14895.0,14765.0,0.27,14780.0,14760.0,14730.0,14565.0,14770.0,14610.0,14761.42857142857,14692.857142857143,14659.0,14518.033333333333,30.783421636047468,80.54416575566864,89.79286508789714,0.0027063599458727605,3,9,3,0,0,10,37,14860.0
2020-09-11,14860.0,14900.0,14974.0,14877.5,0.27,14820.0,14780.0,14760.0,14740.0,14670.0,14520.0,14778.57142857143,14706.42857142857,14670.333333333334,14530.45,46.34241089567053,91.63952312029701,93.04182720260373,0.0026990553306343035,4,9,3,0,0,11,37,14860.0
2020-09-14,14860.0,14855.0,14955.0,14855.0,0.0,14860.0,14820.0,14780.0,14760.0,14640.0,14535.0,14792.857142857143,14722.142857142857,14681.166666666666,14543.283333333333,54.37961803053921,98.01323077271668,95.62573716944249,0.0,0,9,3,0,0,14,38,14835.0
2020-09-15,14835.0,14805.0,14875.0,14802.0,-0.17,14860.0,14860.0,14820.0,14740.0,14670.0,14535.0,14806.42857142857,14733.92857142857,14691.166666666666,14555.825,50.720992179016875,101.13164633299344,95.49944333955534,-0.001682368775235532,1,9,3,0,0,15,38,14825.0
2020-09-16,14825.0,14790.0,14877.5,14790.0,-0.07,14835.0,14860.0,14860.0,14730.0,14650.0,14600.0,14820.0,14746.42857142857,14698.666666666666,14568.158333333333,37.96928583305032,100.77447348116293,96.91743138234341,-0.0006740815638692776,2,9,3,0,0,16,38,14820.0
2020-09-17,14820.0,14795.0,14872.0,14795.0,-0.03,14825.0,14835.0,14860.0,14760.0,14615.0,14630.0,14828.57142857143,14761.07142857143,14705.0,14580.158333333333,27.49458821218841,94.93274079386731,98.47107049353193,-0.0003372681281619272,3,9,3,0,0,17,38,14730.0
2020-09-18,14730.0,14755.0,14780.0,14713.0,-0.61,14820.0,14825.0,14835.0,14780.0,14560.0,14620.0,14821.42857142857,14773.214285714286,14708.666666666666,14589.241666666667,43.84768007117725,76.27397839453151,97.23711982195185,-0.006072874493927127,4,9,3,0,0,18,38,14690.0
2020-09-21,14690.0,14670.0,14727.5,14664.0,-0.27,14730.0,14820.0,14825.0,14820.0,14565.0,14550.0,14802.857142857143,14782.142857142857,14713.333333333334,14598.075,66.323521648163,54.126429122745016,92.6090534538255,-0.0027155465037338455,0,9,3,0,0,21,39,14750.0
2020-09-22,14750.0,14695.0,14824.5,14695.0,0.41,14690.0,14730.0,14820.0,14860.0,14740.0,14585.0,14787.142857142857,14782.857142857143,14718.833333333334,14608.408333333333,63.49915634988617,53.5908389735335,89.57450504483613,0.004084411164057222,1,9,3,0,0,22,39,14780.0
2020-09-23,14780.0,14775.0,14854.0,14755.0,0.2,14750.0,14690.0,14730.0,14860.0,14760.0,14580.0,14775.714285714286,14784.285714285714,14725.5,14618.491666666667,54.80484858637569,53.19980996327789,86.26692737442997,0.0020338983050847137,2,9,3,0,0,23,39,14845.0
2020-09-24,14845.0,14815.0,14910.0,14815.0,0.44,14780.0,14750.0,14690.0,14835.0,14740.0,14590.0,14777.142857142857,14791.785714285714,14734.0,14628.908333333333,56.705168992609245,53.873325168805906,85.00912729902915,0.004397834912043264,3,9,3,0,0,24,39,14845.0
2020-09-25,14845.0,14887.5,14952.5,14862.5,0.0,14845.0,14780.0,14750.0,14825.0,14730.0,14620.0,14780.0,14800.0,14741.5,14638.908333333333,59.930515321252834,52.47710123238968,84.52861176490049,0.0,4,9,3,0,0,25,39,14850.0
2020-09-28,14850.0,14867.5,14949.5,14867.5,0.03,14845.0,14845.0,14780.0,14820.0,14760.0,14685.0,14784.285714285714,14806.42857142857,14747.0,14648.825,64.18908081007578,52.71215636339888,86.07935392658682,0.00033681374200056347,0,9,3,0,0,28,40,14845.0
2020-09-29,14845.0,14875.0,14940.5,14867.5,-0.03,14850.0,14845.0,14845.0,14730.0,14780.0,14700.0,14800.714285714286,14811.07142857143,14751.833333333334,14658.491666666667,62.678317052838636,53.06666965694351,87.40988791751194,-0.00033670033670030186,1,9,3,0,0,29,40,14840.0
2020-09-30,14840.0,14857.5,14922.0,14857.5,-0.03,14845.0,14850.0,14845.0,14690.0,14820.0,14720.0,14822.142857142857,14812.5,14755.833333333334,14666.183333333332,40.08918628692898,53.592120545123485,88.63994714512181,-0.0003368137420006745,2,9,3,1,0,30,40,14820.0
2020-10-01,14820.0,14810.0,14867.5,14810.0,-0.13,14840.0,14845.0,14850.0,14750.0,14860.0,14830.0,14832.142857142857,14809.642857142857,14755.5,14671.35,24.976179127620497,51.904656886460835,88.36981463110557,-0.0013477088948786742,3,10,4,0,1,1,40,14830.0
2020-10-02,14830.0,14840.0,14907.0,14840.0,0.07,14820.0,14840.0,14845.0,14780.0,14860.0,14770.0,14839.285714285714,14807.5,14757.5,14677.016666666666,10.57850471051438,50.258944859293194,89.38245990089996,0.0006747638326585204,4,10,4,0,0,2,40,14790.0
2020-10-05,14790.0,14815.0,14857.5,14799.5,-0.27,14830.0,14820.0,14840.0,14845.0,14835.0,14670.0,14831.42857142857,14804.285714285714,14761.5,14682.85,20.959143930302634,49.80180498865367,88.00617141372285,-0.0026972353337828547,0,10,4,0,0,5,41,14710.0
2020-10-06,14710.0,14605.0,14762.5,14605.0,-0.54,14790.0,14830.0,14820.0,14845.0,14825.0,14640.0,14812.142857142857,14796.07142857143,14763.833333333334,14687.85,49.31676040807882,55.30261405022066,85.56791347284918,-0.005409060175794456,1,10,4,0,0,6,41,14690.0
2020-10-07,14690.0,14710.0,14772.5,14702.5,-0.14,14710.0,14790.0,14830.0,14850.0,14820.0,14670.0,14789.285714285714,14786.785714285714,14764.5,14692.766666666666,63.79841765469265,61.538203982238265,84.88684151312279,-0.0013596193065941176,2,10,4,0,0,7,41,14685.0
2020-10-08,14685.0,14700.0,14733.0,14697.5,-0.03,14690.0,14710.0,14790.0,14845.0,14730.0,14650.0,14766.42857142857,14783.57142857143,14765.666666666666,14696.933333333332,68.96341335053228,65.76264345838332,83.48790262704263,-0.0003403675970047315,3,10,4,0,0,8,41,14675.0
2020-10-09,14675.0,14695.0,14727.5,14665.0,-0.07,14685.0,14690.0,14710.0,14840.0,14690.0,14615.0,14742.857142857143,14782.5,14767.666666666666,14701.1,67.81452295646534,67.50356115894927,80.41630188712064,-0.0006809669731018264,4,10,4,0,0,9,41,14680.0
2020-10-12,14680.0,14685.0,14732.5,14685.0,0.03,14675.0,14685.0,14690.0,14820.0,14750.0,14560.0,14722.857142857143,14777.5,14771.666666666666,14704.933333333332,61.63448323635448,72.50331557342918,72.3060227058952,0.00034071550255543315,0,10,4,0,0,12,42,14680.0
2020-10-13,14680.0,14695.0,14767.5,14695.0,0.0,14680.0,14675.0,14685.0,14830.0,14780.0,14565.0,14701.42857142857,14770.357142857143,14775.5,14706.475,40.69339480744724,77.0230805990307,63.48160200490161,0.0,1,10,4,0,0,13,42,14680.0
2020-10-14,14680.0,14710.0,14765.0,14705.0,0.0,14680.0,14680.0,14675.0,14790.0,14845.0,14740.0,14685.714285714286,14758.57142857143,14773.5,14707.391666666666,11.700630833708521,77.34608963824856,65.55005983851449,0.0,2,10,4,0,0,14,42,14660.0
2020-10-15,14660.0,14685.0,14741.0,14680.0,-0.14,14680.0,14680.0,14680.0,14710.0,14845.0,14760.0,14678.57142857143,14745.357142857143,14770.166666666666,14706.808333333332,9.449111825324474,77.24746163843434,68.72588396260872,-0.0013623978201634523,3,10,4,0,0,15,42,14670.0
2020-10-16,14670.0,14710.0,14757.5,14687.5,0.07,14660.0,14680.0,14680.0,14690.0,14850.0,14740.0,14675.714285714286,14732.5,14767.833333333334,14704.891666666666,8.380817098576339,73.37338649718698,70.93809021733873,0.0006821282401090478,4,10,4,0,0,16,42,14670.0
2020-10-19,14670.0,14670.0,14742.5,14670.0,0.0,14670.0,14660.0,14680.0,14685.0,14845.0,14730.0,14673.57142857143,14720.0,14765.833333333334,14703.75,7.48013241554027,67.39664451751375,72.86126795370211,0.0,0,10,4,0,0,19,43,14650.0
2020-10-20,14650.0,14672.5,14718.0,14655.0,-0.14,14670.0,14670.0,14660.0,14675.0,14840.0,14760.0,14670.0,14706.42857142857,14762.166666666666,14703.75,11.547005383858885,60.109789661085756,75.87061733449686,-0.0013633265167007913,1,10,4,0,0,20,43,14610.0
2020-10-21,14610.0,14635.0,14667.5,14615.0,-0.27,14650.0,14670.0,14670.0,14680.0,14820.0,14780.0,14660.0,14691.42857142857,14756.5,14704.25,24.494897427856817,55.62334081903024,80.68831048101546,-0.0027303754266211344,2,10,4,0,0,21,43,14640.0
2020-10-22,14640.0,14615.0,14690.0,14615.0,0.21,14610.0,14650.0,14670.0,14680.0,14830.0,14820.0,14654.285714285714,14677.857142857143,14750.5,14704.75,23.704530408886303,40.27378827342549,82.47622436927895,0.002053388090349051,3,10,4,0,0,22,43,14650.0
2020-10-23,14650.0,14660.0,14722.5,14650.0,0.07,14640.0,14610.0,14650.0,14680.0,14790.0,14860.0,14650.0,14667.857142857143,14743.5,14706.916666666666,20.816659994683544,24.629117046874452,81.77081091224406,0.000683060109289535,4,10,4,0,0,23,43,14630.0
2020-10-26,14630.0,14635.0,14675.0,14632.5,-0.14,14650.0,14640.0,14610.0,14660.0,14710.0,14860.0,14645.714285714286,14662.142857142857,14735.833333333334,14708.5,21.49196970744077,23.346411822172882,81.25187884656184,-0.0013651877133106227,0,10,4,0,0,26,44,14620.0
2020-10-27,14620.0,14650.0,14680.0,14620.0,-0.07,14630.0,14650.0,14640.0,14670.0,14690.0,14835.0,14638.57142857143,14657.142857142857,14728.666666666666,14709.916666666666,20.35400978397787,24.39374807139661,81.684140753141,-0.0006835269993165083,1,10,4,0,0,27,44,14625.0
2020-11-02,14625.0,14650.0,14717.5,14637.5,0.03,14620.0,14630.0,14650.0,14670.0,14685.0,14825.0,14632.142857142857,14652.857142857143,14722.0,14710.333333333334,15.236235005512555,24.39374807140142,81.71227907559684,0.00034199726402195374,0,11,4,0,0,2,45,14570.0
2020-11-03,14570.0,14612.5,14635.0,14584.0,-0.38,14625.0,14620.0,14630.0,14650.0,14675.0,14820.0,14620.714285714286,14645.357142857143,14713.666666666666,14709.333333333334,25.8889570133311,32.01347587000046,84.08670948876268,-0.003760683760683725,1,11,4,0,0,3,45,14540.0
2020-11-04,14540.0,14515.0,14567.5,14512.5,-0.21,14570.0,14625.0,14620.0,14610.0,14680.0,14730.0,14610.714285714286,14635.357142857143,14707.333333333334,14708.0,40.25218124819843,40.97204890075445,89.77686259540928,-0.0020590253946465298,2,11,4,0,0,4,45,14370.0
2020-11-05,14370.0,14385.0,14440.0,14370.0,-1.17,14540.0,14570.0,14625.0,14640.0,14680.0,14690.0,14572.142857142857,14613.214285714286,14696.666666666666,14705.0,96.9474575417437,80.08666322360982,108.88409951154604,-0.011691884456671242,3,11,4,0,0,5,45,14190.0
2020-11-06,14190.0,14255.0,14302.5,14200.0,-1.25,14370.0,14540.0,14570.0,14650.0,14680.0,14750.0,14506.42857142857,14578.214285714286,14678.0,14698.416666666666,166.40097870590373,136.1222180309977,142.30007148568333,-0.012526096033402934,4,11,4,0,0,6,45,14050.0
2020-11-09,14050.0,14170.0,14180.0,14042.5,-0.99,14190.0,14370.0,14540.0,14630.0,14660.0,14780.0,14423.57142857143,14534.642857142857,14653.666666666666,14689.583333333334,227.71902068326878,193.47494655633756,181.32145836709495,-0.009866102889358741,0,11,4,0,0,9,46,14040.0
2020-11-10,14040.0,14050.0,14082.5,13992.5,-0.07,14050.0,14190.0,14370.0,14620.0,14670.0,14845.0,14340.714285714286,14489.642857142857,14626.833333333334,14680.416666666666,248.87126142224025,229.48491056221874,209.41825552498537,-0.000711743772242035,1,11,4,0,0,10,46,14070.0
2020-11-11,14070.0,14055.0,14102.5,14055.0,0.21,14040.0,14050.0,14190.0,14625.0,14670.0,14845.0,14261.42857142857,14446.785714285714,14601.0,14671.25,230.9710350836423,248.4537346100599,228.50865825292647,0.002136752136752129,2,11,4,0,0,11,46,14140.0
2020-11-12,14140.0,14080.0,14207.5,14080.0,0.5,14070.0,14040.0,14050.0,14570.0,14650.0,14850.0,14200.0,14410.357142857143,14577.333333333334,14662.166666666666,188.50287354128494,253.69927902095847,238.3844089633004,0.004975124378109541,3,11,4,0,0,12,46,14150.0
2020-11-13,14150.0,14150.0,14232.5,14150.0,0.07,14140.0,14070.0,14040.0,14540.0,14610.0,14845.0,14144.285714285714,14377.5,14554.166666666666,14653.0,114.28869043738047,255.63457994072388,245.14979000649737,0.0007072135785006761,4,11,4,0,0,13,46,14100.0
2020-11-16,14100.0,14120.0,14147.5,14107.5,-0.35,14150.0,14140.0,14070.0,14370.0,14640.0,14840.0,14105.714285714286,14338.92857142857,14529.5,14642.666666666666,56.230816834634375,253.71227321978688,252.51613127030802,-0.0035335689045936647,0,11,4,0,0,16,47,14030.0
2020-11-17,14030.0,14030.0,14077.5,14027.5,-0.5,14100.0,14150.0,14140.0,14190.0,14650.0,14820.0,14082.857142857143,14294.642857142857,14503.166666666666,14629.333333333334,48.205907561152166,249.31031239816133,262.1840737072826,-0.00496453900709215,1,11,4,0,0,17,47,14050.0
2020-11-18,14050.0,14055.0,14102.5,14055.0,0.14,14030.0,14100.0,14150.0,14050.0,14630.0,14830.0,14082.857142857143,14253.214285714286,14477.166666666666,14617.333333333334,48.205907561152166,237.1919633386996,267.2809555419173,0.0014255167498218313,2,11,4,0,0,18,47,14140.0
2020-11-19,14140.0,14055.0,14195.0,14055.0,0.64,14050.0,14030.0,14100.0,14040.0,14620.0,14790.0,14097.142857142857,14218.92857142857,14455.5,14608.5,48.20590756115594,213.61520555404712,267.3927435633629,0.006405693950177982,3,11,4,0,0,19,47,14150.0
2020-11-20,14150.0,14160.0,14210.5,14160.0,0.07,14140.0,14050.0,14030.0,14070.0,14625.0,14710.0,14108.57142857143,14185.0,14436.833333333334,14600.333333333334,50.142653642096064,179.0895779296519,268.55771656467783,0.0007072135785006761,4,11,4,0,0,20,47,14130.0
2020-11-23,14130.0,14162.5,14175.0,14142.5,-0.14,14150.0,14140.0,14050.0,14140.0,14570.0,14690.0,14107.142857142857,14153.57142857143,14418.166666666666,14591.333333333334,49.23220007063442,140.8549249762172,269.8131004888363,-0.001413427561837488,0,11,4,0,0,23,48,14140.0
2020-11-24,14140.0,14150.0,14194.5,14150.0,0.07,14130.0,14150.0,14140.0,14150.0,14540.0,14685.0,14105.714285714286,14125.0,14400.0,14582.833333333334,47.90864322044098,86.53589739760682,269.5750167488979,0.0007077140835103357,1,11,4,0,0,24,48,14130.0
2020-11-25,14130.0,14145.0,14177.5,14140.0,-0.07,14140.0,14130.0,14150.0,14100.0,14370.0,14675.0,14110.0,14107.857142857143,14381.833333333334,14574.75,48.64839839760579,50.562766998474245,268.7662852590514,-0.0007072135785006761,2,11,4,0,0,25,48,14090.0
2020-11-26,14090.0,14125.0,14137.5,14100.0,-0.28,14130.0,14140.0,14130.0,14030.0,14190.0,14680.0,14118.57142857143,14100.714285714286,14362.166666666666,14566.916666666666,35.79039509334971,44.80114794390738,267.7804148452758,-0.0028308563340410098,3,11,4,0,0,26,48,14070.0
2020-11-27,14070.0,14105.0,14136.5,14090.0,-0.14,14090.0,14130.0,14140.0,14050.0,14050.0,14680.0,14121.42857142857,14102.142857142857,14341.833333333334,14558.666666666666,29.680841984993073,43.35516497049991,265.96760022192746,-0.0014194464158977516,4,11,4,0,0,27,48,14090.0
2020-11-30,14090.0,14070.0,14150.0,14070.0,0.14,14070.0,14090.0,14130.0,14140.0,14040.0,14680.0,14114.285714285714,14105.714285714286,14322.166666666666,14547.833333333334,30.47247001076625,39.75197831767,261.88205865173865,0.001421464108031234,0,11,4,1,0,30,49,14100.0
2020-12-01,14100.0,14117.5,14182.5,14117.5,0.07,14090.0,14070.0,14090.0,14150.0,14070.0,14660.0,14107.142857142857,14107.857142857143,14303.5,14536.833333333334,26.276913640336176,38.46648319795995,256.88166469245425,0.0007097232079489313,1,12,4,0,1,1,49,14090.0
2020-12-02,14090.0,14120.0,14156.0,14120.0,-0.07,14100.0,14090.0,14070.0,14130.0,14140.0,14670.0,14101.42857142857,14104.285714285714,14284.166666666666,14526.0,24.784787960987465,37.563133667704186,250.08303218831014,-0.0007092198581559739,2,12,4,0,0,2,49,14100.0
2020-12-03,14100.0,14120.0,14179.0,14120.0,0.07,14090.0,14100.0,14090.0,14140.0,14150.0,14670.0,14095.714285714286,14100.714285714286,14265.166666666666,14515.5,18.126539343093548,35.18397487296001,241.2556353936392,0.0007097232079489313,3,12,4,0,0,3,49,14085.0
2020-12-04,14085.0,14135.0,14162.5,14102.5,-0.11,14100.0,14090.0,14100.0,14130.0,14100.0,14650.0,14089.285714285714,14099.642857142857,14246.333333333334,14504.25,10.177004891252777,35.43489619119722,232.0557800561408,-0.0010638297872340718,4,12,4,0,0,4,49,14080.0
2020-12-07,14080.0,14110.0,14135.0,14101.0,-0.04,14085.0,14100.0,14090.0,14090.0,14030.0,14610.0,14087.857142857143,14103.214285714286,14228.666666666666,14492.583333333334,10.745984853018859,29.97480627023067,223.42912682243562,-0.0003549875754348397,0,12,4,0,0,7,50,14080.0
2020-12-08,14080.0,14110.0,14150.0,14110.0,0.0,14080.0,14085.0,14100.0,14070.0,14050.0,14640.0,14089.285714285714,14105.357142857143,14210.0,14480.25,8.380817097589738,26.780036027217164,210.9216229656757,0.0,1,12,4,0,0,8,50,14090.0
2020-12-10,14090.0,14095.0,14120.0,14095.0,0.07,14080.0,14080.0,14085.0,14090.0,14140.0,14650.0,14089.285714285714,14101.785714285714,14191.333333333334,14467.416666666666,8.380817097589738,25.085020265233496,194.80287708227442,0.0007102272727272929,3,12,4,0,0,10,50,14070.0
2020-12-11,14070.0,14100.0,14119.0,14079.5,-0.14,14090.0,14080.0,14080.0,14100.0,14150.0,14630.0,14085.0,14096.07142857143,14172.666666666666,14454.25,9.574271076783369,22.20347957964693,177.36934644256422,-0.0014194464158977516,4,12,4,0,0,11,50,14070.0
2020-12-14,14070.0,14100.0,14155.0,14095.0,0.0,14070.0,14090.0,14080.0,14090.0,14130.0,14620.0,14082.142857142857,14091.785714285714,14154.333333333334,14441.5,10.745984853013708,20.903362155407265,156.76543719468688,0.0,0,12,4,0,0,14,51,14090.0
2020-12-15,14090.0,14105.0,14173.5,14105.0,0.14,14070.0,14070.0,14090.0,14100.0,14140.0,14625.0,14080.714285714286,14088.214285714286,14136.5,14429.25,8.380817097579463,15.64106317015065,129.42279019044554,0.001421464108031234,1,12,4,0,0,15,51,14090.0
2020-12-16,14090.0,14110.0,14158.0,14110.0,0.0,14090.0,14070.0,14070.0,14085.0,14130.0,14570.0,14081.42857142857,14085.357142857143,14120.5,14417.083333333334,8.997354107590914,10.08889063453878,100.39877386250085,0.0,2,12,4,0,0,16,51,14085.0
2020-12-17,14085.0,14125.0,14137.5,14105.0,-0.04,14090.0,14090.0,14070.0,14080.0,14090.0,14540.0,14082.142857142857,14085.0,14105.333333333334,14406.333333333334,9.063269670923152,9.999999997499685,61.78289760744025,-0.00035486160397446564,3,12,4,0,0,17,51,14080.0
2020-12-18,14080.0,14102.5,14147.5,14100.0,-0.04,14085.0,14090.0,14090.0,14080.0,14070.0,14370.0,14082.142857142857,14085.714285714286,14095.666666666666,14396.166666666666,9.063269670923152,9.16874767980229,36.42974659219087,-0.0003549875754348397,4,12,4,0,0,18,51,14100.0
2020-12-21,14100.0,14110.0,14175.0,14110.0,0.14,14080.0,14085.0,14090.0,14090.0,14090.0,14190.0,14083.57142857143,14086.42857142857,14092.666666666666,14385.333333333334,11.073348527166159,9.889499368122445,31.80580442925272,0.0014204545454545858,0,12,4,0,0,21,52,14145.0
2020-12-22,14145.0,14140.0,14212.5,14140.0,0.32,14100.0,14080.0,14085.0,14070.0,14100.0,14050.0,14094.285714285714,14089.642857142857,14095.833333333334,14374.75,24.22611735070303,18.34124038473875,32.13879740812049,0.0031914893617022155,1,12,4,0,0,22,52,14150.0
2020-12-23,14150.0,14155.0,14274.0,14155.0,0.04,14145.0,14100.0,14080.0,14070.0,14090.0,14040.0,14105.714285714286,14093.92857142857,14099.5,14363.166666666666,29.215944765777724,24.43032253757686,31.82251425929158,0.00035348179568761573,2,12,4,0,0,23,52,14140.0
2020-12-28,14140.0,14155.0,14177.5,14150.0,-0.07,14150.0,14145.0,14100.0,14090.0,14100.0,14070.0,14112.857142857143,14096.785714285714,14101.833333333334,14351.416666666666,30.80275188672669,27.358527207037074,32.149524942256065,-0.0007067137809186885,0,12,4,0,0,28,53,14110.0
2020-12-29,14110.0,14150.0,14160.0,14130.0,-0.21,14140.0,14150.0,14145.0,14090.0,14085.0,14140.0,14115.714285714286,14098.57142857143,14100.833333333334,14339.083333333334,29.21594476578194,27.34597224000727,31.378757731486868,-0.0021216407355021394,1,12,4,0,0,29,53,14040.0
2020-12-30,14040.0,14120.0,14120.0,14050.0,-0.5,14110.0,14140.0,14150.0,14085.0,14080.0,14150.0,14109.285714285714,14095.714285714286,14097.166666666666,14325.666666666666,40.04461797241984,31.246977875034293,31.858613660319445,-0.0049610205527994555,2,12,4,0,0,30,53,14213.7
2021-01-01,14213.7,14213.5,14214.2,13919.0,1.24,14040.0,14110.0,14140.0,14080.0,14080.0,14100.0,14128.385714285714,14105.264285714287,14100.956666666667,14315.228333333333,53.404819650392135,43.93151325747213,38.31594323172621,0.012371794871794961,4,1,1,0,1,1,53,13885.0
2021-01-04,13885.0,13910.0,13940.0,13862.5,-2.31,14213.7,14040.0,14110.0,14100.0,14090.0,14030.0,14097.671428571428,14090.621428571429,14096.123333333333,14299.644999999999,107.19121099358406,73.57428667197725,53.65176144113806,-0.023125576028761086,0,1,1,0,0,4,1,13900.0
2021-01-05,13900.0,13900.0,13932.5,13900.0,0.11,13885.0,14213.7,14040.0,14145.0,14070.0,14050.0,14062.671428571428,14078.478571428572,14091.123333333333,14284.144999999999,127.2783919116024,89.53653468783864,64.07534187791117,0.0010803024846957054,1,1,1,0,0,5,1,13880.0
2021-01-06,13880.0,13920.0,13930.0,13895.0,-0.14,13900.0,13885.0,14213.7,14150.0,14070.0,14140.0,14024.1,14064.907142857144,14082.456666666667,14268.978333333333,136.9470822373254,104.13067577478847,74.04440272365026,-0.0014388489208633226,2,1,1,0,0,6,1,13890.0
2021-01-07,13890.0,13900.0,13945.0,13900.0,0.07,13880.0,13900.0,13885.0,14140.0,14090.0,14150.0,13988.385714285714,14050.621428571429,14073.79,14255.311666666666,134.25625284713573,113.70247395008658,80.77614170629124,0.0007204610951008217,3,1,1,0,0,7,1,13980.0
2021-01-08,13980.0,13915.0,14061.5,13915.0,0.65,13890.0,13880.0,13900.0,14110.0,14090.0,14130.0,13969.814285714285,14042.764285714287,14068.79,14243.478333333333,123.16279779985095,114.56933142534183,81.812604837727,0.00647948164146861,4,1,1,0,0,8,1,14080.0
2021-01-11,14080.0,14020.0,14165.0,14020.0,0.72,13980.0,13890.0,13880.0,14040.0,14085.0,14140.0,13975.528571428571,14042.407142857144,14066.79,14233.394999999999,127.80240887506028,114.43525858120194,80.73809659242977,0.007153075822603716,0,1,1,0,0,11,2,14120.0
2021-01-12,14120.0,14120.0,14217.5,14115.0,0.28,14080.0,13980.0,13890.0,14213.7,14080.0,14130.0,13962.142857142857,14045.264285714287,14066.456666666667,14224.144999999999,100.74129999057718,115.93556305195018,80.48838718258412,0.0028409090909091717,1,1,1,0,0,12,2,14055.0
2021-01-13,14055.0,14090.0,14117.5,14057.5,-0.46,14120.0,14080.0,13980.0,13885.0,14100.0,14090.0,13986.42857142857,14042.050000000001,14065.29,14213.728333333333,99.52865105553755,114.92065992186195,80.38896111379162,-0.004603399433427802,2,1,1,0,0,13,2,14050.0
2021-01-14,14050.0,14075.0,14109.0,14055.0,-0.04,14055.0,14120.0,14080.0,13900.0,14145.0,14070.0,14007.857142857143,14035.264285714287,14064.623333333333,14203.228333333333,93.80196972235015,111.115917347002,80.43147301003437,-0.0003557452863749422,3,1,1,0,0,14,2,14010.0
2021-01-15,14010.0,14040.0,14062.5,14012.5,-0.28,14050.0,14055.0,14120.0,13880.0,14150.0,14090.0,14026.42857142857,14025.264285714287,14061.956666666667,14192.061666666666,75.31679127261576,106.18623412964503,80.88600613514602,-0.002846975088967918,4,1,1,0,0,15,2,14060.0
2021-01-18,14060.0,14025.0,14105.0,14025.0,0.36,14010.0,14050.0,14055.0,13890.0,14140.0,14100.0,14050.714285714286,14019.550000000001,14060.623333333333,14182.061666666666,45.499869178081866,101.58999610024219,80.56632171938479,0.0035688793718773315,0,1,1,0,0,18,3,14050.0
2021-01-19,14050.0,14080.0,14099.5,14055.0,-0.07,14060.0,14010.0,14050.0,13980.0,14110.0,14090.0,14060.714285714286,14015.264285714287,14059.29,14171.728333333333,33.46995810010602,98.70535490978862,80.39419412037763,-0.0007112375533427917,1,1,1,0,0,19,3,14020.0
2021-01-20,14020.0,14065.0,14067.5,14030.0,-0.21,14050.0,14060.0,14010.0,14080.0,14040.0,14100.0,14052.142857142857,14013.835714285715,14056.623333333333,14160.894999999999,35.3384991729138,98.46425049899574,80.32404923213558,-0.002135231316725994,2,1,1,0,0,20,3,13980.0
2021-01-21,13980.0,14022.5,14035.0,13995.0,-0.29,14020.0,14050.0,14060.0,14120.0,14213.7,14085.0,14032.142857142857,13997.142857142857,14053.123333333333,14149.728333333333,29.70088983728845,80.06522066662991,81.32629758048712,-0.0028530670470755526,3,1,1,0,0,21,3,14020.0
2021-01-22,14020.0,13995.0,14063.5,13995.0,0.29,13980.0,14020.0,14050.0,14055.0,13885.0,14080.0,14027.142857142857,14006.785714285714,14051.123333333333,14139.894999999999,28.115408417092628,73.36964219321418,81.38029789234292,0.0028612303290413976,4,1,1,0,0,22,3,14010.0
2021-01-25,14010.0,14055.0,14083.0,14020.0,-0.07,14020.0,13980.0,14020.0,14050.0,13900.0,14080.0,14021.42857142857,14014.642857142857,14048.79,14129.394999999999,26.726124190934772,66.63518029316464,81.52718332359231,-0.0007132667617688604,0,1,1,0,0,25,4,14040.0
2021-01-26,14040.0,14045.0,14098.5,14045.0,0.21,14010.0,14020.0,13980.0,14010.0,13880.0,14090.0,14025.714285714286,14026.07142857143,14047.123333333333,14119.228333333333,26.992062324971016,54.35561578151271,81.16595040862934,0.0021413276231263545,1,1,1,0,0,26,4,14035.0
2021-01-27,14035.0,14050.0,14082.0,14042.5,-0.04,14040.0,14010.0,14020.0,14060.0,13890.0,14070.0,14022.142857142857,14036.42857142857,14045.956666666667,14109.311666666666,23.068221802437076,37.694550280283785,81.07727979427722,-0.00035612535612539187,2,1,1,0,0,27,4,14050.0
2021-01-28,14050.0,14065.0,14126.5,14055.0,0.11,14035.0,14040.0,14010.0,14050.0,13980.0,14070.0,14022.142857142857,14041.42857142857,14045.29,14099.811666666666,23.068221802437076,34.105524671820724,80.95489740455506,0.0010687566797291659,3,1,1,0,0,28,4,14020.0
2021-01-29,14020.0,14072.5,14085.0,14030.0,-0.21,14050.0,14035.0,14040.0,14020.0,14080.0,14090.0,14022.142857142857,14037.142857142857,14042.956666666667,14089.728333333333,23.068221802437076,32.62339213263066,80.62994088925647,-0.002135231316725994,4,1,1,0,0,29,4,14010.0
2021-02-01,14010.0,14035.0,14052.5,14015.0,-0.07,14020.0,14050.0,14035.0,13980.0,14120.0,14090.0,14026.42857142857,14029.285714285714,14040.29,14080.394999999999,15.468862733550763,22.942833877441426,80.34283587135161,-0.0007132667617688604,0,2,1,0,1,1,5,14020.0
2021-02-02,14020.0,14035.0,14049.0,14020.0,0.07,14010.0,14020.0,14050.0,14020.0,14055.0,14085.0,14026.42857142857,14026.785714285714,14038.123333333333,14071.728333333333,15.468862733550763,21.80394661217369,79.97112273347938,0.0007137758743753775,1,2,1,0,0,2,5,14000.0
2021-02-03,14000.0,14015.0,14020.0,13992.5,-0.14,14020.0,14010.0,14020.0,14010.0,14050.0,14080.0,14025.0,14023.214285714286,14035.456666666667,14065.561666666666,17.55942292095639,21.803946612179637,79.86031634313512,-0.0014265335235378318,2,2,1,0,0,3,5,14010.0
2021-02-04,14010.0,14007.5,14040.0,14002.5,0.07,14000.0,14020.0,14010.0,14040.0,14010.0,14100.0,14020.714285714286,14023.214285714286,14032.456666666667,14062.561666666666,16.938263248878126,21.803946612179637,79.0383219288096,0.0007142857142856673,3,2,1,0,0,4,5,14020.0
2021-02-05,14020.0,14020.0,14057.5,14020.0,0.07,14010.0,14000.0,14020.0,14035.0,14060.0,14145.0,14018.57142857143,14020.357142857143,14028.29,14062.061666666666,15.735915848863458,19.061064392606035,76.14255391849001,0.0007137758743753775,4,2,1,0,0,5,5,13995.0
2021-02-08,13995.0,14020.0,14023.5,13987.5,-0.18,14020.0,14010.0,14000.0,14050.0,14050.0,14150.0,14010.714285714286,14016.42857142857,14023.123333333333,14061.311666666666,10.177004891157429,18.126539342262845,72.78381632979243,-0.001783166904422262,0,2,1,0,0,8,6,13990.0
2021-02-09,13990.0,14007.5,14011.0,13988.5,-0.04,13995.0,14020.0,14010.0,14020.0,14020.0,14140.0,14006.42857142857,14014.285714285714,14018.123333333333,14059.978333333333,11.801936886324247,19.400351190866314,69.55871587379738,-0.00035727045373346034,1,2,1,0,0,9,6,13980.0
2021-02-10,13980.0,14000.0,14000.0,13972.0,-0.07,13990.0,13995.0,14020.0,14010.0,13980.0,14110.0,14002.142857142857,14014.285714285714,14013.79,14057.311666666666,15.236235004940491,19.400351190866314,67.66111474299332,-0.0007147962830593713,2,2,1,0,0,10,6,13970.0
2021-02-11,13970.0,13985.0,14002.0,13965.0,-0.07,13980.0,13990.0,13995.0,14020.0,14020.0,14040.0,13995.0,14010.714285714286,14011.456666666667,14054.311666666666,17.078251276092058,22.60506604601245,67.93253084579625,-0.0007153075822603494,3,2,1,0,0,11,6,13910.0
2021-02-15,13910.0,13972.5,13972.5,13896.5,-0.43,13970.0,13980.0,13990.0,14000.0,14010.0,14213.7,13982.142857142857,14003.57142857143,14001.333333333334,14051.144999999999,36.039000038732446,35.16054231976273,58.765068989339596,-0.0042949176807444145,0,2,1,0,0,15,7,13920.0
2021-02-16,13920.0,13895.0,13937.5,13866.0,0.07,13910.0,13970.0,13980.0,14010.0,14040.0,13885.0,13969.285714285714,13995.0,14002.5,14049.311666666666,40.25218124797549,39.903730305128065,56.68652457995672,0.0007189072609632419,1,2,1,0,0,16,7,14010.0
2021-02-17,14010.0,13955.0,14046.0,13955.0,0.65,13920.0,13910.0,13970.0,14020.0,14035.0,13900.0,13967.857142857143,13993.214285714286,14006.166666666666,14048.644999999999,38.2815385069345,38.5110944477202,53.28329189709338,0.006465517241379226,2,2,1,0,0,17,7,14010.0
2021-02-18,14010.0,14020.0,14061.0,14020.0,0.0,14010.0,13920.0,13910.0,13995.0,14050.0,13880.0,13970.0,13990.357142857143,14010.5,14046.478333333333,40.41451884304834,35.32618802526807,47.65808539415816,0.0,3,2,1,0,0,18,7,14060.0
2021-02-19,14060.0,14050.0,14100.5,14050.0,0.36,14010.0,14010.0,13920.0,13990.0,14020.0,13890.0,13980.0,13993.214285714286,14016.166666666666,14044.978333333333,52.915026221122446,39.30194469870016,42.683343543829686,0.0035688793718773315,4,2,1,0,0,19,7,14110.0
2021-02-22,14110.0,14070.0,14130.0,14070.0,0.36,14060.0,14010.0,14010.0,13980.0,14010.0,13980.0,13998.57142857143,14000.357142857143,14020.5,14044.644999999999,72.21001117759448,50.17140948415392,45.39766817635817,0.0035561877667140696,0,2,1,0,0,22,8,14090.0
2021-02-23,14090.0,14110.0,14130.0,14092.5,-0.14,14110.0,14060.0,14010.0,13970.0,14020.0,14080.0,14015.714285714286,14005.357142857143,14020.833333333334,14043.811666666666,78.28519290743631,55.48611349846697,45.88372360590056,-0.0014174344436569397,1,2,1,0,0,23,8,14080.0
2021-02-24,14080.0,14072.5,14092.5,14065.0,-0.07,14090.0,14110.0,14060.0,13910.0,14000.0,14120.0,14040.0,14011.07142857143,14019.5,14042.978333333333,65.3197264740939,58.90600633528925,43.41757946828911,-0.0007097232079489313,2,2,1,0,0,24,8,14080.0
2021-02-25,14080.0,14085.0,14110.0,14079.5,0.0,14080.0,14090.0,14110.0,13920.0,14010.0,14055.0,14062.857142857143,14016.07142857143,14020.333333333334,14042.811666666666,39.03600291774212,61.71206624991838,44.35229911481767,0.0,3,2,1,0,0,25,8,14240.0
2021-02-26,14240.0,14105.0,14275.0,14105.0,1.14,14080.0,14080.0,14090.0,14010.0,14020.0,14050.0,14095.714285714286,14031.785714285714,14026.666666666666,14045.644999999999,70.91242083413064,86.0144697765618,59.65899263554057,0.011363636363636465,4,2,1,0,0,26,8,14250.0
2021-03-01,14250.0,14250.0,14307.5,14240.0,0.07,14240.0,14080.0,14080.0,14010.0,13995.0,14010.0,14130.0,14050.0,14034.666666666666,14048.311666666666,79.9999999999151,102.95630140964033,72.134134314636,0.000702247191011196,0,3,1,0,1,1,9,14300.0
2021-03-02,14300.0,14275.0,14330.0,14265.0,0.35,14250.0,14240.0,14080.0,14060.0,13990.0,14060.0,14164.285714285714,14072.142857142857,14042.666666666666,14051.644999999999,95.01879513316767,120.8418274137657,86.84839479316537,0.0035087719298245723,1,3,1,0,0,2,9,14240.0
2021-03-03,14240.0,14325.0,14330.5,14240.0,-0.42,14300.0,14250.0,14240.0,14110.0,13980.0,14050.0,14182.857142857143,14090.714285714286,14049.0,14054.144999999999,95.34398874844833,125.48149025077015,94.03227619017747,-0.004195804195804231,2,3,1,0,0,3,9,14260.0
2021-03-04,14260.0,14265.0,14305.0,14250.0,0.14,14240.0,14300.0,14250.0,14090.0,13970.0,14020.0,14207.142857142857,14111.42857142857,14057.0,14056.811666666666,89.20281866136116,127.9337053593821,101.40053730383183,0.001404494382022392,3,3,1,0,0,4,9,14290.0
2021-03-05,14290.0,14315.0,14360.0,14280.0,0.21,14260.0,14240.0,14300.0,14080.0,13910.0,13980.0,14237.142857142857,14138.57142857143,14067.333333333334,14060.228333333333,73.19250547106999,122.0880604540869,108.80806680704951,0.0021037868162692153,4,3,1,0,0,5,9,14350.0
2021-03-08,14350.0,14350.0,14382.5,14335.0,0.42,14290.0,14260.0,14240.0,14080.0,13920.0,14020.0,14275.714285714286,14169.285714285714,14078.333333333334,14064.728333333333,40.355562547960965,116.84732219114287,119.96647041143181,0.0041987403778867005,0,3,1,0,0,8,10,14390.0
2021-03-09,14390.0,14415.0,14475.0,14395.0,0.28,14350.0,14290.0,14260.0,14240.0,14010.0,14010.0,14297.142857142857,14196.42857142857,14091.0,14069.894999999999,55.29143565810665,121.0598798340581,131.96394491909163,0.0027874564459930973,1,3,1,0,0,9,10,14395.0
2021-03-10,14395.0,14390.0,14425.0,14390.0,0.03,14390.0,14350.0,14290.0,14250.0,14010.0,14040.0,14317.857142857143,14223.92857142857,14102.833333333334,14074.978333333333,61.49912891363016,119.1666346471482,142.71193153442744,0.00034746351633074823,2,3,1,0,0,10,10,14380.0
2021-03-12,14380.0,14355.0,14396.0,14325.0,-0.1,14395.0,14390.0,14350.0,14300.0,14060.0,14035.0,14329.285714285714,14246.785714285714,14114.333333333334,14080.144999999999,64.96335963626714,115.95103646402342,150.73231201386653,-0.0010420284821118786,4,3,1,0,0,12,10,14395.0
2021-03-15,14395.0,14400.0,14422.5,14390.0,0.1,14380.0,14395.0,14390.0,14240.0,14110.0,14050.0,14351.42857142857,14267.142857142857,14125.833333333334,14085.561666666666,55.129717161250674,115.10387091161627,158.60971038960102,0.0010431154381085328,0,3,1,0,0,15,11,14400.0
2021-03-16,14400.0,14402.5,14422.5,14395.0,0.03,14395.0,14380.0,14395.0,14260.0,14090.0,14020.0,14371.42857142857,14289.285714285714,14138.5,14090.728333333333,39.65626114012317,108.00386643435722,164.91455467852293,0.0003473428273705892,1,3,1,0,0,16,11,14425.0
2021-03-17,14425.0,14430.0,14465.0,14415.0,0.17,14400.0,14395.0,14380.0,14290.0,14080.0,14010.0,14390.714285714286,14313.92857142857,14152.333333333334,14096.311666666666,22.6253124155255,95.1755174444176,171.05521055337397,0.0017361111111111605,2,3,1,0,0,17,11,14390.0
2021-03-18,14390.0,14385.0,14415.0,14375.0,-0.24,14425.0,14400.0,14395.0,14350.0,14080.0,14020.0,14396.42857142857,14336.07142857143,14164.666666666666,14101.394999999999,14.057704208534577,69.03673970070828,174.48907353068532,-0.002426343154246058,3,3,1,0,0,18,11,14400.0
2021-03-19,14400.0,14410.0,14475.0,14400.0,0.07,14390.0,14425.0,14400.0,14390.0,14240.0,14000.0,14397.857142857143,14347.5,14178.0,14106.728333333333,13.801311186689878,65.03697173330546,176.74060478367136,0.0006949270326614965,4,3,1,0,0,19,11,14400.0
2021-03-22,14400.0,14415.0,14452.5,14397.0,0.0,14400.0,14390.0,14425.0,14395.0,14250.0,14010.0,14398.57142857143,14358.214285714286,14191.0,14111.728333333333,13.758114488599261,59.89115585277051,178.29363614454277,0.0,0,3,1,0,0,22,12,14390.0
2021-03-23,14390.0,14400.0,14425.0,14390.0,-0.07,14400.0,14400.0,14390.0,14380.0,14300.0,14020.0,14400.0,14364.642857142857,14203.333333333334,14115.811666666666,11.902380714059447,57.961004321076636,178.85330790095483,-0.000694444444444442,1,3,1,0,0,23,12,14420.0
2021-03-24,14420.0,14422.5,14460.0,14410.0,0.21,14390.0,14400.0,14400.0,14395.0,14240.0,13995.0,14403.57142857143,14377.5,14217.5,14120.311666666666,13.758114488606749,47.13931888078495,178.6141574494208,0.0020847810979847115,2,3,1,0,0,24,12,14420.0
2021-03-25,14420.0,14435.0,14465.0,14425.0,0.0,14420.0,14390.0,14400.0,14400.0,14260.0,13990.0,14406.42857142857,14388.92857142857,14231.833333333334,14124.978333333333,14.920423841669528,34.0349690877963,176.9740061437321,0.0,3,3,1,0,0,25,12,14410.0
2021-03-26,14410.0,14445.0,14458.0,14417.5,-0.07,14420.0,14420.0,14390.0,14425.0,14290.0,13980.0,14404.285714285714,14397.5,14246.166666666666,14129.978333333333,12.724180205447032,18.988863130910016,173.24829368381873,-0.0006934812760055475,4,3,1,0,0,26,12,14440.0
2021-03-29,14440.0,14420.0,14455.0,14420.0,0.21,14410.0,14420.0,14420.0,14390.0,14350.0,13970.0,14411.42857142857,14403.92857142857,14261.833333333334,14136.644999999999,16.761634196837687,16.776651748280813,168.60218089421497,0.002081887578070818,0,3,1,0,0,29,13,14470.0
2021-03-30,14470.0,14450.0,14502.5,14450.0,0.21,14440.0,14410.0,14420.0,14400.0,14390.0,13910.0,14421.42857142857,14409.642857142857,14280.5,14140.916666666666,26.72612419117905,23.815338116368643,159.0345332266148,0.0020775623268698418,1,3,1,0,0,30,13,14520.0
2021-03-31,14520.0,14480.0,14582.0,14480.0,0.35,14470.0,14440.0,14410.0,14400.0,14395.0,13920.0,14438.57142857143,14418.57142857143,14300.5,14151.5,43.752550946007894,37.438594412375274,149.5818885403466,0.003455425017277136,2,3,1,1,0,31,13,14520.0
2021-04-01,14520.0,14530.0,14594.5,14525.0,0.0,14520.0,14470.0,14440.0,14390.0,14380.0,14010.0,14457.142857142857,14428.57142857143,14317.5,14161.833333333334,47.157284949492144,44.394584363460226,144.3161639332197,0.0,3,4,2,0,1,1,13,14510.0
2021-04-05,14510.0,14520.0,14535.0,14510.0,-0.07,14520.0,14520.0,14470.0,14420.0,14395.0,14010.0,14470.0,14436.785714285714,14334.166666666666,14172.333333333334,47.609522856937865,48.18263104055865,136.22422776390044,-0.0006887052341597588,0,4,2,0,0,5,14,14500.0
2021-04-06,14500.0,14490.0,14525.0,14490.0,-0.07,14510.0,14520.0,14520.0,14420.0,14400.0,14060.0,14481.42857142857,14443.92857142857,14348.833333333334,14182.5,42.983939414834445,49.69826538564231,129.19300806668738,-0.000689179875947632,1,4,2,0,0,6,14,14490.0
2021-04-07,14490.0,14470.0,14517.5,14470.0,-0.07,14500.0,14510.0,14520.0,14410.0,14425.0,14110.0,14492.857142857143,14448.57142857143,14361.5,14191.0,29.277002188449615,50.81749287736848,123.47099338258458,-0.0006896551724138167,2,4,2,0,0,7,14,14530.0
2021-04-08,14530.0,14510.0,14578.5,14510.0,0.28,14490.0,14500.0,14510.0,14440.0,14390.0,14090.0,14505.714285714286,14458.57142857143,14376.166666666666,14198.5,20.70196678027569,52.162046746674164,116.0163732003385,0.002760524499654915,3,4,2,0,0,8,14,14560.0
2021-04-09,14560.0,14550.0,14587.5,14540.0,0.21,14530.0,14490.0,14500.0,14470.0,14400.0,14080.0,14518.57142857143,14470.0,14392.166666666666,14205.833333333334,22.677868380571017,55.74667979005205,106.46906085584445,0.002064693737095613,4,4,2,0,0,9,14,14590.0
2021-04-12,14590.0,14575.0,14630.0,14575.0,0.21,14560.0,14530.0,14490.0,14520.0,14400.0,14080.0,14528.57142857143,14483.57142857143,14409.166666666666,14214.75,35.32165125840368,60.33332321388607,95.00529325838359,0.002060439560439553,0,4,2,0,0,12,15,14600.0
2021-04-13,14600.0,14610.0,14627.5,14595.0,0.07,14590.0,14560.0,14530.0,14520.0,14390.0,14240.0,14540.0,14498.57142857143,14421.166666666666,14223.916666666666,43.969686527596146,61.3761595976263,95.63475177523752,0.0006854009595613775,1,4,2,0,0,13,15,14600.0
2021-04-14,14600.0,14622.5,14622.5,14592.5,0.0,14600.0,14590.0,14560.0,14510.0,14420.0,14250.0,14552.857142857143,14511.42857142857,14432.833333333334,14233.75,46.80252333452203,62.493955751048006,95.3820207640946,0.0,2,4,2,0,0,14,15,14600.0
2021-04-15,14600.0,14610.0,14634.0,14600.0,0.0,14600.0,14600.0,14590.0,14500.0,14420.0,14300.0,14567.142857142857,14524.285714285714,14442.833333333334,14242.75,43.0945803686002,60.72818199016527,96.6925748078573,0.0,3,4,2,0,0,15,15,14560.0
2021-04-16,14560.0,14620.0,14630.0,14550.0,-0.27,14600.0,14600.0,14600.0,14490.0,14410.0,14240.0,14577.142857142857,14535.0,14453.5,14251.25,27.51622897757204,51.55281086041868,91.03002536100838,-0.002739726027397249,4,4,2,0,0,16,15,14545.0
2021-04-19,14545.0,14537.5,14570.0,14525.0,-0.1,14560.0,14600.0,14600.0,14530.0,14440.0,14260.0,14579.285714285714,14542.5,14463.0,14260.0,23.52809870293046,43.71014668236869,84.7979342623201,-0.0010302197802197766,0,4,2,0,0,19,16,14495.0
2021-04-20,14495.0,14515.0,14535.0,14482.5,-0.34,14545.0,14560.0,14600.0,14560.0,14470.0,14290.0,14570.0,14544.285714285714,14469.833333333334,14268.583333333334,39.6862696660068,40.943541936314716,78.39426585869981,-0.0034376074252320254,1,4,2,0,0,20,16,14525.0
2021-04-21,14525.0,14525.0,14551.0,14510.0,0.21,14495.0,14545.0,14560.0,14590.0,14520.0,14350.0,14560.714285714286,14544.642857142857,14475.666666666666,14277.0,41.776046907776255,40.736691346931124,75.63220137640907,0.002069679199724117,2,4,2,0,0,21,16,14515.0
2021-04-22,14515.0,14515.0,14539.0,14510.0,-0.07,14525.0,14495.0,14545.0,14600.0,14520.0,14390.0,14548.57142857143,14544.285714285714,14479.833333333334,14285.416666666666,40.79565803229361,40.99048401930526,74.17922533464845,-0.000688468158347666,3,4,2,0,0,22,16,14520.0
2021-04-23,14520.0,14525.0,14560.0,14520.0,0.03,14515.0,14525.0,14495.0,14600.0,14510.0,14395.0,14537.142857142857,14545.0,14484.0,14293.416666666666,34.7439614486392,40.43037700210663,72.74660793123888,0.0003444712366518221,4,4,2,0,0,23,16,14480.0
2021-04-26,14480.0,14515.0,14515.0,14475.0,-0.28,14520.0,14515.0,14525.0,14600.0,14500.0,14380.0,14520.0,14543.57142857143,14487.333333333334,14300.833333333334,27.386127875276873,42.44582843537796,70.05826803114925,-0.0027548209366391463,0,4,2,0,0,26,17,14480.0
2021-04-27,14480.0,14490.0,14508.5,14477.0,0.0,14480.0,14520.0,14515.0,14560.0,14490.0,14395.0,14508.57142857143,14542.857142857143,14490.166666666666,14308.0,24.446248129715503,43.48803043512121,67.88026138018006,0.0,1,4,2,0,0,27,17,14495.0
2021-04-28,14495.0,14490.0,14525.0,14487.5,0.1,14480.0,14480.0,14520.0,14545.0,14530.0,14400.0,14501.42857142857,14540.357142857143,14493.333333333334,14315.916666666666,18.64454471472369,45.2541662209898,65.71009124889481,0.001035911602209838,2,4,2,0,0,28,17,14445.0
2021-04-29,14445.0,14430.0,14475.0,14425.0,-0.34,14495.0,14480.0,14480.0,14495.0,14560.0,14425.0,14494.285714285714,14532.142857142857,14494.0,14323.166666666666,28.49394254757951,51.43009765665368,65.09144760802442,-0.0034494653328733804,3,4,2,0,0,29,17,14440.0
2021-04-30,14440.0,14430.0,14507.5,14424.5,-0.03,14445.0,14495.0,14480.0,14525.0,14590.0,14390.0,14482.142857142857,14521.42857142857,14495.666666666666,14330.166666666666,31.205921294027224,54.009563661926755,62.94131548820958,-0.0003461405330563716,4,4,2,1,0,30,17,14445.0
2021-05-03,14445.0,14450.0,14480.0,14447.5,0.03,14440.0,14445.0,14495.0,14515.0,14600.0,14400.0,14472.142857142857,14510.357142857143,14497.166666666666,14337.583333333334,30.118812346138977,52.530734069662245,61.09183778265451,0.0003462603878117143,0,5,2,0,0,3,18,14425.0
2021-05-04,14425.0,14460.0,14465.0,14412.5,-0.14,14445.0,14440.0,14445.0,14520.0,14600.0,14400.0,14458.57142857143,14497.857142857143,14498.0,14344.5,26.09506430248625,50.33404894737675,59.879188716642716,-0.0013845621322257085,1,5,2,0,0,4,18,14430.0
2021-05-05,14430.0,14440.0,14450.0,14426.0,0.03,14425.0,14445.0,14440.0,14480.0,14600.0,14390.0,14451.42857142857,14485.714285714286,14499.333333333334,14351.333333333334,26.095064302480754,43.89047306984667,57.8006880600384,0.00034662045060662727,2,5,2,0,0,5,18,14315.0
2021-05-06,14315.0,14415.0,14425.0,14313.0,-0.8,14430.0,14425.0,14445.0,14480.0,14560.0,14420.0,14427.857142857143,14468.214285714286,14495.833333333334,14356.666666666666,54.76138716108982,58.428363200556966,65.44388664218073,-0.007969507969508016,3,5,2,0,0,6,18,14280.0
2021-05-07,14280.0,14272.5,14312.5,14247.0,-0.24,14315.0,14430.0,14425.0,14495.0,14545.0,14420.0,14397.142857142857,14449.285714285714,14491.166666666666,14361.5,69.2132660006169,72.79732515260748,75.28890715247485,-0.0024449877750610804,4,5,2,0,0,7,18,14195.0
2021-05-10,14195.0,14145.0,14212.5,14140.0,-0.6,14280.0,14315.0,14430.0,14445.0,14495.0,14410.0,14361.42857142857,14427.857142857143,14484.0,14365.083333333334,98.64558976937022,98.07207486362891,91.7210914712306,-0.005952380952380931,0,5,2,0,0,10,19,14195.0
2021-05-11,14195.0,14200.0,14215.0,14187.0,0.0,14195.0,14280.0,14315.0,14440.0,14525.0,14440.0,14326.42857142857,14404.285714285714,14475.833333333334,14368.833333333334,109.03800123937907,111.64602619333189,105.62689160374528,0.0,1,5,2,0,0,11,19,14280.0
2021-05-17,14280.0,14250.0,14300.0,14215.0,0.6,14195.0,14195.0,14280.0,14445.0,14515.0,14470.0,14302.857142857143,14387.5,14469.5,14375.0,96.21404708843201,111.38550520224308,111.52044810173585,0.0059880239520957446,0,5,2,0,0,17,20,14270.0
2021-05-18,14270.0,14300.0,14316.0,14270.0,-0.07,14280.0,14195.0,14195.0,14425.0,14520.0,14520.0,14280.714285714286,14369.642857142857,14461.166666666666,14380.833333333334,79.86595913505725,108.51203913525931,116.83087786614027,-0.0007002801120448154,1,5,2,0,0,18,20,14275.0
2021-05-19,14275.0,14295.0,14324.0,14280.0,0.04,14270.0,14280.0,14195.0,14430.0,14480.0,14520.0,14258.57142857143,14355.0,14453.0,14385.25,45.7997712615384,106.28336580144732,121.06282210710398,0.0003503854239663706,2,5,2,0,0,19,20,14370.0
2021-05-20,14370.0,14310.0,14405.0,14310.0,0.67,14275.0,14270.0,14280.0,14315.0,14480.0,14510.0,14266.42857142857,14347.142857142857,14448.333333333334,14391.25,59.701639125540375,100.22502155143634,121.48742898869614,0.006654991243432606,3,5,2,0,0,20,20,14350.0
2021-05-21,14350.0,14340.0,14392.5,14340.0,-0.14,14370.0,14275.0,14270.0,14280.0,14495.0,14500.0,14276.42857142857,14336.785714285714,14443.333333333334,14396.083333333334,67.68273325556058,90.82119252091233,122.37120839340787,-0.0013917884481559062,4,5,2,0,0,21,20,14350.0
2021-05-24,14350.0,14350.0,14367.5,14340.0,0.0,14350.0,14370.0,14275.0,14195.0,14445.0,14490.0,14298.57142857143,14330.0,14438.666666666666,14400.083333333334,61.692401322564365,85.50753453041739,123.19688009179681,0.0,0,5,2,0,0,24,21,14325.0
2021-05-25,14325.0,14325.0,14345.0,14315.0,-0.17,14350.0,14350.0,14370.0,14195.0,14440.0,14530.0,14317.142857142857,14321.785714285714,14431.833333333334,14404.0,41.619020376934195,79.43568135579932,123.64077090454373,-0.0017421602787456303,1,5,2,0,0,25,21,14285.0
2021-05-27,14285.0,14320.0,14336.5,14278.5,-0.28,14325.0,14350.0,14350.0,14280.0,14445.0,14560.0,14317.857142857143,14310.357142857143,14422.666666666666,14407.416666666666,40.91221729266659,71.45370436908982,124.00454200055135,-0.002792321116928398,3,5,2,0,0,27,21,14280.0
2021-05-28,14280.0,14305.0,14322.5,14285.0,-0.04,14285.0,14325.0,14350.0,14270.0,14425.0,14590.0,14319.285714285714,14300.0,14412.333333333334,14410.75,39.09694909534927,63.639610306271955,122.48668705509233,-0.0003500175008750439,4,5,2,0,0,28,21,14275.0
2021-05-31,14275.0,14295.0,14312.0,14280.0,-0.04,14280.0,14285.0,14325.0,14275.0,14430.0,14600.0,14319.285714285714,14288.92857142857,14401.5,14411.333333333334,39.09694909534927,51.63401425907496,119.6557562342284,-0.0003501400560224077,0,5,2,1,0,31,22,14275.0
2021-06-02,14275.0,14265.0,14292.5,14247.5,0.0,14275.0,14280.0,14285.0,14370.0,14315.0,14600.0,14305.714285714286,14286.07142857143,14390.666666666666,14411.75,34.8124225226719,51.18513048095809,115.71169086260915,0.0,2,6,2,0,0,2,22,14280.0
2021-06-03,14280.0,14275.0,14312.5,14265.0,0.04,14275.0,14275.0,14280.0,14350.0,14280.0,14600.0,14295.714285714286,14286.07142857143,14380.0,14411.416666666666,29.64070560164253,51.18513048095809,110.37553452044932,0.00035026269702287394,3,6,2,0,0,3,22,14290.0
2021-06-04,14290.0,14295.0,14325.0,14295.0,0.07,14280.0,14275.0,14275.0,14350.0,14195.0,14560.0,14287.142857142857,14292.857142857143,14371.0,14412.25,17.52549163744868,43.971769164443984,106.11802147959567,0.0007002801120448154,4,6,2,0,0,4,22,14260.0
2021-06-07,14260.0,14275.0,14288.0,14247.5,-0.21,14290.0,14280.0,14275.0,14325.0,14195.0,14545.0,14277.857142857143,14297.5,14361.5,14412.25,9.511897311641977,35.450398716588815,102.70605864672248,-0.0020993701889433503,0,6,2,0,0,7,23,14250.0
2021-06-08,14250.0,14265.0,14272.5,14250.0,-0.07,14260.0,14290.0,14280.0,14285.0,14280.0,14495.0,14272.857142857143,14295.357142857143,14353.333333333334,14411.583333333334,13.496031162296598,37.440428873347834,101.45776540464989,-0.0007012622720897754,1,6,2,0,0,8,23,14250.0
2021-06-09,14250.0,14265.0,14274.0,14245.0,0.0,14250.0,14260.0,14290.0,14280.0,14270.0,14525.0,14268.57142857143,14293.92857142857,14344.166666666666,14409.916666666666,15.468862733774642,38.837856799953954,97.76893355152022,0.0,2,6,2,0,0,9,23,14245.0
2021-06-10,14245.0,14260.0,14265.0,14222.5,-0.04,14250.0,14250.0,14260.0,14275.0,14275.0,14515.0,14264.285714285714,14291.785714285714,14335.166666666666,14407.5,17.423301310655948,40.74343471606485,93.84950657858046,-0.000350877192982435,3,6,2,0,0,10,23,14188.0
2021-06-11,14188.0,14222.5,14242.5,14183.0,-0.4,14245.0,14250.0,14250.0,14275.0,14370.0,14520.0,14251.857142857143,14278.785714285714,14324.1,14404.05,32.77411870871324,42.848891146250025,90.82850456417809,-0.00400140400140403,4,6,2,0,0,11,23,14200.0
2021-06-14,14200.0,14200.0,14232.5,14197.5,0.08,14188.0,14245.0,14250.0,14280.0,14350.0,14480.0,14240.42857142857,14268.07142857143,14314.766666666666,14401.05,35.184547473882375,42.42362238423598,88.61527981154039,0.0008457851705667707,0,6,2,0,0,14,24,14220.0
2021-06-15,14220.0,14210.0,14247.5,14210.0,0.14,14200.0,14188.0,14245.0,14290.0,14350.0,14480.0,14230.42857142857,14258.785714285714,14306.1,14398.133333333333,27.951488587816026,36.991014649133156,84.51743341885039,0.0014084507042253502,1,6,2,0,0,15,24,14235.0
2021-06-16,14235.0,14235.0,14267.5,14235.0,0.11,14220.0,14200.0,14188.0,14260.0,14325.0,14495.0,14226.857142857143,14252.357142857143,14297.433333333332,14395.383333333333,24.982851261051263,32.095068258708004,77.52004560918473,0.001054852320675037,2,6,2,0,0,16,24,14350.0
2021-06-17,14350.0,14300.0,14385.0,14295.0,0.81,14235.0,14220.0,14200.0,14250.0,14285.0,14445.0,14241.142857142857,14257.0,14294.266666666666,14394.133333333333,53.14266513012339,40.72232424905351,73.09839062954403,0.008078679311555925,3,6,2,0,0,17,24,14370.0
2021-06-18,14370.0,14375.0,14402.5,14370.0,0.14,14350.0,14235.0,14220.0,14250.0,14280.0,14440.0,14258.285714285714,14263.42857142857,14291.933333333332,14393.8,72.35724862487305,50.55037743951598,69.30489027534567,0.0013937282229965486,4,6,2,0,0,18,24,14425.0
2021-06-21,14425.0,14390.0,14460.0,14390.0,0.38,14370.0,14350.0,14235.0,14245.0,14275.0,14445.0,14284.0,14274.142857142857,14291.266666666666,14394.216666666667,95.22079604787638,66.55461278869069,67.86291117119451,0.0038274182324287143,0,6,2,0,0,21,25,14400.0
2021-06-22,14400.0,14420.0,14437.5,14397.5,-0.17,14425.0,14370.0,14350.0,14188.0,14275.0,14425.0,14314.285714285714,14283.07142857143,14290.433333333332,14394.216666666667,93.29293343315885,74.57929624571973,66.29957264808793,-0.0017331022530329143,1,6,2,0,0,22,25,14430.0
2021-06-23,14430.0,14440.0,14467.5,14415.0,0.21,14400.0,14425.0,14370.0,14200.0,14280.0,14430.0,14347.142857142857,14293.785714285714,14290.433333333332,14394.883333333333,86.59566688814778,84.25161817300464,66.29957264808793,0.002083333333333437,2,6,2,0,0,23,25,14435.0
2021-06-24,14435.0,14440.0,14466.0,14432.5,0.03,14430.0,14400.0,14425.0,14220.0,14290.0,14315.0,14377.857142857143,14304.142857142857,14294.433333333332,14395.133333333333,70.64330251673393,92.28038973478691,71.26670806306865,0.0003465003465004113,3,6,2,0,0,24,25,14420.0
2021-06-25,14420.0,14420.0,14450.0,14415.0,-0.1,14435.0,14430.0,14400.0,14235.0,14260.0,14280.0,14404.285714285714,14315.57142857143,14299.1,14395.133333333333,32.71449365699523,96.21667397900079,74.78583214513887,-0.0010391409767924742,4,6,2,0,0,25,25,14440.0
2021-06-28,14440.0,14415.0,14475.0,14415.0,0.14,14420.0,14435.0,14430.0,14350.0,14250.0,14195.0,14417.142857142857,14329.142857142857,14307.266666666666,14395.633333333333,24.47058486847956,99.59676944283089,76.38601304225409,0.001386962552011095,0,6,2,0,0,28,26,14480.0
2021-06-29,14480.0,14455.0,14494.0,14455.0,0.28,14440.0,14420.0,14435.0,14370.0,14250.0,14195.0,14432.857142857143,14345.57142857143,14316.766666666666,14396.3,24.47058486849119,104.39180212822757,79.59712494076767,0.0027700831024930483,1,6,2,0,0,29,26,14495.0
2021-06-30,14495.0,14500.0,14560.0,14497.5,0.1,14480.0,14440.0,14420.0,14425.0,14245.0,14280.0,14442.857142857143,14363.42857142857,14323.933333333332,14396.716666666667,33.39874534279802,107.2091516510206,85.62344721295224,0.001035911602209838,2,6,2,1,0,30,26,14500.0
2021-07-01,14500.0,14510.0,14555.0,14500.0,0.03,14495.0,14480.0,14440.0,14400.0,14188.0,14270.0,14457.142857142857,14385.714285714286,14331.6,14396.383333333333,33.39874534280577,100.13178129995173,90.77011508800085,0.00034494653328742686,3,7,3,0,1,1,26,14530.0
2021-07-02,14530.0,14515.0,14572.5,14515.0,0.21,14500.0,14495.0,14480.0,14430.0,14200.0,14275.0,14471.42857142857,14409.285714285714,14340.1,14396.55,40.48809348788368,91.52253070309874,97.01203266989113,0.00206896551724145,4,7,3,0,0,2,26,14476.0
2021-07-05,14476.0,14487.5,14510.0,14470.0,-0.37,14530.0,14500.0,14495.0,14435.0,14220.0,14370.0,14477.285714285714,14427.57142857143,14343.633333333333,14395.983333333334,37.16949594182755,74.85032684294781,100.02223316054359,-0.003716448726772237,0,7,3,0,0,5,27,14465.0
2021-07-06,14465.0,14475.0,14485.0,14456.0,-0.08,14476.0,14530.0,14500.0,14420.0,14235.0,14350.0,14483.714285714286,14444.0,14347.466666666667,14395.4,28.488092750652125,50.66632928287206,102.44888829376826,-0.0007598784194529085,1,7,3,0,0,6,27,14480.0
2021-07-07,14480.0,14485.0,14512.5,14472.5,0.1,14465.0,14476.0,14530.0,14440.0,14350.0,14350.0,14489.42857142857,14453.285714285714,14351.8,14395.233333333334,21.384239857527188,43.52263526192579,105.27022698579343,0.0010369858278602706,2,7,3,0,0,7,27,14520.0
2021-07-08,14520.0,14495.0,14557.5,14492.5,0.28,14480.0,14465.0,14476.0,14480.0,14370.0,14325.0,14495.142857142857,14464.0,14358.3,14395.066666666668,23.667337347948564,39.74147223375989,109.4938669357192,0.0027624309392264568,3,7,3,0,0,8,27,14525.0
2021-07-09,14525.0,14535.0,14559.5,14525.0,0.03,14520.0,14480.0,14465.0,14495.0,14425.0,14285.0,14499.42857142857,14471.142857142857,14366.3,14394.483333333334,26.216134617532912,41.1542261449772,112.67504389715845,0.0003443526170798794,4,7,3,0,0,9,27,14490.0
2021-07-12,14490.0,14485.0,14502.5,14471.5,-0.24,14525.0,14520.0,14480.0,14500.0,14400.0,14280.0,14498.0,14477.57142857143,14373.3,14392.816666666668,26.451212952632446,35.877385817642306,113.6477164234329,-0.002409638554216831,0,7,3,0,0,12,28,14462.0
2021-07-13,14462.0,14505.0,14515.0,14459.0,-0.19,14490.0,14525.0,14520.0,14530.0,14430.0,14275.0,14488.285714285714,14479.857142857143,14379.533333333333,14390.516666666666,25.19731656155618,33.55788831337367,113.19764020116125,-0.0019323671497584183,1,7,3,0,0,13,28,14475.0
2021-07-14,14475.0,14485.0,14502.5,14477.5,0.09,14462.0,14490.0,14525.0,14476.0,14435.0,14275.0,14488.142857142857,14482.714285714286,14386.2,14388.433333333332,25.28127483220267,31.0543656559656,112.71734560388245,0.0008989074816760922,2,7,3,0,0,14,28,14480.0
2021-07-15,14480.0,14480.0,14512.5,14472.5,0.03,14475.0,14462.0,14490.0,14465.0,14420.0,14280.0,14490.285714285714,14487.0,14392.866666666667,14386.433333333332,23.570562754631275,25.349859655151285,112.13253652313179,0.0003454231433506205,3,7,3,0,0,15,28,14495.0
2021-07-16,14495.0,14515.0,14542.5,14490.0,0.1,14480.0,14475.0,14462.0,14480.0,14440.0,14290.0,14492.42857142857,14490.92857142857,14399.7,14385.35,23.15784347223147,21.470782599027757,111.89377659800532,0.001035911602209838,4,7,3,0,0,16,28,14515.0
2021-07-19,14515.0,14512.5,14537.5,14505.0,0.14,14495.0,14480.0,14475.0,14520.0,14480.0,14260.0,14491.714285714286,14493.42857142857,14408.2,14384.85,22.22396818534886,22.127999267181558,110.59350857042197,0.0013797861331492633,0,7,3,0,0,19,29,14540.0
2021-07-21,14540.0,14530.0,14560.0,14530.0,0.17,14515.0,14495.0,14480.0,14525.0,14495.0,14250.0,14493.857142857143,14496.642857142857,14417.866666666667,14385.6,26.314942342230374,25.4002033375749,108.95071120120919,0.0017223561832586665,2,7,3,0,0,21,29,14480.0
2021-07-22,14480.0,14500.0,14518.0,14482.5,-0.41,14540.0,14515.0,14495.0,14490.0,14500.0,14250.0,14492.42857142857,14495.214285714286,14425.533333333333,14384.85,26.82571616225213,25.75678721875075,104.74195988668738,-0.004126547455295726,3,7,3,0,0,22,29,14490.0
2021-07-23,14490.0,14500.0,14512.5,14488.5,0.07,14480.0,14540.0,14515.0,14462.0,14530.0,14245.0,14496.42857142857,14492.357142857143,14433.7,14384.433333333332,23.4012616672234,23.740932333250207,99.60582658479396,0.0006906077348065587,4,7,3,0,0,23,29,14480.0
2021-07-26,14480.0,14510.0,14522.5,14470.0,-0.07,14490.0,14480.0,14540.0,14475.0,14476.0,14188.0,14497.142857142857,14492.642857142857,14443.433333333332,14383.766666666666,22.70410074138656,23.552256603749665,88.40568063083357,-0.0006901311249137843,0,7,3,0,0,26,30,14490.0
2021-07-27,14490.0,14473.5,14497.5,14465.0,0.07,14480.0,14490.0,14480.0,14480.0,14465.0,14200.0,14498.57142857143,14494.42857142857,14453.1,14383.933333333332,21.739803302190577,22.204345677207765,75.83027782137948,0.0006906077348065587,1,7,3,0,0,27,30,14485.0
2021-07-28,14485.0,14500.0,14512.5,14485.0,-0.03,14490.0,14480.0,14490.0,14495.0,14480.0,14220.0,14497.142857142857,14494.785714285714,14461.933333333332,14384.016666666666,22.334044054052487,21.993630444738468,61.89475680156645,-0.0003450655624568366,2,7,3,0,0,28,30,14480.0
2021-07-29,14480.0,14490.0,14502.5,14482.5,-0.03,14485.0,14490.0,14480.0,14515.0,14520.0,14235.0,14492.142857142857,14491.92857142857,14470.1,14383.766666666666,21.574897229762946,21.04377958592,44.69231979054875,-0.00034518467380051376,3,7,3,0,0,29,30,14460.0
2021-07-30,14460.0,14435.0,14477.5,14434.5,-0.14,14480.0,14485.0,14490.0,14540.0,14525.0,14350.0,14480.714285714286,14487.285714285714,14473.766666666666,14384.016666666666,10.177004891894153,20.344829511020656,38.59576833434129,-0.0013812154696132284,4,7,3,0,0,30,30,14420.0
2021-08-02,14420.0,14465.0,14472.5,14422.5,-0.28,14460.0,14480.0,14485.0,14480.0,14490.0,14370.0,14472.142857142857,14482.285714285714,14475.433333333332,14383.683333333332,25.142451295383538,27.105005416012,34.85900995004657,-0.0027662517289073207,0,8,3,0,0,2,31,14340.0
2021-08-03,14340.0,14375.0,14388.0,14338.5,-0.55,14420.0,14460.0,14480.0,14490.0,14462.0,14425.0,14450.714285714286,14473.57142857143,14472.6,14381.933333333332,54.34677017605097,46.675169292598234,41.85245018146144,-0.00554785020804438,1,8,3,0,0,3,31,14310.0
2021-08-04,14310.0,14325.0,14347.5,14304.5,-0.21,14340.0,14420.0,14460.0,14480.0,14475.0,14400.0,14426.42857142857,14461.785714285714,14469.6,14380.016666666666,73.63843458150895,63.92926207436279,49.72170829574239,-0.0020920502092049986,2,8,3,0,0,4,31,14340.0
2021-08-05,14340.0,14330.0,14360.0,14321.0,0.21,14310.0,14340.0,14420.0,14490.0,14480.0,14430.0,14405.0,14451.785714285714,14466.6,14378.516666666666,73.8805341976398,71.37676692779999,54.662979970865,0.002096436058700135,3,8,3,0,0,5,31,14350.0
2021-08-06,14350.0,14360.0,14377.5,14347.5,0.07,14340.0,14310.0,14340.0,14485.0,14495.0,14435.0,14385.714285714286,14441.42857142857,14463.766666666666,14379.1,66.79749068564871,75.04943425730046,58.43043806047398,0.0006973500697349255,4,8,3,0,0,6,31,14360.0
2021-08-09,14360.0,14370.0,14387.5,14357.5,0.07,14350.0,14340.0,14310.0,14480.0,14515.0,14420.0,14368.57142857143,14430.357142857143,14461.766666666666,14380.433333333332,52.4177360023588,74.7936722358075,60.95260076661834,0.0006968641114981633,0,8,3,0,0,9,32,14380.0
2021-08-10,14380.0,14375.0,14402.0,14375.0,0.14,14360.0,14350.0,14340.0,14460.0,14540.0,14440.0,14357.142857142857,14418.92857142857,14459.766666666666,14383.516666666666,34.982989063301126,68.72964234003014,62.65212291480646,0.0013927576601671099,1,8,3,0,0,10,32,14380.0
2021-08-12,14380.0,14395.0,14407.5,14366.0,0.0,14380.0,14360.0,14350.0,14420.0,14480.0,14480.0,14351.42857142857,14411.785714285714,14456.433333333332,14386.6,24.784787961147533,67.07077613174165,64.18007174489846,0.0,3,8,3,0,0,12,32,14385.0
2021-08-13,14385.0,14382.5,14395.0,14366.0,0.03,14380.0,14380.0,14360.0,14340.0,14490.0,14495.0,14357.857142857143,14404.285714285714,14452.766666666666,14388.35,27.05813846398915,63.42339846187018,65.03722188001255,0.0003477051460361036,4,8,3,0,0,13,32,14370.0
2021-08-16,14370.0,14390.0,14395.0,14371.5,-0.1,14385.0,14380.0,14380.0,14310.0,14480.0,14500.0,14366.42857142857,14396.42857142857,14448.433333333332,14390.016666666666,17.008401285233827,60.045770087664856,66.10372378947733,-0.0010427528675703845,0,8,3,0,0,16,33,14370.0
2021-08-18,14370.0,14387.5,14400.0,14372.5,0.0,14370.0,14385.0,14380.0,14340.0,14490.0,14530.0,14370.714285714286,14387.857142857143,14443.1,14391.6,12.392393980397532,53.91283155724778,65.7494460444905,0.0,2,8,3,0,0,18,33,14400.0
2021-08-19,14400.0,14405.0,14425.0,14392.5,0.21,14370.0,14370.0,14385.0,14350.0,14485.0,14476.0,14377.857142857143,14381.785714285714,14440.566666666668,14392.1,12.863754913336706,46.393266373066915,65.90206073546084,0.0020876826722338038,3,8,3,0,0,19,33,14450.0
2021-08-20,14450.0,14475.0,14485.0,14422.5,0.35,14400.0,14370.0,14370.0,14360.0,14480.0,14465.0,14390.714285714286,14379.642857142857,14440.066666666668,14393.766666666666,28.051822791030528,41.991953702483286,65.76705670099132,0.003472222222222321,4,8,3,0,0,20,33,14410.0
2021-08-23,14410.0,14435.0,14438.5,14404.0,-0.28,14450.0,14400.0,14370.0,14380.0,14460.0,14480.0,14395.0,14376.07142857143,14437.733333333334,14394.766666666666,28.431203515294477,36.38356409412515,65.5427911463141,-0.0027681660899654403,0,8,3,0,0,23,34,14390.0
2021-08-24,14390.0,14395.0,14407.5,14377.5,-0.14,14410.0,14450.0,14400.0,14380.0,14420.0,14520.0,14396.42857142857,14373.92857142857,14433.4,14395.85,27.796025752144068,34.42821804464935,64.19990331917872,-0.001387925052047212,1,8,3,0,0,24,34,14395.0
2021-08-25,14395.0,14405.0,14421.0,14387.5,0.03,14390.0,14410.0,14450.0,14385.0,14340.0,14525.0,14397.857142857143,14377.857142857143,14429.066666666668,14397.683333333332,27.36438422118022,33.38091841476456,62.15882511932553,0.00034746351633074823,2,8,3,0,0,25,34,14415.0
2021-08-26,14415.0,14425.0,14433.5,14408.5,0.14,14395.0,14390.0,14410.0,14370.0,14310.0,14490.0,14404.285714285714,14385.357142857143,14426.566666666668,14399.933333333332,24.90457980438856,28.383654945387473,61.1232126644354,0.0013893713094823568,3,8,3,0,0,26,34,14415.0
2021-08-27,14415.0,14425.0,14447.5,14412.5,0.0,14415.0,14395.0,14390.0,14370.0,14340.0,14462.0,14410.714285714286,14390.714285714286,14425.0,14402.266666666666,19.88059594764077,26.1546541554754,60.78509345383878,0.0,4,8,3,0,0,27,34,14368.0
2021-08-30,14368.0,14405.0,14410.0,14359.5,-0.33,14415.0,14415.0,14395.0,14400.0,14350.0,14475.0,14406.142857142857,14392.0,14421.433333333332,14403.816666666668,25.60877825677441,24.381581950071325,60.88920595872375,-0.0032604925424905007,0,8,3,0,0,30,35,14265.0
2021-08-31,14265.0,14345.0,14350.5,14260.0,-0.72,14368.0,14415.0,14415.0,14450.0,14360.0,14480.0,14379.714285714286,14385.214285714286,14414.266666666666,14403.566666666668,53.2970114412216,41.313396171504294,66.18101266048032,-0.007168708240534505,1,8,3,1,0,31,35,14280.0
2021-09-01,14280.0,14265.0,14305.0,14255.0,0.11,14265.0,14368.0,14415.0,14410.0,14380.0,14495.0,14361.142857142857,14378.07142857143,14407.1,14403.4,62.78914070498048,50.013020282019085,68.72902814917367,0.001051524710830698,2,9,3,0,1,1,35,14270.0
2021-09-02,14270.0,14265.0,14290.0,14260.0,-0.07,14280.0,14265.0,14368.0,14390.0,14380.0,14515.0,14344.0,14370.214285714286,14398.933333333332,14403.566666666668,69.60842860836887,57.731711817497114,70.00981868730126,-0.0007002801120448154,3,9,3,0,0,2,35,14260.0
2021-09-03,14260.0,14270.0,14270.0,14252.5,-0.07,14270.0,14280.0,14265.0,14395.0,14385.0,14540.0,14324.714285714286,14361.285714285714,14389.6,14403.733333333334,71.79070108236287,64.53434216453978,69.21460878276123,-0.0007007708479327412,4,9,3,0,0,3,35,14220.0
2021-09-06,14220.0,14247.5,14260.0,14210.0,-0.28,14260.0,14270.0,14280.0,14415.0,14370.0,14480.0,14296.857142857143,14350.57142857143,14380.933333333332,14403.233333333334,68.68388595928214,74.63729144773778,73.64122408707426,-0.0028050490883591017,0,9,3,0,0,6,36,14210.0
2021-09-07,14210.0,14220.0,14220.0,14176.5,-0.07,14220.0,14260.0,14270.0,14415.0,14370.0,14490.0,14267.57142857143,14339.142857142857,14371.6,14402.65,51.458258627191064,83.19287797032231,77.00810526072792,-0.0007032348804500987,1,9,3,0,0,7,36,14250.0
2021-09-08,14250.0,14240.0,14277.5,14232.5,0.28,14210.0,14220.0,14260.0,14368.0,14400.0,14480.0,14250.714285714286,14328.42857142857,14363.933333333332,14403.683333333332,26.208868001016906,84.40261961416168,77.29251796466902,0.0028149190710766714,2,9,3,0,0,8,36,14250.0
2021-09-09,14250.0,14280.0,14283.5,14252.5,0.0,14250.0,14210.0,14220.0,14265.0,14450.0,14490.0,14248.57142857143,14314.142857142857,14355.933333333332,14404.516666666666,25.448360411015575,78.99547907454766,76.20703801922487,0.0,3,9,3,0,0,9,36,14200.0
2021-09-10,14200.0,14275.0,14275.0,14195.5,-0.35,14250.0,14250.0,14210.0,14280.0,14410.0,14485.0,14237.142857142857,14299.142857142857,14346.433333333332,14404.183333333332,26.903708365187555,79.33071685857342,77.31872384782855,-0.0035087719298245723,4,9,3,0,0,10,36,14250.0
2021-09-13,14250.0,14245.0,14270.0,14220.0,0.35,14200.0,14250.0,14250.0,14270.0,14390.0,14480.0,14234.285714285714,14289.142857142857,14338.766666666666,14404.433333333332,23.704530408641613,75.73928676963286,74.98583007895071,0.0035211267605634866,0,9,3,0,0,13,37,14245.0
2021-09-14,14245.0,14257.5,14267.5,14241.5,-0.04,14250.0,14200.0,14250.0,14260.0,14395.0,14460.0,14232.142857142857,14278.42857142857,14331.6,14402.683333333332,21.574897229548476,70.00518034159373,73.25373945958843,-0.000350877192982435,1,9,3,0,0,14,37,14240.0
2021-09-15,14240.0,14257.5,14267.5,14235.0,-0.04,14245.0,14250.0,14200.0,14220.0,14415.0,14420.0,14235.0,14265.92857142857,14325.6,14400.516666666666,21.0158670212804,58.406354087006164,73.13501920741189,-0.0003510003510003301,2,9,3,0,0,15,37,14250.0
2021-09-16,14250.0,14230.0,14261.5,14217.5,0.07,14240.0,14245.0,14250.0,14210.0,14415.0,14340.0,14240.714285714286,14254.142857142857,14322.6,14397.6,18.354965592297006,39.64623785126943,74.35961083897435,0.000702247191011196,3,9,3,0,0,16,37,14225.0
2021-09-17,14225.0,14275.0,14282.5,14195.0,-0.18,14250.0,14240.0,14245.0,14250.0,14368.0,14310.0,14237.142857142857,14243.92857142857,14319.766666666666,14394.683333333332,18.676443017851998,22.969760339318643,76.4463676470151,-0.0017543859649122862,4,9,3,0,0,17,37,14240.0
2021-09-20,14240.0,14270.0,14287.5,14237.5,0.11,14225.0,14250.0,14240.0,14250.0,14265.0,14340.0,14235.714285714286,14242.142857142857,14316.433333333332,14391.516666666666,17.895197546481757,22.163230611640042,77.70354065208937,0.0010544815465729496,0,9,3,0,0,20,38,14235.0
2021-09-21,14235.0,14255.0,14260.0,14235.5,-0.04,14240.0,14225.0,14250.0,14200.0,14280.0,14350.0,14240.714285714286,14238.92857142857,14312.6,14388.183333333332,8.864052603694217,19.332970185666536,78.81912948263057,-0.000351123595505598,1,9,3,0,0,21,38,14240.0
2021-09-22,14240.0,14245.0,14256.0,14236.0,0.04,14235.0,14240.0,14225.0,14250.0,14270.0,14360.0,14239.285714285714,14236.785714285714,14308.6,14385.183333333332,7.867957924033254,17.165164056283132,79.37366887281178,0.00035124692658938805,2,9,3,0,0,22,38,14240.0
2021-09-23,14240.0,14250.0,14265.0,14236.0,0.0,14240.0,14235.0,14240.0,14245.0,14260.0,14380.0,14238.57142857143,14235.357142857143,14303.933333333332,14381.85,7.480132414734393,15.86775706336765,79.14627807622625,0.0,3,9,3,0,0,23,38,14255.0
2021-09-24,14255.0,14245.0,14266.5,14228.5,0.11,14240.0,14240.0,14235.0,14240.0,14220.0,14380.0,14240.714285714286,14237.857142857143,14299.766666666666,14378.1,9.759000728954092,16.018533220291932,78.28933222486916,0.001053370786516794,4,9,3,0,0,24,38,14250.0
2021-09-27,14250.0,14260.0,14270.0,14247.5,-0.04,14255.0,14240.0,14240.0,14250.0,14210.0,14385.0,14240.714285714286,14240.714285714286,14295.266666666666,14374.016666666666,9.759000728954092,14.122696250595032,77.09194391165691,-0.00035075412136087447,0,9,3,0,0,27,39,14270.0
2021-09-28,14270.0,14265.0,14287.5,14253.5,0.14,14250.0,14255.0,14240.0,14225.0,14250.0,14370.0,14247.142857142857,14242.142857142857,14291.933333333332,14370.183333333332,12.198750911438205,16.01853322028411,75.90190281251746,0.00140350877192974,1,9,3,0,0,28,39,14290.0
2021-09-29,14290.0,14295.0,14330.0,14292.5,0.14,14270.0,14250.0,14255.0,14240.0,14250.0,14370.0,14254.285714285714,14245.0,14289.266666666666,14366.183333333332,19.669894811480855,20.47512562028723,74.45615851100595,0.0014015416958654825,2,9,3,0,0,29,39,14310.0
2021-09-30,14310.0,14317.5,14332.5,14305.5,0.14,14290.0,14270.0,14250.0,14235.0,14200.0,14400.0,14265.0,14252.857142857143,14286.266666666666,14363.416666666666,26.614532370934597,22.846838335168613,71.5989468874263,0.0013995801259623075,3,9,3,1,0,30,39,14305.0
2021-10-01,14305.0,14310.0,14330.0,14305.0,-0.03,14310.0,14290.0,14270.0,14240.0,14250.0,14450.0,14274.285714285714,14256.785714285714,14281.433333333332,14360.75,27.753163697648386,26.71841361886399,64.72950791863431,-0.00034940600978339287,4,10,4,0,1,1,39,14265.0
2021-10-04,14265.0,14307.5,14336.5,14258.0,-0.28,14305.0,14310.0,14290.0,14240.0,14245.0,14410.0,14277.857142857143,14258.214285714286,14276.6,14357.166666666666,23.954321610097075,26.57407230020086,60.04228395102287,-0.0027962250961202084,0,10,4,0,0,4,40,14248.0
2021-10-05,14248.0,14270.0,14275.0,14245.5,-0.12,14265.0,14305.0,14310.0,14255.0,14240.0,14390.0,14276.857142857143,14258.785714285714,14271.866666666667,14352.633333333333,25.18219325502211,26.236142337815483,56.273184238624424,-0.0011917280056081836,1,10,4,0,0,5,40,14250.0
2021-10-06,14250.0,14240.0,14260.0,14228.0,0.01,14248.0,14265.0,14305.0,14250.0,14250.0,14395.0,14276.857142857143,14258.785714285714,14267.033333333333,14348.05,25.18219325502211,26.236142337815483,51.34365846289317,0.00014037057832672062,2,10,4,0,0,6,40,14215.0
2021-10-07,14215.0,14250.0,14257.5,14212.0,-0.25,14250.0,14248.0,14265.0,14270.0,14225.0,14415.0,14269.0,14258.07142857143,14260.366666666667,14343.466666666667,34.52535300312393,27.33964235119093,43.91565845410659,-0.002456140350877156,3,10,4,0,0,7,40,14220.0
2021-10-08,14220.0,14210.0,14237.5,14197.5,0.04,14215.0,14250.0,14248.0,14290.0,14240.0,14415.0,14259.0,14256.642857142857,14253.866666666667,14339.433333333332,37.44329045356701,28.83802815843923,33.414567681175974,0.0003517411185367525,4,10,4,0,0,8,40,14205.0
2021-10-11,14205.0,14215.0,14223.0,14201.5,-0.11,14220.0,14215.0,14250.0,14310.0,14235.0,14368.0,14244.0,14254.5,14248.433333333332,14334.933333333332,34.525353003118994,31.556420776806643,26.816982952958465,-0.0010548523206751481,0,10,4,0,0,11,41,14215.0
2021-10-12,14215.0,14215.0,14225.0,14203.0,0.07,14205.0,14220.0,14215.0,14305.0,14240.0,14265.0,14231.142857142857,14252.714285714286,14246.766666666666,14330.516666666666,22.784706650134126,33.10920989928726,27.301235709231396,0.0007039774727208847,1,10,4,0,0,12,41,14215.0
2021-10-13,14215.0,14220.0,14229.0,14210.0,0.0,14215.0,14205.0,14220.0,14265.0,14240.0,14280.0,14224.0,14250.92857142857,14244.6,14325.85,17.66352173236442,34.49295197861614,27.151681220324487,0.0,2,10,4,0,0,13,41,14115.0
2021-10-14,14115.0,14197.5,14202.5,14092.5,-0.7,14215.0,14215.0,14205.0,14248.0,14255.0,14270.0,14205.0,14240.92857142857,14239.433333333332,14319.183333333332,42.130748865756594,50.02070999603454,35.58833917232157,-0.007034822370735161,3,10,4,0,0,14,41,14070.0
2021-10-15,14070.0,14085.0,14097.5,14062.0,-0.32,14115.0,14215.0,14215.0,14250.0,14250.0,14260.0,14179.285714285714,14228.07142857143,14233.1,14311.35,60.85697518411934,67.56588156447808,46.908090618826506,-0.0031880977683315104,4,10,4,0,0,15,41,14105.0
2021-10-18,14105.0,14060.0,14115.0,14040.0,0.25,14070.0,14115.0,14215.0,14215.0,14270.0,14220.0,14163.57142857143,14216.285714285714,14229.266666666666,14305.1,64.20762452861744,73.79329610058062,52.393690942341074,0.0024875621890547706,0,10,4,0,0,18,42,14073.0
2021-10-19,14073.0,14067.5,14092.5,14059.5,-0.23,14105.0,14070.0,14115.0,14220.0,14290.0,14210.0,14142.57142857143,14200.785714285714,14224.7,14298.15,66.66797617752913,79.67450955271573,59.60510855207075,-0.002268699042892619,1,10,4,0,0,19,42,14120.0
2021-10-21,14120.0,14100.0,14152.5,14092.5,0.33,14073.0,14105.0,14070.0,14205.0,14310.0,14250.0,14130.42857142857,14187.214285714286,14220.366666666667,14292.15,60.89295838552055,75.7243773075779,62.36404984148019,0.003339728558232169,3,10,4,0,0,21,42,14120.0
2021-10-22,14120.0,14140.0,14169.0,14122.5,0.0,14120.0,14073.0,14105.0,14215.0,14305.0,14250.0,14116.857142857143,14174.0,14216.033333333333,14285.983333333334,48.15747976307547,69.47273953430505,64.70649028532195,0.0,4,10,4,0,0,22,42,14155.0
2021-10-25,14155.0,14165.0,14190.0,14157.5,0.25,14120.0,14120.0,14073.0,14215.0,14265.0,14200.0,14108.285714285714,14166.142857142857,14214.533333333333,14280.483333333334,29.505447438727096,64.42629317823248,65.60631452637874,0.002478753541076406,0,10,4,0,0,25,43,14150.0
2021-10-26,14150.0,14155.0,14172.5,14142.5,-0.04,14155.0,14120.0,14120.0,14115.0,14248.0,14250.0,14113.285714285714,14159.142857142857,14211.2,14274.983333333334,33.52468884110434,60.02160783029832,66.2791380293835,-0.00035323207347226493,1,10,4,0,0,26,43,14170.0
2021-10-27,14170.0,14160.0,14193.5,14154.5,0.14,14150.0,14155.0,14120.0,14070.0,14250.0,14245.0,14127.57142857143,14153.42857142857,14208.7,14270.15,33.310944862121566,54.235546511817866,66.37466799699413,0.001413427561837377,2,10,4,0,0,27,43,14170.0
2021-10-28,14170.0,14190.0,14215.0,14172.5,0.0,14170.0,14150.0,14155.0,14105.0,14215.0,14240.0,14136.857142857143,14150.214285714286,14206.366666666667,14265.983333333334,34.98775295915987,51.573962678030306,66.46673180448015,0.0,3,10,4,0,0,28,43,14165.0
2021-10-29,14165.0,14167.5,14177.5,14157.0,-0.04,14170.0,14170.0,14150.0,14073.0,14220.0,14250.0,14150.0,14146.285714285714,14203.533333333333,14263.066666666668,21.794494717438244,47.80638607332714,66.35418721457343,-0.0003528581510232609,4,10,4,0,0,29,43,14245.0
2021-11-01,14245.0,14185.0,14261.5,14185.0,0.56,14165.0,14170.0,14170.0,14120.0,14205.0,14225.0,14167.857142857143,14149.142857142857,14204.2,14261.983333333334,38.172540616671526,52.545741454434214,66.67698770672145,0.005647723261560156,0,11,4,0,1,1,44,14250.0
2021-11-02,14250.0,14260.0,14271.0,14245.0,0.04,14245.0,14165.0,14170.0,14120.0,14215.0,14240.0,14186.42857142857,14151.642857142857,14204.533333333333,14260.483333333334,42.39833779298198,56.596557577395934,66.88679748760606,0.0003510003510003301,1,11,4,0,0,2,44,14295.0
2021-11-03,14295.0,14272.5,14315.0,14262.5,0.32,14250.0,14245.0,14165.0,14155.0,14215.0,14235.0,14206.42857142857,14157.357142857143,14206.533333333333,14259.566666666668,55.95491382301792,66.63402589168882,68.7016203860232,0.0031578947368420263,2,11,4,0,0,3,44,14335.0
2021-11-04,14335.0,14312.5,14350.0,14299.5,0.28,14295.0,14250.0,14245.0,14150.0,14115.0,14240.0,14232.857142857143,14173.07142857143,14209.7,14259.15,67.38305566286984,80.39657884543263,72.38791573746691,0.0027981811822315183,3,11,4,0,0,4,44,14325.0
2021-11-05,14325.0,14360.0,14392.5,14325.0,-0.07,14335.0,14295.0,14250.0,14170.0,14070.0,14240.0,14255.0,14191.285714285714,14212.533333333333,14258.233333333334,68.73863542426066,84.05165863098861,75.22276495717952,-0.0006975933031042603,4,11,4,0,0,5,44,14255.0
2021-11-08,14255.0,14325.0,14332.5,14254.0,-0.49,14325.0,14335.0,14295.0,14170.0,14105.0,14255.0,14267.142857142857,14202.0,14212.533333333333,14256.15,57.868899452115464,81.73503156268859,75.22276495717952,-0.00488656195462478,0,11,4,0,0,8,45,14240.0
2021-11-09,14240.0,14237.5,14247.5,14220.0,-0.11,14255.0,14325.0,14335.0,14165.0,14073.0,14250.0,14277.857142857143,14213.92857142857,14212.2,14253.733333333334,39.98511627842475,73.20095027263508,75.07302192316921,-0.0010522623640827344,1,11,4,0,0,9,45,14250.0
2021-11-10,14250.0,14255.0,14265.0,14241.0,0.07,14240.0,14255.0,14325.0,14245.0,14120.0,14270.0,14278.57142857143,14223.214285714286,14211.533333333333,14251.733333333334,39.339789623340266,68.46130695062524,74.62953715573313,0.000702247191011196,2,11,4,0,0,10,45,14260.0
2021-11-11,14260.0,14295.0,14310.0,14262.5,0.07,14250.0,14240.0,14255.0,14250.0,14120.0,14290.0,14280.0,14233.214285714286,14210.533333333333,14249.9,38.297084310118294,62.16006456166432,73.73752768090857,0.00070175438596487,3,11,4,0,0,11,45,14233.0
2021-11-12,14233.0,14265.0,14271.5,14232.5,-0.19,14260.0,14250.0,14240.0,14295.0,14155.0,14310.0,14271.142857142857,14238.785714285714,14207.966666666667,14247.116666666667,41.301446994010924,57.96441689786922,71.46085657879804,-0.0018934081346423381,4,11,4,0,0,12,45,14210.0
2021-11-15,14210.0,14215.0,14220.0,14187.5,-0.16,14233.0,14260.0,14250.0,14335.0,14150.0,14305.0,14253.285714285714,14243.07142857143,14204.8,14243.116666666667,35.73846800336484,52.89098263307453,69.0778671075259,-0.0016159629031125,0,11,4,0,0,15,46,14220.0
2021-11-16,14220.0,14200.0,14226.0,14195.0,0.07,14210.0,14233.0,14260.0,14325.0,14170.0,14265.0,14238.285714285714,14246.642857142857,14203.3,14239.95,18.499678246592445,49.131858914308566,68.20868081056936,0.0007037297677692234,1,11,4,0,0,16,46,14240.0
2021-11-17,14240.0,14245.0,14272.5,14237.5,0.14,14220.0,14210.0,14233.0,14255.0,14170.0,14248.0,14236.142857142857,14251.642857142857,14203.033333333333,14237.45,17.053138239012252,44.02902389323022,68.04333473813547,0.0014064697609001975,2,11,4,0,0,17,46,14225.0
2021-11-18,14225.0,14245.0,14247.5,14223.0,-0.11,14240.0,14220.0,14210.0,14240.0,14165.0,14250.0,14234.0,14255.92857142857,14202.2,14234.616666666667,17.426034163170563,37.36198043938575,67.59993878787942,-0.001053370786516905,3,11,4,0,0,18,46,14235.0
2021-11-19,14235.0,14210.0,14242.5,14210.0,0.07,14225.0,14240.0,14220.0,14250.0,14245.0,14215.0,14231.857142857143,14255.214285714286,14202.866666666667,14231.616666666667,15.994046511087339,37.68121052075063,67.82875665875177,0.0007029876977153737,4,11,4,0,0,19,46,14245.0
2021-11-22,14245.0,14245.0,14265.0,14245.0,0.07,14235.0,14225.0,14240.0,14260.0,14250.0,14220.0,14229.714285714286,14254.857142857143,14203.7,14228.783333333333,12.134170561986435,37.75804986497384,68.19907472312615,0.0007024938531787761,0,11,4,0,0,22,47,14255.0
2021-11-23,14255.0,14257.5,14277.5,14255.0,0.07,14245.0,14235.0,14225.0,14233.0,14295.0,14205.0,14232.857142857143,14252.0,14205.366666666667,14226.9,15.507294750068413,35.95723956116146,68.83988585874143,0.0007020007020006602,1,11,4,0,0,23,47,14255.0
2021-11-24,14255.0,14275.0,14281.0,14257.5,0.0,14255.0,14245.0,14235.0,14210.0,14335.0,14215.0,14239.285714285714,14246.285714285714,14206.7,14226.733333333334,13.67131163766395,26.99124807161507,69.41785023336247,0.0,2,11,4,0,0,24,47,14265.0
2021-11-25,14265.0,14262.5,14290.0,14262.5,0.07,14255.0,14255.0,14245.0,14220.0,14325.0,14215.0,14245.714285714286,14242.0,14208.366666666667,14226.483333333334,13.67131163766648,16.09586664374264,70.21959807639195,0.0007015082427217489,3,11,4,0,0,25,47,14300.0
2021-11-26,14300.0,14275.0,14345.0,14275.0,0.25,14265.0,14255.0,14255.0,14240.0,14255.0,14115.0,14254.285714285714,14245.214285714286,14214.533333333333,14226.983333333334,24.22611735079118,22.219806033262888,69.85982681259533,0.002453557658604888,4,11,4,0,0,26,47,14320.0
2021-11-29,14320.0,14370.0,14375.0,14312.5,0.14,14300.0,14265.0,14255.0,14225.0,14240.0,14070.0,14267.857142857143,14250.92857142857,14222.866666666667,14227.983333333334,30.802751886791487,29.777286866377697,66.8713295264161,0.0013986013986013734,0,11,4,0,0,29,48,14320.0
2021-11-30,14320.0,14315.0,14347.5,14292.5,0.0,14320.0,14300.0,14265.0,14235.0,14250.0,14105.0,14280.0,14255.92857142857,14230.033333333333,14229.65,32.40370349188298,35.02408904057721,65.30643065613249,0.0,1,11,4,1,0,30,48,14340.0
2021-12-01,14340.0,14344.0,14362.5,14334.5,0.14,14320.0,14320.0,14300.0,14245.0,14260.0,14073.0,14293.57142857143,14261.642857142857,14238.933333333332,14231.816666666668,35.08493096676173,41.640599904116606,61.234390457481666,0.0013966480446927498,2,12,4,0,1,1,48,14375.0
2021-12-02,14375.0,14350.0,14382.5,14350.0,0.24,14340.0,14320.0,14320.0,14255.0,14233.0,14120.0,14310.714285714286,14271.785714285714,14247.433333333332,14233.9,41.77604690762888,50.482561453670435,61.85114685923531,0.0024407252440725724,3,12,4,0,0,2,48,14395.0
2021-12-03,14395.0,14405.0,14412.5,14392.5,0.14,14375.0,14340.0,14320.0,14255.0,14210.0,14120.0,14330.714285714286,14285.0,14256.6,14236.316666666668,44.10485342032906,56.87367918949216,62.68619162683402,0.0013913043478261944,4,12,4,0,0,3,48,14435.0
2021-12-06,14435.0,14440.0,14449.0,14417.5,0.28,14395.0,14375.0,14340.0,14265.0,14220.0,14155.0,14355.0,14300.357142857143,14265.933333333332,14240.233333333334,48.476798574070536,66.22991090764161,67.68279633353389,0.0027787426189649356,0,12,4,0,0,6,49,14375.0
2021-12-07,14375.0,14417.5,14432.5,14377.5,-0.42,14435.0,14395.0,14375.0,14300.0,14240.0,14150.0,14365.714285714286,14310.0,14273.433333333332,14242.316666666668,42.17311262596834,66.5929079147915,66.85428484611276,-0.004156563907170119,1,12,4,0,0,7,49,14355.0
2021-12-08,14355.0,14350.0,14362.5,14335.0,-0.14,14375.0,14435.0,14395.0,14320.0,14225.0,14170.0,14370.714285714286,14319.285714285714,14279.6,14244.15,37.68604642608931,62.7834233033709,65.50314548898993,-0.0013913043478260834,2,12,4,0,0,8,49,14350.0
2021-12-09,14350.0,14320.0,14372.5,14310.0,-0.03,14355.0,14375.0,14435.0,14320.0,14235.0,14170.0,14375.0,14327.5,14285.6,14245.983333333334,32.27486121826081,58.26827874258754,63.32543205390533,-0.0003483106931382318,3,12,4,0,0,9,49,14370.0
2021-12-10,14370.0,14380.0,14390.0,14367.0,0.14,14350.0,14355.0,14375.0,14340.0,14245.0,14165.0,14379.285714285714,14336.42857142857,14292.433333333332,14247.983333333334,28.639799147855353,54.08072923561914,60.87617921148148,0.0013937282229965486,4,12,4,0,0,10,49,14340.0
2021-12-13,14340.0,14357.5,14366.5,14327.5,-0.21,14370.0,14350.0,14355.0,14375.0,14255.0,14245.0,14374.285714285714,14342.5,14295.6,14249.9,32.330142208617104,48.743835901499075,60.794509733849914,-0.0020876826722338038,0,12,4,0,0,13,50,14330.0
2021-12-14,14330.0,14340.0,14353.5,14330.0,-0.07,14340.0,14370.0,14350.0,14395.0,14255.0,14250.0,14365.0,14347.857142857143,14298.266666666666,14251.4,34.64101615124981,42.049160135040815,60.479083493518026,-0.0006973500697350365,1,12,4,0,0,14,50,14330.0
2021-12-15,14330.0,14337.5,14345.0,14329.0,0.0,14330.0,14340.0,14370.0,14435.0,14265.0,14295.0,14350.0,14352.5,14299.433333333332,14252.983333333334,18.027756377067433,35.2327426377274,60.75086679281193,0.0,2,12,4,0,0,15,50,14340.0
2021-12-16,14340.0,14335.0,14367.5,14315.0,0.07,14330.0,14330.0,14340.0,14375.0,14300.0,14335.0,14345.0,14355.357142857143,14299.6,14254.65,14.433756729422315,32.13339298899151,60.85856979281885,0.0006978367062107083,3,12,4,0,0,16,50,14365.0
2021-12-17,14365.0,14365.0,14391.5,14360.0,0.17,14340.0,14330.0,14330.0,14355.0,14320.0,14325.0,14346.42857142857,14358.57142857143,14300.933333333332,14256.733333333334,15.998511835268262,30.535513461336116,61.864107656038854,0.0017433751743374248,4,12,4,0,0,17,50,14375.0
2021-12-20,14375.0,14387.5,14392.5,14367.5,0.07,14365.0,14340.0,14330.0,14350.0,14320.0,14255.0,14350.0,14362.5,14304.933333333332,14258.733333333334,19.36491673080207,28.67255455213281,62.66601858298837,0.0006961364427426897,0,12,4,0,0,20,51,14313.0
2021-12-21,14313.0,14387.5,14392.5,14305.0,-0.43,14375.0,14365.0,14340.0,14370.0,14340.0,14240.0,14341.857142857143,14360.57142857143,14307.366666666667,14259.783333333333,21.427619026238617,31.10704665470684,61.46346452365272,-0.004313043478260892,1,12,4,0,0,21,51,14285.0
2021-12-22,14285.0,14280.0,14293.5,14235.0,-0.2,14313.0,14375.0,14365.0,14340.0,14375.0,14250.0,14334.0,14354.142857142857,14308.533333333333,14260.033333333333,30.419292123978998,36.693862707129526,60.66398882546234,-0.00195626353664502,2,12,4,0,0,22,51,14247.0
2021-12-23,14247.0,14220.0,14260.0,14217.5,-0.27,14285.0,14313.0,14375.0,14330.0,14395.0,14260.0,14322.142857142857,14343.57142857143,14308.1,14259.316666666668,44.94599934513968,44.50533984429234,61.067712559316654,-0.002660133006650356,3,12,4,0,0,23,51,14220.0
2021-12-24,14220.0,14185.0,14242.5,14180.0,-0.19,14247.0,14285.0,14313.0,14330.0,14435.0,14233.0,14306.42857142857,14328.214285714286,14307.666666666666,14257.816666666668,58.82702650660839,47.52194403395821,61.66222413312239,-0.0018951358180669953,4,12,4,0,0,24,51,14225.0
2021-12-27,14225.0,14225.0,14241.5,14207.5,0.04,14220.0,14247.0,14285.0,14340.0,14375.0,14210.0,14290.0,14317.5,14308.166666666666,14256.483333333334,63.74166612185372,52.78075115266676,60.89905912479103,0.00035161744022493835,0,12,4,0,0,27,52,14225.0
2021-12-28,14225.0,14225.0,14244.5,14220.0,0.0,14225.0,14220.0,14247.0,14365.0,14355.0,14220.0,14270.0,14308.214285714286,14308.333333333334,14255.816666666668,57.99137866950158,56.946909919530036,60.65580299334561,0.0,1,12,4,0,0,28,52,14250.0
2021-12-29,14250.0,14240.0,14276.5,14235.0,0.18,14225.0,14225.0,14220.0,14375.0,14350.0,14240.0,14252.142857142857,14301.07142857143,14308.666666666666,14255.85,34.93054332718095,57.57064461000944,60.29372548880418,0.0017574692442883233,2,12,4,0,0,29,52,14265.0
2021-12-30,14265.0,14242.5,14280.0,14237.5,0.11,14250.0,14225.0,14225.0,14313.0,14370.0,14225.0,14245.285714285714,14293.57142857143,14310.0,14256.1,23.991069766905255,54.666420976234306,58.803588912169594,0.001052631578947416,3,12,4,0,0,30,52,14250.0
2021-12-31,14250.0,14280.0,14287.5,14240.0,-0.11,14265.0,14250.0,14225.0,14285.0,14340.0,14235.0,14240.285714285714,14287.142857142857,14310.5,14256.683333333332,16.94810004770706,54.07524265378275,58.204603443841734,-0.001051524710830698,4,12,4,1,0,31,52,14264.0
2022-01-03,14264.0,14255.0,14276.5,14249.0,0.1,14250.0,14265.0,14250.0,14247.0,14330.0,14245.0,14242.714285714286,14282.42857142857,14311.133333333333,14257.416666666666,19.14605516968105,52.91606457441587,57.56719212521397,0.0009824561403508625,0,1,1,0,0,3,1,14300.0
2022-01-04,14300.0,14287.5,14327.5,14270.0,0.25,14264.0,14250.0,14265.0,14220.0,14330.0,14255.0,14254.142857142857,14280.285714285714,14312.633333333333,14259.0,25.983511254873637,51.42796092369539,56.632805975243244,0.0025238362310713303,1,1,1,0,0,4,1,14355.0
2022-01-05,14355.0,14347.5,14371.5,14335.0,0.38,14300.0,14264.0,14250.0,14225.0,14340.0,14255.0,14272.714285714286,14281.357142857143,14315.966666666667,14261.333333333334,42.738406949266476,52.90282403750026,56.06368505186763,0.0038461538461538325,2,1,1,0,0,5,1,14390.0
2022-01-06,14390.0,14394.0,14404.0,14377.0,0.24,14355.0,14300.0,14264.0,14225.0,14365.0,14265.0,14296.285714285714,14283.142857142857,14320.133333333333,14264.25,55.60190130347666,56.25882104158213,56.78558178654439,0.002438174851967956,3,1,1,0,0,6,1,14355.0
2022-01-07,14355.0,14375.0,14377.5,14352.5,-0.24,14390.0,14355.0,14300.0,14250.0,14375.0,14300.0,14311.285714285714,14281.714285714286,14321.966666666667,14268.25,55.19575553031077,53.953582002707705,57.00059487477016,-0.0024322446143154597,4,1,1,0,0,7,1,14305.0
2022-01-10,14305.0,14312.5,14342.5,14296.0,-0.35,14355.0,14390.0,14355.0,14265.0,14313.0,14320.0,14317.0,14281.142857142857,14321.466666666667,14272.166666666666,51.55579501850892,53.63818551171235,57.08416854817369,-0.0034831069313827623,0,1,1,0,0,10,2,14300.0
2022-01-11,14300.0,14302.5,14315.0,14272.5,-0.03,14305.0,14355.0,14390.0,14250.0,14285.0,14320.0,14324.142857142857,14282.214285714286,14320.8,14275.416666666666,43.57150663526354,53.87046939150737,57.21851641449116,-0.0003495281370150538,1,1,1,0,0,11,2,14315.0
2022-01-12,14315.0,14295.0,14322.5,14284.0,0.1,14300.0,14305.0,14355.0,14264.0,14247.0,14340.0,14331.42857142857,14287.07142857143,14319.966666666667,14279.45,35.32165125825526,53.51558261246111,57.111194224362706,0.0010489510489510856,2,1,1,0,0,12,2,14290.0
2022-01-13,14290.0,14315.0,14322.0,14292.0,-0.17,14315.0,14300.0,14305.0,14300.0,14220.0,14375.0,14330.0,14292.07142857143,14317.133333333333,14282.283333333333,36.968455021239244,49.91602838811556,56.39071416167703,-0.0017464198393293273,3,1,1,0,0,13,2,14295.0
2022-01-14,14295.0,14305.0,14319.5,14293.0,0.03,14290.0,14315.0,14300.0,14355.0,14225.0,14395.0,14321.42857142857,14297.07142857143,14313.8,14285.2,37.16116764773315,46.035879460863654,54.5548758842368,0.0003498950314906324,4,1,1,0,0,14,2,14315.0
2022-01-17,14315.0,14312.5,14330.0,14296.5,0.14,14295.0,14290.0,14315.0,14390.0,14225.0,14435.0,14310.714285714286,14303.5,14309.8,14287.866666666667,21.68497395037508,41.2305898380573,49.529789016166134,0.0013990905911158702,0,1,1,0,0,17,3,14335.0
2022-01-18,14335.0,14306.5,14346.0,14299.0,0.14,14315.0,14295.0,14290.0,14355.0,14250.0,14375.0,14307.857142857143,14309.57142857143,14308.466666666667,14290.95,15.236235005182582,38.941206739773506,48.235580895784494,0.0013971358714635063,1,1,1,0,0,18,3,14360.0
2022-01-19,14360.0,14357.5,14377.5,14334.5,0.17,14335.0,14315.0,14295.0,14305.0,14265.0,14355.0,14315.714285714286,14316.357142857143,14308.633333333333,14294.116666666667,24.73670879270756,38.8539813669545,48.41023212812138,0.0017439832577608172,2,1,1,0,0,19,3,14335.0
2022-01-20,14335.0,14335.0,14365.0,14330.0,-0.17,14360.0,14335.0,14315.0,14300.0,14250.0,14350.0,14320.714285714286,14322.42857142857,14308.133333333333,14296.866666666667,24.56769074540755,34.028753193254666,48.04432819022791,-0.0017409470752088874,3,1,1,0,0,20,3,14335.0
2022-01-21,14335.0,14355.0,14362.5,14335.0,0.0,14335.0,14360.0,14335.0,14315.0,14264.0,14370.0,14323.57142857143,14327.5,14306.966666666667,14299.7,24.952335514128904,29.661552424624727,46.90157216181937,0.0,4,1,1,0,0,21,3,14340.0
2022-01-24,14340.0,14315.0,14353.0,14304.5,0.03,14335.0,14335.0,14360.0,14290.0,14300.0,14340.0,14330.714285714286,14330.357142857143,14306.966666666667,14301.283333333333,20.499709637671582,28.72042195535309,46.90157216181937,0.0003487966515520746,0,1,1,0,0,24,4,14350.0
2022-01-25,14350.0,14350.0,14363.5,14345.5,0.07,14340.0,14335.0,14335.0,14295.0,14355.0,14330.0,14338.57142857143,14330.0,14307.633333333333,14302.95,14.057704208367449,28.41992800172479,47.379963270629446,0.0006973500697349255,1,1,1,0,0,25,4,14350.0
2022-01-26,14350.0,14317.5,14357.5,14317.5,0.0,14350.0,14340.0,14335.0,14315.0,14390.0,14330.0,14343.57142857143,14327.142857142857,14308.3,14303.866666666667,9.880235200137994,23.510577463736276,47.8439633347004,0.0,2,1,1,0,0,26,4,14385.0
2022-01-27,14385.0,14380.0,14395.0,14363.5,0.24,14350.0,14350.0,14340.0,14335.0,14355.0,14340.0,14350.714285714286,14329.285714285714,14309.8,14304.7,17.660825628942042,27.305757552856047,49.547191019440696,0.0024390243902439046,3,1,1,0,0,27,4,14385.0
2022-01-28,14385.0,14375.0,14395.0,14357.5,0.0,14385.0,14350.0,14350.0,14360.0,14305.0,14365.0,14354.285714285714,14335.0,14310.466666666667,14305.7,21.87627547281823,30.06403422325023,50.44200037949275,0.0,4,1,1,0,0,28,4,14380.0
2022-01-31,14380.0,14405.0,14412.5,14365.0,-0.03,14385.0,14385.0,14350.0,14335.0,14300.0,14375.0,14360.714285714286,14340.714285714286,14310.633333333333,14307.783333333333,21.87627547282097,30.499504588599883,50.67032276571061,-0.0003475842891901282,0,1,1,1,0,31,5,14355.0
2022-02-02,14355.0,14315.0,14362.5,14315.0,-0.17,14380.0,14385.0,14385.0,14335.0,14315.0,14313.0,14363.57142857143,14343.57142857143,14312.033333333333,14309.7,19.086270308184655,29.7701819979959,51.31409924762441,-0.001738525730180851,2,2,1,0,0,2,5,14375.0
2022-02-03,14375.0,14365.0,14390.0,14357.5,0.14,14355.0,14380.0,14385.0,14340.0,14290.0,14285.0,14368.57142857143,14349.642857142857,14315.033333333333,14311.783333333333,16.256866680796914,26.491238442462276,52.30051317288099,0.0013932427725531493,3,2,1,0,0,3,5,14378.0
2022-02-04,14378.0,14375.0,14381.5,14365.0,0.02,14375.0,14355.0,14380.0,14350.0,14295.0,14247.0,14372.57142857143,14355.57142857143,14319.4,14313.75,14.246135649500358,22.273524418896866,51.89153143306164,0.00020869565217385144,4,2,1,0,0,4,5,14395.0
2022-02-07,14395.0,14387.5,14409.0,14377.5,0.12,14378.0,14375.0,14355.0,14350.0,14315.0,14220.0,14379.0,14361.285714285714,14325.233333333334,14316.45,12.396235987524886,21.305212691757642,50.1388990244881,0.0011823619418556142,0,2,1,0,0,7,6,14390.0
2022-02-08,14390.0,14387.5,14396.0,14375.0,-0.03,14395.0,14378.0,14375.0,14385.0,14335.0,14225.0,14379.714285714286,14365.214285714286,14330.733333333334,14319.45,12.932056883181918,21.1557541580214,47.75796256637329,-0.0003473428273705892,1,2,1,0,0,8,6,14355.0
2022-02-09,14355.0,14375.0,14380.0,14357.5,-0.24,14390.0,14395.0,14378.0,14385.0,14360.0,14225.0,14375.42857142857,14364.857142857143,14335.066666666668,14321.7,15.586929811352737,21.29231404266253,43.54540502551131,-0.0024322446143154597,2,2,1,0,0,9,6,14340.0
2022-02-10,14340.0,14350.0,14352.0,14330.0,-0.1,14355.0,14390.0,14395.0,14380.0,14335.0,14250.0,14369.714285714286,14365.214285714286,14338.066666666668,14323.366666666667,20.26256224081618,20.78897108108105,40.47471184376426,-0.0010449320794148065,3,2,1,0,0,10,6,14350.0
2022-02-11,14350.0,14347.5,14367.5,14346.5,0.07,14340.0,14355.0,14390.0,14355.0,14335.0,14265.0,14369.0,14366.285714285714,14340.9,14325.45,20.944370763003974,19.455782494058532,38.088236938568805,0.0006973500697349255,4,2,1,0,0,11,6,14325.0
2022-02-14,14325.0,14350.0,14355.0,14321.0,-0.17,14350.0,14340.0,14355.0,14375.0,14340.0,14250.0,14361.857142857143,14365.214285714286,14343.4,14326.95,26.378201678675538,21.336781427547745,34.17662036093383,-0.0017421602787456303,0,2,1,0,0,14,7,14300.0
2022-02-15,14300.0,14315.0,14315.0,14271.5,-0.17,14325.0,14350.0,14340.0,14378.0,14350.0,14264.0,14350.714285714286,14361.642857142857,14344.6,14327.866666666667,33.84136662768263,27.40187287926802,31.845099227551664,-0.0017452006980802626,1,2,1,0,0,15,7,14255.0
2022-02-16,14255.0,14277.5,14297.5,14249.0,-0.31,14300.0,14325.0,14350.0,14395.0,14350.0,14300.0,14330.714285714286,14354.857142857143,14343.1,14327.866666666667,43.34248987497325,39.56855228081592,34.92884392470054,-0.0031468531468531458,2,2,1,0,0,16,7,14315.0
2022-02-17,14315.0,14252.5,14325.0,14250.0,0.42,14255.0,14300.0,14325.0,14390.0,14385.0,14355.0,14320.0,14349.857142857143,14341.766666666666,14328.866666666667,34.641016151240606,39.88803009656629,35.22115678172076,0.00420904945633116,3,2,1,0,0,17,7,14325.0
2022-02-18,14325.0,14327.5,14355.0,14318.5,0.07,14315.0,14255.0,14300.0,14355.0,14385.0,14390.0,14315.714285714286,14345.57142857143,14339.6,14329.866666666667,31.282126343358648,39.03590908038507,34.13421784033345,0.0006985679357316421,4,2,1,0,0,18,7,14325.0
2022-02-21,14325.0,14360.0,14360.0,14316.0,0.0,14325.0,14315.0,14255.0,14340.0,14380.0,14355.0,14313.57142857143,14341.642857142857,14338.6,14330.283333333333,29.82089392147888,38.0598862975847,34.1069312399378,0.0,0,2,1,0,0,21,8,14361.0
2022-02-22,14361.0,14345.0,14372.5,14332.0,0.25,14325.0,14325.0,14315.0,14350.0,14355.0,14305.0,14315.142857142857,14342.07142857143,14340.466666666667,14330.966666666667,32.25124582296414,38.25514401863035,33.73500518301066,0.0025130890052356136,1,2,1,0,0,22,8,14335.0
2022-02-23,14335.0,14350.0,14365.0,14337.5,-0.18,14361.0,14325.0,14325.0,14325.0,14375.0,14300.0,14316.57142857143,14339.214285714286,14341.633333333333,14331.216666666667,32.974015743857265,37.08240007786273,32.8816931910679,-0.0018104588816935108,2,2,1,0,0,23,8,14380.0
2022-02-24,14380.0,14357.5,14390.0,14332.5,0.31,14335.0,14361.0,14325.0,14300.0,14378.0,14315.0,14328.0,14339.357142857143,14343.8,14331.883333333333,39.49261534334407,37.246800879464075,33.20614816336135,0.0031391698639693377,3,2,1,0,0,24,8,14365.0
2022-02-25,14365.0,14377.5,14382.5,14359.0,-0.1,14380.0,14335.0,14361.0,14255.0,14395.0,14290.0,14343.714285714286,14337.214285714286,14346.3,14331.716666666667,24.72997024992983,34.56583144128173,31.80994205870369,-0.0010431154381085328,4,2,1,0,0,25,8,14335.0
2022-03-01,14335.0,14355.0,14370.0,14333.5,-0.21,14365.0,14380.0,14335.0,14315.0,14390.0,14295.0,14346.57142857143,14333.285714285714,14347.633333333333,14330.716666666667,21.846869667683663,31.051888511818646,30.392244170710416,-0.002088409328228291,1,3,1,0,1,1,9,14385.0
2022-03-02,14385.0,14357.5,14390.0,14337.0,0.35,14335.0,14365.0,14380.0,14325.0,14355.0,14315.0,14355.142857142857,14335.42857142857,14349.966666666667,14329.883333333333,23.66733734778999,33.59650688175451,30.487400826903944,0.0034879665155214123,2,3,1,0,0,2,9,14385.0
2022-03-04,14385.0,14385.0,14395.0,14371.5,0.0,14385.0,14335.0,14365.0,14325.0,14340.0,14335.0,14363.714285714286,14338.642857142857,14351.633333333333,14330.05,21.715695442763582,36.125011881614626,31.00331832419394,0.0,4,3,1,0,0,4,9,14405.0
2022-03-07,14405.0,14415.0,14420.0,14401.0,0.14,14385.0,14385.0,14335.0,14361.0,14350.0,14360.0,14370.0,14342.57142857143,14353.133333333333,14330.883333333333,26.61453237096056,40.2142613150721,32.47570267681127,0.0013903371567605127,0,3,1,0,0,7,10,14395.0
2022-03-08,14395.0,14392.5,14405.0,14382.0,-0.07,14405.0,14385.0,14385.0,14335.0,14325.0,14335.0,14378.57142857143,14347.57142857143,14355.133333333333,14331.633333333333,22.86086279235319,42.1658160585782,33.160771727961645,-0.0006942034015966492,1,3,1,0,0,8,10,14345.0
2022-03-09,14345.0,14350.0,14386.0,14344.0,-0.35,14395.0,14405.0,14385.0,14380.0,14300.0,14335.0,14373.57142857143,14350.785714285714,14355.466666666667,14331.216666666667,26.0950643023548,39.91563906149905,33.00128872417018,-0.003473428273706114,2,3,1,0,0,9,10,14275.0
2022-03-10,14275.0,14295.0,14320.0,14260.0,-0.49,14345.0,14395.0,14405.0,14365.0,14255.0,14340.0,14360.714285714286,14352.214285714286,14353.3,14330.133333333333,45.77377082161246,36.42944407390732,36.04513454160983,-0.004879749041477921,3,3,1,0,0,10,10,14300.0
2022-03-11,14300.0,14290.0,14317.5,14281.0,0.18,14275.0,14345.0,14395.0,14335.0,14315.0,14350.0,14355.714285714286,14351.142857142857,14351.633333333333,14329.633333333333,50.69751567117856,37.80284308070682,37.335832223226895,0.0017513134851139256,4,3,1,0,0,11,10,14330.0
2022-03-14,14330.0,14312.5,14342.5,14307.5,0.21,14300.0,14275.0,14345.0,14385.0,14325.0,14350.0,14347.857142857143,14351.5,14350.966666666667,14329.633333333333,49.65356170978402,37.55969607385489,37.543981870567656,0.002097902097902171,0,3,1,0,0,14,11,14325.0
2022-03-15,14325.0,14342.5,14347.5,14295.0,-0.03,14330.0,14300.0,14275.0,14385.0,14325.0,14385.0,14339.285714285714,14351.5,14348.966666666667,14329.383333333333,47.29592754028335,37.55969607385489,37.26557377111826,-0.00034891835310535413,1,3,1,0,0,15,11,14310.0
2022-03-16,14310.0,14300.0,14322.5,14292.5,-0.1,14325.0,14330.0,14300.0,14405.0,14361.0,14385.0,14325.714285714286,14347.857142857143,14346.466666666667,14328.466666666667,38.016287236246924,39.01253672741352,37.28060726632383,-0.0010471204188481353,2,3,1,0,0,16,11,14300.0
2022-03-17,14300.0,14290.0,14305.0,14260.0,-0.07,14310.0,14325.0,14330.0,14395.0,14335.0,14380.0,14312.142857142857,14345.357142857143,14343.8,14327.216666666667,23.24814380690876,40.972048900911545,37.65853843720426,-0.0006988120195667857,3,3,1,0,0,17,11,14340.0
2022-03-18,14340.0,14312.5,14347.5,14312.5,0.28,14300.0,14310.0,14325.0,14345.0,14380.0,14355.0,14311.42857142857,14342.5,14343.3,14327.666666666666,22.119803667216935,39.74679474168624,37.60424590827276,0.002797202797202747,4,3,1,0,0,18,11,14338.0
2022-03-21,14338.0,14345.0,14347.5,14330.5,-0.01,14340.0,14300.0,14310.0,14275.0,14365.0,14375.0,14320.42857142857,14340.57142857143,14342.066666666668,14328.55,17.067094488412202,39.22266669092916,37.13250582024859,-0.0001394700139469851,0,3,1,0,0,21,12,14356.0
2022-03-22,14356.0,14350.0,14371.0,14346.5,0.13,14338.0,14340.0,14300.0,14300.0,14335.0,14378.0,14328.42857142857,14342.07142857143,14341.333333333334,14330.366666666667,18.919629513899046,39.39438516270627,36.61197593130233,0.001255405216906036,1,3,1,0,0,22,12,14345.0
2022-03-23,14345.0,14337.5,14361.5,14334.5,-0.08,14356.0,14338.0,14340.0,14330.0,14385.0,14395.0,14330.57142857143,14339.214285714286,14339.666666666666,14332.45,19.948743843742182,37.44365730611372,35.195349744863634,-0.0007662301476734079,2,3,1,0,0,23,12,14344.0
2022-03-24,14344.0,14380.0,14380.0,14348.5,-0.01,14345.0,14356.0,14338.0,14325.0,14385.0,14390.0,14333.285714285714,14336.285714285714,14338.133333333333,14334.433333333332,20.352839979447726,35.11832432259641,33.9052771125249,-6.971070059258455e-05,3,3,1,0,0,24,12,14340.0
2022-03-25,14340.0,14340.0,14347.5,14332.5,-0.03,14344.0,14345.0,14356.0,14310.0,14405.0,14355.0,14337.57142857143,14331.642857142857,14337.633333333333,14336.35,17.60546451938637,29.119401785925735,33.758251438945244,-0.0002788622420524245,4,3,1,0,0,25,12,14362.0
2022-03-28,14362.0,14345.0,14366.5,14344.0,0.15,14340.0,14344.0,14345.0,14300.0,14395.0,14340.0,14346.42857142857,14329.285714285714,14338.366666666667,14338.216666666667,9.089502055130161,24.57775282642164,34.04913623201129,0.0015341701534170582,0,3,1,0,0,28,13,14363.0
2022-03-29,14363.0,14367.5,14371.0,14352.5,0.01,14362.0,14340.0,14344.0,14340.0,14345.0,14350.0,14349.714285714286,14330.57142857143,14338.8,14339.85,10.43574443420266,25.89836432394816,34.284207684251015,6.96281854895009e-05,1,3,1,0,0,29,13,14340.0
2022-03-30,14340.0,14340.0,14358.5,14332.5,-0.16,14363.0,14362.0,14340.0,14338.0,14275.0,14325.0,14350.0,14335.214285714286,14339.3,14341.35,10.082988974401449,20.415599506924533,34.18524585940368,-0.0016013367680847157,2,3,1,0,0,30,13,14368.0
2022-03-31,14368.0,14340.0,14369.0,14334.5,0.2,14340.0,14363.0,14362.0,14356.0,14300.0,14300.0,14351.714285714286,14340.07142857143,14341.566666666668,14343.083333333334,12.09289441074241,19.459877006728256,33.74108651963184,0.0019525801952580135,3,3,1,1,0,31,13,14365.0
2022-04-01,14365.0,14360.0,14370.0,14352.5,-0.02,14368.0,14340.0,14363.0,14345.0,14330.0,14255.0,14354.57142857143,14342.57142857143,14345.233333333334,14344.166666666666,12.594405409163821,20.296700320152812,29.750321160961402,-0.00020879732739420565,4,4,2,0,1,1,13,14353.0
2022-04-04,14353.0,14365.0,14372.5,14351.0,-0.08,14365.0,14368.0,14340.0,14344.0,14325.0,14315.0,14355.857142857143,14344.57142857143,14346.5,14344.133333333333,11.767590682359035,19.805649098014378,29.222983396730687,-0.0008353637312913387,0,4,2,0,0,4,14,14345.0
2022-04-05,14345.0,14340.0,14353.5,14337.5,-0.06,14353.0,14365.0,14368.0,14340.0,14310.0,14325.0,14356.57142857143,14347.07142857143,14347.166666666666,14343.383333333333,10.752629799747249,17.13504858585763,28.942372389372597,-0.00055737476485751,1,4,2,0,0,5,14,14355.0
2022-04-06,14355.0,14365.0,14376.5,14353.0,0.07,14345.0,14353.0,14365.0,14362.0,14300.0,14325.0,14355.57142857143,14351.0,14348.166666666666,14343.383333333333,10.485818086526322,10.553891003521894,28.66703421283002,0.0006971070059254014,2,4,2,0,0,6,14,14358.0
2022-04-07,14358.0,14362.5,14368.5,14351.0,0.02,14355.0,14345.0,14353.0,14363.0,14340.0,14361.0,14354.857142857143,14352.285714285714,14348.066666666668,14344.266666666666,10.056980517739007,10.20127119507527,28.62592667750299,0.0002089864158829613,3,4,2,0,0,7,14,14360.0
2022-04-08,14360.0,14375.0,14386.0,14355.0,0.01,14358.0,14355.0,14345.0,14340.0,14338.0,14335.0,14357.714285714286,14353.857142857143,14348.9,14345.266666666666,7.696628822379971,9.501879509611106,28.59629828923492,0.00013929516645783124,4,4,2,0,0,8,14,14365.0
2022-04-11,14365.0,14375.0,14380.0,14362.5,0.03,14360.0,14358.0,14355.0,14368.0,14356.0,14380.0,14357.285714285714,14354.5,14348.4,14346.1,7.087883691870303,9.95180694486579,28.161602618704304,0.0003481894150418885,0,4,2,0,0,11,15,14360.0
2022-04-12,14360.0,14365.0,14367.5,14357.5,-0.03,14365.0,14360.0,14358.0,14365.0,14345.0,14365.0,14356.57142857143,14355.57142857143,14348.233333333334,14347.266666666666,6.3994047335472715,9.653331710667123,28.07463370119221,-0.00034806822137134485,1,4,2,0,0,12,15,14362.0
2022-04-13,14362.0,14355.0,14370.0,14353.5,0.01,14360.0,14365.0,14360.0,14353.0,14344.0,14335.0,14357.857142857143,14356.857142857143,14349.133333333333,14348.383333333333,6.46602844108503,9.180725146468586,28.06855318939224,0.0001392757660167998,2,4,2,0,0,13,15,14343.0
2022-04-14,14343.0,14356.5,14360.0,14342.0,-0.13,14362.0,14360.0,14365.0,14345.0,14340.0,14385.0,14357.57142857143,14357.07142857143,14347.733333333334,14348.85,7.138093649131534,8.78341343542616,27.253513956430893,-0.001322935524300184,3,4,2,0,0,14,15,14353.0
2022-04-18,14353.0,14366.5,14366.5,14349.5,0.07,14343.0,14362.0,14360.0,14355.0,14362.0,14385.0,14357.285714285714,14356.42857142857,14346.666666666666,14349.15,7.296444012632466,8.724098236448116,26.35609375734233,0.0006972042111135224,0,4,2,0,0,18,16,14335.0
2022-04-19,14335.0,14357.5,14360.0,14328.0,-0.13,14353.0,14343.0,14362.0,14358.0,14363.0,14405.0,14354.0,14354.42857142857,14344.333333333334,14348.733333333334,11.105554165580639,10.188336357404538,24.007661612013,-0.0012540932209293976,1,4,2,0,0,19,16,14355.0
2022-04-20,14355.0,14355.0,14365.0,14342.5,0.14,14335.0,14353.0,14343.0,14360.0,14340.0,14395.0,14353.285714285714,14355.5,14343.0,14349.066666666668,10.812250547229233,9.304672106328054,22.134385793777266,0.0013951866062085205,2,4,2,0,0,20,16,14343.0
2022-04-21,14343.0,14347.5,14355.5,14339.0,-0.08,14355.0,14335.0,14353.0,14365.0,14368.0,14345.0,14350.142857142857,14353.714285714286,14342.933333333332,14349.2,10.007140307504365,9.118270508836035,22.13116593702507,-0.0008359456635318452,3,4,2,0,0,21,16,14356.0
2022-04-22,14356.0,14360.0,14367.5,14352.5,0.09,14343.0,14355.0,14335.0,14360.0,14365.0,14275.0,14349.57142857143,14353.07142857143,14345.633333333333,14349.466666666667,9.449111824765314,8.561670265297709,18.138325461840374,0.0009063654744474459,4,4,2,0,0,22,16,14455.0
2022-04-25,14455.0,14460.0,14477.5,14422.5,0.69,14356.0,14343.0,14355.0,14362.0,14353.0,14300.0,14362.857142857143,14360.357142857143,14350.8,14351.216666666667,41.353873544498114,28.55388197344247,25.338263282862897,0.006896071329061115,0,4,2,0,0,25,17,14410.0
2022-04-26,14410.0,14447.5,14450.0,14393.0,-0.31,14455.0,14356.0,14343.0,14343.0,14345.0,14330.0,14372.42857142857,14365.0,14353.466666666667,14352.216666666667,43.68011425058376,31.040915925071126,27.214009238538925,-0.0031131096506399336,1,4,2,0,0,26,17,14420.0
2022-04-27,14420.0,14420.0,14435.0,14404.5,0.07,14410.0,14455.0,14356.0,14353.0,14355.0,14325.0,14382.0,14369.642857142857,14356.633333333333,14352.8,45.99275305224937,34.136844841795416,29.239184069362928,0.000693962526023606,2,4,2,0,0,27,17,14495.0
2022-04-28,14495.0,14450.0,14502.5,14442.5,0.52,14420.0,14410.0,14455.0,14335.0,14358.0,14310.0,14404.857142857143,14379.42857142857,14362.8,14354.633333333333,57.147261734941054,47.545466960579766,37.42707852452516,0.005201109570041718,3,4,2,0,0,28,17,14555.0
2022-05-09,14555.0,14510.0,14562.5,14502.5,0.41,14495.0,14420.0,14410.0,14355.0,14360.0,14300.0,14433.42857142857,14393.357142857143,14371.3,14357.55,75.20828221864,66.28563731467901,49.63740941847442,0.004139358399448012,0,5,2,0,0,9,19,14555.0
2022-05-10,14555.0,14565.0,14570.0,14531.0,0.0,14555.0,14495.0,14420.0,14343.0,14365.0,14340.0,14463.714285714286,14406.92857142857,14378.466666666667,14360.883333333333,75.40935902502345,78.38020186171264,59.502960420759585,0.0,1,5,2,0,0,10,19,14555.0
2022-05-11,14555.0,14530.0,14561.0,14524.0,0.0,14555.0,14555.0,14495.0,14356.0,14360.0,14338.0,14492.142857142857,14420.857142857143,14385.7,14363.883333333333,64.79822160988314,86.32305792542572,67.11654814176913,0.0,2,5,2,0,0,11,19,14595.0
2022-05-12,14595.0,14540.0,14602.5,14537.5,0.27,14555.0,14555.0,14555.0,14455.0,14362.0,14356.0,14512.142857142857,14437.5,14393.666666666666,14367.5,72.5636010026414,96.01902856246294,76.93585923849147,0.0027481964960494043,3,5,2,0,0,12,19,14610.0
2022-05-13,14610.0,14610.0,14627.5,14594.5,0.1,14595.0,14555.0,14555.0,14410.0,14343.0,14345.0,14540.714285714286,14456.57142857143,14402.5,14371.083333333334,64.57738067801284,102.12715625082448,85.85181700314605,0.0010277492291881352,4,5,2,0,0,13,19,14645.0
2022-05-17,14645.0,14617.5,14669.0,14615.0,0.24,14610.0,14595.0,14555.0,14420.0,14353.0,14344.0,14572.857142857143,14477.42857142857,14412.533333333333,14375.333333333334,48.464518194294186,108.93803057434877,95.79242405185195,0.0023956194387406704,1,5,2,0,0,17,20,14685.0
2022-05-18,14685.0,14640.0,14692.5,14640.0,0.27,14645.0,14610.0,14595.0,14495.0,14335.0,14340.0,14600.0,14502.42857142857,14424.033333333333,14380.833333333334,50.74445782542279,113.79043780645951,106.85455255758231,0.0027313076135200287,2,5,2,0,0,18,20,14730.0
2022-05-19,14730.0,14671.5,14738.0,14671.5,0.31,14685.0,14645.0,14610.0,14555.0,14355.0,14362.0,14625.0,14529.214285714286,14436.3,14387.333333333334,65.76473218980406,120.36366597870274,119.82347648613441,0.003064351378958108,3,5,2,0,0,19,20,14650.0
2022-05-20,14650.0,14625.0,14677.5,14624.5,-0.54,14730.0,14685.0,14645.0,14555.0,14343.0,14363.0,14638.57142857143,14551.142857142857,14445.866666666667,14392.333333333334,58.28909887462639,111.46497010432934,125.10980923891445,-0.005431093007467802,4,5,2,0,0,20,20,14670.0
2022-05-23,14670.0,14645.0,14677.5,14637.5,0.14,14650.0,14730.0,14685.0,14555.0,14356.0,14340.0,14655.0,14573.57142857143,14456.866666666667,14398.083333333334,45.643546458733496,100.20034875202859,129.89643974125048,0.0013651877133105117,0,5,2,0,0,23,21,14655.0
2022-05-24,14655.0,14662.5,14670.0,14642.0,-0.1,14670.0,14650.0,14730.0,14595.0,14455.0,14368.0,14663.57142857143,14587.857142857143,14466.433333333332,14404.0,37.38474351411852,96.17120722346485,133.6404551935847,-0.0010224948875255935,1,5,2,0,0,24,21,14630.0
2022-05-25,14630.0,14645.0,14663.5,14627.5,-0.17,14655.0,14670.0,14650.0,14610.0,14410.0,14365.0,14666.42857142857,14603.57142857143,14475.266666666666,14410.25,33.13033425150556,81.76957708206923,135.4504447703518,-0.0017059024223814445,2,5,2,0,0,25,21,14575.0
2022-05-27,14575.0,14605.0,14607.5,14557.5,-0.38,14630.0,14655.0,14670.0,14645.0,14420.0,14353.0,14656.42857142857,14614.642857142857,14482.666666666666,14414.583333333334,47.93348566103134,63.441805123111266,134.60192480384387,-0.003759398496240629,4,5,2,0,0,27,21,14557.0
2022-05-30,14557.0,14532.5,14558.5,14520.0,-0.12,14575.0,14630.0,14655.0,14685.0,14495.0,14345.0,14638.142857142857,14619.07142857143,14489.733333333334,14418.45,58.47343719279521,56.19808959956951,132.67641043168646,-0.0012349914236706727,0,5,2,0,0,30,22,14580.0
2022-05-31,14580.0,14569.0,14602.0,14555.0,0.16,14557.0,14575.0,14630.0,14730.0,14555.0,14355.0,14616.714285714286,14620.857142857143,14497.233333333334,14422.7,45.172684540195,54.37315109827124,131.14816136669492,0.0015799958782716228,1,5,2,1,0,31,22,14480.0
2022-06-02,14480.0,14572.5,14585.0,14478.5,-0.69,14580.0,14557.0,14575.0,14650.0,14555.0,14358.0,14592.42857142857,14615.5,14501.3,14424.683333333332,65.44426927507521,64.1725438527378,128.54762970754354,-0.006858710562414272,3,6,2,0,0,2,22,14435.0
2022-06-03,14435.0,14435.0,14452.5,14420.0,-0.31,14480.0,14580.0,14557.0,14670.0,14555.0,14360.0,14558.857142857143,14606.92857142857,14503.8,14426.35,78.07566537536,79.1429711978677,126.4164982684702,-0.003107734806629847,4,6,2,0,0,3,22,14450.0
2022-06-06,14450.0,14455.0,14470.0,14449.0,0.1,14435.0,14480.0,14580.0,14655.0,14595.0,14365.0,14529.57142857143,14596.57142857143,14506.633333333333,14427.516666666666,74.36140832188583,89.6186057993075,124.13021064745513,0.0010391409767924742,0,6,2,0,0,6,23,14454.0
2022-06-07,14454.0,14462.5,14472.5,14454.5,0.03,14450.0,14435.0,14480.0,14630.0,14610.0,14360.0,14504.42857142857,14585.42857142857,14509.766666666666,14429.0,63.741292589240345,97.19822274821833,121.45885732612378,0.00027681660899658844,1,6,2,0,0,7,23,14490.0
2022-06-08,14490.0,14465.0,14497.5,14456.5,0.25,14454.0,14450.0,14435.0,14575.0,14645.0,14362.0,14492.285714285714,14574.357142857143,14514.033333333333,14431.583333333334,55.637859669167376,98.7067195455042,118.29608771128126,0.00249066002490661,2,6,2,0,0,8,23,14560.0
2022-06-09,14560.0,14512.5,14568.5,14512.5,0.48,14490.0,14454.0,14450.0,14557.0,14685.0,14343.0,14492.714285714286,14565.42857142857,14521.266666666666,14434.5,56.22785278281557,93.44164306806391,114.03506216194076,0.004830917874396157,3,6,2,0,0,9,23,14550.0
2022-06-10,14550.0,14580.0,14587.5,14544.0,-0.07,14560.0,14490.0,14454.0,14580.0,14730.0,14353.0,14488.42857142857,14552.57142857143,14527.833333333334,14437.25,49.16589991325467,80.54975938004547,109.59709388703881,-0.0006868131868131844,4,6,2,0,0,10,23,14678.0
2022-06-13,14678.0,14660.0,14686.5,14642.5,0.88,14550.0,14560.0,14490.0,14480.0,14650.0,14335.0,14516.714285714286,14554.57142857143,14539.266666666666,14441.8,86.3803879857364,83.45032081349613,106.63794153438536,0.008797250859106542,0,6,2,0,0,13,24,14695.0
2022-06-14,14695.0,14740.0,14771.0,14685.0,0.12,14678.0,14550.0,14560.0,14435.0,14670.0,14355.0,14553.857142857143,14556.357142857143,14550.6,14446.8,100.18387856239679,86.32818163829376,104.42340865840444,0.001158195939501283,1,6,2,0,0,14,24,14740.0
2022-06-15,14740.0,14707.5,14759.0,14697.5,0.31,14695.0,14678.0,14550.0,14450.0,14655.0,14343.0,14595.285714285714,14562.42857142857,14563.833333333334,14453.383333333333,109.5973148784568,96.22147072504364,102.34225315863898,0.003062266076896858,2,6,2,0,0,15,24,14765.0
2022-06-16,14765.0,14727.5,14770.0,14705.0,0.17,14740.0,14695.0,14678.0,14454.0,14630.0,14356.0,14639.714285714286,14572.07142857143,14577.466666666667,14461.55,105.7461020332894,109.37899129257991,100.93382377373116,0.0016960651289008588,3,6,2,0,0,16,24,14821.0
2022-06-17,14821.0,14835.0,14841.5,14727.5,0.38,14765.0,14740.0,14695.0,14490.0,14575.0,14455.0,14687.0,14589.642857142857,14589.666666666666,14470.233333333334,101.56442946883848,128.0514362652291,107.5249236009002,0.003792753132407789,4,6,2,0,0,17,24,14830.0
2022-06-20,14830.0,14840.0,14851.5,14815.0,0.06,14821.0,14765.0,14740.0,14560.0,14557.0,14410.0,14725.57142857143,14609.142857142857,14603.666666666666,14478.566666666668,96.43453244360572,142.6522706779921,110.62310456837035,0.0006072464745967565,0,6,2,0,0,20,25,14810.0
2022-06-21,14810.0,14820.0,14832.5,14767.5,-0.13,14830.0,14821.0,14765.0,14550.0,14580.0,14420.0,14762.714285714286,14625.57142857143,14616.666666666666,14486.65,61.16021115537135,151.9770804001346,111.20913300778976,-0.0013486176668914274,1,6,2,0,0,21,25,14865.0
2022-06-22,14865.0,14820.0,14873.5,14814.0,0.37,14810.0,14830.0,14821.0,14678.0,14480.0,14495.0,14789.42857142857,14653.07142857143,14629.0,14495.9,58.78451367169337,158.31053431354442,117.58489229713098,0.003713706954760365,2,6,2,0,0,22,25,14835.0
2022-06-23,14835.0,14840.0,14847.5,14812.5,-0.2,14865.0,14810.0,14830.0,14695.0,14435.0,14555.0,14809.42857142857,14681.642857142857,14638.333333333334,14504.816666666668,42.99944628656353,151.8914628391924,122.51765061663414,-0.0020181634712411745,3,6,2,0,0,23,25,14845.0
2022-06-24,14845.0,14844.0,14852.5,14827.5,0.07,14835.0,14865.0,14810.0,14740.0,14450.0,14555.0,14824.42857142857,14709.857142857143,14648.0,14513.233333333334,31.5270103395679,141.91159606886643,127.07179615983273,0.0006740815638692776,4,6,2,0,0,24,25,14800.0
2022-06-27,14800.0,14810.0,14820.0,14787.5,-0.3,14845.0,14835.0,14865.0,14765.0,14454.0,14555.0,14829.42857142857,14734.57142857143,14656.166666666666,14520.933333333332,21.808692019879096,122.76225571600736,128.75051612430298,-0.0030313236780060704,0,6,2,0,0,27,26,14835.0
2022-06-28,14835.0,14827.5,14847.5,14800.0,0.24,14800.0,14845.0,14835.0,14821.0,14490.0,14595.0,14831.42857142857,14759.214285714286,14664.166666666666,14528.916666666666,21.547290184258085,102.91383892202352,132.228142273764,0.0023648648648648685,1,6,2,0,0,28,26,14849.0
2022-06-29,14849.0,14850.0,14856.0,14820.0,0.09,14835.0,14800.0,14845.0,14830.0,14560.0,14610.0,14834.142857142857,14779.857142857143,14672.133333333333,14537.316666666668,22.51243042873134,87.74776538225616,135.998157526306,0.0009437141894168555,2,6,2,0,0,29,26,14895.0
2022-06-30,14895.0,14860.0,14897.5,14830.0,0.31,14849.0,14835.0,14800.0,14810.0,14550.0,14645.0,14846.285714285714,14804.5,14680.466666666667,14546.5,29.23875445199169,63.256194587995346,141.8133142265884,0.0030978517071855727,3,6,2,1,0,30,26,14935.0
2022-07-01,14935.0,14925.0,14972.5,14862.5,0.27,14895.0,14849.0,14835.0,14865.0,14678.0,14685.0,14856.285714285714,14822.857142857143,14688.8,14556.416666666666,44.62702576433546,60.97143989954581,149.23977467418842,0.0026854649211145443,4,7,3,0,1,1,26,14965.0
2022-07-04,14965.0,14945.0,14971.5,14927.0,0.2,14935.0,14895.0,14849.0,14835.0,14695.0,14730.0,14874.857142857143,14842.142857142857,14696.633333333333,14566.466666666667,59.02098093454278,60.11381147105071,157.42003625989528,0.002008704385671134,0,7,3,0,0,4,27,14985.0
2022-07-05,14985.0,14975.0,14995.0,14962.5,0.13,14965.0,14935.0,14895.0,14845.0,14740.0,14650.0,14894.857142857143,14859.642857142857,14707.8,14576.833333333334,69.92955639171882,63.648804620168164,165.6638474284664,0.0013364517206815307,1,7,3,0,0,5,27,14995.0
2022-07-06,14995.0,15017.5,15032.5,14988.0,0.07,14985.0,14965.0,14935.0,14800.0,14765.0,14670.0,14922.714285714286,14876.07142857143,14718.633333333333,14587.75,64.47147763601737,66.93908170303835,173.54567784541618,0.000667334000667319,2,7,3,0,0,6,27,14995.0
2022-07-07,14995.0,14982.5,14996.0,14965.0,0.0,14995.0,14985.0,14965.0,14835.0,14821.0,14655.0,14945.57142857143,14888.5,14729.966666666667,14598.2,55.99659853615528,71.8970952653667,180.22026433821227,0.0,3,7,3,0,0,7,27,14975.0
2022-07-08,14975.0,14985.0,14988.5,14957.5,-0.13,14995.0,14995.0,14985.0,14849.0,14830.0,14630.0,14963.57142857143,14898.857142857143,14741.466666666667,14608.366666666667,36.709931185165075,73.25283627193228,184.57607222160615,-0.0013337779259753324,4,7,3,0,0,8,27,14970.0
2022-07-11,14970.0,14982.5,14982.5,14951.5,-0.03,14975.0,14995.0,14995.0,14895.0,14810.0,14575.0,14974.285714285714,14910.285714285714,14754.633333333333,14618.65,20.902266908289803,70.76225479166672,186.3716130769202,-0.00033388981636062187,0,7,3,0,0,11,28,14985.0
2022-07-12,14985.0,14982.5,14996.0,14976.0,0.1,14970.0,14975.0,14995.0,14935.0,14865.0,14557.0,14981.42857142857,14918.857142857143,14768.9,14629.316666666668,11.801936887071072,72.10980637699629,187.10136474549998,0.0010020040080160886,1,7,3,0,0,12,28,14985.0
2022-07-13,14985.0,14975.0,14996.5,14966.5,0.0,14985.0,14970.0,14975.0,14965.0,14835.0,14580.0,14984.285714285714,14929.57142857143,14782.4,14639.816666666668,9.322272357397026,69.79829652438163,187.61196197427094,0.0,2,7,3,0,0,13,28,14990.0
2022-07-14,14990.0,14994.5,14998.0,14986.5,0.03,14985.0,14985.0,14970.0,14985.0,14845.0,14480.0,14985.0,14939.92857142857,14799.4,14650.35,9.574271077601797,66.98503195040982,182.29676449350518,0.0003336670003337705,3,7,3,0,0,14,28,14990.0
2022-07-15,14990.0,14994.5,14998.0,14977.5,0.0,14990.0,14985.0,14985.0,14995.0,14800.0,14435.0,14984.285714285714,14953.5,14817.9,14660.85,8.864052604320184,54.546733667091,171.90662060220114,0.0,4,7,3,0,0,15,28,14982.0
2022-07-18,14982.0,14974.5,14995.0,14950.0,-0.05,14990.0,14990.0,14985.0,14995.0,14835.0,14450.0,14982.42857142857,14964.0,14835.633333333333,14671.133333333333,7.502380574618611,42.882666391271236,159.64928876218363,-0.0005336891260840915,0,7,3,0,0,18,29,14975.0
2022-07-19,14975.0,14982.5,14996.5,14977.0,-0.05,14982.0,14990.0,14990.0,14975.0,14849.0,14454.0,14982.42857142857,14973.0,14853.0,14681.383333333333,7.50238057461861,27.27072253523794,144.3033203908836,-0.00046722733947401895,1,7,3,0,0,19,29,14985.0
2022-07-20,14985.0,14977.5,14992.0,14970.0,0.07,14975.0,14982.0,14990.0,14970.0,14895.0,14490.0,14984.57142857143,14979.42857142857,14869.5,14691.766666666666,5.126959555764593,15.5648236792168,128.83663807440982,0.0006677796327212437,2,7,3,0,0,20,29,15030.0
2022-07-21,15030.0,14990.0,15036.5,14990.0,0.3,14985.0,14975.0,14982.0,14985.0,14935.0,14560.0,14991.0,14986.214285714286,14885.166666666666,14703.216666666667,17.944358444949184,15.41317403934143,118.02602966351226,0.0030030030030030463,3,7,3,0,0,21,29,15015.0
2022-07-22,15015.0,15030.0,15037.5,15007.5,-0.1,15030.0,14985.0,14975.0,14985.0,14965.0,14550.0,14995.285714285714,14989.785714285714,14900.666666666666,14714.25,19.76288006775096,15.904419176804208,101.92740260729659,-0.0009980039920159944,4,7,3,0,0,22,29,14995.0
2022-07-25,14995.0,15000.0,15010.0,14967.5,-0.13,15015.0,15030.0,14985.0,14990.0,14985.0,14678.0,14996.0,14990.5,14911.233333333334,14725.25,19.62990915246992,15.897508268017562,94.18532111011025,-0.001332001332001287,0,7,3,0,0,25,30,14995.0
2022-07-26,14995.0,14957.5,15002.5,14940.0,0.0,14995.0,15015.0,15030.0,14990.0,14995.0,14695.0,14996.714285714286,14990.5,14921.233333333334,14735.916666666666,19.465476154095494,15.897508268017562,86.00628819549267,0.0,1,7,3,0,0,26,30,15010.0
2022-07-27,15010.0,14997.0,15025.0,14919.0,0.1,14995.0,14995.0,15015.0,14982.0,14995.0,14740.0,15000.714285714286,14991.57142857143,14930.233333333334,14747.033333333333,18.803495115865825,16.708884256217814,80.32678229577971,0.0010003334444814715,2,7,3,0,0,27,30,14930.0
2022-07-28,14930.0,14937.5,14977.5,14917.5,-0.53,15010.0,14995.0,14995.0,14975.0,14975.0,14765.0,14994.285714285714,14988.357142857143,14935.733333333334,14756.6,32.071349029504546,23.206786614177247,74.02466193562222,-0.00532978014656893,3,7,3,0,0,28,30,14830.0
2022-07-29,14830.0,14855.0,14887.5,14830.0,-0.67,14930.0,15010.0,14995.0,14985.0,14970.0,14821.0,14972.142857142857,14978.357142857143,14936.033333333333,14762.85,70.28852104345893,48.310863792122426,73.56042945483468,-0.0066979236436705,4,7,3,0,0,29,30,14870.0
2022-08-01,14870.0,14850.0,14887.5,14847.0,0.27,14830.0,14930.0,15010.0,15030.0,14985.0,14830.0,14949.285714285714,14970.142857142857,14937.366666666667,14770.516666666666,74.24220337452962,56.223259821507575,71.91637065221366,0.0026972353337828547,0,8,3,0,1,1,31,14890.0
2022-08-02,14890.0,14865.0,14992.5,14862.5,0.13,14870.0,14830.0,14930.0,15015.0,14985.0,14810.0,14931.42857142857,14963.357142857143,14940.033333333333,14778.35,70.75275528876872,59.90454861658707,68.42941660895342,0.0013449899125757003,1,8,3,0,0,2,31,14910.0
2022-08-03,14910.0,14910.0,14925.0,14890.0,0.13,14890.0,14870.0,14830.0,14995.0,14990.0,14865.0,14919.285714285714,14957.642857142857,14941.533333333333,14785.266666666666,65.09151067462334,60.97364770282369,67.21028930510693,0.001343183344526544,2,8,3,0,0,3,31,14930.0
2022-08-04,14930.0,14910.0,14939.0,14897.5,0.13,14910.0,14890.0,14870.0,14995.0,14990.0,14835.0,14910.0,14953.357142857143,14944.7,14791.516666666666,56.56854249492132,60.63206455869517,64.18784394505867,0.0013413816230718467,3,8,3,0,0,4,31,14890.0
2022-08-05,14890.0,14885.0,14920.0,14877.5,-0.27,14930.0,14910.0,14890.0,15010.0,14982.0,14845.0,14892.857142857143,14946.785714285714,14946.2,14797.1,35.45621041710962,62.25280787092976,62.27491884548491,-0.0026791694574681557,4,8,3,0,0,5,31,14875.0
2022-08-08,14875.0,14922.5,14940.0,14877.5,-0.1,14890.0,14930.0,14910.0,14930.0,14975.0,14800.0,14885.0,14939.642857142857,14948.7,14802.433333333332,31.75426480541996,64.46419058698372,57.52789428320809,-0.001007387508394908,0,8,3,0,0,8,32,14850.0
2022-08-09,14850.0,14865.0,14876.0,14847.5,-0.17,14875.0,14890.0,14930.0,14830.0,14985.0,14835.0,14887.857142857143,14930.0,14949.2,14806.683333333332,26.43500565176714,67.19661163546927,56.56269027375541,-0.001680672268907557,1,8,3,0,0,9,32,14870.0
2022-08-10,14870.0,14867.5,14880.5,14865.0,0.13,14850.0,14875.0,14890.0,14870.0,15030.0,14849.0,14887.857142857143,14918.57142857143,14949.9,14811.016666666666,26.43500565176714,62.30904896017503,55.39784011697081,0.0013468013468014295,2,8,3,0,0,10,32,14765.0
2022-08-11,14765.0,14815.0,14869.5,14760.0,-0.71,14870.0,14850.0,14875.0,14890.0,15015.0,14895.0,14870.0,14900.714285714286,14945.566666666668,14813.016666666666,53.30728530572433,68.10221793610425,64.22196602028448,-0.007061197041022149,3,8,3,0,0,11,32,14665.0
2022-08-12,14665.0,14745.0,14755.0,14659.0,-0.68,14765.0,14870.0,14850.0,14910.0,14995.0,14935.0,14835.0,14877.142857142857,14936.566666666668,14812.683333333332,90.27735042633213,87.34798411855748,82.165805175878,-0.00677277345072802,4,8,3,0,0,12,32,14740.0
2022-08-15,14740.0,14685.0,14744.0,14685.0,0.51,14665.0,14765.0,14870.0,14930.0,14995.0,14965.0,14807.857142857143,14858.92857142857,14929.066666666668,14812.85,85.38428538363851,87.46820458368255,89.42881327429495,0.005114217524718745,0,8,3,0,0,15,33,14765.0
2022-08-16,14765.0,14775.0,14782.5,14751.5,0.17,14740.0,14665.0,14765.0,14890.0,15010.0,14985.0,14790.0,14841.42857142857,14921.733333333334,14814.766666666666,78.10249675905514,79.01870692350539,93.60663597641579,0.0016960651289008588,1,8,3,0,0,16,33,14830.0
2022-08-18,14830.0,14777.5,14844.0,14777.5,0.44,14765.0,14740.0,14665.0,14875.0,14930.0,14995.0,14783.57142857143,14834.285714285714,14916.233333333334,14817.433333333332,71.51423434732317,74.80377260213187,93.99988383445081,0.004402302742973152,3,8,3,0,0,18,33,14835.0
2022-08-19,14835.0,14860.0,14875.0,14837.5,0.03,14830.0,14765.0,14740.0,14850.0,14830.0,14995.0,14781.42857142857,14834.642857142857,14910.9,14820.433333333332,69.38505396902003,74.7936722356942,93.91571790140507,0.0003371544167227736,4,8,3,0,0,19,33,14885.0
2022-08-22,14885.0,14875.0,14895.0,14860.0,0.34,14835.0,14830.0,14765.0,14870.0,14870.0,14975.0,14783.57142857143,14835.714285714286,14907.9,14824.683333333332,72.72747564905481,75.44374222999048,93.23250506111494,0.003370407819346166,0,8,3,0,0,22,34,14835.0
2022-08-23,14835.0,14897.5,14921.5,14825.0,-0.34,14885.0,14835.0,14830.0,14765.0,14890.0,14970.0,14793.57142857143,14831.785714285714,14903.4,14829.016666666666,74.53826118813534,73.81388088223079,93.38965459930658,-0.003359086328518668,1,8,3,0,0,23,34,14845.0
2022-08-24,14845.0,14847.5,14872.5,14822.0,0.07,14835.0,14885.0,14835.0,14665.0,14910.0,14985.0,14819.285714285714,14827.142857142857,14898.733333333334,14833.816666666668,49.70148986938697,70.48497618669653,92.66660051251293,0.0006740815638692776,2,8,3,0,0,24,34,14820.0
2022-08-25,14820.0,14827.5,14837.5,14815.0,-0.17,14845.0,14835.0,14885.0,14740.0,14930.0,14985.0,14830.714285714286,14819.285714285714,14893.233333333334,14837.816666666668,35.64039976258594,63.96685267906979,92.26561482010474,-0.0016840687100033724,3,8,3,0,0,25,34,14815.0
2022-08-26,14815.0,14797.5,14829.0,14797.0,-0.03,14820.0,14845.0,14835.0,14765.0,14890.0,14990.0,14837.857142857143,14813.92857142857,14887.4,14843.4,23.06822180277036,60.64330045452381,91.46531281445955,-0.0003373819163292602,4,8,3,0,0,26,34,14895.0
2022-08-29,14895.0,14865.0,14902.5,14840.0,0.54,14815.0,14820.0,14845.0,14830.0,14875.0,14990.0,14847.142857142857,14815.357142857143,14884.233333333334,14851.066666666668,31.072112745600307,62.40267146926581,89.41213499871579,0.005399932500843807,0,8,3,0,0,29,35,14840.0
2022-08-30,14840.0,14887.5,14896.0,14840.0,-0.37,14895.0,14815.0,14820.0,14835.0,14850.0,14982.0,14847.857142857143,14814.642857142857,14879.5,14857.566666666668,30.802751886944154,62.031762512017174,87.80218754622337,-0.0036925142665323873,1,8,3,0,0,30,35,14840.0
2022-08-31,14840.0,14847.5,14862.5,14837.5,0.0,14840.0,14895.0,14815.0,14885.0,14870.0,14975.0,14841.42857142857,14812.5,14875.0,14864.0,26.095064302495416,60.470908453061746,86.18344508586166,0.0,2,8,3,1,0,31,35,14880.0
2022-09-01,14880.0,14865.0,14892.5,14865.0,0.27,14840.0,14840.0,14895.0,14835.0,14765.0,14985.0,14847.857142857143,14820.714285714286,14871.5,14870.5,29.56026934600945,61.32690283143731,83.65724405411542,0.0026954177897573484,3,9,3,0,1,1,35,14895.0
2022-09-02,14895.0,14897.5,14907.5,14872.5,0.1,14880.0,14840.0,14840.0,14845.0,14665.0,15030.0,14855.0,14837.142857142857,14867.0,14876.083333333334,34.399612400905866,45.051862664903844,78.29651861709723,0.0010080645161290036,4,9,3,0,0,2,35,14900.0
2022-09-05,14900.0,14885.0,14932.5,14885.0,0.03,14895.0,14880.0,14840.0,14820.0,14740.0,15015.0,14866.42857142857,14848.57142857143,14863.166666666666,14881.916666666666,34.121631178552065,38.30186636365979,73.4668976985046,0.00033568311513931803,0,9,3,0,0,5,36,14885.0
2022-09-06,14885.0,14887.5,14897.5,14869.5,-0.1,14900.0,14895.0,14880.0,14815.0,14765.0,14995.0,14876.42857142857,14857.142857142857,14859.5,14885.366666666667,25.773740789519117,30.866604164593294,69.28638717848666,-0.0010067114093960106,1,9,3,0,0,6,36,14915.0
2022-09-07,14915.0,14912.5,14936.5,14825.0,0.2,14885.0,14900.0,14895.0,14895.0,14830.0,14995.0,14879.285714285714,14863.214285714286,14856.833333333334,14889.033333333333,29.072978781641066,33.374745336554746,65.31730685418651,0.0020154517971111563,2,9,3,0,0,7,36,14895.0
2022-09-08,14895.0,14897.5,14915.0,14893.5,-0.13,14915.0,14885.0,14900.0,14840.0,14835.0,15010.0,14887.142857142857,14867.5,14853.0,14891.616666666667,23.60387377407893,33.32531954810123,59.096647900492606,-0.001340931947703683,3,9,3,0,0,8,36,14828.0
2022-09-09,14828.0,14875.0,14885.0,14817.5,-0.45,14895.0,14915.0,14885.0,14840.0,14885.0,14930.0,14885.42857142857,14863.42857142857,14849.6,14892.666666666666,27.681866163347294,34.4845880516654,57.4243730541399,-0.004498153742866773,4,9,3,0,0,9,36,14840.0
2022-09-12,14840.0,14822.5,14846.5,14815.0,0.08,14828.0,14895.0,14915.0,14880.0,14835.0,14830.0,14879.714285714286,14863.785714285714,14849.933333333332,14892.983333333334,32.66861024343951,34.192168628366296,57.3356321375726,0.0008092797410303998,0,9,3,0,0,12,37,14850.0
2022-09-13,14850.0,14852.5,14876.0,14846.0,0.07,14840.0,14828.0,14895.0,14895.0,14845.0,14870.0,14873.285714285714,14864.142857142857,14849.266666666666,14893.316666666668,33.57436663941202,34.00646350836545,57.21040014742813,0.0006738544474393926,1,9,3,0,0,13,37,14905.0
2022-09-14,14905.0,14935.0,14944.0,14874.0,0.37,14850.0,14840.0,14828.0,14900.0,14820.0,14890.0,14874.0,14870.214285714286,14849.766666666666,14894.9,34.28313482359668,33.09468600340968,57.642586826610454,0.0037037037037037646,2,9,3,0,0,14,37,14895.0
2022-09-15,14895.0,14910.0,14912.5,14877.5,-0.07,14905.0,14850.0,14840.0,14885.0,14815.0,14910.0,14875.42857142857,14875.92857142857,14849.266666666666,14895.4,35.0183625300399,29.5438768486214,57.16517708566765,-0.0006709158000670623,3,9,3,0,0,15,37,14950.0
2022-09-16,14950.0,14930.0,14962.5,14921.5,0.37,14895.0,14905.0,14850.0,14915.0,14895.0,14930.0,14880.42857142857,14879.857142857143,14849.933333333332,14897.316666666668,43.16193208085128,35.35937943730665,58.24557602434838,0.0036925142665324984,4,9,3,0,0,16,37,14975.0
2022-09-19,14975.0,14970.0,14989.0,14960.0,0.17,14950.0,14895.0,14905.0,14895.0,14840.0,14890.0,14891.857142857143,14889.5,14852.766666666666,14899.483333333334,56.26552695753676,41.5243209538049,62.19528939525757,0.0016722408026756952,0,9,3,0,0,19,38,14980.0
2022-09-20,14980.0,14980.0,14990.0,14964.0,0.03,14975.0,14950.0,14895.0,14828.0,14840.0,14875.0,14913.57142857143,14899.5,14856.266666666666,14902.483333333334,56.841467090077785,45.36645660088966,66.30802382034771,0.00033388981636051085,1,9,3,0,0,20,38,14995.0
2022-09-21,14995.0,15017.5,15024.0,14997.5,0.1,14980.0,14975.0,14950.0,14840.0,14880.0,14850.0,14935.714285714286,14907.714285714286,14861.1,14905.15,53.49677337844787,51.55345033713034,70.95717503978304,0.0010013351134845472,2,9,3,0,0,21,38,15015.0
2022-09-22,15015.0,15007.5,15042.5,15007.5,0.13,14995.0,14980.0,14975.0,14850.0,14895.0,14870.0,14959.285714285714,14916.285714285714,14865.933333333332,14907.916666666666,45.13208129374563,58.75035655643966,76.32007614618631,0.0013337779259752214,3,9,3,0,0,22,38,15035.0
2022-09-23,15035.0,15010.0,15043.5,15010.0,0.13,15015.0,14995.0,14980.0,14905.0,14900.0,14765.0,14977.857142857143,14925.92857142857,14874.933333333332,14910.25,45.81276594804332,66.44658269280957,79.84551175299391,0.001332001332001287,4,9,3,0,0,23,38,15125.0
2022-09-26,15125.0,15060.0,15132.5,15060.0,0.6,15035.0,15015.0,14995.0,14895.0,14885.0,14665.0,15010.714285714286,14943.07142857143,14890.266666666666,14913.416666666666,57.476703355119156,83.77484869952713,82.2720186785404,0.005986032590621804,0,9,3,0,0,26,39,15120.0
2022-09-27,15120.0,15135.0,15172.0,15122.5,-0.03,15125.0,15035.0,15015.0,14950.0,14915.0,14740.0,15035.0,14957.714285714286,14902.933333333332,14916.0,63.179638070091414,95.57552677638857,87.42994568378451,-0.00033057851239670644,1,9,3,0,0,27,39,15260.0
2022-09-28,15260.0,15160.0,15276.5,15160.0,0.93,15120.0,15125.0,15035.0,14975.0,14895.0,14765.0,15075.714285714286,14983.785714285714,14919.433333333332,14920.583333333334,99.47481136066212,123.00042437124489,105.36952491863877,0.0092592592592593,2,9,3,0,0,28,39,15260.0
2022-09-29,15260.0,15220.0,15280.0,15212.5,0.0,15260.0,15120.0,15125.0,14980.0,14828.0,14830.0,15115.714285714286,15014.642857142857,14933.766666666666,14925.0,110.28102630056604,134.55716951553612,120.88800269411577,0.0,3,9,3,0,0,29,39,15225.0
2022-09-30,15225.0,15190.0,15247.5,15180.0,-0.23,15260.0,15260.0,15120.0,14995.0,14840.0,14835.0,15148.57142857143,15042.142857142857,14946.766666666666,14928.833333333334,102.29509134991363,135.4581156623737,130.48918130156105,-0.002293577981651418,4,9,3,1,0,30,39,15300.0
2022-10-03,15300.0,15245.0,15307.5,15245.0,0.49,15225.0,15260.0,15260.0,15015.0,14850.0,14885.0,15189.285714285714,15074.285714285714,14960.6,14934.25,96.84302467691197,139.6817418666012,144.915337947312,0.0049261083743843415,0,10,4,0,0,3,40,15245.0
2022-10-04,15245.0,15282.5,15312.5,15237.5,-0.36,15300.0,15225.0,15260.0,15035.0,14905.0,14835.0,15219.285714285714,15098.57142857143,14974.266666666666,14938.833333333334,69.84677106762342,137.52522246149897,151.82997144784918,-0.0035947712418300526,1,10,4,0,0,4,40,15190.0
2022-10-05,15190.0,15182.5,15220.0,15156.5,-0.36,15245.0,15300.0,15225.0,15125.0,14895.0,14845.0,15228.57142857143,15119.642857142857,14985.766666666666,14942.25,58.64542364317354,126.05652403840317,154.73908703828113,-0.003607740242702495,2,10,4,0,0,5,40,15185.0
2022-10-06,15185.0,15205.0,15211.0,15183.5,-0.03,15190.0,15245.0,15300.0,15120.0,14950.0,14820.0,15237.857142857143,15136.42857142857,14997.933333333332,14945.583333333334,41.11540089160932,117.05404030423314,155.60292819975174,-0.0003291639236340238,3,10,4,0,0,6,40,15250.0
2022-10-07,15250.0,15222.5,15262.5,15220.5,0.43,15185.0,15190.0,15245.0,15260.0,14975.0,14815.0,15236.42857142857,15156.07142857143,15012.433333333332,14949.916666666666,40.385051454145,110.7870197097104,158.21432066768435,0.004280540006585509,4,10,4,0,0,7,40,15310.0
2022-10-10,15310.0,15275.0,15315.0,15270.0,0.39,15250.0,15185.0,15190.0,15260.0,14980.0,14895.0,15243.57142857143,15179.642857142857,15026.266666666666,14955.25,48.79500364744244,105.41975230344366,165.56443340634553,0.003934426229508237,0,10,4,0,0,10,41,15355.0
2022-10-11,15355.0,15330.0,15372.5,15330.0,0.29,15310.0,15250.0,15185.0,15225.0,14995.0,14840.0,15262.142857142857,15205.357142857143,15043.433333333332,14961.466666666667,63.17021600784405,100.71789020073734,172.15323633779815,0.0029392553886349315,1,10,4,0,0,11,41,15355.0
2022-10-12,15355.0,15364.0,15390.0,15355.5,0.0,15355.0,15310.0,15250.0,15300.0,15015.0,14840.0,15270.0,15229.642857142857,15060.6,14967.8,71.53087911292657,91.89174830466001,176.78285920957714,0.0,2,10,4,0,0,12,41,15360.0
2022-10-13,15360.0,15352.5,15367.5,15342.0,0.03,15355.0,15355.0,15310.0,15245.0,15035.0,14880.0,15286.42857142857,15252.857142857143,15076.6,14974.05,77.76643908281034,79.09863087618024,181.53153046149376,0.0003256268316509381,3,10,4,0,0,13,41,15425.0
2022-10-14,15425.0,15365.0,15426.5,15362.5,0.42,15360.0,15355.0,15355.0,15190.0,15125.0,14895.0,15320.0,15274.285714285714,15094.266666666666,14980.633333333333,79.89576542805395,82.36544138143181,188.88948298297876,0.004231770833333259,4,10,4,0,0,14,41,15485.0
2022-10-17,15485.0,15467.5,15496.5,15459.5,0.39,15425.0,15360.0,15355.0,15185.0,15120.0,14900.0,15362.857142857143,15300.357142857143,15113.766666666666,14988.466666666667,75.76593027527149,87.3865040998461,198.11380973865238,0.0038897893030793718,0,10,4,0,0,17,42,15465.0
2022-10-18,15465.0,15470.0,15485.0,15447.5,-0.13,15485.0,15425.0,15360.0,15250.0,15260.0,14885.0,15393.57142857143,15315.0,15133.1,14996.3,65.2376607562941,96.77491728374396,203.25291701677818,-0.0012915724895059544,1,10,4,0,0,18,42,15495.0
2022-10-19,15495.0,15475.0,15503.0,15465.0,0.19,15465.0,15485.0,15425.0,15310.0,15260.0,14915.0,15420.0,15331.785714285714,15152.433333333332,15004.633333333333,63.17963807008878,106.40284739590524,209.28707941285415,0.0019398642095054264,2,10,4,0,0,19,42,15570.0
2022-10-20,15570.0,15545.0,15587.5,15476.5,0.48,15495.0,15465.0,15485.0,15355.0,15225.0,14895.0,15450.714285714286,15356.42857142857,15174.933333333332,15013.966666666667,77.05131252551921,118.97686542090501,216.8054798475365,0.004840271055179146,3,10,4,0,0,20,42,15630.0
2022-10-21,15630.0,15580.0,15635.5,15577.5,0.39,15570.0,15495.0,15465.0,15355.0,15300.0,14828.0,15490.0,15380.0,15201.666666666666,15025.633333333333,89.25618559330648,138.09138557172835,221.9363582795817,0.003853564547206201,4,10,4,0,0,21,42,15585.0
2022-10-24,15585.0,15575.0,15607.5,15562.5,-0.29,15630.0,15570.0,15495.0,15360.0,15245.0,14840.0,15522.142857142857,15404.285714285714,15226.5,15038.216666666667,73.81605193864908,142.35461061983008,221.7530079879184,-0.0028790786948176272,0,10,4,0,0,24,43,15620.0
2022-10-25,15620.0,15590.0,15623.0,15590.0,0.22,15585.0,15630.0,15570.0,15425.0,15190.0,14850.0,15550.0,15435.0,15252.166666666666,15050.716666666667,67.57711644237456,138.91059659378487,221.2335453975293,0.002245749117741447,1,10,4,0,0,25,43,15569.0
2022-10-26,15569.0,15600.0,15619.0,15560.0,-0.33,15620.0,15585.0,15630.0,15485.0,15185.0,14905.0,15562.0,15462.42857142857,15274.3,15062.033333333333,61.27533489640141,122.71713207772243,218.5016610052057,-0.003265044814340534,2,10,4,0,0,26,43,15565.0
2022-10-27,15565.0,15550.0,15627.5,15535.0,-0.03,15569.0,15620.0,15585.0,15465.0,15250.0,14895.0,15576.285714285714,15484.92857142857,15296.633333333333,15072.95,44.15772595938469,108.868632400546,212.5559534176773,-0.0002569208041620641,3,10,4,0,0,27,43,15548.0
2022-10-28,15548.0,15567.5,15567.5,15520.0,-0.11,15565.0,15569.0,15620.0,15495.0,15310.0,14950.0,15583.857142857143,15501.92857142857,15316.566666666668,15083.25,30.251328188066847,97.43357838901258,206.892556378961,-0.0010921940250562256,4,10,4,0,0,28,43,15595.0
2022-10-31,15595.0,15577.5,15612.5,15562.5,0.3,15548.0,15565.0,15569.0,15570.0,15355.0,14975.0,15587.42857142857,15519.07142857143,15337.233333333334,15095.0,29.81530447524564,90.45735441034182,202.5165269258896,0.0030228968356058594,0,10,4,1,0,31,44,15625.0
2022-11-01,15625.0,15630.0,15661.5,15553.5,0.19,15595.0,15548.0,15565.0,15630.0,15355.0,14980.0,15586.714285714286,15538.357142857143,15358.733333333334,15107.5,28.663067326625484,81.08268063394212,197.45814629990107,0.0019236934915036752,1,11,4,0,1,1,44,15645.0
2022-11-02,15645.0,15660.5,15671.5,15630.0,0.13,15625.0,15595.0,15548.0,15585.0,15360.0,14995.0,15595.285714285714,15558.714285714286,15380.4,15120.75,36.07729796659577,67.49749690022853,191.74922559740423,0.0012799999999999478,2,11,4,0,0,2,44,15695.0
2022-11-03,15695.0,15655.0,15698.5,15645.0,0.32,15645.0,15625.0,15595.0,15620.0,15425.0,15015.0,15606.0,15578.0,15403.066666666668,15134.5,52.18237250258868,64.87502778922737,187.20336228427402,0.003195909236177741,3,11,4,0,0,3,44,15735.0
2022-11-04,15735.0,15750.0,15760.0,15715.0,0.25,15695.0,15645.0,15625.0,15569.0,15485.0,15035.0,15629.714285714286,15595.857142857143,15426.4,15150.666666666666,67.91346033914488,71.38719680737736,183.329475403401,0.0025485823510671413,4,11,4,0,0,4,44,15705.0
2022-11-07,15705.0,15662.5,15710.0,15660.0,-0.19,15735.0,15695.0,15645.0,15565.0,15465.0,15125.0,15649.714285714286,15613.0,15445.733333333334,15168.0,66.27396242293229,66.17226934790872,181.01665637454275,-0.0019065776930410339,0,11,4,0,0,7,45,15695.0
2022-11-08,15695.0,15670.0,15702.5,15667.5,-0.06,15705.0,15735.0,15695.0,15548.0,15495.0,15120.0,15670.714285714286,15627.285714285714,15464.9,15183.916666666666,49.95235825500004,60.04284184668041,175.70102937689208,-0.0006367398917541678,1,11,4,0,0,8,45,15658.0
2022-11-09,15658.0,15662.5,15672.5,15632.5,-0.24,15695.0,15705.0,15735.0,15595.0,15570.0,15260.0,15679.714285714286,15633.57142857143,15478.166666666666,15198.8,38.36975495407421,58.16120076655697,174.71929868590567,-0.0023574386747371445,2,11,4,0,0,9,45,15690.0
2022-11-10,15690.0,15677.5,15712.5,15677.5,0.2,15658.0,15695.0,15705.0,15625.0,15630.0,15260.0,15689.0,15637.857142857143,15492.5,15213.133333333333,29.8384539366698,60.05748162205485,173.8401465475836,0.0020436837399413488,3,11,4,0,0,10,45,15490.0
2022-11-11,15490.0,15560.0,15565.0,15392.5,-1.27,15690.0,15658.0,15695.0,15645.0,15585.0,15225.0,15666.857142857143,15631.07142857143,15501.333333333334,15224.05,81.21458935319043,70.8806844524937,166.35034349700123,-0.01274697259400892,4,11,4,0,0,11,45,15515.0
2022-11-14,15515.0,15465.0,15527.5,15462.5,0.16,15490.0,15690.0,15658.0,15695.0,15620.0,15300.0,15641.142857142857,15623.57142857143,15508.5,15234.55,97.65146964489466,77.39778796774716,161.95055652445814,0.0016139444803098257,0,11,4,0,0,14,46,15535.0
2022-11-15,15535.0,15530.0,15622.5,15525.0,0.13,15515.0,15490.0,15690.0,15735.0,15569.0,15245.0,15612.57142857143,15621.142857142857,15518.166666666666,15246.216666666667,94.83117831679132,79.73982418040805,154.14705995222525,0.0012890750886238589,1,11,4,0,0,15,46,15600.0
2022-11-16,15600.0,15570.0,15628.5,15565.0,0.42,15535.0,15515.0,15490.0,15705.0,15565.0,15190.0,15597.57142857143,15623.642857142857,15531.833333333334,15258.8,85.63265954617596,78.38132346429619,141.72315979736422,0.004184100418409997,2,11,4,0,0,16,46,15660.0
2022-11-17,15660.0,15660.0,15705.0,15642.5,0.38,15600.0,15535.0,15515.0,15695.0,15548.0,15185.0,15592.57142857143,15631.642857142857,15547.666666666666,15272.8,79.82033396500348,75.73801722140473,127.4539357850002,0.0038461538461538325,3,11,4,0,0,17,46,15685.0
2022-11-18,15685.0,15670.0,15697.5,15670.0,0.16,15660.0,15600.0,15535.0,15658.0,15595.0,15250.0,15596.42857142857,15638.07142857143,15562.166666666666,15287.3,84.04930525759646,76.20666666269048,116.71334862425438,0.0015964240102170901,4,11,4,0,0,18,46,15710.0
2022-11-21,15710.0,15690.0,15717.5,15682.5,0.16,15685.0,15660.0,15600.0,15690.0,15625.0,15310.0,15599.285714285714,15644.142857142857,15575.5,15300.883333333333,88.00703435087993,78.43846891975659,109.54002575013139,0.0015938795027095054,0,11,4,0,0,21,47,15695.0
2022-11-22,15695.0,15710.0,15727.5,15694.5,-0.1,15710.0,15685.0,15660.0,15490.0,15645.0,15355.0,15628.57142857143,15647.714285714286,15586.833333333334,15315.133333333333,79.25245977855079,79.61003857328772,103.35378922461645,-0.0009548058561426043,1,11,4,0,0,22,47,15685.0
2022-11-23,15685.0,15692.5,15709.5,15684.0,-0.06,15695.0,15710.0,15685.0,15515.0,15695.0,15355.0,15652.857142857143,15647.0,15597.833333333334,15329.216666666667,63.0381592672851,79.19693078671662,95.0568190638346,-0.0006371455877668408,2,11,4,0,0,23,47,15663.0
2022-11-24,15663.0,15640.0,15667.5,15635.0,-0.14,15685.0,15695.0,15710.0,15535.0,15735.0,15360.0,15671.142857142857,15641.857142857143,15607.933333333332,15342.266666666666,35.85818628719738,75.28393141668815,84.41683658376643,-0.0014026139623843914,3,11,4,0,0,24,47,15670.0
2022-11-25,15670.0,15645.0,15681.0,15632.5,0.04,15663.0,15685.0,15695.0,15600.0,15705.0,15425.0,15681.142857142857,15639.357142857143,15616.1,15355.183333333332,18.050194564247647,73.58784090835032,77.69229758095662,0.0004469131073230326,4,11,4,0,0,25,47,15720.0
2022-11-28,15720.0,15692.5,15737.5,15685.0,0.32,15670.0,15663.0,15685.0,15660.0,15695.0,15485.0,15689.714285714286,15641.142857142857,15623.933333333332,15368.85,20.426406811664627,75.32479124236905,75.84327457863441,0.0031908104658582293,0,11,4,0,0,28,48,15740.0
2022-11-29,15740.0,15722.5,15748.0,15707.0,0.13,15720.0,15670.0,15663.0,15685.0,15658.0,15465.0,15697.57142857143,15647.0,15633.1,15383.1,27.62159265773355,79.79203738877315,72.51746519687629,0.0012722646310432406,1,11,4,0,0,29,48,15730.0
2022-11-30,15730.0,15735.0,15749.0,15725.0,-0.06,15740.0,15720.0,15670.0,15710.0,15690.0,15495.0,15700.42857142857,15649.857142857143,15640.933333333332,15396.683333333332,30.049166060802843,82.13202986382592,69.72405379867355,-0.0006353240152477957,2,11,4,1,0,30,48,15560.0
2022-12-01,15560.0,15622.5,15642.5,15545.0,-1.08,15730.0,15740.0,15720.0,15695.0,15490.0,15570.0,15681.142857142857,15654.857142857143,15640.6,15407.766666666666,61.24385294711001,73.3084706429877,70.09776424168993,-0.010807374443738027,3,12,4,0,1,1,48,15425.0
2022-12-02,15425.0,15450.0,15470.0,15405.0,-0.87,15560.0,15730.0,15740.0,15685.0,15515.0,15630.0,15644.0,15648.42857142857,15633.766666666666,15417.716666666667,114.34013585204968,88.82109441494703,80.40144248695084,-0.008676092544987135,4,12,4,0,0,2,48,15465.0
2022-12-05,15465.0,15375.0,15475.0,15365.0,0.26,15425.0,15560.0,15730.0,15663.0,15535.0,15585.0,15615.714285714286,15643.42857142857,15629.766666666666,15428.133333333333,131.9857495915265,97.2662596926989,85.7203485811803,0.002593192868719507,0,12,4,0,0,5,49,15615.0
2022-12-06,15615.0,15510.0,15629.0,15480.0,0.97,15465.0,15425.0,15560.0,15670.0,15600.0,15620.0,15607.857142857143,15644.5,15629.6,15440.883333333333,129.835060200017,96.83272650792786,85.74485005120918,0.009699321047526688,1,12,4,0,0,6,49,15635.0
2022-12-07,15635.0,15615.0,15644.5,15587.5,0.13,15615.0,15465.0,15425.0,15720.0,15660.0,15569.0,15595.714285714286,15642.714285714286,15631.8,15453.05,121.29264100473762,96.75538432297542,84.97967302564597,0.001280819724623683,2,12,4,0,0,7,49,15620.0
2022-12-08,15620.0,15615.0,15636.5,15585.0,-0.1,15635.0,15615.0,15465.0,15740.0,15685.0,15565.0,15578.57142857143,15638.07142857143,15633.633333333333,15465.133333333333,104.86953345761933,96.12769094759004,84.07733850767505,-0.0009593859929645232,3,12,4,0,0,8,49,15582.0
2022-12-09,15582.0,15575.0,15597.5,15564.5,-0.24,15620.0,15635.0,15615.0,15730.0,15710.0,15548.0,15557.42857142857,15628.92857142857,15634.766666666666,15475.666666666666,81.58606323561524,94.8387005434058,83.1067793959593,-0.002432778489116494,4,12,4,0,0,9,49,15625.0
2022-12-12,15625.0,15592.5,15652.5,15587.5,0.28,15582.0,15620.0,15635.0,15560.0,15695.0,15595.0,15566.714285714286,15623.92857142857,15635.766666666666,15486.5,85.53111380410847,92.91308120616542,82.79167180036688,0.002759594403799248,0,12,4,0,0,12,50,15655.0
2022-12-13,15655.0,15655.0,15673.5,15636.5,0.19,15625.0,15582.0,15620.0,15425.0,15685.0,15625.0,15599.57142857143,15621.785714285714,15636.766666666666,15497.75,63.30839107852675,91.73471666518152,82.83830670306271,0.0019199999999999218,1,12,4,0,0,13,50,15590.0
2022-12-14,15590.0,15557.5,15647.5,15555.0,-0.42,15655.0,15625.0,15582.0,15465.0,15663.0,15645.0,15617.42857142857,15616.57142857143,15634.933333333332,15507.666666666666,25.15854488938811,91.28544772807994,83.2573630720225,-0.004152028106036432,2,12,4,0,0,14,50,15615.0
2022-12-15,15615.0,15607.5,15642.5,15582.5,0.16,15590.0,15655.0,15625.0,15615.0,15670.0,15695.0,15617.42857142857,15612.642857142857,15632.266666666666,15517.666666666666,25.15854488938811,89.98342338119643,82.54525752694325,0.001603592046183433,3,12,4,0,0,15,50,15595.0
2022-12-16,15595.0,15622.5,15642.0,15570.0,-0.13,15615.0,15590.0,15655.0,15635.0,15720.0,15735.0,15611.714285714286,15603.714285714286,15627.6,15527.0,25.044721903769997,84.54896493991467,80.46828460670558,-0.001280819724623794,4,12,4,0,0,16,50,15595.0
2022-12-19,15595.0,15615.0,15631.0,15597.5,0.0,15595.0,15615.0,15590.0,15620.0,15740.0,15705.0,15608.142857142857,15593.357142857143,15623.933333333332,15534.833333333334,25.44555345193619,74.90055678349258,79.3177517778086,0.0,0,12,4,0,0,19,51,15600.0
2022-12-20,15600.0,15585.0,15630.0,15575.0,0.03,15595.0,15595.0,15615.0,15582.0,15730.0,15695.0,15610.714285714286,15584.07142857143,15620.766666666666,15542.833333333334,23.171205447793604,63.90914739505772,78.27215267907958,0.0003206155819173162,1,12,4,0,0,20,51,15585.0
2022-12-21,15585.0,15592.5,15612.5,15582.5,-0.1,15600.0,15595.0,15595.0,15625.0,15560.0,15658.0,15605.0,15585.857142857143,15618.333333333334,15548.25,23.97915761654746,63.53298009950104,78.20941531323368,-0.0009615384615384581,2,12,4,0,0,21,51,15580.0
2022-12-22,15580.0,15577.5,15607.5,15565.0,-0.03,15585.0,15600.0,15595.0,15655.0,15425.0,15690.0,15594.285714285714,15596.92857142857,15614.666666666666,15553.583333333334,11.33893419025251,43.779981876086794,77.30697132892819,-0.0003208213025345241,3,12,4,0,0,22,51,15590.0
2022-12-23,15590.0,15582.5,15612.5,15582.5,0.06,15580.0,15585.0,15600.0,15590.0,15465.0,15490.0,15594.285714285714,15605.857142857143,15618.0,15559.666666666666,11.33893419025251,22.263654901064736,73.82364820599474,0.0006418485237484894,4,12,4,0,0,23,51,15630.0
2022-12-26,15630.0,15592.5,15647.5,15592.5,0.26,15590.0,15580.0,15585.0,15615.0,15615.0,15515.0,15596.42857142857,15606.92857142857,15621.833333333334,15565.166666666666,16.25686668104043,23.08334159570484,71.2310874271312,0.0025657472738935816,0,12,4,0,0,26,52,15660.0
2022-12-27,15660.0,15622.5,15672.5,15592.5,0.19,15630.0,15590.0,15580.0,15595.0,15635.0,15535.0,15605.714285714286,15608.714285714286,15626.0,15572.083333333334,28.92930628107025,26.181110544318607,69.61420782422273,0.0019193857965451588,1,12,4,0,0,27,52,15700.0
2022-12-28,15700.0,15657.5,15722.5,15657.5,0.26,15660.0,15630.0,15590.0,15595.0,15620.0,15600.0,15620.714285714286,15614.42857142857,15629.333333333334,15580.583333333334,45.132081293727616,35.79796789452712,70.71181598219476,0.0025542784163474774,2,12,4,0,0,28,52,15655.0
2022-12-29,15655.0,15745.0,15765.0,15657.5,-0.29,15700.0,15660.0,15630.0,15600.0,15582.0,15660.0,15628.57142857143,15619.642857142857,15629.166666666666,15588.416666666666,45.70870501648899,36.0269282665407,70.64290155556631,-0.0028662420382166154,3,12,4,0,0,29,52,15565.0
2022-12-30,15565.0,15637.5,15655.0,15545.0,-0.57,15655.0,15700.0,15660.0,15585.0,15625.0,15685.0,15625.714285714286,15615.357142857143,15625.166666666666,15593.666666666666,49.36501556673021,38.80247244718972,70.76970096497675,-0.005748961992973478,4,12,4,0,0,30,52,15570.0
2023-01-02,15570.0,15490.0,15583.5,15490.0,0.03,15565.0,15655.0,15700.0,15580.0,15655.0,15710.0,15624.285714285714,15609.285714285714,15620.5,15598.0,51.025203856233865,38.772370358026095,69.5888169768354,0.00032123353678126243,0,1,1,0,0,2,1,15595.0
2023-01-03,15595.0,15595.0,15612.5,15550.0,0.16,15570.0,15565.0,15655.0,15590.0,15590.0,15695.0,15625.0,15609.642857142857,15617.166666666666,15602.0,50.49752469179831,38.60372070967354,68.2798921947054,0.0016056518946692133,1,1,1,0,0,3,1,15585.0
2023-01-04,15585.0,15612.5,15633.0,15580.0,-0.06,15595.0,15570.0,15565.0,15630.0,15615.0,15685.0,15618.57142857143,15607.5,15613.833333333334,15605.833333333334,52.576474913069696,39.11275613135661,67.28789578742925,-0.0006412311638345214,2,1,1,0,0,4,1,15605.0
2023-01-05,15605.0,15580.0,15622.5,15565.0,0.13,15585.0,15595.0,15570.0,15660.0,15595.0,15663.0,15610.714285714286,15608.214285714286,15611.9,15609.916666666666,49.3650155667339,38.95792320058967,66.65678949789458,0.0012832852101378744,3,1,1,0,0,5,1,15630.0
2023-01-06,15630.0,15635.0,15643.0,15603.5,0.16,15605.0,15585.0,15595.0,15700.0,15595.0,15670.0,15600.714285714286,15610.714285714286,15610.566666666668,15613.333333333334,32.45876504999496,39.16715376369763,65.84971569741981,0.001602050624799789,4,1,1,0,0,6,1,15565.0
2023-01-09,15565.0,15580.0,15590.0,15555.0,-0.42,15630.0,15605.0,15585.0,15655.0,15600.0,15720.0,15587.857142857143,15608.214285714286,15605.4,15614.666666666666,24.127636791499288,40.97875353938309,62.98582215914364,-0.004158669225847733,0,1,1,0,0,9,2,15570.0
2023-01-10,15570.0,15574.0,15598.5,15547.5,0.03,15565.0,15630.0,15605.0,15565.0,15585.0,15740.0,15588.57142857143,15607.142857142857,15599.733333333334,15616.416666666666,23.40126166724089,41.81986488242626,57.90058860563895,0.00032123353678126243,1,1,1,0,0,10,2,15480.0
2023-01-11,15480.0,15565.0,15575.0,15470.0,-0.58,15570.0,15565.0,15630.0,15570.0,15580.0,15730.0,15575.714285714286,15600.0,15591.4,15616.166666666666,47.55948656056635,53.672797864958675,56.478619695586296,-0.005780346820809301,2,1,1,0,0,11,2,15336.0
2023-01-12,15336.0,15470.0,15470.0,15290.0,-0.93,15480.0,15570.0,15565.0,15595.0,15590.0,15560.0,15538.714285714286,15581.857142857143,15583.933333333332,15612.266666666666,100.89551408217072,88.76837373585353,73.12621744710387,-0.009302325581395321,3,1,1,0,0,12,2,15140.0
2023-01-13,15140.0,15210.0,15237.5,15135.5,-1.28,15336.0,15480.0,15570.0,15585.0,15630.0,15425.0,15475.142857142857,15546.857142857143,15574.433333333332,15604.1,177.77366562705032,146.289416590806,105.72987159306886,-0.012780386019822676,4,1,1,0,0,13,2,15040.0
2023-01-16,15040.0,15080.0,15080.0,14981.5,-0.66,15140.0,15336.0,15480.0,15605.0,15660.0,15465.0,15394.42857142857,15502.57142857143,15560.266666666666,15595.016666666666,229.67502922090367,195.1041987029869,142.85365874226886,-0.006605019815059454,0,1,1,0,0,16,3,15160.0
2023-01-17,15160.0,15125.0,15180.0,15027.5,0.8,15040.0,15140.0,15336.0,15630.0,15700.0,15615.0,15327.285714285714,15464.0,15545.1,15587.35,217.71901944611304,206.1369970149679,159.97033130087797,0.007978723404255428,1,1,1,0,0,17,3,15085.0
2023-01-18,15085.0,15200.0,15207.5,15070.0,-0.49,15160.0,15040.0,15140.0,15565.0,15655.0,15635.0,15258.714285714286,15423.285714285714,15526.766666666666,15579.283333333333,205.62483174115567,221.2473132633752,179.62138021362136,-0.0049472295514512155,2,1,1,0,0,18,3,15100.0
2023-01-19,15100.0,15135.0,15145.0,15089.0,0.1,15085.0,15160.0,15040.0,15570.0,15565.0,15620.0,15191.57142857143,15390.07142857143,15509.433333333332,15571.533333333333,158.33704256309622,232.93130855551343,194.76558559790513,0.0009943652635067135,3,1,1,0,0,19,3,15070.0
2023-01-20,15070.0,15120.0,15155.0,15075.0,-0.2,15100.0,15085.0,15160.0,15480.0,15570.0,15582.0,15133.0,15354.357142857143,15492.366666666667,15563.566666666668,98.31751285169561,241.39900170023128,210.02240986056705,-0.001986754966887383,4,1,1,0,0,20,3,14885.0
2023-01-24,14885.0,15035.0,15045.0,14884.0,-1.23,15070.0,15100.0,15085.0,15336.0,15595.0,15625.0,15068.57142857143,15303.642857142857,15467.7,15551.733333333334,90.58671194476422,260.75854057615845,235.78352871597136,-0.012276045122760482,1,1,1,0,0,24,4,14960.0
2023-01-25,14960.0,14925.0,14975.0,14915.0,0.5,14885.0,15070.0,15100.0,15140.0,15585.0,15655.0,15042.857142857143,15259.0,15444.533333333333,15540.65,92.45977246252168,262.3799359118824,250.43406914489142,0.005038629492778002,2,1,1,0,0,25,4,14945.0
2023-01-26,14945.0,14965.0,14987.5,14920.0,-0.1,14960.0,14885.0,15070.0,15040.0,15605.0,15590.0,15029.285714285714,15211.857142857143,15423.033333333333,15528.983333333334,99.64221709989926,254.60795115452046,264.7904159288604,-0.00100267379679142,3,1,1,0,0,26,4,14980.0
2023-01-27,14980.0,14970.0,14996.0,14953.5,0.23,14945.0,14960.0,14885.0,15160.0,15630.0,15615.0,15003.57142857143,15165.42857142857,15401.866666666667,15517.066666666668,81.9407451412195,230.62847722124317,274.1313218316332,0.0023419203747072626,4,1,1,0,0,27,4,14965.0
2023-01-30,14965.0,14972.5,14989.0,14954.5,-0.1,14980.0,14945.0,14960.0,15085.0,15565.0,15595.0,14986.42857142857,15122.57142857143,15380.866666666667,15504.233333333334,74.25823667647026,204.98844781147963,282.8191493946814,-0.0010013351134846582,0,1,1,0,0,30,5,14985.0
2023-01-31,14985.0,15000.0,15005.0,14971.5,0.13,14965.0,14980.0,14945.0,15100.0,15570.0,15595.0,14970.0,15080.785714285714,15360.533333333333,15492.233333333334,55.22680508605703,161.85281945252663,288.7587865010738,0.0013364517206815307,1,1,1,1,0,31,5,14970.0
2023-02-01,14970.0,15000.0,15007.5,14966.0,-0.1,14985.0,14965.0,14980.0,15070.0,15480.0,15600.0,14955.714285714286,15044.357142857143,15339.533333333333,15480.15,33.84136662801494,115.982496784375,293.61066565857163,-0.0010010010010009784,2,2,1,0,1,1,5,14875.0
2023-02-02,14875.0,14875.0,14887.5,14835.0,-0.63,14970.0,14985.0,14965.0,14885.0,15336.0,15585.0,14954.285714285714,15011.42857142857,15315.866666666667,15467.1,37.35288603644652,89.15044698542513,301.64740015944534,-0.006346025384101561,3,2,1,0,0,2,5,14890.0
2023-02-03,14890.0,14905.0,14922.5,14876.5,0.1,14875.0,14970.0,14985.0,14960.0,15140.0,15580.0,14944.285714285714,14993.57142857143,15292.866666666667,15453.766666666666,44.29339411152215,86.41199550370489,307.07010693761276,0.0010084033613444454,4,2,1,0,0,3,5,15050.0
2023-02-06,15050.0,15005.0,15072.5,15005.0,1.07,14890.0,14875.0,14970.0,14945.0,15040.0,15590.0,14959.285714285714,14994.285714285714,15274.866666666667,15446.433333333332,59.68169536732616,86.86543844074997,304.8711127710583,0.01074546675621213,0,2,1,0,0,6,6,15140.0
2023-02-07,15140.0,15142.5,15153.0,15121.5,0.6,15050.0,14890.0,14875.0,14980.0,15160.0,15630.0,14982.142857142857,14992.857142857143,15258.533333333333,15440.183333333332,91.23491395196592,84.04930525700418,298.24263823996137,0.005980066445182786,1,2,1,0,0,7,6,15095.0
2023-02-08,15095.0,15145.0,15152.5,15098.5,-0.3,15140.0,15050.0,14890.0,14965.0,15085.0,15660.0,15000.714285714286,14993.57142857143,15239.7,15432.85,99.97618764111175,84.93048223745197,289.73461697875683,-0.002972258916776771,2,2,1,0,0,8,6,15090.0
2023-02-09,15090.0,15115.0,15130.0,15094.5,-0.03,15095.0,15140.0,15050.0,14985.0,15100.0,15700.0,15015.714285714286,14992.857142857143,15219.366666666667,15424.35,104.97732181404918,84.00353210724393,277.46195555710733,-0.0003312355084464924,3,2,1,0,0,9,6,15130.0
2023-02-10,15130.0,15117.5,15147.5,15114.0,0.27,15090.0,15095.0,15140.0,14970.0,15070.0,15655.0,15038.57142857143,14997.142857142857,15201.866666666667,15415.516666666666,110.63130530865818,89.5869643180492,265.32942872416464,0.002650762094102088,4,2,1,0,0,10,6,15190.0
2023-02-13,15190.0,15170.0,15227.5,15170.0,0.4,15130.0,15090.0,15095.0,14875.0,14885.0,15565.0,15083.57142857143,15018.92857142857,15189.366666666667,15407.266666666666,96.12120325035734,96.99679953883913,256.31197091971114,0.00396563119629878,0,2,1,0,0,13,7,15155.0
2023-02-14,15155.0,15175.0,15197.5,15151.5,-0.23,15190.0,15130.0,15090.0,14890.0,14960.0,15570.0,15121.42857142857,15032.857142857143,15175.533333333333,15398.016666666666,46.611361786896595,101.76734941272471,246.05420391518032,-0.0023041474654378336,1,2,1,0,0,14,7,15200.0
2023-02-15,15200.0,15167.5,15207.5,15157.0,0.3,15155.0,15190.0,15130.0,15050.0,14945.0,15595.0,15142.857142857143,15051.07142857143,15162.366666666667,15389.766666666666,42.608405162427935,107.49201350300665,233.05933584165626,0.0029693170570768146,2,2,1,0,0,15,7,15153.0
2023-02-16,15153.0,15210.0,15210.0,15150.0,-0.31,15200.0,15155.0,15190.0,15140.0,14980.0,15585.0,15144.714285714286,15063.42857142857,15147.966666666667,15380.9,42.74620562397882,108.63114320774899,218.96551190145075,-0.0030921052631578405,3,2,1,0,0,16,7,15200.0
2023-02-17,15200.0,15177.5,15217.5,15172.0,0.31,15153.0,15200.0,15155.0,15095.0,14965.0,15605.0,15159.714285714286,15080.214285714286,15134.466666666667,15373.183333333332,40.770554267107364,110.39382547585416,201.61344600289183,0.0031016960337886257,4,2,1,0,0,17,7,15155.0
2023-02-20,15155.0,15197.5,15200.0,15154.5,-0.3,15200.0,15153.0,15200.0,15090.0,14985.0,15630.0,15169.0,15092.357142857143,15118.633333333333,15364.6,27.48332827992585,108.44751097770244,178.70597761895726,-0.002960526315789469,0,2,1,0,0,20,8,15185.0
2023-02-21,15185.0,15162.5,15193.5,15160.0,0.2,15155.0,15200.0,15153.0,15130.0,14970.0,15565.0,15176.857142857143,15107.714285714286,15105.966666666667,15355.683333333332,21.736517441505196,104.95451657430617,158.27594483246457,0.0019795447047179504,1,2,1,0,0,21,8,15200.0
2023-02-22,15200.0,15210.0,15229.0,15201.5,0.1,15185.0,15155.0,15200.0,15190.0,14875.0,15570.0,15178.285714285714,15130.92857142857,15093.633333333333,15346.683333333332,23.034136158755132,83.21285430012671,133.3182563313445,0.0009878169245967072,2,2,1,0,0,22,8,15185.0
2023-02-23,15185.0,15175.0,15196.0,15164.0,-0.1,15200.0,15185.0,15155.0,15155.0,14890.0,15480.0,15182.57142857143,15152.0,15083.8,15337.6,20.646687731795375,46.96807426214411,113.1990617724928,-0.0009868421052631193,3,2,1,0,0,23,8,15220.0
2023-02-24,15220.0,15205.0,15225.0,15193.0,0.23,15185.0,15200.0,15185.0,15200.0,15050.0,15336.0,15185.42857142857,15164.142857142857,15079.933333333332,15331.933333333332,24.487120035389264,40.03240445548173,106.0422600641178,0.002304906157392095,4,2,1,0,0,24,8,15265.0
2023-02-27,15265.0,15260.0,15287.5,15245.0,0.3,15220.0,15185.0,15200.0,15153.0,15140.0,15140.0,15201.42857142857,15173.07142857143,15084.1,15329.266666666666,34.364987719489264,47.480302450307356,110.83145016101393,0.002956636005256197,0,2,1,0,0,27,9,15245.0
2023-02-28,15245.0,15230.0,15295.0,15225.0,-0.13,15265.0,15220.0,15185.0,15200.0,15095.0,15040.0,15207.857142857143,15183.785714285714,15090.933333333332,15325.6,38.06323060143057,45.38583067728039,114.28456115987808,-0.0013101867016049873,1,2,1,1,0,28,9,15230.0
2023-03-01,15230.0,15240.0,15265.0,15228.5,-0.1,15245.0,15265.0,15220.0,15155.0,15090.0,15160.0,15218.57142857143,15193.785714285714,15093.266666666666,15319.183333333332,30.51151226931158,37.94566676534217,116.43762081129772,-0.0009839291571006603,2,3,1,0,1,1,9,15275.0
2023-03-02,15275.0,15265.0,15286.0,15249.0,0.3,15230.0,15245.0,15265.0,15185.0,15130.0,15085.0,15231.42857142857,15204.142857142857,15099.6,15313.183333333332,32.87784027213671,38.97110792163373,121.04846564268534,0.002954694681549519,3,3,1,0,0,2,9,15295.0
2023-03-03,15295.0,15300.0,15321.5,15282.5,0.13,15275.0,15230.0,15245.0,15200.0,15190.0,15100.0,15245.0,15211.642857142857,15106.1,15307.766666666666,37.08099243557982,45.58273482556528,126.19671289218728,0.001309328968903456,4,3,1,0,0,3,9,15290.0
2023-03-06,15290.0,15315.0,15320.0,15285.0,-0.03,15295.0,15275.0,15230.0,15185.0,15155.0,15070.0,15260.0,15221.285714285714,15113.433333333332,15302.9,29.15475947435108,46.937648609986496,130.35037222883332,-0.0003269042170643832,0,3,1,0,0,6,10,15345.0
2023-03-07,15345.0,15350.0,15367.5,15330.0,0.36,15290.0,15295.0,15275.0,15220.0,15200.0,14885.0,15277.857142857143,15231.642857142857,15128.766666666666,15298.233333333334,37.622814760237546,56.833910709053946,129.6059500903257,0.003597122302158251,1,3,1,0,0,7,10,15430.0
2023-03-08,15430.0,15425.0,15467.5,15389.5,0.55,15345.0,15290.0,15295.0,15265.0,15153.0,14960.0,15301.42857142857,15251.42857142857,15144.433333333332,15294.483333333334,67.80574494558381,73.20751777810267,136.71381720973667,0.005539263603779654,2,3,1,0,0,8,10,15420.0
2023-03-09,15420.0,15445.0,15457.5,15422.5,-0.06,15430.0,15345.0,15290.0,15245.0,15200.0,14945.0,15326.42857142857,15267.142857142857,15160.266666666666,15291.65,75.37209285245045,84.1179182797231,140.2795075192749,-0.0006480881399870686,3,3,1,0,0,9,10,15445.0
2023-03-10,15445.0,15475.0,15480.0,15450.0,0.16,15420.0,15430.0,15345.0,15230.0,15155.0,14980.0,15357.142857142857,15287.857142857143,15175.766666666666,15288.816666666668,73.30627206327573,89.88698643051501,145.2751689471012,0.001621271076523989,4,3,1,0,0,10,10,15360.0
2023-03-13,15360.0,15445.0,15452.5,15357.5,-0.55,15445.0,15420.0,15430.0,15275.0,15185.0,14965.0,15369.285714285714,15300.357142857143,15188.933333333332,15284.9,63.863694135061664,86.59064360731114,143.40199905614406,-0.005503399158303668,0,3,1,0,0,13,11,15380.0
2023-03-14,15380.0,15385.0,15405.0,15361.5,0.13,15360.0,15445.0,15420.0,15295.0,15200.0,14985.0,15381.42857142857,15313.214285714286,15202.1,15281.316666666668,54.8265663794247,83.86360590561777,142.1602665278707,0.0013020833333332593,1,3,1,0,0,14,11,15360.0
2023-03-15,15360.0,15370.0,15380.0,15335.0,-0.13,15380.0,15360.0,15445.0,15290.0,15185.0,14970.0,15391.42857142857,15325.714285714286,15215.1,15277.316666666668,39.65626114025336,75.95183551810499,137.97409801880465,-0.0013003901170350884,2,3,1,0,0,15,11,15375.0
2023-03-16,15375.0,15420.0,15455.0,15376.0,0.1,15360.0,15380.0,15360.0,15345.0,15220.0,14875.0,15395.714285714286,15336.785714285714,15231.766666666666,15273.816666666668,35.169656835255296,70.45476297782297,125.07037559126209,0.0009765625,3,3,1,0,0,16,11,15340.0
2023-03-17,15340.0,15387.5,15392.5,15345.0,-0.23,15375.0,15360.0,15380.0,15430.0,15265.0,14890.0,15382.857142857143,15342.142857142857,15246.766666666666,15269.816666666668,36.95235027006103,67.35994831685991,108.56356260919836,-0.0022764227642276813,4,3,1,0,0,17,11,15355.0
2023-03-20,15355.0,15365.0,15380.0,15355.0,0.1,15340.0,15375.0,15360.0,15420.0,15245.0,15050.0,15373.57142857143,15350.0,15256.933333333332,15265.9,34.121631178637486,61.30001882201542,103.6725392872352,0.0009778357235983304,0,3,1,0,0,20,12,15340.0
2023-03-21,15340.0,15345.0,15360.0,15334.0,-0.1,15355.0,15340.0,15375.0,15445.0,15230.0,15140.0,15358.57142857143,15357.857142857143,15263.6,15261.066666666668,15.468862734255358,50.90391724706151,102.31546888119232,-0.0009768804949528143,1,3,1,0,0,21,12,15150.0
2023-03-24,15150.0,15165.0,15207.5,15145.0,-1.24,15340.0,15355.0,15340.0,15360.0,15275.0,15095.0,15328.57142857143,15348.92857142857,15265.433333333332,15252.566666666668,80.24516006770631,72.80581579155596,99.64823763786417,-0.012385919165580184,4,3,1,0,0,24,12,15155.0
2023-03-27,15155.0,15190.0,15192.5,15156.0,0.03,15150.0,15340.0,15355.0,15380.0,15295.0,15090.0,15296.42857142857,15338.92857142857,15267.6,15243.483333333334,99.06707684338127,88.66919010915088,96.35444624047842,0.0003300330033002563,0,3,1,0,0,27,13,15085.0
2023-03-28,15085.0,15120.0,15125.0,15065.0,-0.46,15155.0,15150.0,15340.0,15360.0,15290.0,15130.0,15257.142857142857,15324.285714285714,15266.1,15233.983333333334,121.61610169086848,111.38735501407137,98.88737934169292,-0.004618937644341847,1,3,1,0,0,28,13,15060.0
2023-03-29,15060.0,15075.0,15107.5,15062.5,-0.17,15085.0,15155.0,15150.0,15375.0,15345.0,15190.0,15212.142857142857,15303.92857142857,15261.766666666666,15225.566666666668,128.80402241577946,131.5320752253052,104.99677608607888,-0.0016572754391780409,2,3,1,0,0,29,13,15045.0
2023-03-30,15045.0,15075.0,15087.5,15044.0,-0.1,15060.0,15085.0,15155.0,15340.0,15430.0,15155.0,15170.0,15276.42857142857,15258.1,15216.816666666668,128.25755338384278,142.90164142083347,110.62373318954681,-0.0009960159362549792,3,3,1,0,0,30,13,14990.0
2023-03-31,14990.0,14980.0,14995.0,14950.0,-0.37,15045.0,15060.0,15085.0,15355.0,15420.0,15200.0,15117.857142857143,15245.714285714286,15251.1,15206.733333333334,113.90263176862902,155.3390478280011,120.61947861209705,-0.0036556995679627446,4,3,1,1,0,31,13,14965.0
2023-04-03,14965.0,15000.0,15012.5,14968.0,-0.17,14990.0,15045.0,15060.0,15340.0,15445.0,15153.0,15064.285714285714,15211.42857142857,15244.833333333334,15196.4,72.76838664729135,160.84426977909519,130.38063197947315,-0.0016677785190126748,0,4,2,0,0,3,14,14895.0
2023-04-04,14895.0,14955.0,14955.0,14880.0,-0.47,14965.0,14990.0,15045.0,15150.0,15360.0,15200.0,15027.857142857143,15178.214285714286,15234.666666666666,15184.566666666668,85.43307043424136,175.17691214695714,145.0620160679965,-0.00467758102238558,1,4,2,0,0,4,14,14920.0
2023-04-05,14920.0,14922.5,14952.5,14900.0,0.17,14895.0,14965.0,14990.0,15155.0,15380.0,15155.0,14994.285714285714,15145.357142857143,15226.833333333334,15172.733333333334,72.30886134205672,177.5415908552404,155.48302564695726,0.0016784155756965902,2,4,2,0,0,5,14,14910.0
2023-04-06,14910.0,14965.0,14972.5,14912.5,-0.07,14920.0,14895.0,14965.0,15085.0,15360.0,15185.0,14969.285714285714,15113.214285714286,15217.666666666666,15161.816666666668,65.66509546112549,176.42395553837363,165.79865922939,-0.0006702412868632157,3,4,2,0,0,6,14,14899.0
2023-04-10,14899.0,14910.0,14937.5,14888.5,-0.07,14910.0,14920.0,14895.0,15060.0,15375.0,15200.0,14946.285714285714,15079.214285714286,15207.633333333333,15150.633333333333,56.0943083439483,167.74576852200363,175.71557804526222,-0.0007377598926894269,0,4,2,0,0,10,15,14881.0
2023-04-11,14881.0,14935.0,14935.0,14870.0,-0.12,14899.0,14910.0,14920.0,15045.0,15340.0,15185.0,14922.857142857143,15046.42857142857,15197.5,15140.65,39.90584155848935,157.39060390537225,185.55596794860534,-0.0012081347741459414,1,4,2,0,0,11,15,14875.0
2023-04-12,14875.0,14887.5,14907.5,14837.5,-0.04,14881.0,14899.0,14910.0,14990.0,15355.0,15220.0,14906.42857142857,15012.142857142857,15186.0,15132.966666666667,30.132248189734998,135.80181098950177,194.58461504897463,-0.00040319870976412986,2,4,2,0,0,12,15,14750.0
2023-04-13,14750.0,14840.0,14847.5,14744.5,-0.84,14875.0,14881.0,14899.0,14965.0,15340.0,15265.0,14875.714285714286,14970.0,15168.833333333334,15126.466666666667,57.56652466425966,116.39191090009035,209.51883848027953,-0.008403361344537785,3,4,2,0,0,13,15,14695.0
2023-04-14,14695.0,14695.0,14705.0,14645.0,-0.37,14750.0,14875.0,14881.0,14895.0,15150.0,15245.0,14847.142857142857,14937.5,15150.5,15120.716666666667,87.99134156547935,125.43754192017427,226.03627264598197,-0.003728813559322086,4,4,2,0,0,14,15,14785.0
2023-04-17,14785.0,14755.0,14794.0,14741.0,0.61,14695.0,14750.0,14875.0,14920.0,15155.0,15230.0,14827.857142857143,14911.07142857143,15135.666666666666,15114.466666666667,84.06828290439425,114.59659297194843,235.0604226551445,0.006124532153793716,0,4,2,0,0,17,16,14840.0
2023-04-18,14840.0,14815.0,14867.5,14810.0,0.37,14785.0,14695.0,14750.0,14910.0,15085.0,15275.0,14817.857142857143,14893.57142857143,15121.166666666666,15110.383333333333,76.49058454363394,104.23104091397012,239.54311156619636,0.003719986472776382,1,4,2,0,0,18,16,14830.0
2023-04-26,14830.0,14895.0,14935.0,14820.0,-0.07,14840.0,14785.0,14695.0,14899.0,15060.0,15295.0,14808.0,14877.142857142857,15105.666666666666,15105.883333333333,68.29836503668427,93.56105134921593,242.9274523935108,-0.0006738544474393926,2,4,2,0,0,26,17,14700.0
2023-04-27,14700.0,14830.0,14832.5,14690.0,-0.88,14830.0,14840.0,14785.0,14881.0,15045.0,15290.0,14782.142857142857,14852.5,15086.0,15099.716666666667,70.28852104358307,91.35707626952787,251.23021452369113,-0.008766014834794333,3,4,2,0,0,27,17,14665.0
2023-04-28,14665.0,14675.0,14691.0,14627.5,-0.24,14700.0,14830.0,14840.0,14875.0,14990.0,15345.0,14752.142857142857,14829.285714285714,15063.333333333334,15096.05,68.85111611655137,94.9513467079842,257.65043591347063,-0.0023809523809523725,4,4,2,0,0,28,17,14700.0
2023-05-02,14700.0,14645.0,14712.5,14645.0,0.24,14665.0,14700.0,14830.0,14750.0,14965.0,15430.0,14745.0,14810.357142857143,15039.0,15091.716666666667,71.64728420081347,92.18927615110515,256.29535763410195,0.0023866348448686736,1,5,2,0,0,2,18,14680.0
2023-05-03,14680.0,14707.5,14722.5,14684.0,-0.14,14700.0,14665.0,14700.0,14695.0,14895.0,15420.0,14742.857142857143,14795.0,15014.333333333334,15087.3,73.58991908199803,94.87319472235336,253.9616225871364,-0.0013605442176870541,2,5,2,0,0,3,18,14675.0
2023-05-04,14675.0,14615.0,14690.0,14565.0,-0.03,14680.0,14700.0,14665.0,14785.0,14920.0,15445.0,14727.142857142857,14777.5,14988.666666666666,15082.216666666667,74.82519310919722,92.61147129426035,247.76996190610595,-0.00034059945504083533,3,5,2,0,0,4,18,14670.0
2023-05-05,14670.0,14680.0,14691.5,14650.0,-0.03,14675.0,14680.0,14700.0,14840.0,14910.0,15360.0,14702.857142857143,14760.357142857143,14965.666666666666,15077.3,57.724716172212275,88.31116938001728,244.10983018995168,-0.0003407155025553221,4,5,2,0,0,5,18,14695.0
2023-05-08,14695.0,14670.0,14721.5,14665.0,0.17,14670.0,14675.0,14680.0,14830.0,14899.0,15380.0,14683.57142857143,14745.785714285714,14942.833333333334,15072.466666666667,14.6385010949091,80.12603396265898,235.91685901558822,0.001704158145875878,0,5,2,0,0,8,19,14725.0
2023-05-09,14725.0,14750.0,14772.5,14730.0,0.2,14695.0,14670.0,14675.0,14700.0,14881.0,15360.0,14687.142857142857,14734.642857142857,14921.666666666666,15068.383333333333,20.98752463955807,70.09510807273448,225.45193437317982,0.0020415107179312386,1,5,2,0,0,9,19,14720.0
2023-05-10,14720.0,14752.5,14760.0,14725.0,-0.03,14725.0,14695.0,14670.0,14665.0,14875.0,15375.0,14695.0,14723.57142857143,14899.833333333334,15065.8,21.602468995149025,57.29238677452726,211.3084170741945,-0.0003395585738540374,2,5,2,0,0,10,19,14720.0
2023-05-11,14720.0,14710.0,14745.0,14696.0,0.0,14720.0,14725.0,14695.0,14700.0,14750.0,15340.0,14697.857142857143,14721.42857142857,14879.166666666666,15062.966666666667,23.603873774499487,56.78666458447592,196.57990975556277,0.0,3,5,2,0,0,11,19,14745.0
2023-05-12,14745.0,14765.0,14772.0,14735.0,0.17,14720.0,14720.0,14725.0,14680.0,14695.0,15355.0,14707.142857142857,14725.0,14858.833333333334,15057.883333333333,27.817432013558573,56.56854249407883,176.15100953694403,0.0016983695652172948,4,5,2,0,0,12,19,14795.0
2023-05-15,14795.0,14790.0,14824.5,14790.0,0.34,14745.0,14720.0,14720.0,14675.0,14785.0,15340.0,14724.285714285714,14725.714285714286,14840.666666666666,15052.133333333333,39.30951659912771,57.44084391228012,151.14490268996983,0.003390979993218135,0,5,2,0,0,15,20,14815.0
2023-05-16,14815.0,14785.0,14834.5,14780.0,0.14,14795.0,14745.0,14720.0,14670.0,14840.0,15150.0,14745.0,14723.92857142857,14829.5,15047.466666666667,43.874821937171774,53.89371917893036,139.42362882892965,0.0013518080432579627,1,5,2,0,0,16,20,14860.0
2023-05-17,14860.0,14867.5,14890.0,14855.0,0.3,14815.0,14795.0,14745.0,14695.0,14830.0,15155.0,14768.57142857143,14726.07142857143,14819.666666666666,15043.633333333333,55.35599077158482,58.80798517874515,125.36961446000451,0.0030374620317246137,2,5,2,0,0,17,20,14923.0
2023-05-18,14923.0,14876.0,14924.0,14845.0,0.42,14860.0,14815.0,14795.0,14725.0,14700.0,15085.0,14796.857142857143,14742.0,14814.266666666666,15040.183333333332,76.08641703458247,78.20485918345456,116.73871010400421,0.004239569313593483,3,5,2,0,0,18,20,14920.0
2023-05-19,14920.0,14907.5,14967.0,14903.5,-0.02,14923.0,14860.0,14815.0,14720.0,14665.0,15060.0,14825.42857142857,14760.214285714286,14809.6,15035.683333333332,79.87251747401052,87.97655157072863,109.12681645191823,-0.00020103196408227664,4,5,2,0,0,19,20,14885.0
2023-05-22,14885.0,14905.0,14916.5,14885.0,-0.23,14920.0,14923.0,14860.0,14720.0,14700.0,15045.0,14849.0,14773.42857142857,14804.266666666666,15031.183333333332,66.86055139878864,92.03654314797103,100.81903669885317,-0.0023458445040214215,0,5,2,0,0,22,21,14875.0
2023-05-23,14875.0,14890.0,14907.5,14852.5,-0.07,14885.0,14920.0,14923.0,14745.0,14680.0,14990.0,14867.57142857143,14787.357142857143,14800.433333333332,15025.766666666666,48.7642531058241,91.56385509764327,95.56282762117118,-0.0006718172657037558,1,5,2,0,0,23,21,14895.0
2023-05-24,14895.0,14897.5,14920.0,14887.5,0.13,14875.0,14885.0,14920.0,14795.0,14675.0,14965.0,14881.857142857143,14803.07142857143,14798.1,15021.466666666667,37.248841465105244,89.65615023314058,92.20155956474963,0.0013445378151260012,2,5,2,0,0,24,21,14945.0
2023-05-25,14945.0,14960.0,14964.0,14933.0,0.34,14895.0,14875.0,14885.0,14815.0,14670.0,14895.0,14900.42857142857,14822.714285714286,14799.766666666666,15017.216666666667,30.07688560398596,88.37457741889112,94.43833358620795,0.0033568311513931803,3,5,2,0,0,25,21,14950.0
2023-05-26,14950.0,14962.5,14972.0,14940.0,0.03,14945.0,14895.0,14875.0,14860.0,14695.0,14920.0,14913.285714285714,14840.92857142857,14800.766666666666,15013.8,29.135970241625532,86.28081548513696,95.90285434349462,0.00033456005352960894,4,5,2,0,0,26,21,14965.0
2023-05-29,14965.0,14965.0,14981.0,14956.0,0.1,14950.0,14945.0,14895.0,14923.0,14725.0,14910.0,14919.285714285714,14858.07142857143,14802.6,15010.133333333333,35.16965683541494,85.3125153457914,98.5521391847798,0.0010033444816053283,0,5,2,0,0,29,22,14980.0
2023-05-30,14980.0,14945.0,14994.5,14940.0,0.1,14965.0,14950.0,14945.0,14920.0,14720.0,14899.0,14927.857142857143,14876.642857142857,14805.3,15006.466666666667,42.017570021268845,81.14147866744614,102.32172048359918,0.001002338790511148,1,5,2,0,0,30,22,14985.0
2023-05-31,14985.0,15010.0,15018.5,14987.5,0.03,14980.0,14965.0,14950.0,14885.0,14720.0,14881.0,14942.142857142857,14895.57142857143,14808.766666666666,15003.133333333333,42.01757002126818,72.20666311152785,106.64529778754931,0.0003337783711614417,2,5,2,1,0,31,22,14914.0
2023-06-01,14914.0,14991.3,14994.0,14899.5,-0.47,14985.0,14980.0,14965.0,14875.0,14745.0,14875.0,14947.714285714286,14907.642857142857,14810.066666666668,14998.033333333333,33.315233181244984,57.784223481981805,107.71287930317929,-0.004738071404738031,3,6,2,0,1,1,22,14902.0
2023-06-02,14902.0,14914.0,14920.0,14785.0,-0.08,14914.0,14985.0,14980.0,14895.0,14795.0,14750.0,14948.714285714286,14915.285714285714,14815.133333333333,14991.983333333334,31.526255120466192,47.98465871949491,108.36297030489011,-0.000804613115193753,4,6,2,0,0,2,22,14885.0
2023-06-05,14885.0,14895.0,14912.0,14870.0,-0.11,14902.0,14914.0,14985.0,14945.0,14815.0,14695.0,14940.142857142857,14920.285714285714,14821.466666666667,14985.983333333334,39.780349300781474,39.65510651134692,106.63820022436414,-0.00114078647161453,0,6,2,0,0,5,23,14855.0
2023-06-06,14855.0,14860.0,14870.0,14819.5,-0.2,14885.0,14902.0,14914.0,14950.0,14860.0,14785.0,14926.57142857143,14919.92857142857,14823.8,14979.733333333334,50.592677806527306,40.25775469503507,106.57857713167972,-0.0020154517971111563,1,6,2,0,0,6,23,14875.0
2023-06-07,14875.0,14857.5,14889.0,14852.5,0.13,14855.0,14885.0,14902.0,14965.0,14923.0,14840.0,14913.714285714286,14916.5,14824.966666666667,14973.066666666668,50.63501517646479,41.983055188680844,106.95293303609115,0.0013463480309658937,2,6,2,0,0,7,23,14890.0
2023-06-08,14890.0,14902.5,14915.0,14884.0,0.1,14875.0,14855.0,14885.0,14980.0,14920.0,14830.0,14900.857142857143,14914.357142857143,14826.966666666667,14966.316666666668,41.62302476385242,42.55242403327626,107.60928152919473,0.0010084033613444454,3,6,2,0,0,8,23,14835.0
2023-06-09,14835.0,14845.0,14914.5,14835.0,-0.37,14890.0,14875.0,14855.0,14985.0,14885.0,14700.0,14879.42857142857,14910.785714285714,14831.466666666667,14958.733333333334,27.19593807235108,47.06489557518916,104.90545277988952,-0.003693754197447996,4,6,2,0,0,9,23,14860.0
2023-06-12,14860.0,14897.5,14904.5,14855.0,0.17,14835.0,14890.0,14875.0,14914.0,14875.0,14665.0,14871.714285714286,14909.714285714286,14837.966666666667,14950.65,23.106379247317975,48.10154094888587,100.16967788598109,0.001685203909673083,0,6,2,0,0,12,24,14855.0
2023-06-13,14855.0,14875.0,14880.0,14855.0,-0.03,14860.0,14835.0,14890.0,14902.0,14895.0,14700.0,14865.0,14906.857142857143,14843.133333333333,14941.066666666668,19.36491673145381,50.185589629819056,96.746997933582,-0.0003364737550470842,1,6,2,0,0,13,24,14895.0
2023-06-14,14895.0,14877.5,14920.0,14868.0,0.27,14855.0,14860.0,14835.0,14885.0,14945.0,14680.0,14866.42857142857,14903.285714285714,14850.3,14932.316666666668,21.3530414922212,49.02813724441864,92.0974558784088,0.0026926960619320095,2,6,2,0,0,14,24,14940.0
2023-06-15,14940.0,14915.0,14962.5,14915.0,0.3,14895.0,14855.0,14860.0,14855.0,14950.0,14675.0,14878.57142857143,14902.57142857143,14859.133333333333,14923.9,34.121631178796754,48.36354998273285,87.28697549989407,0.0030211480362538623,3,6,2,0,0,15,24,14930.0
2023-06-16,14930.0,14927.5,14952.5,14920.0,-0.07,14940.0,14895.0,14855.0,14875.0,14965.0,14670.0,14886.42857142857,14900.07142857143,14867.8,14916.733333333334,39.127386584954564,45.72066404568643,80.50461541684008,-0.0006693440428380271,4,6,2,0,0,16,24,14990.0
2023-06-19,14990.0,14977.5,14999.0,14965.0,0.4,14930.0,14940.0,14895.0,14890.0,14980.0,14695.0,14900.714285714286,14900.785714285714,14877.633333333333,14910.233333333334,55.48487567425481,47.122065010867296,76.59138482786467,0.004018754186202234,0,6,2,0,0,19,25,14995.0
2023-06-20,14995.0,15022.5,15052.5,15000.0,0.03,14990.0,14930.0,14940.0,14835.0,14985.0,14725.0,14923.57142857143,14901.5,14886.633333333333,14904.15,56.84146709021875,48.550924889147865,73.85189434818544,0.00033355570380244615,1,6,2,0,0,20,25,14940.0
2023-06-21,14940.0,15037.5,15042.5,14910.0,-0.37,14995.0,14990.0,14930.0,14860.0,14914.0,14720.0,14935.0,14903.357142857143,14893.966666666667,14896.9,49.4974746832201,49.55278016294685,67.37362797928711,-0.0036678892964321363,2,6,2,0,0,21,25,14935.0
2023-06-22,14935.0,14932.5,14975.0,14890.0,-0.03,14940.0,14995.0,14990.0,14855.0,14902.0,14720.0,14946.42857142857,14905.714285714286,14901.133333333333,14890.15,35.08493096713097,50.263044339483486,59.1653051483573,-0.00033467202141901353,3,6,2,0,0,22,25,14990.0
2023-06-23,14990.0,14965.0,15007.0,14965.0,0.37,14935.0,14940.0,14995.0,14895.0,14885.0,14745.0,14960.0,14913.214285714286,14909.3,14884.066666666668,29.86078811221386,54.58258185224768,53.509361088530845,0.0036826247070640417,4,6,2,0,0,23,25,15010.0
2023-06-26,15010.0,15005.0,15042.5,15005.0,0.13,14990.0,14935.0,14940.0,14940.0,14855.0,14795.0,14970.0,14924.285714285714,14916.466666666667,14878.566666666668,33.54101966273209,57.50776345017839,52.05085930114694,0.0013342228152102287,0,6,2,0,0,26,26,14990.0
2023-06-27,14990.0,14995.0,15011.5,14987.5,-0.13,15010.0,14990.0,14935.0,14930.0,14875.0,14815.0,14978.57142857143,14932.5,14922.3,14875.9,28.970428272661337,58.136113494164015,50.05524534123942,-0.0013324450366422047,1,6,2,0,0,27,26,14987.9
2023-06-28,14987.9,14988.0,15022.6,14971.0,-0.01,14990.0,15010.0,14990.0,14990.0,14890.0,14860.0,14978.27142857143,14939.492857142857,14926.563333333332,14873.115,28.842949126284214,58.51745912013334,50.01278790457228,-0.0001400933955970629,2,6,2,0,0,28,26,15071.0
2023-06-29,15071.0,14993.0,15080.3,14985.7,0.55,14987.9,14990.0,15010.0,14995.0,14835.0,14923.0,14989.128571428573,14956.35,14931.496666666666,14872.881666666666,45.61632435471609,60.07232499801615,56.52470002227675,0.005544472541183287,3,6,2,0,0,29,26,15040.4
2023-06-30,15040.4,15070.5,15085.0,15020.8,-0.2,15071.0,14987.9,14990.0,14940.0,14860.0,14920.0,15003.471428571429,14969.235714285713,14935.51,14872.555,43.320923131529234,57.089263534282296,59.8563703287308,-0.002030389489748541,4,6,2,1,0,30,26,15020.0
2023-07-03,15020.0,15005.0,15041.0,15005.0,-0.14,15040.4,15071.0,14987.9,14935.0,14855.0,14885.0,15015.614285714286,14981.021428571428,14940.01,14872.138333333334,31.12589643025226,47.99997080936233,60.99196300897955,-0.0013563469056673272,0,7,3,0,0,3,27,14990.0
2023-07-04,14990.0,15040.0,15044.5,14986.0,-0.2,15020.0,15040.4,15071.0,14990.0,14895.0,14875.0,15015.614285714286,14987.807142857142,14943.843333333332,14872.138333333334,31.12589643025226,41.12667979677036,60.37595823916898,-0.001997336884154488,1,7,3,0,0,4,27,15010.0
2023-07-05,15010.0,15010.0,15027.5,14999.5,0.13,14990.0,15020.0,15040.4,15010.0,14940.0,14895.0,15015.614285714286,14992.807142857142,14947.676666666666,14872.888333333334,31.12589643025226,39.071186791033305,60.81703302292557,0.0013342228152102287,2,7,3,0,0,5,27,15040.0
2023-07-06,15040.0,15062.5,15074.5,15043.5,0.2,15010.0,14990.0,15020.0,14990.0,14930.0,14945.0,15022.757142857143,15000.664285714285,14950.843333333332,14875.305,29.98432130005298,36.441092761541185,63.103154100533736,0.0019986675549632515,3,7,3,0,0,6,27,15130.0
2023-07-07,15130.0,15125.0,15147.5,15110.0,0.6,15040.0,15010.0,14990.0,14987.9,14990.0,14950.0,15043.057142857142,15010.664285714285,14956.843333333332,14878.805,46.18032976449927,49.98260631422414,71.07418020574256,0.005984042553191404,4,7,3,0,0,7,27,15190.0
2023-07-10,15190.0,15150.0,15222.0,15140.0,0.4,15130.0,15040.0,15010.0,15071.0,14995.0,14965.0,15060.057142857142,15024.592857142856,14964.343333333332,14883.471666666668,72.55358610818433,68.87963262899476,82.85896485858052,0.00396563119629878,0,7,3,0,0,10,28,15135.0
2023-07-11,15135.0,15195.0,15195.0,15132.5,-0.36,15190.0,15130.0,15040.0,15040.4,14940.0,14980.0,15073.57142857143,15038.521428571428,14969.51,14887.405,76.9585540900669,70.16188071446435,88.50878916008752,-0.0036208031599737067,1,7,3,0,0,11,28,15075.0
2023-07-12,15075.0,15130.0,15132.5,15055.0,-0.4,15135.0,15190.0,15130.0,15020.0,14935.0,14985.0,15081.42857142857,15048.521428571428,14972.51,14890.638333333334,73.29815173408993,63.97653630588505,90.55357853873575,-0.003964321110009883,2,7,3,0,0,12,28,14965.0
2023-07-13,14965.0,14955.0,14997.0,14945.0,-0.73,15075.0,15135.0,15190.0,14990.0,14990.0,14914.0,15077.857142857143,15046.735714285713,14974.21,14892.138333333334,78.89112449334314,66.05090818772689,89.89358593952912,-0.007296849087893853,3,7,3,0,0,13,28,14955.0
2023-07-14,14955.0,14950.0,14965.5,14913.0,-0.07,14965.0,15075.0,15135.0,15010.0,15010.0,14902.0,15070.0,15042.807142857142,14975.976666666666,14895.555,88.88194417323864,69.92592194841399,88.94127346963732,-0.0006682258603407654,4,7,3,0,0,14,28,15000.0
2023-07-17,15000.0,14995.0,15013.5,14991.5,0.3,14955.0,14965.0,15075.0,15040.0,14990.0,14885.0,15064.285714285714,15043.521428571428,14979.81,14900.638333333334,92.35026490804549,69.39406069136444,87.34898041347884,0.0030090270812437314,0,7,3,0,0,17,29,14990.0
2023-07-18,14990.0,14990.0,15000.0,14985.0,-0.07,15000.0,14955.0,14965.0,15130.0,14987.9,14855.0,15044.285714285714,15043.671428571428,14984.31,14904.055,90.89502055624207,69.26673558957988,84.1149228219535,-0.0006666666666667043,1,7,3,0,0,18,29,14999.0
2023-07-19,14999.0,14990.5,15029.3,14981.0,0.06,14990.0,15000.0,14955.0,15190.0,15071.0,14875.0,15017.0,15038.528571428571,14988.443333333333,14906.705,64.77911185983055,69.7527769340126,81.56632031150612,0.0006004002668444919,2,7,3,0,0,19,29,14985.0
2023-07-20,14985.0,14987.5,15007.5,14977.5,-0.09,14999.0,14990.0,15000.0,15135.0,15040.4,14890.0,14995.57142857143,15034.57142857143,14991.609999999999,14909.288333333334,38.86668300272533,71.19498068418581,79.4287377419162,-0.0009333955597039534,3,7,3,0,0,20,29,15020.0
2023-07-21,15020.0,15012.5,15033.5,15010.0,0.23,14985.0,14999.0,14990.0,15075.0,15020.0,14835.0,14987.714285714286,15034.57142857143,14997.776666666667,14914.621666666668,22.0583641412231,71.19498068418581,73.83515508482685,0.0023356690023357274,4,7,3,0,0,21,29,15020.0
2023-07-24,15020.0,15030.0,15035.0,15018.0,0.0,15020.0,14985.0,14999.0,14965.0,14990.0,14860.0,14995.57142857143,15036.714285714286,15003.109999999999,14920.538333333334,22.411731622098497,70.19470566355395,69.17130334799323,0.0,0,7,3,0,0,24,30,14990.0
2023-07-25,14990.0,15015.0,15022.5,14992.5,-0.2,15020.0,15020.0,14985.0,14955.0,15010.0,14855.0,15000.57142857143,15035.285714285714,15007.609999999999,14925.371666666668,14.281189760225182,70.97933455564538,63.34993318422853,-0.001997336884154488,1,7,3,0,0,25,30,15015.0
2023-07-26,15015.0,15030.0,15042.5,15015.0,0.17,14990.0,15020.0,15020.0,15000.0,15040.0,14895.0,15002.714285714286,15033.5,15011.609999999999,14930.955,15.272134600416722,71.16584098409339,59.67637059054391,0.0016677785190126748,2,7,3,0,0,26,30,14995.0
2023-07-27,14995.0,15015.0,15022.5,14985.0,-0.13,15015.0,14990.0,15020.0,14990.0,15130.0,14940.0,15003.42857142857,15023.857142857143,15013.443333333333,14936.288333333334,14.683972474578756,66.04643720919726,58.227814678744366,-0.001332001332001287,3,7,3,0,0,27,30,15090.0
2023-07-28,15090.0,15060.0,15105.0,15056.5,0.63,14995.0,15015.0,14990.0,14999.0,15190.0,14930.0,15016.42857142857,15016.714285714286,15018.776666666667,14943.288333333334,35.55679561350712,50.20332286084621,57.645968745497775,0.006335445148382801,4,7,3,0,0,28,30,15075.0
2023-07-31,15075.0,15090.0,15105.0,15080.0,-0.1,15090.0,14995.0,15015.0,14985.0,15135.0,14990.0,15029.285714285714,15012.42857142857,15021.609999999999,14949.621666666668,38.4521966678927,41.056648079759185,58.26834682177343,-0.0009940357852882276,0,7,3,1,0,31,31,15110.0
2023-08-01,15110.0,15112.5,15122.5,15018.5,0.23,15075.0,15090.0,14995.0,15020.0,15075.0,14995.0,15042.142857142857,15014.92857142857,15025.443333333333,14956.038333333334,48.550415622912766,45.93551380433451,60.20787944355379,0.002321724709784423,1,8,3,0,1,1,31,15170.0
2023-08-02,15170.0,15140.0,15197.0,15137.5,0.4,15110.0,15075.0,15090.0,15020.0,14965.0,14940.0,15063.57142857143,15029.57142857143,15033.109999999999,14963.538333333334,66.81531047821439,59.47425336297399,63.50601573430378,0.003970880211780381,2,8,3,0,0,2,31,15180.0
2023-08-03,15180.0,15185.0,15210.0,15182.5,0.07,15170.0,15110.0,15075.0,14990.0,14955.0,14935.0,15090.714285714286,15045.642857142857,15041.276666666667,14971.205,70.44078904951947,67.61611908661713,66.1522991144194,0.0006591957811470373,3,8,3,0,0,3,31,15165.0
2023-08-04,15165.0,15147.5,15182.5,15145.0,-0.1,15180.0,15170.0,15110.0,15015.0,15000.0,14990.0,15112.142857142857,15057.42857142857,15047.109999999999,14978.205,66.2606685031932,73.19806038312613,69.12382866723843,-0.0009881422924901129,4,8,3,0,0,4,31,15180.0
2023-08-07,15180.0,15170.0,15190.5,15161.0,0.1,15165.0,15180.0,15170.0,14995.0,14990.0,15010.0,15138.57142857143,15071.0,15052.776666666667,14984.621666666668,45.34261109558982,77.23689831572628,72.84472708666175,0.0009891196834816984,0,8,3,0,0,7,32,15215.0
2023-08-08,15215.0,15222.5,15237.5,15217.0,0.23,15180.0,15165.0,15180.0,15090.0,14999.0,14990.0,15156.42857142857,15086.42857142857,15060.276666666667,14991.288333333334,47.584511285700785,83.09930508367351,77.58694203714221,0.0023056653491435597,1,8,3,0,0,8,32,15190.0
2023-08-09,15190.0,15210.0,15222.5,15189.5,-0.16,15215.0,15180.0,15165.0,15075.0,14985.0,14987.9,15172.857142857143,15101.07142857143,15067.013333333334,14996.788333333334,32.1269802059871,81.90469535242549,79.82751981304617,-0.0016431153466973658,2,8,3,0,0,9,32,15180.0
2023-08-10,15180.0,15210.0,15217.5,15185.0,-0.07,15190.0,15215.0,15180.0,15110.0,15020.0,15071.0,15182.857142857143,15112.5,15070.646666666667,15001.071666666667,16.2934401060394,80.87858896976593,82.45262269004976,-0.0006583278472679366,3,8,3,0,0,10,32,15210.0
2023-08-11,15210.0,15215.0,15237.0,15205.0,0.2,15180.0,15190.0,15215.0,15170.0,15020.0,15040.4,15188.57142857143,15126.07142857143,15076.3,15005.905,17.96159925039718,80.10038344767936,86.0433531462569,0.0019762845849802257,4,8,3,0,0,11,32,15310.0
2023-08-14,15310.0,15297.5,15338.5,15287.5,0.66,15210.0,15180.0,15190.0,15180.0,14990.0,15020.0,15207.142857142857,15148.92857142857,15085.966666666667,15012.988333333335,48.636161346149905,83.85377775538387,95.29318944176745,0.006574621959237303,0,8,3,0,0,14,33,15335.0
2023-08-15,15335.0,15342.5,15359.5,15332.5,0.16,15310.0,15210.0,15180.0,15165.0,15015.0,14990.0,15231.42857142857,15171.785714285714,15097.466666666667,15020.655,64.07770580291184,88.0473461538043,103.75426317216133,0.0016329196603526164,1,8,3,0,0,15,33,15280.0
2023-08-16,15280.0,15337.5,15338.5,15282.5,-0.36,15335.0,15310.0,15210.0,15180.0,14995.0,15010.0,15245.714285714286,15192.142857142857,15106.466666666667,15027.071666666667,61.808074676776876,76.17576552053414,107.54653630510603,-0.003586566677535097,2,8,3,0,0,16,33,15361.8
2023-08-17,15361.8,15368.5,15391.0,15329.0,0.54,15280.0,15335.0,15310.0,15215.0,15090.0,15040.0,15266.685714285715,15211.557142857142,15117.193333333333,15034.018333333335,73.45673167643037,82.51307322260443,116.37438375932723,0.005353403141361124,3,8,3,0,0,17,33,15280.0
2023-08-18,15280.0,15310.0,15319.5,15285.0,-0.53,15361.8,15280.0,15335.0,15190.0,15075.0,15130.0,15279.542857142858,15226.199999999999,15122.193333333333,15039.518333333335,65.2109105683579,74.1848419093955,120.1061195526013,-0.005324896821987002,4,8,3,0,0,18,33,15320.0
2023-08-21,15320.0,15330.0,15339.0,15318.5,0.26,15280.0,15361.8,15280.0,15180.0,15110.0,15190.0,15299.542857142858,15241.199999999999,15126.526666666667,15045.435000000001,49.06250629371495,69.99454923754938,124.88688932949472,0.002617801047120505,0,8,3,0,0,21,34,15310.0
2023-08-22,15310.0,15320.0,15332.0,15310.0,-0.07,15320.0,15280.0,15361.8,15210.0,15170.0,15135.0,15313.828571428572,15251.199999999999,15132.359999999999,15050.935000000001,29.170859562758455,69.03403842619218,129.3051925776641,-0.0006527415143603443,1,8,3,0,0,22,34,15290.0
2023-08-23,15290.0,15317.5,15330.0,15295.0,-0.13,15310.0,15320.0,15280.0,15310.0,15180.0,15075.0,15310.971428571429,15259.057142857142,15139.526666666667,15056.018333333335,30.554962187783318,66.52113272330377,131.94754948862223,-0.0013063357282822041,2,8,3,0,0,23,34,15240.0
2023-08-24,15240.0,15252.5,15274.5,15239.5,-0.33,15290.0,15310.0,15320.0,15335.0,15165.0,14965.0,15297.4,15264.414285714285,15148.693333333333,15061.451666666668,38.23593423309978,61.16839124745906,128.92245981068794,-0.0032701111837802888,3,8,3,0,0,24,34,15290.0
2023-08-25,15290.0,15275.0,15307.0,15274.0,0.33,15240.0,15290.0,15310.0,15280.0,15180.0,14955.0,15298.828571428572,15272.271428571428,15159.859999999999,15067.918333333335,37.65995726184026,56.367617933866015,126.04304847521578,0.0032808398950130435,4,8,3,0,0,25,34,15285.0
2023-08-28,15285.0,15295.0,15301.5,15285.0,-0.03,15290.0,15240.0,15290.0,15361.8,15215.0,15000.0,15287.857142857143,15277.271428571428,15169.359999999999,15074.585000000001,25.471739709349514,53.949412608192,124.30717681154393,-0.0003270111183780733,0,8,3,0,0,28,35,15255.0
2023-08-29,15255.0,15277.5,15282.5,15250.0,-0.2,15285.0,15290.0,15240.0,15280.0,15190.0,14990.0,15284.285714285714,15281.914285714285,15178.193333333333,15081.251666666669,28.347335475892315,48.36952087151855,120.47883183157096,-0.001962708537782132,1,8,3,0,0,29,35,15235.0
2023-08-30,15235.0,15220.0,15295.0,15215.0,-0.13,15255.0,15285.0,15290.0,15320.0,15180.0,14999.0,15272.142857142857,15285.842857142856,15186.06,15087.251666666669,28.702082220998808,41.15009513427593,115.99636320084198,-0.0013110455588332126,2,8,3,0,0,30,35,15225.0
2023-08-31,15225.0,15222.5,15244.0,15222.5,-0.07,15235.0,15255.0,15285.0,15310.0,15210.0,14985.0,15260.0,15286.914285714285,15194.06,15092.835000000001,27.988092706450836,39.17116005570148,109.76004109259931,-0.0006563833278634412,3,8,3,1,0,31,35,15235.0
2023-09-01,15235.0,15227.5,15264.0,15226.5,0.07,15225.0,15235.0,15255.0,15290.0,15310.0,15020.0,15252.142857142857,15281.557142857142,15201.226666666666,15099.501666666669,25.796825201714352,40.863086863593246,104.91525293688179,0.0006568144499179418,4,9,3,0,1,1,35,15235.0
2023-09-04,15235.0,15242.5,15254.0,15234.0,0.0,15235.0,15225.0,15235.0,15240.0,15335.0,15020.0,15251.42857142857,15274.414285714285,15208.393333333333,15105.751666666669,26.254251356634395,39.52062474341208,99.30201211030213,0.0,0,9,3,0,0,4,36,15260.0
2023-09-05,15260.0,15250.0,15274.0,15242.5,0.16,15235.0,15235.0,15225.0,15290.0,15280.0,14990.0,15247.142857142857,15272.985714285713,15217.393333333333,15112.501666666669,20.78804601578819,39.66439707715512,90.68767902199191,0.001640958319658603,1,9,3,0,0,5,36,15290.0
2023-09-06,15290.0,15310.0,15321.5,15215.0,0.2,15260.0,15235.0,15235.0,15285.0,15361.8,15015.0,15247.857142857143,15267.857142857143,15226.56,15119.085000000001,22.33404405433958,30.990959332190624,83.10592161125139,0.001965923984272644,2,9,3,0,0,6,36,15320.0
2023-09-07,15320.0,15330.0,15341.5,15319.0,0.2,15290.0,15260.0,15235.0,15255.0,15280.0,14995.0,15257.142857142857,15270.714285714286,15237.393333333333,15125.418333333335,35.456210417279465,33.903547739734165,72.36912054981843,0.0019620667102682177,3,9,3,0,0,7,36,15320.0
2023-09-08,15320.0,15330.0,15347.5,15325.0,0.0,15320.0,15290.0,15260.0,15235.0,15320.0,15090.0,15269.285714285714,15270.714285714286,15245.06,15131.918333333335,40.76646614456736,33.903547739734165,68.28367099165479,0.0,4,9,3,0,0,8,36,15320.0
2023-09-11,15320.0,15350.0,15361.5,15325.0,0.0,15320.0,15320.0,15290.0,15225.0,15310.0,15075.0,15282.857142857143,15271.42857142857,15253.226666666666,15137.418333333335,39.35491740330276,34.885999583254566,61.563507626051,0.0,0,9,3,0,0,11,37,15335.0
2023-09-12,15335.0,15340.0,15354.5,15330.0,0.1,15320.0,15320.0,15320.0,15235.0,15290.0,15110.0,15297.142857142857,15274.642857142857,15260.726666666666,15143.085000000001,37.177181942072934,38.60372070975883,57.05333217790169,0.000979112271540572,1,9,3,0,0,12,37,15365.0
2023-09-13,15365.0,15360.0,15377.0,15350.0,0.2,15335.0,15320.0,15320.0,15235.0,15240.0,15170.0,15315.714285714286,15283.57142857143,15267.226666666666,15150.168333333335,33.22004558368989,44.04667853538469,57.467081631335255,0.0019563090968373054,2,9,3,0,0,13,37,15350.0
2023-09-14,15350.0,15365.0,15371.5,15340.0,-0.1,15365.0,15335.0,15320.0,15260.0,15290.0,15180.0,15328.57142857143,15287.857142857143,15272.893333333333,15157.085000000001,24.275207811605586,47.50361466754872,56.948584998148945,-0.0009762447120078566,3,9,3,0,0,14,37,15350.0
2023-09-15,15350.0,15390.0,15392.5,15351.0,0.0,15350.0,15365.0,15335.0,15290.0,15285.0,15165.0,15337.142857142857,15292.5,15279.06,15163.085000000001,18.22478688911672,50.29719368113041,54.83980809304555,0.0,4,9,3,0,0,15,37,15365.0
2023-09-18,15365.0,15367.5,15381.5,15361.5,0.1,15350.0,15350.0,15365.0,15320.0,15255.0,15180.0,15343.57142857143,15300.357142857143,15285.226666666666,15169.001666666669,19.086270308693955,52.53073406937443,53.70632103857078,0.00097719869706836,0,9,3,0,0,18,38,15375.0
2023-09-19,15375.0,15382.5,15393.5,15369.5,0.07,15365.0,15350.0,15350.0,15320.0,15235.0,15215.0,15351.42857142857,15310.357142857143,15290.56,15175.418333333335,19.086270308692548,52.457465762032925,54.43149189855562,0.0006508298080052377,1,9,3,0,0,19,38,15375.0
2023-09-20,15375.0,15390.0,15403.0,15380.0,0.0,15375.0,15365.0,15350.0,15320.0,15225.0,15190.0,15359.285714285714,15321.07142857143,15296.726666666666,15181.87,14.840420992977554,48.87891520417894,53.10945063813061,0.0,2,9,3,0,0,20,38,15370.0
2023-09-21,15370.0,15392.5,15411.5,15375.0,-0.03,15375.0,15375.0,15365.0,15335.0,15235.0,15180.0,15364.285714285714,15330.714285714286,15303.06,15186.853333333334,10.578504710753602,43.62678882504998,49.94422130073508,-0.0003252032520325576,3,9,3,0,0,21,38,15370.0
2023-09-22,15370.0,15385.0,15394.0,15369.0,0.0,15370.0,15375.0,15375.0,15365.0,15235.0,15210.0,15365.0,15340.357142857143,15308.393333333333,15192.346666666668,10.801234497840396,34.88796826355721,48.17561218243929,0.0,4,9,3,0,0,22,38,15395.0
2023-09-25,15395.0,15380.0,15409.0,15380.0,0.16,15370.0,15370.0,15375.0,15350.0,15260.0,15310.0,15371.42857142857,15350.0,15311.226666666666,15198.596666666668,13.451854183086805,29.154759472314048,50.70642299838034,0.0016265452179571316,0,9,3,0,0,25,39,15485.0
2023-09-26,15485.0,15430.0,15505.0,15427.5,0.58,15395.0,15370.0,15370.0,15350.0,15290.0,15335.0,15390.714285714286,15363.92857142857,15316.226666666666,15206.846666666668,42.664248443499645,42.02465262747224,59.72497273145756,0.005846053913608262,1,9,3,0,0,26,39,15515.0
2023-09-27,15515.0,15487.0,15542.5,15420.0,0.19,15485.0,15395.0,15370.0,15365.0,15320.0,15280.0,15412.142857142857,15377.857142857143,15324.06,15215.263333333334,61.227522600705754,56.25198409099733,69.43186488944461,0.0019373587342590426,2,9,3,0,0,27,39,15481.0
2023-09-28,15481.0,15576.0,15597.8,15466.3,-0.22,15515.0,15485.0,15395.0,15375.0,15320.0,15361.8,15427.285714285714,15389.357142857143,15328.033333333333,15222.613333333335,63.57335470605368,59.85573315144297,74.86423727618921,-0.0021914276506606045,3,9,3,0,0,28,39,15450.0
2023-09-29,15450.0,15505.0,15508.5,15455.0,-0.2,15481.0,15515.0,15485.0,15375.0,15320.0,15280.0,15438.0,15398.642857142857,15333.7,15227.946666666667,59.481089431938024,58.33274201592649,77.49088934185386,-0.0020024546217944916,4,9,3,0,0,29,39,15525.0
2023-10-02,15525.0,15492.5,15541.0,15492.5,0.49,15450.0,15481.0,15515.0,15370.0,15335.0,15320.0,15460.142857142857,15412.214285714286,15340.533333333333,15233.53,58.79463856355908,64.19463022199179,84.92338670326473,0.004854368932038833,0,10,4,0,0,2,40,15575.0
2023-10-03,15575.0,15580.0,15612.5,15580.0,0.32,15525.0,15450.0,15481.0,15370.0,15365.0,15310.0,15489.42857142857,15427.214285714286,15349.366666666667,15240.863333333335,57.451014330721726,75.7995114361136,94.84087702030008,0.0032206119162641045,1,10,4,0,0,3,40,15625.0
2023-10-04,15625.0,15620.0,15646.5,15612.5,0.32,15575.0,15525.0,15450.0,15395.0,15350.0,15290.0,15522.285714285714,15446.857142857143,15360.533333333333,15250.03,60.15179211999836,88.77270642759973,106.60230098205737,0.0032102728731941976,2,10,4,0,0,4,40,15610.0
2023-10-05,15610.0,15585.0,15621.5,15575.0,-0.1,15625.0,15575.0,15525.0,15485.0,15350.0,15240.0,15540.142857142857,15465.42857142857,15372.866666666667,15260.78,65.55005357601718,93.9940376873254,113.36536396573135,-0.0009599999999999609,3,10,4,0,0,5,40,15605.0
2023-10-06,15605.0,15620.0,15636.5,15610.0,-0.03,15610.0,15625.0,15575.0,15515.0,15365.0,15290.0,15553.0,15482.57142857143,15383.366666666667,15271.613333333335,68.5541148777789,96.13029161986363,119.82904009684323,-0.00032030749519540436,4,10,4,0,0,6,40,15685.0
2023-10-09,15685.0,15635.0,15702.5,15635.0,0.51,15605.0,15610.0,15625.0,15481.0,15375.0,15285.0,15582.142857142857,15504.714285714286,15396.7,15283.03,75.82090426668712,104.76158175054383,130.30260536717282,0.005126561999359236,0,10,4,0,0,9,41,15730.0
2023-10-10,15730.0,15677.5,15742.5,15667.5,0.29,15685.0,15605.0,15610.0,15450.0,15375.0,15255.0,15622.142857142857,15530.07142857143,15412.533333333333,15295.363333333335,67.9372960198162,113.54461290948926,140.91737205569123,0.002868983104877376,1,10,4,0,0,10,41,15690.0
2023-10-11,15690.0,15727.5,15737.5,15689.0,-0.25,15730.0,15685.0,15605.0,15525.0,15370.0,15235.0,15645.714285714286,15552.92857142857,15427.7,15306.880000000001,56.230816834831195,111.02353477804458,145.5598348350147,-0.002542911633820699,2,10,4,0,0,11,41,15685.0
2023-10-12,15685.0,15695.0,15708.0,15690.0,-0.03,15690.0,15730.0,15685.0,15575.0,15370.0,15225.0,15661.42857142857,15575.42857142857,15443.033333333333,15318.546666666667,47.933485661136665,102.70698746731615,147.68383828946583,-0.00031867431485022024,3,10,4,0,0,12,41,15680.0
2023-10-13,15680.0,15735.0,15740.0,15682.5,-0.03,15685.0,15690.0,15730.0,15625.0,15395.0,15235.0,15669.285714285714,15595.785714285714,15457.866666666667,15329.546666666667,45.40820148290385,91.86627285243509,148.4145483464282,-0.0003187759005419677,4,10,4,0,0,13,41,15715.0
2023-10-16,15715.0,15705.0,15727.5,15700.0,0.22,15680.0,15685.0,15690.0,15610.0,15485.0,15235.0,15684.285714285714,15612.214285714286,15473.866666666667,15341.130000000001,39.520940802462505,91.09266505190983,149.42965899867446,0.0022321428571427937,0,10,4,0,0,16,42,15710.0
2023-10-17,15710.0,15705.0,15726.5,15701.5,-0.03,15715.0,15680.0,15685.0,15605.0,15515.0,15260.0,15699.285714285714,15626.142857142857,15488.866666666667,15353.130000000001,19.02379462440442,89.98620162781721,149.8064805312154,-0.00031816735602929747,1,10,4,0,0,17,42,15725.0
2023-10-18,15725.0,15730.0,15737.5,15716.0,0.1,15710.0,15715.0,15680.0,15685.0,15481.0,15290.0,15705.0,15643.57142857143,15503.366666666667,15364.963333333335,20.000000000166523,83.07615994696633,150.94198093687885,0.0009548058561426043,2,10,4,0,0,18,42,15810.0
2023-10-19,15810.0,15790.0,15856.5,15790.0,0.54,15725.0,15710.0,15715.0,15730.0,15450.0,15320.0,15716.42857142857,15669.285714285714,15519.7,15378.546666666667,44.50789122120783,73.74220018278224,156.8129019145104,0.00540540540540535,3,10,4,0,0,19,42,15870.0
2023-10-20,15870.0,15847.5,15889.0,15825.0,0.38,15810.0,15725.0,15710.0,15690.0,15525.0,15320.0,15742.142857142857,15693.92857142857,15538.033333333333,15391.546666666667,70.87883692482264,79.25563730007677,164.61710711215855,0.00379506641366234,4,10,4,0,0,20,42,15930.0
2023-10-23,15930.0,15880.0,15967.5,15880.0,0.38,15870.0,15810.0,15725.0,15685.0,15575.0,15320.0,15777.142857142857,15719.285714285714,15558.366666666667,15405.796666666667,94.51001458654183,93.74386426746669,174.15420898071793,0.003780718336483968,0,10,4,0,0,23,43,15845.0
2023-10-24,15845.0,15892.5,15895.0,15835.0,-0.53,15930.0,15870.0,15810.0,15680.0,15625.0,15335.0,15800.714285714286,15735.0,15575.366666666667,15418.046666666667,86.47873396723932,95.15170074008756,176.47476782280506,-0.005335844318895111,1,10,4,0,0,24,43,15865.0
2023-10-25,15865.0,15867.5,15880.0,15862.5,0.13,15845.0,15930.0,15870.0,15715.0,15610.0,15365.0,15822.142857142857,15753.214285714286,15592.033333333333,15429.630000000001,80.0446304079647,93.77975718153537,179.5066963178259,0.001262227832123708,2,10,4,0,0,25,43,15915.0
2023-10-26,15915.0,15895.0,15942.5,15895.0,0.32,15865.0,15845.0,15930.0,15710.0,15605.0,15350.0,15851.42857142857,15775.357142857143,15610.866666666667,15441.880000000001,68.90296835132281,92.68358674885188,182.84565440087601,0.0031515915537345673,3,10,4,0,0,26,43,15935.0
2023-10-27,15935.0,15917.5,15952.5,15914.0,0.13,15915.0,15865.0,15845.0,15725.0,15685.0,15350.0,15881.42857142857,15793.214285714286,15630.366666666667,15454.713333333335,46.878769689732124,97.8736851336598,185.24419732782175,0.0012566760917374076,4,10,4,0,0,27,43,15885.0
2023-10-30,15885.0,15922.5,15930.5,15882.5,-0.31,15935.0,15915.0,15865.0,15810.0,15730.0,15365.0,15892.142857142857,15804.285714285714,15647.7,15466.463333333335,34.863680105231644,98.93387735147418,183.88079909499103,-0.003137747097583965,0,10,4,0,0,30,44,15880.0
2023-10-31,15880.0,15877.5,15912.5,15867.5,-0.03,15885.0,15935.0,15915.0,15870.0,15690.0,15375.0,15893.57142857143,15817.857142857143,15664.533333333333,15477.546666666667,33.9992997127307,95.00433766785889,181.1504867521054,-0.0003147623544224043,1,10,4,1,0,31,44,15930.0
2023-11-01,15930.0,15925.0,15953.5,15920.0,0.31,15880.0,15885.0,15935.0,15930.0,15685.0,15375.0,15893.57142857143,15835.357142857143,15683.033333333333,15489.880000000001,33.9992997127307,91.13523944126202,178.88784452692653,0.0031486146095718315,2,11,4,0,1,1,44,15850.0
2023-11-02,15850.0,15875.0,15880.0,15835.0,-0.5,15930.0,15880.0,15885.0,15845.0,15680.0,15370.0,15894.285714285714,15847.5,15699.033333333333,15501.046666666667,32.84161123597801,79.41492787325944,171.22610245190072,-0.005021971123666091,3,11,4,0,0,2,44,15725.0
2023-11-03,15725.0,15832.5,15832.5,15724.0,-0.79,15850.0,15930.0,15880.0,15865.0,15715.0,15370.0,15874.285714285714,15848.214285714286,15710.866666666667,15509.630000000001,72.42401601155515,78.16666471336553,159.57307986010971,-0.007886435331230235,4,11,4,0,0,3,44,15535.0
2023-11-06,15535.0,15595.0,15595.0,15510.0,-1.21,15725.0,15850.0,15930.0,15915.0,15710.0,15395.0,15820.0,15835.714285714286,15715.533333333333,15513.380000000001,143.93285471590983,109.62974650415649,151.87874776589842,-0.012082670906200299,0,11,4,0,0,6,45,15625.0
2023-11-07,15625.0,15565.0,15635.0,15560.0,0.58,15535.0,15725.0,15850.0,15935.0,15725.0,15485.0,15775.714285714286,15828.57142857143,15720.2,15518.213333333335,150.20620746796675,120.15100389155334,146.61053262235583,0.0057933698101062525,1,11,4,0,0,7,45,15645.0
2023-11-08,15645.0,15625.0,15665.0,15590.0,0.13,15625.0,15535.0,15725.0,15885.0,15810.0,15515.0,15741.42857142857,15816.785714285714,15724.533333333333,15524.296666666667,148.48440674907468,129.81654426427926,142.19091908843214,0.0012799999999999478,2,11,4,0,0,8,45,15650.0
2023-11-09,15650.0,15642.5,15672.5,15631.0,0.03,15645.0,15625.0,15535.0,15880.0,15870.0,15481.0,15708.57142857143,15801.07142857143,15730.166666666666,15529.1,137.77137721950263,136.0455038608907,135.39522818785193,0.0003195909236177741,3,11,4,0,0,9,45,15690.0
2023-11-10,15690.0,15685.0,15712.5,15675.0,0.26,15650.0,15645.0,15625.0,15930.0,15930.0,15450.0,15674.285714285714,15783.92857142857,15738.166666666666,15535.933333333332,97.44351233019408,133.64963626815407,124.95849885754049,0.002555910543130979,4,11,4,0,0,10,45,15695.0
2023-11-13,15695.0,15702.5,15727.0,15697.5,0.03,15690.0,15650.0,15645.0,15850.0,15845.0,15525.0,15652.142857142857,15773.214285714286,15743.833333333334,15542.183333333332,62.0387743577866,134.38760163204105,118.65396903502338,0.00031867431485022024,0,11,4,0,0,13,46,15690.0
2023-11-14,15690.0,15695.0,15707.5,15690.0,-0.03,15695.0,15690.0,15650.0,15725.0,15865.0,15575.0,15647.142857142857,15760.714285714286,15747.666666666666,15548.516666666666,56.33657358960001,133.3280676611584,114.80668409370502,-0.0003185727938833649,1,11,4,0,0,14,46,15530.0
2023-11-15,15530.0,15505.0,15553.0,15467.5,-1.02,15690.0,15695.0,15690.0,15535.0,15915.0,15625.0,15646.42857142857,15733.214285714286,15744.5,15552.516666666666,58.002463001950225,138.65573225726058,119.52023346214116,-0.010197578075207159,2,11,4,0,0,15,46,15540.0
2023-11-16,15540.0,15555.0,15622.5,15545.0,0.06,15530.0,15690.0,15695.0,15625.0,15935.0,15610.0,15634.285714285714,15705.0,15742.166666666666,15557.516666666666,70.73592742431852,134.56482566992608,122.87281996033829,0.0006439150032195862,3,11,4,0,0,16,46,15490.0
2023-11-17,15490.0,15512.5,15535.0,15489.0,-0.32,15540.0,15530.0,15690.0,15645.0,15885.0,15605.0,15612.142857142857,15676.785714285714,15738.333333333334,15560.85,88.78143306542275,135.32876126773314,128.94354106180552,-0.003217503217503248,4,11,4,0,0,17,46,15440.0
2023-11-20,15440.0,15412.5,15552.0,15382.5,-0.32,15490.0,15540.0,15530.0,15650.0,15880.0,15685.0,15582.142857142857,15645.357142857143,15730.166666666666,15563.433333333332,107.38781521732577,135.59646418246595,139.7441216659163,-0.0032278889606197625,0,11,4,0,0,20,47,15435.0
2023-11-21,15435.0,15392.0,15507.0,15385.0,-0.03,15440.0,15490.0,15540.0,15690.0,15930.0,15730.0,15545.714285714286,15610.0,15720.333333333334,15566.433333333332,107.9517087802669,119.21215735580115,149.77531064267467,-0.00032383419689119286,1,11,4,0,0,21,47,15570.0
2023-11-22,15570.0,15535.0,15604.0,15530.0,0.87,15435.0,15440.0,15490.0,15695.0,15850.0,15690.0,15527.857142857143,15590.0,15716.333333333334,15572.016666666666,87.55270521511343,97.32973298516141,152.19618313501954,0.008746355685131268,2,11,4,0,0,22,47,15550.0
2023-11-23,15550.0,15600.0,15623.5,15545.0,-0.13,15570.0,15435.0,15440.0,15690.0,15725.0,15685.0,15507.857142857143,15577.5,15711.833333333334,15577.433333333332,53.8405936428838,89.58773095880642,155.1222172959101,-0.0012845215157354373,3,11,4,0,0,23,47,15560.0
2023-11-24,15560.0,15565.0,15612.5,15555.0,0.06,15550.0,15570.0,15435.0,15530.0,15535.0,15680.0,15512.142857142857,15579.285714285714,15707.833333333334,15582.85,56.99832913180954,88.92211680470047,157.50031928431673,0.0006430868167202064,4,11,4,0,0,24,47,15490.0
2023-11-27,15490.0,15540.0,15560.0,15475.0,-0.45,15560.0,15550.0,15570.0,15540.0,15625.0,15715.0,15505.0,15569.642857142857,15700.333333333334,15587.1,56.05057240274459,90.88167043944554,162.4273489228651,-0.004498714652956259,0,11,4,0,0,27,48,15430.0
2023-11-28,15430.0,15470.0,15482.5,15430.0,-0.39,15490.0,15560.0,15550.0,15490.0,15645.0,15710.0,15496.42857142857,15554.285714285714,15691.0,15589.933333333332,62.89636222359095,95.22962416479098,169.73305613455815,-0.003873466752743693,1,11,4,0,0,28,48,15390.0
2023-11-29,15390.0,15387.5,15422.5,15357.5,-0.26,15430.0,15490.0,15560.0,15440.0,15650.0,15725.0,15489.285714285714,15535.714285714286,15679.833333333334,15591.6,72.48152473962122,100.3428189686107,178.22633485748224,-0.0025923525599481634,2,11,4,0,0,29,48,15505.0
2023-11-30,15505.0,15450.0,15510.0,15441.0,0.75,15390.0,15430.0,15490.0,15435.0,15690.0,15810.0,15499.285714285714,15522.5,15669.666666666666,15594.683333333332,68.46097254577602,90.12277949831251,179.24137709892182,0.007472384665367038,3,11,4,1,0,30,48,15480.0
2023-12-01,15480.0,15520.0,15548.5,15485.0,-0.16,15505.0,15390.0,15430.0,15570.0,15695.0,15870.0,15486.42857142857,15507.142857142857,15656.666666666666,15597.35,61.013269438934174,75.61833023822958,178.35132576532564,-0.0016123831022251123,4,12,4,0,1,1,48,15450.0
2023-12-04,15450.0,15425.0,15468.5,15415.0,-0.19,15480.0,15505.0,15390.0,15550.0,15690.0,15930.0,15472.142857142857,15490.0,15640.666666666666,15599.516666666666,55.064896777820366,55.50467755653823,174.47326310979798,-0.0019379844961240345,0,12,4,0,0,4,49,15500.0
2023-12-05,15500.0,15490.0,15519.0,15487.5,0.32,15450.0,15480.0,15505.0,15560.0,15530.0,15845.0,15463.57142857143,15487.857142857143,15629.166666666666,15602.266666666666,42.2999493415182,54.409921524714576,171.8915221942318,0.003236245954692629,1,12,4,0,0,5,49,15490.0
2023-12-06,15490.0,15490.0,15514.5,15485.0,-0.06,15500.0,15450.0,15480.0,15490.0,15540.0,15865.0,15463.57142857143,15484.285714285714,15616.666666666666,15604.35,42.2999493415182,52.32506175627617,167.73508121802064,-0.000645161290322549,2,12,4,0,0,6,49,15510.0
2023-12-07,15510.0,15515.0,15543.5,15509.0,0.13,15490.0,15500.0,15450.0,15430.0,15490.0,15915.0,15475.0,15485.714285714286,15603.166666666666,15607.016666666666,42.524502740684355,52.76424863439226,158.9647723570437,0.0012911555842478606,3,12,4,0,0,7,49,15505.0
2023-12-08,15505.0,15502.5,15526.5,15483.5,-0.03,15510.0,15490.0,15500.0,15390.0,15440.0,15935.0,15491.42857142857,15490.357142857143,15588.833333333334,15609.6,20.959143930385974,51.27093514940835,146.94406238843672,-0.0003223726627982204,4,12,4,0,0,8,49,15610.0
2023-12-11,15610.0,15580.0,15622.5,15580.0,0.68,15505.0,15510.0,15490.0,15505.0,15435.0,15885.0,15506.42857142857,15502.857142857143,15579.666666666666,15613.683333333332,49.89274210037362,57.669959040303326,136.0016058050855,0.006772009029345272,0,12,4,0,0,11,50,15615.0
2023-12-12,15615.0,15640.0,15654.5,15614.5,0.03,15610.0,15505.0,15510.0,15480.0,15570.0,15880.0,15525.714285714286,15506.07142857143,15570.833333333334,15617.683333333332,62.478567753909175,62.731987037621316,123.88873855271437,0.00032030749519540436,1,12,4,0,0,12,50,15655.0
2023-12-13,15655.0,15611.0,15677.5,15597.0,0.26,15615.0,15610.0,15505.0,15450.0,15550.0,15930.0,15555.0,15513.57142857143,15561.666666666666,15622.35,68.79922480189259,73.70493594260624,105.15451138358753,0.002561639449247588,2,12,4,0,0,13,50,15495.0
2023-12-14,15495.0,15460.0,15520.0,15460.0,-1.02,15655.0,15615.0,15610.0,15500.0,15560.0,15850.0,15554.285714285714,15508.92857142857,15549.833333333334,15624.433333333332,69.48792289728806,72.59419799339113,90.5489326019689,-0.010220376876397319,3,12,4,0,0,14,50,15490.0
2023-12-15,15490.0,15512.5,15528.5,15472.5,-0.03,15495.0,15655.0,15615.0,15490.0,15490.0,15725.0,15554.285714285714,15508.92857142857,15542.0,15626.433333333332,69.48792289728806,72.59419799339113,84.85890927128673,-0.00032268473701191347,4,12,4,0,0,15,50,15505.0
2023-12-18,15505.0,15542.5,15561.5,15490.0,0.1,15490.0,15495.0,15655.0,15510.0,15430.0,15535.0,15553.57142857143,15514.285714285714,15541.0,15628.266666666666,70.04250410258335,68.99992036861445,85.12060409403351,0.0009683666881858954,0,12,4,0,0,18,51,15500.0
2023-12-19,15500.0,15522.5,15526.5,15487.5,-0.03,15505.0,15490.0,15495.0,15505.0,15390.0,15625.0,15552.857142857143,15522.142857142857,15536.833333333334,15628.516666666666,70.643302516829,59.3462553314379,83.91789227353229,-0.00032247662044504466,1,12,4,0,0,19,51,15505.0
2023-12-20,15505.0,15500.0,15527.5,15494.0,0.03,15500.0,15505.0,15490.0,15610.0,15505.0,15645.0,15537.857142857143,15522.142857142857,15532.166666666666,15628.35,67.56830758931548,59.3462553314379,81.55475559937439,0.000322580645161219,2,12,4,0,0,20,51,15520.0
2023-12-21,15520.0,15520.0,15551.0,15512.5,0.1,15505.0,15500.0,15505.0,15615.0,15480.0,15650.0,15524.285714285714,15525.0,15527.833333333334,15629.0,58.41151223785454,58.11129904596265,78.4734013064169,0.000967429861335134,3,12,4,0,0,21,51,15480.0
2023-12-22,15480.0,15490.0,15505.0,15475.0,-0.26,15520.0,15505.0,15500.0,15655.0,15450.0,15690.0,15499.285714285714,15527.142857142857,15520.833333333334,15629.5,12.724180205939087,55.63321799915212,72.6598515202378,-0.002577319587628857,4,12,4,0,0,22,51,15467.0
2023-12-25,15467.0,15466.8,15467.0,15466.8,-0.08,15480.0,15520.0,15505.0,15495.0,15500.0,15695.0,15495.285714285714,15524.785714285714,15513.233333333334,15628.533333333333,17.717357644785555,57.538186076979215,65.37303215614277,-0.0008397932816537335,0,12,4,0,0,25,52,15407.0
2023-12-26,15407.0,15467.0,15467.0,15405.0,-0.39,15467.0,15480.0,15520.0,15490.0,15490.0,15690.0,15483.42857142857,15518.857142857143,15503.8,15625.733333333334,38.00375921266564,65.16825223057072,59.103882829068965,-0.003879226740802988,1,12,4,0,0,26,52,15425.0
2023-12-27,15425.0,15430.0,15442.5,15392.5,0.12,15407.0,15467.0,15480.0,15505.0,15510.0,15530.0,15472.0,15512.785714285714,15500.3,15622.4,42.22953153116838,69.84838368339554,60.58914777038381,0.001168300123320476,2,12,4,0,0,27,52,15415.0
2023-12-28,15415.0,15385.0,15434.5,15380.0,-0.06,15425.0,15407.0,15467.0,15500.0,15505.0,15540.0,15459.857142857143,15506.357142857143,15496.133333333333,15619.15,44.96824276254883,74.60006923291972,62.04544126335591,-0.0006482982171799323,3,12,4,0,0,28,52,15395.0
2023-12-29,15395.0,15430.0,15457.5,15397.0,-0.13,15415.0,15425.0,15407.0,15505.0,15610.0,15490.0,15444.142857142857,15491.0,15492.966666666667,15615.65,45.77637153035319,73.74801170645348,64.73526104793253,-0.0012974375608173494,4,12,4,0,0,29,52,15390.0
2024-01-01,15390.0,15390.1,15390.1,15390.0,-0.03,15395.0,15415.0,15425.0,15520.0,15615.0,15440.0,15425.57142857143,15474.92857142857,15491.3,15610.733333333334,34.96596985109736,69.01110756189058,66.75800352345989,-0.00032478077297826147,0,1,1,0,1,1,1,15465.0
2024-01-02,15465.0,15430.0,15482.5,15430.0,0.49,15390.0,15395.0,15415.0,15480.0,15655.0,15435.0,15423.42857142857,15461.357142857143,15492.3,15606.316666666668,31.34675497763467,45.5793596034851,66.10709701550627,0.004873294346978474,1,1,1,0,0,2,1,15475.0
2024-01-03,15475.0,15505.0,15527.5,15470.0,0.06,15465.0,15390.0,15395.0,15467.0,15495.0,15570.0,15424.57142857143,15459.92857142857,15489.133333333333,15602.733333333334,33.285918658814296,44.74967002022188,64.51288742285347,0.0006466214031684014,2,1,1,0,0,3,1,15485.0
2024-01-04,15485.0,15535.0,15552.5,15490.0,0.06,15475.0,15465.0,15390.0,15407.0,15490.0,15550.0,15435.714285714286,15459.57142857143,15486.966666666667,15599.4,38.990230766782496,44.51052474497001,63.481457152892574,0.0006462035541194844,3,1,1,0,0,4,1,15510.0
2024-01-05,15510.0,15507.5,15532.0,15499.5,0.16,15485.0,15475.0,15465.0,15425.0,15505.0,15560.0,15447.857142857143,15459.92857142857,15485.3,15596.566666666668,47.42161452142287,44.92123754198408,62.14008090699724,0.0016144656118823875,4,1,1,0,0,5,1,15520.0
2024-01-08,15520.0,15500.0,15533.5,15500.0,0.06,15510.0,15485.0,15475.0,15415.0,15500.0,15490.0,15462.857142857143,15461.357142857143,15486.3,15593.316666666668,51.70889211555852,46.58095870816217,62.45889682870775,0.0006447453255964408,0,1,1,0,0,8,2,15515.0
2024-01-09,15515.0,15529.0,15531.0,15504.5,-0.03,15520.0,15510.0,15485.0,15395.0,15505.0,15430.0,15480.0,15462.07142857143,15489.133333333333,15590.066666666668,44.907311951125365,47.371631051265574,61.74068872011196,-0.0003221649484536071,1,1,1,0,0,9,2,15565.0
2024-01-10,15565.0,15540.0,15587.5,15537.5,0.32,15515.0,15520.0,15510.0,15390.0,15520.0,15390.0,15505.0,15465.285714285714,15494.966666666667,15587.4,33.78855822132377,52.81816204341146,60.301817512888334,0.0032226877215597582,2,1,1,0,0,10,2,15545.0
2024-01-11,15545.0,15552.5,15570.0,15544.5,-0.13,15565.0,15515.0,15520.0,15465.0,15480.0,15505.0,15516.42857142857,15469.92857142857,15496.3,15582.983333333334,31.45291265200871,56.90946154263527,60.9698342593328,-0.0012849341471249387,3,1,1,0,0,11,2,15545.0
2024-01-12,15545.0,15562.5,15575.0,15542.5,0.0,15545.0,15565.0,15515.0,15475.0,15467.0,15480.0,15526.42857142857,15475.5,15498.466666666667,15577.566666666668,26.881574500543742,60.316791894971495,61.523044929737736,0.0,4,1,1,0,0,12,2,15550.0
2024-01-15,15550.0,15555.0,15562.5,15545.0,0.03,15545.0,15545.0,15565.0,15485.0,15407.0,15450.0,15535.714285714286,15485.714285714286,15501.8,15571.233333333334,20.70196678049509,59.93127932594325,61.51557133926764,0.0003216468317785992,0,1,1,0,0,15,3,15585.0
2024-01-16,15585.0,15572.5,15598.5,15570.0,0.23,15550.0,15545.0,15545.0,15510.0,15425.0,15500.0,15546.42857142857,15497.142857142857,15504.633333333333,15566.9,24.275207811573562,62.65639772369821,63.35966482228132,0.0022508038585209444,1,1,1,0,0,16,3,15635.0
2024-01-17,15635.0,15625.0,15647.5,15617.5,0.32,15585.0,15550.0,15545.0,15520.0,15415.0,15490.0,15562.857142857143,15512.857142857143,15509.466666666667,15563.066666666668,38.28153850729708,67.84354982335084,67.59398735384431,0.003208213025344797,2,1,1,0,0,17,3,15615.0
2024-01-18,15615.0,15617.5,15637.5,15612.5,-0.13,15635.0,15585.0,15550.0,15515.0,15395.0,15510.0,15577.142857142857,15528.57142857143,15512.966666666667,15558.066666666668,36.03900003911224,63.80344129250044,70.28733310744587,-0.0012791813239526606,3,1,1,0,0,18,3,15610.0
2024-01-19,15610.0,15617.5,15637.5,15612.5,-0.03,15615.0,15635.0,15585.0,15565.0,15390.0,15505.0,15583.57142857143,15544.285714285714,15516.466666666667,15552.65,37.4960315361778,53.27205728896467,72.45770863189452,-0.00032020493115592075,4,1,1,0,0,19,3,15630.0
2024-01-22,15630.0,15607.5,15640.0,15607.5,0.13,15610.0,15615.0,15635.0,15545.0,15465.0,15610.0,15595.714285714286,15556.07142857143,15517.133333333333,15548.4,36.67748758091046,52.630006482085506,73.43340090020826,0.0012812299807816174,0,1,1,0,0,22,4,15625.0
2024-01-23,15625.0,15660.0,15677.5,15630.0,-0.03,15630.0,15610.0,15615.0,15545.0,15475.0,15615.0,15607.142857142857,15566.785714285714,15517.466666666667,15544.15,30.118812346317632,50.061775024145895,73.91408494987671,-0.0003198976327575265,1,1,1,0,0,23,4,15705.0
2024-01-24,15705.0,15694.0,15730.0,15693.0,0.51,15625.0,15630.0,15610.0,15550.0,15485.0,15655.0,15629.285714285714,15582.5,15519.133333333333,15540.4,37.24117025436766,56.526032123078714,77.59431783883454,0.005120000000000013,2,1,1,0,0,24,4,15820.0
2024-01-25,15820.0,15710.0,15835.0,15705.0,0.73,15705.0,15625.0,15630.0,15585.0,15510.0,15495.0,15662.857142857143,15604.642857142857,15529.966666666667,15539.9,76.20461178401985,81.2513736140684,94.87250367718302,0.007322508755173596,3,1,1,0,0,25,4,15815.0
2024-01-26,15815.0,15837.5,15847.5,15810.0,-0.03,15820.0,15705.0,15625.0,15635.0,15520.0,15490.0,15688.57142857143,15625.714285714286,15540.8,15541.4,93.61776388216188,94.74372605223527,107.82309905400076,-0.0003160556257901792,4,1,1,0,0,26,4,15805.0
2024-01-29,15805.0,15812.5,15833.0,15807.5,-0.06,15815.0,15820.0,15705.0,15615.0,15515.0,15505.0,15715.714285714286,15646.42857142857,15550.8,15545.9,96.23879031822584,100.21953923184617,117.83518589299226,-0.0006323110970597456,0,1,1,0,0,29,5,15777.0
2024-01-30,15777.0,15800.0,15816.0,15775.0,-0.18,15805.0,15815.0,15820.0,15610.0,15565.0,15500.0,15739.57142857143,15661.57142857143,15560.033333333333,15548.433333333332,85.79793537315771,102.9486162233625,124.38773731905894,-0.001771591268585837,1,1,1,0,0,30,5,15775.0
2024-01-31,15775.0,15802.5,15818.0,15778.0,-0.01,15777.0,15805.0,15815.0,15630.0,15545.0,15505.0,15760.285714285714,15678.0,15569.033333333333,15550.6,71.19624120637077,101.25292018525454,129.9136273632031,-0.00012676681244849775,2,1,1,1,0,31,5,15760.0
2024-02-01,15760.0,15787.5,15802.5,15757.5,-0.1,15775.0,15777.0,15805.0,15625.0,15545.0,15520.0,15779.57142857143,15693.357142857143,15577.033333333333,15552.433333333332,39.80727380303909,95.6802424280819,134.111760736217,-0.0009508716323296529,3,2,1,0,1,1,5,15655.0
2024-02-02,15655.0,15755.0,15755.0,15644.0,-0.67,15760.0,15775.0,15777.0,15705.0,15550.0,15480.0,15772.42857142857,15700.857142857143,15582.866666666667,15551.85,56.43242904244047,87.32948849230321,133.55038654784354,-0.006662436548223405,4,2,1,0,0,2,5,15700.0
2024-02-05,15700.0,15725.0,15727.5,15690.5,0.29,15655.0,15760.0,15775.0,15820.0,15585.0,15467.0,15755.285714285714,15709.07142857143,15590.633333333333,15551.933333333332,57.783256761069474,80.75458004156785,133.3547209855994,0.0028744809964866835,0,2,1,0,0,5,6,15725.0
2024-02-06,15725.0,15752.5,15757.5,15722.5,0.16,15700.0,15655.0,15760.0,15815.0,15635.0,15407.0,15742.42857142857,15715.5,15601.233333333334,15552.516666666666,52.005952040414485,77.93759831209215,130.87021297311847,0.0015923566878981443,1,2,1,0,0,6,6,15630.0
2024-02-07,15630.0,15722.5,15727.5,15615.0,-0.6,15725.0,15700.0,15655.0,15805.0,15615.0,15425.0,15717.42857142857,15716.57142857143,15608.066666666668,15554.183333333332,58.56294944442027,76.54030038029238,126.6344000037855,-0.0060413354531001495,2,2,1,0,0,7,6,15665.0
2024-02-08,15665.0,15654.0,15678.0,15618.0,0.22,15630.0,15725.0,15700.0,15777.0,15610.0,15415.0,15701.42857142857,15720.5,15616.4,15556.266666666666,54.75051641427337,71.92169887536423,121.61771649503955,0.0022392834293025743,3,2,1,0,0,8,6,15611.5
2024-02-09,15611.5,15665.0,15666.0,15609.0,-0.34,15665.0,15630.0,15725.0,15775.0,15630.0,15395.0,15678.07142857143,15719.17857142857,15623.616666666667,15558.291666666666,52.97989286162711,73.85630725108679,114.22585637375657,-0.0034152569422278845,4,2,1,0,0,9,6,15590.0
2024-02-12,15590.0,15640.0,15640.0,15594.5,-0.14,15611.5,15665.0,15630.0,15760.0,15625.0,15390.0,15653.785714285714,15716.67857142857,15630.283333333333,15560.791666666666,47.88341496365662,77.77769285201468,105.63418361059256,-0.0013771898920666992,0,2,1,0,0,12,7,15590.0
2024-02-13,15590.0,15590.0,15614.0,15565.0,0.0,15590.0,15611.5,15665.0,15655.0,15705.0,15465.0,15644.5,15708.464285714286,15634.45,15563.375,53.57315870231651,84.8565450725288,101.26479032008328,0.0,1,2,1,0,0,13,7,15632.0
2024-02-14,15632.0,15677.0,15726.7,15560.6,0.27,15590.0,15590.0,15611.5,15700.0,15820.0,15475.0,15634.785714285714,15695.035714285714,15639.683333333332,15564.408333333333,47.67236895639843,80.61791752620225,96.69401466075274,0.0026940346375881052,2,2,1,0,0,14,7,15615.0
2024-02-15,15615.0,15582.5,15640.0,15547.5,-0.11,15632.0,15590.0,15590.0,15725.0,15815.0,15485.0,15619.07142857143,15680.75,15644.016666666666,15565.491666666667,26.331901709317663,75.2674079013994,92.33769388821108,-0.0010875127942682195,3,2,1,0,0,15,7,15615.0
2024-02-16,15615.0,15655.0,15677.5,15620.0,0.0,15615.0,15632.0,15590.0,15630.0,15805.0,15510.0,15616.92857142857,15667.17857142857,15647.516666666666,15566.408333333333,25.9011398905367,67.91046343417196,89.01283163314959,0.0,4,2,1,0,0,16,7,15625.0
2024-02-19,15625.0,15640.0,15642.5,15616.0,0.06,15615.0,15615.0,15632.0,15665.0,15777.0,15520.0,15611.214285714286,15656.32142857143,15651.016666666666,15568.658333333333,16.077564966379846,60.77816129168328,85.83348789153999,0.0006404098623118415,0,2,1,0,0,19,8,15655.0
2024-02-20,15655.0,15640.0,15669.0,15637.5,0.19,15625.0,15615.0,15615.0,15611.5,15775.0,15515.0,15617.42857142857,15647.75,15655.683333333332,15572.408333333333,23.085761433456863,50.31468282301202,81.89906354253493,0.0019199999999999218,1,2,1,0,0,20,8,15630.0
2024-02-21,15630.0,15670.0,15685.0,15635.0,-0.16,15655.0,15625.0,15615.0,15590.0,15760.0,15565.0,15623.142857142857,15638.464285714286,15657.85,15576.408333333333,19.89496227238612,38.64854673494412,80.26069055412206,-0.0015969338869370464,2,2,1,0,0,21,8,15585.0
2024-02-22,15585.0,15640.0,15659.5,15589.5,-0.29,15630.0,15655.0,15625.0,15590.0,15655.0,15545.0,15622.42857142857,15633.464285714286,15659.183333333332,15577.741666666667,21.32179747650701,40.81217026385933,78.63715048709628,-0.0028790786948176272,3,2,1,0,0,22,8,15590.0
2024-02-23,15590.0,15602.5,15607.5,15572.5,0.03,15585.0,15630.0,15655.0,15632.0,15700.0,15545.0,15616.42857142857,15625.607142857143,15660.683333333332,15579.575,23.92945982735759,37.4690531631499,76.79153187536136,0.0003208213025345241,4,2,1,0,0,23,8,15625.0
2024-02-26,15625.0,15622.5,15642.5,15619.0,0.22,15590.0,15585.0,15630.0,15615.0,15725.0,15550.0,15617.857142857143,15618.464285714286,15663.183333333332,15582.491666666667,24.12763679171558,24.271274793627853,74.24243643472728,0.0022450288646569394,0,2,1,0,0,26,9,15635.0
2024-02-27,15635.0,15650.0,15662.5,15640.0,0.06,15625.0,15590.0,15585.0,15615.0,15630.0,15585.0,15620.714285714286,15618.82142857143,15664.85,15584.741666666667,24.904579804690968,24.489877924708704,72.97722247351122,0.0006399999999999739,1,2,1,0,0,27,9,15680.0
2024-02-28,15680.0,15645.0,15692.0,15645.0,0.29,15635.0,15625.0,15590.0,15625.0,15665.0,15635.0,15628.57142857143,15619.892857142857,15666.35,15587.908333333333,33.629635456879285,26.877341449713565,72.80478740380879,0.0028781579788934586,2,2,1,0,0,28,9,15710.0
2024-02-29,15710.0,15705.0,15735.5,15690.0,0.19,15680.0,15635.0,15625.0,15655.0,15611.5,15615.0,15636.42857142857,15626.92857142857,15669.516666666666,15591.241666666667,45.25062483136941,35.89185526847651,72.55990192774664,0.001913265306122458,3,2,1,1,0,29,9,15695.0
2024-03-01,15695.0,15722.5,15722.5,15680.0,-0.1,15710.0,15680.0,15635.0,15630.0,15590.0,15610.0,15645.714285714286,15634.42857142857,15672.35,15594.408333333333,50.118906232231,38.46019777737477,71.8114329093891,-0.0009548058561426043,4,3,1,0,1,1,9,15735.0
2024-03-04,15735.0,15705.0,15740.0,15704.5,0.25,15695.0,15710.0,15680.0,15585.0,15590.0,15630.0,15667.142857142857,15644.785714285714,15675.85,15596.491666666667,51.86980037060877,44.60799957699955,72.2337143078383,0.0025485823510671413,0,3,1,0,0,4,10,15765.0
2024-03-05,15765.0,15752.5,15777.5,15735.0,0.19,15735.0,15695.0,15710.0,15590.0,15632.0,15625.0,15692.142857142857,15654.285714285714,15680.516666666666,15598.991666666667,50.6505300119062,54.6969673898491,73.34901021007784,0.0019065776930409228,1,3,1,0,0,5,10,15695.0
2024-03-06,15695.0,15760.0,15760.0,15690.0,-0.44,15765.0,15735.0,15695.0,15625.0,15615.0,15705.0,15702.142857142857,15660.0,15680.183333333332,15599.658333333333,41.21661708365252,54.45534514877852,73.2565735935021,-0.004440215667618097,2,3,1,0,0,6,10,15650.0
2024-03-07,15650.0,15667.5,15685.0,15635.0,-0.29,15695.0,15765.0,15735.0,15635.0,15615.0,15820.0,15704.285714285714,15662.5,15674.516666666666,15602.241666666667,37.352886036409906,53.01487454446065,68.48816702859237,-0.002867155144950617,3,3,1,0,0,7,10,15585.0
2024-03-08,15585.0,15625.0,15640.0,15573.0,-0.42,15650.0,15695.0,15765.0,15680.0,15625.0,15815.0,15690.714285714286,15659.642857142857,15666.85,15603.825,58.76709477745358,56.17501106381596,65.00466163615528,-0.0041533546325878135,4,3,1,0,0,8,10,15525.0
2024-03-11,15525.0,15541.3,15590.0,15438.5,-0.38,15585.0,15650.0,15695.0,15710.0,15655.0,15805.0,15664.285714285714,15650.357142857143,15657.516666666666,15604.158333333333,84.57878828986578,66.75051960861315,64.58494584524965,-0.0038498556304138454,0,3,1,0,0,11,11,15561.0
2024-03-12,15561.0,15526.5,15563.0,15470.9,0.23,15525.0,15585.0,15650.0,15695.0,15630.0,15777.0,15645.142857142857,15645.42857142857,15650.316666666668,15605.175,91.36087523562732,70.79408306977491,62.821378325071656,0.002318840579710102,1,3,1,0,0,12,11,15570.0
2024-03-13,15570.0,15570.0,15595.0,15557.5,0.06,15561.0,15525.0,15585.0,15735.0,15585.0,15775.0,15621.57142857143,15644.357142857143,15643.483333333334,15606.258333333333,85.40463910679864,71.88410238510436,59.87148353080426,0.0005783689994216523,2,3,1,0,0,13,11,15575.0
2024-03-14,15575.0,15580.0,15589.5,15569.5,0.03,15570.0,15561.0,15525.0,15765.0,15590.0,15760.0,15594.42857142857,15643.285714285714,15637.316666666668,15607.175,58.02831821012649,72.86175378566693,56.910771559433435,0.00032113037893388707,3,3,1,0,0,14,11,15590.0
2024-03-15,15590.0,15630.0,15641.5,15594.5,0.1,15575.0,15570.0,15561.0,15695.0,15625.0,15655.0,15579.42857142857,15640.785714285714,15635.15,15609.008333333333,37.71320344780613,74.12689595001726,57.44910040967512,0.0009630818619583703,4,3,1,0,0,15,11,15685.0
2024-03-18,15685.0,15625.0,15698.0,15622.5,0.61,15590.0,15575.0,15570.0,15650.0,15635.0,15700.0,15584.42857142857,15644.357142857143,15634.65,15612.641666666666,49.19978706893941,75.02574649579049,56.928138305976674,0.00609364977549709,0,3,1,0,0,18,12,15710.0
2024-03-19,15710.0,15720.0,15735.0,15697.5,0.16,15685.0,15590.0,15575.0,15585.0,15680.0,15725.0,15602.285714285714,15646.5,15634.15,15617.691666666668,68.38546211426417,76.53531110567087,56.16802839465754,0.0015938795027095054,1,3,1,0,0,19,12,15710.0
2024-03-20,15710.0,15722.5,15742.5,15708.5,0.0,15710.0,15685.0,15590.0,15525.0,15710.0,15630.0,15628.714285714286,15646.5,15636.816666666668,15622.441666666668,69.28134497766996,76.53531110567087,57.83843181961374,0.0,2,3,1,0,0,20,12,15655.0
2024-03-21,15655.0,15665.0,15680.0,15647.0,-0.35,15710.0,15710.0,15685.0,15561.0,15695.0,15665.0,15642.142857142857,15643.642857142857,15636.483333333334,15626.441666666668,62.773212363924706,75.32249346553792,57.69905325979156,-0.0035009548058561046,3,3,1,0,0,21,12,15775.0
2024-03-22,15775.0,15730.0,15790.0,15722.5,0.77,15655.0,15710.0,15710.0,15570.0,15735.0,15611.5,15671.42857142857,15646.5,15641.933333333332,15632.775,70.81162132232298,79.68664592232199,62.75784513816829,0.007665282657298045,4,3,1,0,0,22,12,15795.0
2024-03-25,15795.0,15785.0,15808.5,15775.0,0.13,15775.0,15655.0,15710.0,15575.0,15765.0,15590.0,15702.857142857143,15648.642857142857,15648.766666666666,15639.525,69.69320524379282,83.43362828954707,67.86125974856199,0.0012678288431062779,0,3,1,0,0,25,13,15785.0
2024-03-26,15785.0,15800.0,15810.0,15780.0,-0.06,15795.0,15775.0,15655.0,15590.0,15695.0,15590.0,15730.714285714286,15655.07142857143,15655.266666666666,15644.858333333334,54.346770176177245,90.45225198964306,71.29053394269008,-0.0006331117442228695,1,3,1,0,0,26,13,15850.0
2024-03-27,15850.0,15830.0,15865.0,15818.5,0.41,15785.0,15795.0,15775.0,15685.0,15650.0,15632.0,15754.285714285714,15669.357142857143,15662.533333333333,15651.108333333334,65.79187965533718,104.32022234972868,79.47748904133913,0.004117833386126035,2,3,1,0,0,27,13,15850.0
2024-03-28,15850.0,15880.0,15894.0,15855.0,0.0,15850.0,15785.0,15795.0,15710.0,15585.0,15615.0,15774.285714285714,15688.285714285714,15670.366666666667,15657.191666666668,71.1470643239467,111.62259805027152,85.9484542127263,0.0,3,3,1,0,0,28,13,15880.0
2024-03-29,15880.0,15891.0,15909.3,15858.5,0.19,15850.0,15850.0,15785.0,15710.0,15525.0,15615.0,15798.57142857143,15713.642857142857,15679.2,15663.358333333334,74.48234050854107,111.99766971623194,93.36003723045285,0.0018927444794951676,4,3,1,0,0,29,13,15885.0
2024-04-01,15885.0,15875.0,15920.0,15872.5,0.03,15880.0,15850.0,15850.0,15655.0,15561.0,15625.0,15831.42857142857,15736.785714285714,15687.866666666667,15669.441666666668,45.79977126177033,111.50383130409759,99.98783834066452,0.00031486146095716094,0,4,2,0,1,1,14,15895.0
2024-04-02,15895.0,15947.5,15965.0,15897.0,0.06,15885.0,15880.0,15850.0,15775.0,15570.0,15655.0,15848.57142857143,15760.0,15695.866666666667,15675.775,43.561669477082596,107.88170159183571,106.64693064518266,0.0006295247088448086,1,4,2,0,0,2,14,15915.0
2024-04-03,15915.0,15930.0,15940.0,15905.0,0.13,15895.0,15885.0,15880.0,15795.0,15575.0,15630.0,15865.714285714286,15784.285714285714,15705.366666666667,15681.608333333334,42.566474624009274,101.08749338355234,113.07717332150946,0.0012582573136206143,2,4,2,0,0,3,14,15890.0
2024-04-04,15890.0,15937.5,15937.5,15890.0,-0.16,15915.0,15895.0,15885.0,15785.0,15590.0,15585.0,15880.714285714286,15805.714285714286,15715.533333333333,15687.358333333334,23.704530409112593,87.63686313480304,115.5656951045716,-0.0015708451146716484,3,4,2,0,0,4,14,15840.0
2024-04-05,15840.0,15907.5,15916.0,15842.5,-0.31,15890.0,15915.0,15895.0,15850.0,15685.0,15590.0,15879.285714285714,15816.785714285714,15723.866666666667,15692.275,26.04940361281246,80.73239610037717,115.21456245737218,-0.003146633102580232,4,4,2,0,0,5,14,15925.0
2024-04-08,15925.0,15888.0,15928.0,15867.0,0.54,15840.0,15890.0,15915.0,15850.0,15710.0,15625.0,15890.0,15832.142857142857,15733.866666666667,15698.525,27.38612787547429,79.2928914673381,119.28486140690205,0.005366161616161547,0,4,2,0,0,8,15,15899.0
2024-04-09,15899.0,15925.0,15925.0,15833.0,-0.16,15925.0,15840.0,15890.0,15880.0,15710.0,15635.0,15892.714285714286,15845.642857142857,15742.666666666666,15703.758333333333,27.170537264653728,72.71398885849001,121.45790624100813,-0.0016326530612245094,1,4,2,0,0,9,15,15998.0
2024-04-10,15998.0,15900.0,16002.0,15826.0,0.62,15899.0,15925.0,15840.0,15885.0,15655.0,15680.0,15908.857142857143,15870.142857142857,15753.266666666666,15709.808333333332,47.66350305864461,60.255682326530106,129.4159115443796,0.00622680671740361,2,4,2,0,0,10,15,16031.0
2024-04-11,16031.0,16002.0,16036.5,15950.5,0.21,15998.0,15899.0,15925.0,15895.0,15775.0,15710.0,15928.285714285714,15888.42857142857,15763.966666666667,15716.741666666667,65.46682184066033,67.5627506442249,138.65548556802008,0.002062757844730534,3,4,2,0,0,11,15,16117.0
2024-04-12,16117.0,16030.5,16161.3,15996.0,0.54,16031.0,15998.0,15899.0,15915.0,15795.0,15695.0,15957.142857142857,15911.42857142857,15778.033333333333,15725.191666666668,96.02331066198677,85.68790802853079,152.1654007826482,0.0053646060757281955,4,4,2,0,0,12,15,16116.7
2024-04-15,16116.7,16118.0,16138.0,16050.8,0.0,16117.0,16031.0,15998.0,15890.0,15785.0,15735.0,15989.528571428571,15935.121428571429,15790.756666666666,15733.303333333333,107.1846804086213,93.53924868120528,163.94508265384997,-1.8613885958917997e-05,0,4,2,0,0,15,16,16170.0
2024-04-16,16170.0,16075.0,16210.0,16072.5,0.33,16116.7,16117.0,16031.0,15840.0,15850.0,15765.0,16036.671428571428,15957.978571428572,15804.256666666666,15742.386666666665,102.94443022475154,108.96459678049851,177.8372283340845,0.0033071286305508263,1,4,2,0,0,16,16,16215.0
2024-04-17,16215.0,16235.0,16272.5,16210.0,0.28,16170.0,16116.7,16117.0,15925.0,15850.0,15695.0,16078.1,15984.050000000001,15821.59,15750.886666666665,108.70573428609939,123.79799147076656,191.62787636442425,0.002782931354359919,2,4,2,0,0,17,16,16170.0
2024-04-18,16170.0,16185.0,16195.0,16155.0,-0.28,16215.0,16170.0,16116.7,15899.0,15880.0,15650.0,16116.814285714285,16004.764285714287,15838.923333333334,15756.72,78.29309098031402,129.19309106956186,198.9497522478433,-0.0027752081406104967,3,4,2,0,0,18,16,16250.0
2024-04-19,16250.0,16265.0,16290.0,16255.0,0.49,16170.0,16215.0,16170.0,15998.0,15885.0,15585.0,16152.814285714285,16030.835714285715,15861.09,15763.97,72.25931147784326,139.57686389210153,206.5826416413607,0.0049474335188621765,4,4,2,0,0,19,16,16230.0
2024-04-22,16230.0,16217.5,16245.0,16207.5,-0.12,16250.0,16170.0,16215.0,16031.0,15895.0,15525.0,16181.242857142857,16054.764285714287,15884.59,15771.053333333333,52.899396882103154,143.16776392142845,207.13029773868075,-0.0012307692307692575,0,4,2,0,0,22,17,16215.0
2024-04-23,16215.0,16245.0,16252.5,16220.0,-0.09,16230.0,16250.0,16170.0,16117.0,15915.0,15561.0,16195.242857142857,16076.192857142858,15906.390000000001,15778.353333333333,45.516438684176386,143.09060316517608,206.313197381377,-0.0009242144177449285,1,4,2,0,0,23,17,16150.0
2024-04-24,16150.0,16150.0,16180.0,16145.0,-0.4,16215.0,16230.0,16250.0,16116.7,15890.0,15570.0,16200.0,16094.764285714287,15925.723333333333,15784.603333333333,36.85557397935343,133.62551349585524,200.80554959228397,-0.004008633980881915,2,4,2,0,0,24,17,16185.0
2024-04-25,16185.0,16205.0,16223.5,16179.0,0.22,16150.0,16215.0,16230.0,16170.0,15840.0,15575.0,16202.142857142857,16119.407142857144,15946.056666666667,15791.686666666666,35.22039452491222,113.29368550679344,194.8631167365938,0.0021671826625386803,3,4,2,0,0,25,17,16205.0
2024-04-26,16205.0,16200.0,16229.5,16197.5,0.12,16185.0,16150.0,16215.0,16215.0,15925.0,15590.0,16200.714285714286,16139.407142857144,15966.556666666667,15800.853333333333,34.81242252298777,100.30452451036598,188.35450743530072,0.0012357120790855713,4,4,2,0,0,26,17,16250.0
2024-04-29,16250.0,16237.5,16265.0,16229.5,0.28,16205.0,16185.0,16150.0,16170.0,15899.0,15685.0,16212.142857142857,16164.478571428572,15985.390000000001,15810.019999999999,36.15443067118039,76.67518080537043,187.47600554498086,0.002776920703486674,0,4,2,0,0,29,18,16255.0
2024-04-30,16255.0,16265.0,16282.5,16259.5,0.03,16250.0,16205.0,16185.0,16250.0,15998.0,15710.0,16212.857142857143,16182.835714285715,16003.556666666667,15818.853333333333,37.064936581948594,63.36057506379866,186.27189930634356,0.0003076923076923421,1,4,2,1,0,30,18,16193.6
2024-05-01,16193.6,16279.0,16280.5,16167.3,-0.38,16255.0,16250.0,16205.0,16230.0,16031.0,15710.0,16207.657142857144,16194.45,16019.676666666666,15828.246666666666,36.81154063366314,45.87827959230012,180.83758322227828,-0.003777299292525349,2,5,2,0,1,1,18,16180.0
2024-05-02,16180.0,16250.0,16250.0,16185.0,-0.08,16193.6,16255.0,16250.0,16215.0,16117.0,15655.0,16202.657142857144,16198.95,16037.176666666666,15836.829999999998,38.00556350269181,40.46785523820115,169.36918598389101,-0.0008398379606758821,3,5,2,0,0,2,18,16080.0
2024-05-03,16080.0,16075.0,16107.5,16072.5,-0.62,16180.0,16193.6,16255.0,16150.0,16116.7,15775.0,16192.657142857144,16196.328571428572,16047.343333333332,15844.638333333332,58.07830510460642,46.88549765116727,162.08640880550715,-0.006180469715698411,4,5,2,0,0,3,18,16020.0
2024-05-06,16020.0,15985.0,16032.5,15980.0,-0.37,16080.0,16180.0,16193.6,16185.0,16170.0,15795.0,16169.085714285715,16185.614285714286,16054.843333333332,15851.804999999998,87.65567919565837,66.43022779370045,155.06073489337163,-0.003731343283582045,0,5,2,0,0,6,19,16040.0
2024-05-07,16040.0,16065.0,16070.5,16044.5,0.12,16020.0,16080.0,16180.0,16205.0,16215.0,15785.0,16145.514285714287,16173.114285714286,16063.343333333332,15859.304999999998,97.96692347548755,76.21890394494753,146.51215245165446,0.0012484394506866447,1,5,2,0,0,7,19,16040.0
2024-05-08,16040.0,16090.0,16095.0,16045.0,0.0,16040.0,16020.0,16080.0,16250.0,16170.0,15850.0,16115.514285714287,16163.828571428572,16069.676666666666,15866.105,92.6472778620717,84.13530703573711,140.97379478476304,0.0,2,5,2,0,0,8,19,16026.0
2024-05-09,16026.0,16080.5,16083.3,16014.8,-0.09,16040.0,16040.0,16020.0,16255.0,16250.0,15850.0,16082.800000000001,16147.828571428572,16075.543333333333,15872.954999999998,73.67279009250073,87.71060306483953,135.05452202523406,-0.0008728179551121817,3,5,2,0,0,9,19,16058.9
2024-05-10,16058.9,16036.5,16080.0,16009.7,0.21,16026.0,16040.0,16040.0,16193.6,16230.0,15880.0,16063.557142857142,16135.607142857143,16081.506666666666,15880.353333333333,55.179460464527935,87.29966485276172,129.97678289555367,0.0020529140147260705,4,5,2,0,0,10,19,16075.0
2024-05-13,16075.0,16070.0,16096.5,16067.5,0.1,16058.9,16026.0,16040.0,16180.0,16215.0,15885.0,16048.557142857142,16125.607142857143,16087.84,15887.853333333333,23.329656173126992,85.50573947639187,124.58885376582498,0.0010025593284721523,0,5,2,0,0,13,20,16090.0
2024-05-14,16090.0,16130.0,16141.5,16100.0,0.09,16075.0,16058.9,16026.0,16080.0,16150.0,15895.0,16049.985714285713,16121.32142857143,16094.34,15895.103333333333,25.75593320482799,85.69252887727528,119.14913749348074,0.0009331259720062324,1,5,2,0,0,14,20,16025.0
2024-05-15,16025.0,16080.0,16095.0,16026.5,-0.4,16090.0,16075.0,16058.9,16020.0,16185.0,15915.0,16050.699999999999,16109.892857142857,16098.006666666666,15901.686666666666,24.838746613845153,87.20268577562088,115.06233073402396,-0.00403977625854568,2,5,2,0,0,15,20,15920.0
2024-05-16,15920.0,15922.5,15960.0,15912.5,-0.66,16025.0,16090.0,16075.0,16040.0,16205.0,15890.0,16033.557142857142,16089.535714285714,16099.006666666666,15907.269999999999,55.696554565696594,96.10417110191005,113.30922880884947,-0.0065522620904836515,3,5,2,0,0,16,20,15950.0
2024-05-17,15950.0,15960.0,15988.5,15945.0,0.19,15920.0,16025.0,16090.0,16040.0,16250.0,15840.0,16020.699999999999,16068.107142857143,16102.673333333334,15913.269999999999,63.76490675400321,90.87650508086718,106.19527534532688,0.0018844221105527303,4,5,2,0,0,17,20,15970.0
2024-05-20,15970.0,15960.0,15987.5,15960.0,0.13,15950.0,15920.0,16025.0,16026.0,16255.0,15925.0,16012.699999999999,16047.75,16104.173333333334,15919.019999999999,66.44569211027434,76.58845815764792,103.89194629840038,0.0012539184952977678,0,5,2,0,0,20,21,15990.0
2024-05-21,15990.0,16040.0,16042.5,15994.5,0.13,15970.0,15950.0,15920.0,16058.9,16193.6,15899.0,16002.857142857143,16033.207142857142,16107.206666666667,15924.936666666666,63.49915634995637,65.25524398866979,98.90364148388568,0.0012523481527864089,1,5,2,0,0,21,21,15990.0
2024-05-22,15990.0,15990.0,16010.0,15967.5,0.0,15990.0,15970.0,15950.0,16075.0,16180.0,15998.0,15990.714285714286,16019.635714285714,16106.94,15930.103333333333,54.95669290679168,50.45740941352618,99.21852441015906,0.0,2,5,2,0,0,22,21,16102.3
2024-05-23,16102.3,16048.0,16102.3,16018.3,0.7,15990.0,15990.0,15970.0,16090.0,16080.0,16031.0,15992.471428571429,16021.22857142857,16109.316666666668,15936.641666666666,58.72752660350743,52.80688225104587,98.18531768608638,0.007023139462163819,3,5,2,0,0,23,21,16045.0
2024-05-24,16045.0,16102.3,16121.0,16026.0,-0.36,16102.3,15990.0,15990.0,16025.0,16020.0,16117.0,15995.328571428572,16023.014285714284,16106.916666666666,15942.475,61.01575518639162,53.18349739809701,98.86862437082812,-0.0035584978543437007,4,5,2,0,0,24,21,16060.0
2024-05-27,16060.0,16030.0,16072.5,16015.0,0.09,16045.0,16102.3,15990.0,15920.0,16040.0,16116.7,16015.328571428572,16024.442857142856,16105.026666666667,15947.891666666666,54.841490202513725,53.93810860911367,99.21648894253143,0.0009348706762231096,0,5,2,0,0,27,22,16085.0
2024-05-28,16085.0,16070.0,16101.5,16070.0,0.16,16060.0,16045.0,16102.3,15950.0,16040.0,16170.0,16034.614285714286,16027.657142857142,16102.193333333333,15953.225,51.68534378252871,56.228691200975504,98.50820702102651,0.0015566625155665204,1,5,2,0,0,28,22,16155.0
2024-05-29,16155.0,16130.0,16167.5,16117.5,0.44,16085.0,16060.0,16045.0,15970.0,16026.0,16215.0,16061.042857142858,16036.871428571427,16100.193333333333,15960.891666666666,59.800609170445675,65.70708226081497,96.73200423645207,0.004351880634131167,2,5,2,0,0,29,22,16255.0
2024-05-30,16255.0,16222.5,16275.0,16222.5,0.62,16155.0,16085.0,16060.0,15990.0,16058.9,16170.0,16098.9,16050.878571428571,16103.026666666667,15970.975,85.6317892686299,87.91363050437687,100.03562101165281,0.006190034045187254,3,5,2,0,0,30,22,16245.0
2024-05-31,16245.0,16265.0,16267.5,16237.5,-0.06,16255.0,16155.0,16085.0,15990.0,16075.0,16250.0,16135.328571428572,16063.021428571428,16102.859999999999,15981.975,85.82301001265894,102.09779759923238,99.78616309263653,-0.0006151953245154829,4,5,2,1,0,31,22,16225.0
2024-06-03,16225.0,16255.0,16265.0,16205.0,-0.12,16245.0,16255.0,16155.0,16102.3,16090.0,16230.0,16152.857142857143,16072.664285714285,16102.693333333333,15993.641666666666,90.36302446515505,110.84254672608168,99.57042883694565,-0.001231148045552466,0,6,2,0,0,3,23,16215.0
2024-06-04,16215.0,16195.0,16240.0,16190.0,-0.06,16225.0,16245.0,16255.0,16045.0,16025.0,16215.0,16177.142857142857,16086.235714285713,16102.693333333333,16004.541666666666,78.62660400371551,116.06626493960735,99.57042883694565,-0.0006163328197226203,1,6,2,0,0,4,23,16280.0
2024-06-05,16280.0,16255.0,16293.5,16247.5,0.4,16215.0,16225.0,16245.0,16060.0,15920.0,16150.0,16208.57142857143,16111.949999999999,16107.026666666667,16016.375,67.12639109148411,116.28249917882117,104.41136129626193,0.004008633980881804,2,6,2,0,0,5,23,16255.0
2024-06-06,16255.0,16285.0,16287.5,16257.5,-0.15,16280.0,16215.0,16225.0,16085.0,15950.0,16185.0,16232.857142857143,16133.735714285713,16109.359999999999,16027.708333333334,40.399787835550434,112.102944496221,106.96489465977844,-0.0015356265356265553,3,6,2,0,0,6,23,16190.0
2024-06-07,16190.0,16240.0,16245.0,16190.0,-0.4,16255.0,16280.0,16215.0,16155.0,15970.0,16205.0,16237.857142857143,16149.449999999999,16108.859999999999,16037.708333333334,29.980152164793473,102.38353796407551,106.53661698469237,-0.003998769609350972,4,6,2,0,0,7,23,16275.0
2024-06-10,16275.0,16265.0,16295.5,16247.5,0.53,16190.0,16255.0,16280.0,16255.0,15990.0,16250.0,16240.714285714286,16169.807142857142,16109.693333333333,16047.541666666666,32.714493657288216,96.39971643919662,107.7693319987766,0.005250154416306385,0,6,2,0,0,10,24,16285.0
2024-06-11,16285.0,16285.0,16302.5,16278.0,0.06,16275.0,16190.0,16255.0,16245.0,15990.0,16255.0,16246.42857142857,16190.878571428571,16110.693333333333,16057.125,36.82325869565391,85.72338500170547,109.29255876875196,0.0006144393241167556,1,6,2,0,0,11,24,16290.0
2024-06-12,16290.0,16297.5,16305.5,16287.5,0.03,16285.0,16275.0,16190.0,16225.0,16102.3,16193.6,16255.714285714286,16204.285714285714,16113.906666666668,16066.791666666666,38.668308668116914,85.4818276420756,113.162781542161,0.000307031010132075,2,6,2,0,0,12,24,16265.0
2024-06-13,16265.0,16270.0,16292.5,16262.5,-0.15,16290.0,16285.0,16275.0,16215.0,16045.0,16180.0,16262.857142857143,16220.0,16116.74,16076.958333333334,34.26090372165028,73.30127504323082,115.90553109257971,-0.0015346838551258957,3,6,2,0,0,13,24,16395.0
2024-06-14,16395.0,16287.5,16417.5,16282.5,0.8,16265.0,16290.0,16285.0,16280.0,16060.0,16080.0,16279.285714285714,16243.92857142857,16127.24,16087.291666666666,60.993754559403655,71.71467426810672,126.2673643910659,0.007992622194896937,4,6,2,0,0,14,24,16486.0
2024-06-17,16486.0,16486.5,16489.7,16404.9,0.56,16395.0,16265.0,16290.0,16255.0,16085.0,16020.0,16312.285714285714,16272.57142857143,16142.773333333334,16098.808333333332,97.33056095211224,82.60817084281457,140.48312681407978,0.0055504727050930125,0,6,2,0,0,17,25,16376.1
2024-06-18,16376.1,16486.0,16486.0,16360.0,-0.67,16486.0,16395.0,16265.0,16190.0,16155.0,16040.0,16338.871428571427,16288.364285714286,16153.976666666667,16108.66,82.67435544129643,79.47750148088303,145.32286215282107,-0.006666262283149371,1,6,2,0,0,18,25,16360.0
2024-06-19,16360.0,16405.0,16405.0,16345.0,-0.1,16376.1,16486.0,16395.0,16275.0,16255.0,16040.0,16351.014285714284,16295.864285714286,16164.643333333335,16117.16,77.82995200169535,81.02599399687797,148.38032373324927,-0.0009831400638735666,2,6,2,0,0,19,25,16425.0
2024-06-20,16425.0,16375.0,16430.0,16371.5,0.4,16360.0,16376.1,16486.0,16285.0,16245.0,16026.0,16371.014285714287,16308.721428571429,16177.943333333335,16126.743333333334,76.00549165632405,86.43464564003342,153.32429162470538,0.003973105134474242,3,6,2,0,0,20,25,16445.0
2024-06-21,16445.0,16465.0,16482.5,16440.0,0.12,16425.0,16360.0,16376.1,16290.0,16225.0,16058.9,16393.157142857144,16324.435714285715,16190.813333333334,16136.16,70.87481586448251,89.96911954894516,159.0836534076566,0.0012176560121766045,4,6,2,0,0,21,25,16390.0
2024-06-24,16390.0,16470.0,16475.0,16394.0,-0.33,16445.0,16425.0,16360.0,16265.0,16215.0,16075.0,16411.014285714286,16336.935714285715,16201.313333333334,16144.576666666666,43.766441808606366,85.64809582568665,161.5523566957186,-0.0033444816053511683,0,6,2,0,0,24,26,16370.0
2024-06-25,16370.0,16382.5,16465.0,16360.0,-0.12,16390.0,16445.0,16425.0,16395.0,16280.0,16090.0,16407.442857142858,16343.364285714286,16210.646666666667,16152.493333333334,46.24110210434285,84.41461418378138,162.98158925688162,-0.0012202562538132788,1,6,2,0,0,25,26,16400.0
2024-06-26,16400.0,16420.0,16450.0,16400.0,0.18,16370.0,16390.0,16445.0,16486.0,16255.0,16025.0,16395.157142857144,16353.721428571429,16223.146666666667,16160.576666666666,30.705692042753178,81.58682188551599,162.63238158542276,0.0018326206475258733,2,6,2,0,0,26,26,16395.0
2024-06-27,16395.0,16410.0,16432.5,16392.5,-0.03,16400.0,16370.0,16390.0,16376.1,16190.0,15920.0,16397.85714285714,16368.364285714286,16238.980000000001,16168.993333333334,29.560269346275696,67.04232425596838,155.04663236204928,-0.00030487804878043256,3,6,2,0,0,27,26,16370.0
2024-06-28,16370.0,16410.0,16422.5,16375.0,-0.15,16395.0,16400.0,16370.0,16360.0,16275.0,15950.0,16399.285714285714,16375.15,16252.980000000001,16177.826666666666,27.60262237396247,61.439084903099,146.79578684144178,-0.0015248551387617715,4,6,2,0,0,28,26,16320.0
2024-07-01,16320.0,16352.5,16412.5,16315.0,-0.31,16370.0,16395.0,16400.0,16425.0,16285.0,15970.0,16384.285714285714,16377.65,16264.646666666667,16184.41,37.90652664014051,58.11056768615397,137.11959977914486,-0.0030543677458766405,0,7,3,0,1,1,27,16390.0
2024-07-02,16390.0,16355.0,16402.5,16347.5,0.43,16320.0,16370.0,16395.0,16445.0,16290.0,15990.0,16376.42857142857,16384.792857142857,16277.980000000001,16192.593333333332,27.49458821236199,52.3704330002257,128.68044997904937,0.004289215686274606,1,7,3,0,0,2,27,16365.0
2024-07-03,16365.0,16382.5,16401.5,16365.0,-0.15,16390.0,16320.0,16370.0,16390.0,16265.0,15990.0,16372.857142857143,16391.935714285715,16290.480000000001,16198.71,27.058138464385397,40.17438156275354,117.46658923336611,-0.0015253203172665986,2,7,3,0,0,3,27,16325.0
2024-07-04,16325.0,16330.0,16356.5,16320.0,-0.24,16365.0,16390.0,16320.0,16370.0,16395.0,16102.3,16366.42857142857,16386.935714285715,16297.903333333334,16203.609999999999,32.62339213357107,43.942928144922206,112.07761006585577,-0.002444240757714655,3,7,3,0,0,4,27,16275.0
2024-07-05,16275.0,16332.5,16345.0,16270.0,-0.31,16325.0,16365.0,16390.0,16400.0,16486.0,16045.0,16348.57142857143,16371.864285714286,16305.570000000002,16206.243333333334,43.5616694771238,43.53473603506002,101.55369957054462,-0.003062787136294043,4,7,3,0,0,5,27,16250.0
2024-07-08,16250.0,16275.0,16285.0,16246.5,-0.15,16275.0,16325.0,16365.0,16395.0,16376.1,16060.0,16327.857142857143,16362.857142857143,16311.903333333334,16208.465,51.54748157920127,54.3037853080737,91.09705503853577,-0.001536098310291889,0,7,3,0,0,8,28,16245.0
2024-07-09,16245.0,16300.0,16315.0,16249.5,-0.03,16250.0,16275.0,16325.0,16370.0,16360.0,16085.0,16310.0,16354.642857142857,16317.236666666668,16209.715,55.97618541262573,62.80201753509035,81.53677606139975,-0.0003076923076923421,1,7,3,0,0,9,28,16235.0
2024-07-10,16235.0,16287.5,16300.0,16238.5,-0.06,16245.0,16250.0,16275.0,16320.0,16425.0,16155.0,16297.857142857143,16341.07142857143,16319.903333333334,16210.048333333334,62.306844384531594,66.8286722032992,77.24299536686374,-0.000615574022776233,2,7,3,0,0,10,28,16190.0
2024-07-11,16190.0,16217.5,16220.0,16185.0,-0.28,16235.0,16245.0,16250.0,16390.0,16445.0,16255.0,16269.285714285714,16322.857142857143,16317.736666666668,16210.381666666666,58.76709477749361,70.94727960536119,79.98912203287558,-0.0027717893440099006,3,7,3,0,0,11,28,16135.0
2024-07-12,16135.0,16135.0,16164.5,16130.0,-0.34,16190.0,16235.0,16245.0,16365.0,16390.0,16245.0,16236.42857142857,16304.642857142857,16314.070000000002,16208.465,60.60213731903105,83.92909749591284,85.75190014934135,-0.0033971587399629355,4,7,3,0,0,12,28,16165.0
2024-07-15,16165.0,16145.0,16189.0,16137.5,0.19,16135.0,16190.0,16235.0,16325.0,16370.0,16225.0,16213.57142857143,16290.0,16312.070000000002,16207.381666666666,51.04852966509587,89.35667509761421,88.55480730295831,0.001859312054539819,0,7,3,0,0,15,29,16175.0
2024-07-16,16175.0,16200.0,16252.5,16179.5,0.06,16165.0,16135.0,16190.0,16275.0,16400.0,16215.0,16199.285714285714,16273.92857142857,16310.736666666668,16206.715,44.57470989160362,88.27793895067963,90.34969031569673,0.0006186204763378722,1,7,3,0,0,16,29,16095.0
2024-07-17,16095.0,16155.0,16165.0,16096.0,-0.49,16175.0,16165.0,16135.0,16250.0,16395.0,16280.0,16177.142857142857,16252.5,16304.570000000002,16205.798333333334,52.903776082860844,92.91745716516127,98.46856018415362,-0.004945904173106697,2,7,3,0,0,17,29,16150.0
2024-07-18,16150.0,16135.0,16170.0,16125.0,0.34,16095.0,16175.0,16165.0,16245.0,16370.0,16255.0,16163.57142857143,16236.785714285714,16301.070000000002,16205.215,44.03732183389142,90.07704272598875,102.09070730068547,0.0034172103137619647,3,7,3,0,0,18,29,16185.0
2024-07-19,16185.0,16195.0,16225.0,16175.0,0.22,16150.0,16095.0,16175.0,16235.0,16320.0,16190.0,16156.42857142857,16227.142857142857,16300.903333333334,16204.881666666666,33.255862354905766,87.67760624725535,102.28218735678061,0.0021671826625386803,4,7,3,0,0,19,29,16215.0
2024-07-22,16215.0,16210.0,16237.5,16205.0,0.19,16185.0,16150.0,16095.0,16190.0,16390.0,16275.0,16160.0,16214.642857142857,16298.903333333334,16204.298333333334,38.40572873955197,74.09620268700384,103.38680794658575,0.001853568118628468,0,7,3,0,0,22,30,16205.0
2024-07-23,16205.0,16215.0,16222.5,16185.0,-0.06,16215.0,16185.0,16150.0,16135.0,16365.0,16285.0,16170.0,16203.214285714286,16296.236666666668,16203.465,39.89569734548679,60.14748357251748,104.7801194726111,-0.0006167129201356536,1,7,3,0,0,23,30,16210.0
2024-07-24,16210.0,16220.0,16232.5,16210.0,0.03,16205.0,16215.0,16185.0,16165.0,16325.0,16290.0,16176.42857142857,16195.0,16293.570000000002,16203.738333333335,42.496498455382884,49.06824133366632,105.95572644001075,0.000308546744831828,2,7,3,0,0,24,30,16245.0
2024-07-25,16245.0,16237.5,16276.0,16230.0,0.22,16210.0,16205.0,16215.0,16175.0,16275.0,16265.0,16186.42857142857,16192.857142857143,16292.903333333334,16204.821666666667,49.72543662588557,45.855722136216514,106.20431344966867,0.002159161011721089,3,7,3,0,0,25,30,16285.0
2024-07-26,16285.0,16287.5,16302.5,16267.5,0.25,16245.0,16210.0,16205.0,16095.0,16250.0,16395.0,16213.57142857143,16195.357142857143,16289.236666666668,16208.238333333335,42.88689443526379,49.97939135609962,104.44215189217108,0.002462296091104932,4,7,3,0,0,26,30,16275.0
2024-07-29,16275.0,16290.0,16295.0,16266.5,-0.06,16285.0,16245.0,16210.0,16150.0,16245.0,16486.0,16231.42857142857,16197.5,16282.203333333335,16212.488333333335,37.71762250771757,52.83319178066686,97.6163443183286,-0.000614062020264039,0,7,3,0,0,29,31,16295.0
2024-07-30,16295.0,16305.0,16332.5,16290.0,0.12,16275.0,16285.0,16245.0,16185.0,16235.0,16376.1,16247.142857142857,16201.785714285714,16279.5,16216.738333333335,38.06323060152743,58.2635637172098,96.03654117726737,0.0012288786482335112,1,7,3,0,0,30,31,16255.0
2024-07-31,16255.0,16305.0,16323.0,16259.0,-0.25,16295.0,16275.0,16285.0,16215.0,16190.0,16360.0,16252.857142857143,16206.42857142857,16276.0,16220.321666666667,35.338499173352155,59.82116204536535,94.9083042036382,-0.002454740718011661,2,7,3,1,0,31,31,16230.0
2024-08-01,16230.0,16255.0,16270.0,16210.0,-0.15,16255.0,16295.0,16275.0,16205.0,16135.0,16425.0,16256.42857142857,16213.214285714286,16269.5,16223.721666666668,30.647768504430537,56.38491147146155,90.94664976436611,-0.0015379883112888182,3,8,3,0,1,1,31,16195.0
2024-08-02,16195.0,16260.0,16281.5,16194.5,-0.22,16230.0,16255.0,16295.0,16210.0,16165.0,16445.0,16254.285714285714,16215.357142857143,16261.166666666666,16225.99,34.69252698473974,54.96377428272882,85.60820268952249,-0.002156500308071463,4,8,3,0,0,2,31,16180.0
2024-08-05,16180.0,16180.0,16197.5,16122.5,-0.09,16195.0,16230.0,16255.0,16245.0,16175.0,16390.0,16245.0,16215.714285714286,16254.166666666666,16227.74,44.81443219933596,54.69696738983355,83.2640516595552,-0.0009262117937635095,0,8,3,0,0,5,32,16160.0
2024-08-06,16160.0,16210.0,16215.0,16165.0,-0.12,16180.0,16195.0,16230.0,16285.0,16095.0,16370.0,16227.142857142857,16220.357142857143,16247.166666666666,16228.906666666668,50.73272635907929,45.67713978334566,82.00802455777577,-0.0012360939431397266,1,8,3,0,0,6,32,16030.0
2024-08-07,16030.0,16160.0,16177.5,16021.5,-0.8,16160.0,16180.0,16195.0,16275.0,16150.0,16400.0,16192.142857142857,16211.785714285714,16234.833333333334,16228.99,85.09098771604542,66.4369898946364,85.95792207662548,-0.008044554455445496,2,8,3,0,0,7,32,15890.0
2024-08-08,15890.0,16005.0,16012.5,15894.0,-0.87,16030.0,16160.0,16180.0,16295.0,16185.0,16395.0,16134.285714285714,16190.714285714286,16218.0,16228.49,129.56428814268688,108.83751373258805,101.54496201319132,-0.008733624454148492,3,8,3,0,0,8,32,15920.0
2024-08-09,15920.0,15937.5,15945.0,15884.0,0.19,15890.0,16030.0,16160.0,16255.0,16215.0,16370.0,16086.42857142857,16169.642857142857,16203.0,16227.99,139.06576039522616,130.22856069950814,111.10417602840398,0.0018879798615480947,4,8,3,0,0,9,32,15950.0
2024-08-12,15950.0,15940.0,15985.0,15925.0,0.19,15920.0,15890.0,16030.0,16230.0,16205.0,16320.0,16046.42857142857,16151.42857142857,16190.666666666666,16227.656666666668,130.91709481310198,142.18661317761567,117.99133028703842,0.0018844221105527303,0,8,3,0,0,12,33,15830.0
2024-08-13,15830.0,15935.0,15962.5,15824.5,-0.75,15950.0,15920.0,15890.0,16195.0,16210.0,16390.0,15994.285714285714,16124.285714285714,16172.0,16224.99,134.51854182697437,164.6424697853851,129.1390589699383,-0.007523510971786829,1,8,3,0,0,13,33,15675.0
2024-08-14,15675.0,15725.0,15737.5,15665.0,-0.98,15830.0,15950.0,15920.0,16180.0,16245.0,16365.0,15922.142857142857,16083.57142857143,16149.0,16219.74,152.53024680532752,199.32027350086818,152.84880968004754,-0.009791535060012624,2,8,3,0,0,14,33,15690.0
2024-08-15,15690.0,15615.0,15720.0,15615.0,0.1,15675.0,15830.0,15950.0,16160.0,16285.0,16325.0,15855.0,16041.07142857143,16127.833333333334,16212.868333333334,132.50786140207603,215.81846512752384,170.57551332780687,0.000956937799043045,3,8,3,0,0,15,33,15685.0
2024-08-16,15685.0,15755.0,15759.0,15675.0,-0.03,15690.0,15675.0,15830.0,16030.0,16275.0,16275.0,15805.714285714286,15998.92857142857,16108.166666666666,16206.868333333334,120.15367144587655,224.07226316697538,186.3093614417658,-0.00031867431485022024,4,8,3,0,0,16,33,15545.0
2024-08-19,15545.0,15635.0,15656.5,15550.0,-0.89,15685.0,15690.0,15675.0,15890.0,16295.0,16250.0,15756.42857142857,15945.357142857143,16084.666666666666,16198.285,147.47073963209934,237.11782437694285,210.67188630208963,-0.008925725215173763,0,8,3,0,0,19,34,15430.0
2024-08-20,15430.0,15515.0,15522.5,15420.0,-0.74,15545.0,15685.0,15690.0,15920.0,16255.0,16245.0,15686.42857142857,15886.42857142857,16057.5,16187.368333333334,171.26281669110926,256.0080270030668,239.8158417014082,-0.007397877130910224,1,8,3,0,0,20,34,15480.0
2024-08-21,15480.0,15450.0,15500.0,15422.0,0.32,15430.0,15545.0,15685.0,15950.0,16230.0,16235.0,15619.285714285714,15832.857142857143,16032.333333333334,16176.118333333334,139.98299216425883,257.0521818147402,259.3650513947061,0.003240440699935121,2,8,3,0,0,21,34,15595.0
2024-08-22,15595.0,15505.0,15642.5,15505.0,0.74,15480.0,15430.0,15545.0,15830.0,16195.0,16190.0,15585.714285714286,15790.0,16012.5,16165.118333333334,104.77867831096476,241.5813288758746,269.4462712738291,0.007428940568475539,3,8,3,0,0,22,34,15485.0
2024-08-23,15485.0,15635.0,15662.5,15425.0,-0.71,15595.0,15480.0,15430.0,15675.0,16180.0,16135.0,15558.57142857143,15740.357142857143,15990.833333333334,16152.451666666666,102.37652260637611,226.19311257357126,284.9442877587811,-0.007053542802180179,4,8,3,0,0,23,34,15425.0
2024-08-26,15425.0,15341.0,15435.0,15295.0,-0.39,15485.0,15595.0,15480.0,15690.0,16160.0,16165.0,15520.714285714286,15687.857142857143,15966.166666666666,16139.118333333334,94.35873795570426,205.66696647443956,300.9286870880983,-0.003874717468517974,0,8,3,0,0,26,35,15490.0
2024-08-27,15490.0,15480.0,15545.0,15460.0,0.42,15425.0,15485.0,15595.0,15685.0,16030.0,16175.0,15492.857142857143,15649.285714285714,15943.333333333334,16127.035,60.47431568165897,186.2882087068171,310.3761159194708,0.004213938411669282,1,8,3,0,0,27,35,15420.0
2024-08-28,15420.0,15517.5,15532.5,15420.0,-0.45,15490.0,15425.0,15485.0,15545.0,15890.0,16095.0,15475.0,15615.714285714286,15920.833333333334,16112.701666666666,60.96447052742211,181.86911124837087,323.2034784863416,-0.004519044544867623,2,8,3,0,0,28,35,15410.0
2024-08-29,15410.0,15420.0,15447.5,15367.5,-0.06,15420.0,15490.0,15425.0,15430.0,15920.0,16150.0,15472.142857142857,15579.285714285714,15896.166666666666,16098.618333333334,63.82640146390673,166.6739925126868,333.1942669677172,-0.0006485084306095956,3,8,3,0,0,29,35,15450.0
2024-08-30,15450.0,15450.0,15490.0,15437.5,0.26,15410.0,15420.0,15490.0,15480.0,15950.0,16185.0,15467.857142857143,15543.57142857143,15871.666666666666,16086.285,64.21689438015383,130.84677726554506,338.20860052812,0.002595717066839809,4,8,3,0,0,30,35,15520.0
2024-09-02,15520.0,15497.5,15555.0,15492.5,0.45,15450.0,15410.0,15420.0,15595.0,15830.0,16215.0,15457.142857142857,15521.42857142857,15848.5,16073.701666666666,41.81876999424946,101.61065532032404,337.6826453424025,0.0045307443365696365,0,9,3,0,0,2,36,15520.0
2024-09-03,15520.0,15547.5,15583.5,15522.5,0.0,15520.0,15450.0,15410.0,15485.0,15675.0,16205.0,15462.142857142857,15510.357142857143,15825.666666666666,16060.951666666666,47.42161452156496,91.53528713621547,335.9000603968965,0.0,1,9,3,0,0,3,36,15470.0
2024-09-04,15470.0,15530.0,15542.5,15470.0,-0.32,15520.0,15520.0,15450.0,15425.0,15690.0,16210.0,15468.57142857143,15494.642857142857,15801.0,16047.285,44.507891221385734,75.8658807899362,333.8681342003297,-0.003221649484536071,2,9,3,0,0,4,36,15395.0
2024-09-05,15395.0,15422.5,15432.5,15394.0,-0.48,15470.0,15520.0,15520.0,15490.0,15685.0,16245.0,15455.0,15473.92857142857,15772.666666666666,16032.785,50.90841449789168,57.18319318050459,330.94361779742286,-0.004848093083387184,3,9,3,0,0,5,36,15360.0
2024-09-06,15360.0,15390.0,15398.5,15352.0,-0.23,15395.0,15470.0,15520.0,15420.0,15545.0,16285.0,15446.42857142857,15460.714285714286,15741.833333333334,16015.535,61.69240132281248,60.75984069811097,324.5938664867951,-0.0022734654108477192,4,9,3,0,0,6,36,15450.0
2024-09-09,15450.0,15475.0,15485.0,15416.0,0.59,15360.0,15395.0,15470.0,15410.0,15430.0,16275.0,15452.142857142857,15462.142857142857,15714.333333333334,15998.268333333333,59.5718853473015,60.214816911834305,312.5913199902738,0.005859375,0,9,3,0,0,9,37,15445.0
2024-09-10,15445.0,15475.0,15485.0,15431.5,-0.03,15450.0,15360.0,15395.0,15450.0,15480.0,16295.0,15451.42857142857,15459.642857142857,15686.0,15982.75,59.63180678945508,60.1429158718791,296.23906934573216,-0.00032362459546930733,1,9,3,0,0,10,37,15395.0
2024-09-11,15395.0,15440.0,15440.0,15395.0,-0.32,15445.0,15450.0,15360.0,15520.0,15595.0,16255.0,15433.57142857143,15445.357142857143,15657.333333333334,15966.666666666666,54.1382709455621,48.057028849897605,280.46984389282005,-0.0032372936225315563,2,9,3,0,0,11,37,15425.0
2024-09-12,15425.0,15415.0,15446.5,15400.0,0.19,15395.0,15445.0,15450.0,15520.0,15485.0,16230.0,15420.0,15441.07142857143,15630.5,15950.0,38.5140666946011,46.91147847903292,261.6701991121234,0.0019486846378693468,3,9,3,0,0,12,37,15395.0
2024-09-13,15395.0,15417.5,15455.0,15390.0,-0.19,15425.0,15395.0,15445.0,15470.0,15425.0,16195.0,15409.285714285714,15438.92857142857,15603.833333333334,15932.5,32.20100560429304,48.36474285624139,242.19785063147293,-0.0019448946515396859,4,9,3,0,0,13,37,15393.1
2024-09-16,15393.1,15400.0,15408.5,15354.0,-0.01,15395.0,15425.0,15395.0,15395.0,15490.0,16180.0,15409.014285714287,15432.007142857143,15577.603333333333,15915.885,32.349159112116666,47.418115074987846,219.16253531338003,-0.00012341669373172603,0,9,3,0,0,16,38,15330.0
2024-09-17,15330.0,15370.0,15375.0,15315.0,-0.41,15393.1,15395.0,15425.0,15360.0,15420.0,16160.0,15404.728571428572,15425.578571428572,15549.936666666666,15898.551666666666,40.80664628434161,54.71107578076968,194.0576247215639,-0.00409923926954292,1,9,3,0,0,17,38,15330.0
2024-09-18,15330.0,15325.0,15360.0,15312.5,0.0,15330.0,15393.1,15395.0,15450.0,15410.0,16030.0,15387.585714285715,15419.864285714286,15526.603333333333,15880.718333333332,43.720339605968825,60.3504841237283,175.54550345007806,0.0,2,9,3,0,0,18,38,15230.0
2024-09-19,15230.0,15345.0,15357.5,15232.5,-0.65,15330.0,15330.0,15393.1,15445.0,15450.0,15890.0,15356.871428571429,15404.15,15504.603333333333,15861.301666666666,66.33512680053077,77.97015947869792,169.69210349464814,-0.006523157208088715,3,9,3,0,0,19,38,15145.0
2024-09-20,15145.0,15130.0,15152.5,15070.0,-0.56,15230.0,15330.0,15330.0,15395.0,15520.0,15920.0,15321.157142857144,15377.364285714286,15478.769999999999,15840.885,100.75484863684343,97.16138523159913,163.1380019786572,-0.005581089954038054,4,9,3,0,0,20,38,15195.0
2024-09-23,15195.0,15145.0,15212.5,15137.5,0.33,15145.0,15230.0,15330.0,15425.0,15520.0,15950.0,15288.300000000001,15354.15,15453.603333333333,15822.135,98.72890491994035,99.26324557952422,145.1839605543004,0.003301419610432399,0,9,3,0,0,23,39,15180.0
2024-09-24,15180.0,15195.0,15212.5,15172.5,-0.1,15195.0,15145.0,15230.0,15395.0,15470.0,15830.0,15257.585714285715,15333.435714285715,15431.936666666666,15801.968333333332,93.29595254848367,103.4003988020937,135.2359482999177,-0.000987166831194486,1,9,3,0,0,24,39,15095.0
2024-09-25,15095.0,15115.0,15127.5,15065.0,-0.56,15180.0,15195.0,15145.0,15393.1,15395.0,15675.0,15215.0,15312.007142857143,15412.603333333333,15780.801666666666,89.06926143938645,119.49387151471599,140.63982975166925,-0.005599472990777343,2,9,3,0,0,25,39,15160.0
2024-09-26,15160.0,15130.0,15187.5,15122.5,0.43,15095.0,15180.0,15195.0,15330.0,15360.0,15690.0,15190.714285714286,15297.721428571429,15394.936666666666,15761.385,74.46635545844006,125.13682467609368,137.85343161898672,0.004306061609804512,3,9,3,0,0,26,39,15120.0
2024-09-27,15120.0,15100.0,15160.0,15082.5,-0.26,15160.0,15095.0,15180.0,15330.0,15450.0,15685.0,15160.714285714286,15274.15,15376.103333333333,15742.135,45.77377082197899,125.32649514177595,135.43239688631536,-0.0026385224274406704,4,9,3,0,0,27,39,15135.0
2024-09-30,15135.0,15125.0,15192.5,15109.0,0.1,15120.0,15160.0,15095.0,15230.0,15445.0,15545.0,15147.142857142857,15252.007142857143,15362.436666666666,15723.551666666666,34.5032779674813,120.09490134713123,138.45421123653608,0.0009920634920634885,0,9,3,1,0,30,40,15195.0
2024-10-01,15195.0,15175.0,15212.5,15167.5,0.4,15135.0,15120.0,15160.0,15145.0,15395.0,15430.0,15154.285714285714,15237.721428571429,15354.603333333333,15706.051666666666,38.883219541722625,113.49073956468968,141.1219684827344,0.003964321110009994,1,10,4,0,1,1,40,15260.0
2024-10-02,15260.0,15200.0,15285.0,15200.0,0.43,15195.0,15135.0,15120.0,15195.0,15425.0,15480.0,15163.57142857143,15225.935714285715,15347.269999999999,15689.801666666666,54.75051641440497,100.35335728608636,140.09344455338672,0.0042777229351760315,2,10,4,0,0,2,40,15415.0
2024-10-03,15415.0,15327.5,15437.5,15305.0,1.02,15260.0,15195.0,15135.0,15180.0,15395.0,15595.0,15197.142857142857,15227.364285714286,15341.269999999999,15676.885,110.33498775925234,103.05127631115546,132.78141527079663,0.010157273918741883,3,10,4,0,0,3,40,15480.0
2024-10-04,15480.0,15495.0,15532.5,15467.5,0.42,15415.0,15260.0,15195.0,15095.0,15393.1,15485.0,15252.142857142857,15233.57142857143,15341.103333333333,15665.968333333332,142.26902751653594,115.64914731476712,132.59779600613112,0.004216672072656413,4,10,4,0,0,4,40,15675.0
2024-10-07,15675.0,15625.0,15700.0,15625.0,1.26,15480.0,15415.0,15260.0,15160.0,15330.0,15425.0,15325.714285714286,15258.214285714286,15349.436666666666,15657.801666666666,205.69857744264814,164.30046517599936,145.299700935309,0.012596899224806224,0,10,4,0,0,7,41,15640.0
2024-10-08,15640.0,15685.0,15701.5,15625.0,-0.22,15675.0,15480.0,15415.0,15120.0,15330.0,15490.0,15400.0,15280.357142857143,15354.436666666666,15648.885,212.7988095205355,193.0869103408137,152.69612483676843,-0.0022328548644338087,1,10,4,0,0,8,41,15615.0
2024-10-09,15615.0,15625.0,15640.0,15580.0,-0.16,15640.0,15675.0,15480.0,15135.0,15230.0,15420.0,15468.57142857143,15307.857142857143,15360.936666666666,15640.885,189.20258731751588,211.86637920460288,159.57857103404973,-0.0015984654731457937,2,10,4,0,0,9,41,15660.0
2024-10-10,15660.0,15655.0,15677.5,15632.5,0.29,15615.0,15640.0,15675.0,15195.0,15145.0,15410.0,15535.0,15344.642857142857,15369.269999999999,15632.718333333332,155.83110515348295,225.67389922433196,168.50689364780374,0.0028818443804035088,3,10,4,0,0,10,41,15575.0
2024-10-11,15575.0,15665.0,15672.5,15577.5,-0.54,15660.0,15615.0,15640.0,15260.0,15195.0,15450.0,15580.0,15371.785714285714,15373.436666666666,15622.551666666666,97.8945010373692,229.11709420522803,172.07950144054794,-0.005427841634738195,4,10,4,0,0,11,41,15555.0
2024-10-14,15555.0,15590.0,15615.0,15557.5,-0.13,15575.0,15660.0,15615.0,15415.0,15180.0,15520.0,15600.0,15398.57142857143,15374.603333333333,15611.551666666666,68.43488389232,226.8804206506789,173.2222898837769,-0.001284109149277679,0,10,4,0,0,14,42,15575.0
2024-10-15,15575.0,15555.0,15584.0,15532.5,0.13,15555.0,15575.0,15660.0,15480.0,15095.0,15520.0,15613.57142857143,15432.857142857143,15376.436666666666,15601.051666666666,46.61136178702484,213.34077367954885,175.09511599017742,0.0012857602057216866,1,10,4,0,0,15,42,15505.0
2024-10-16,15505.0,15545.0,15561.0,15507.5,-0.45,15575.0,15555.0,15575.0,15675.0,15160.0,15470.0,15589.285714285714,15457.5,15377.603333333333,15589.301666666666,53.105913938657324,198.8307165557071,175.85498430719167,-0.004494382022471877,2,10,4,0,0,16,42,15490.0
2024-10-17,15490.0,15545.0,15555.0,15485.0,-0.1,15505.0,15575.0,15555.0,15640.0,15120.0,15395.0,15567.857142857143,15483.92857142857,15380.769999999999,15576.718333333332,59.150735615304086,173.4954950800977,177.0304691287221,-0.000967429861335023,3,10,4,0,0,17,42,15460.0
2024-10-18,15460.0,15515.0,15522.5,15443.5,-0.19,15490.0,15505.0,15575.0,15615.0,15135.0,15360.0,15545.714285714286,15507.142857142857,15384.103333333333,15562.968333333332,67.04653678796745,142.12283806201557,177.56654795866913,-0.001936733376371902,4,10,4,0,0,18,42,15490.0
2024-10-21,15490.0,15460.0,15502.5,15425.0,0.19,15460.0,15490.0,15505.0,15660.0,15195.0,15450.0,15521.42857142857,15528.214285714286,15385.436666666666,15549.885,46.342410895866955,110.67289194237782,178.2273721832245,0.0019404915912031306,0,10,4,0,0,21,43,15555.0
2024-10-22,15555.0,15530.0,15575.0,15527.5,0.42,15490.0,15460.0,15490.0,15575.0,15260.0,15445.0,15518.57142857143,15549.285714285714,15389.103333333333,15537.551666666666,42.983939415104686,79.32060414329843,180.6106012912471,0.004196255648805769,1,10,4,0,0,22,43,15615.0
2024-10-23,15615.0,15595.0,15636.0,15586.0,0.39,15555.0,15490.0,15460.0,15555.0,15415.0,15395.0,15527.142857142857,15563.57142857143,15396.436666666666,15526.885,55.59205150467522,70.83101698360791,185.26464665117754,0.0038572806171648377,2,10,4,0,0,23,43,15575.0
2024-10-24,15575.0,15640.0,15650.0,15580.0,-0.26,15615.0,15555.0,15490.0,15575.0,15480.0,15425.0,15527.142857142857,15570.357142857143,15401.436666666666,15515.968333333332,55.59205150467522,66.63518029274208,188.06507399675849,-0.002561639449247477,3,10,4,0,0,24,43,15635.0
2024-10-25,15635.0,15602.5,15643.5,15592.5,0.39,15575.0,15615.0,15555.0,15505.0,15675.0,15395.0,15545.714285714286,15567.5,15409.436666666666,15506.635,67.41838098960996,62.53460580331495,192.82617593670105,0.003852327447833037,4,10,4,0,0,25,43,15720.0
2024-10-28,15720.0,15695.0,15740.0,15687.5,0.54,15635.0,15575.0,15615.0,15490.0,15640.0,15393.1,15578.57142857143,15573.214285714286,15420.333333333334,15498.968333333332,88.49266851538687,72.5260468550877,200.93717208712619,0.00543652062679878,0,10,4,0,0,28,44,15755.0
2024-10-29,15755.0,15737.5,15778.5,15730.0,0.22,15720.0,15635.0,15575.0,15460.0,15615.0,15330.0,15620.714285714286,15583.214285714286,15434.5,15492.218333333332,92.75543880869022,86.94841845845208,209.16232765552954,0.0022264631043256156,1,10,4,0,0,29,44,15690.0
2024-10-30,15690.0,15752.5,15755.0,15695.0,-0.41,15755.0,15720.0,15635.0,15490.0,15660.0,15330.0,15649.285714285714,15585.357142857143,15446.5,15486.551666666666,74.85700654309029,89.32361832744658,213.2472662231761,-0.004125674389082845,2,10,4,0,0,30,44,15690.0
2024-10-31,15690.0,15700.0,15715.0,15680.0,0.0,15690.0,15755.0,15720.0,15555.0,15575.0,15230.0,15668.57142857143,15593.57142857143,15461.833333333334,15483.218333333332,62.962573917417465,93.48855486105353,213.68072918006,0.0,3,10,4,1,0,31,44,15715.0
2024-11-01,15715.0,15705.0,15732.5,15698.5,0.16,15690.0,15690.0,15755.0,15615.0,15555.0,15145.0,15682.857142857143,15605.0,15480.833333333334,15479.801666666666,60.05949431324906,98.07767722131665,209.84429093190693,0.0015933715742511012,4,11,4,0,1,1,44,15750.0
2024-11-04,15750.0,15735.0,15776.0,15717.5,0.22,15715.0,15690.0,15690.0,15575.0,15575.0,15195.0,15707.857142857143,15617.5,15499.333333333334,15476.468333333332,41.11540089183384,104.87630076159304,208.23450529471586,0.00222717149220486,0,11,4,0,0,4,45,15730.0
2024-11-05,15730.0,15780.0,15795.0,15725.0,-0.13,15750.0,15715.0,15690.0,15635.0,15505.0,15180.0,15721.42857142857,15633.57142857143,15517.666666666666,15474.801666666666,25.934900185635527,103.541678182152,203.30346492499092,-0.0012698412698413097,1,11,4,0,0,5,45,15825.0
2024-11-06,15825.0,15787.5,15862.5,15787.5,0.6,15730.0,15750.0,15715.0,15720.0,15490.0,15095.0,15736.42857142857,15657.5,15542.0,15477.301666666666,46.878769689899464,106.47769719474823,194.46478273474003,0.006039415130324244,2,11,4,0,0,6,45,15730.0
2024-11-07,15730.0,15815.0,15830.0,15735.0,-0.6,15825.0,15730.0,15750.0,15755.0,15460.0,15160.0,15732.857142857143,15676.785714285714,15561.0,15477.968333333332,46.17513245419554,91.32796232913883,183.38484124902826,-0.006003159557661952,3,11,4,0,0,7,45,15665.0
2024-11-08,15665.0,15625.0,15697.5,15617.5,-0.41,15730.0,15825.0,15730.0,15690.0,15490.0,15120.0,15729.285714285714,15689.285714285714,15579.166666666666,15477.635,50.779635963554824,74.15828038288144,164.18074214683313,-0.004132231404958664,4,11,4,0,0,8,45,15675.0
2024-11-11,15675.0,15640.0,15691.0,15632.5,0.06,15665.0,15730.0,15825.0,15690.0,15555.0,15135.0,15727.142857142857,15697.857142857143,15597.166666666666,15479.801666666666,52.98247688776568,63.63097593779581,141.89410411126912,0.0006383657835939971,0,11,4,0,0,11,46,15775.0
2024-11-12,15775.0,15745.0,15798.5,15732.5,0.64,15675.0,15665.0,15730.0,15715.0,15615.0,15195.0,15735.714285714286,15709.285714285714,15616.5,15485.551666666666,55.48487567428635,61.95088447961823,123.53381499899514,0.006379585326953707,1,11,4,0,0,12,46,15770.0
2024-11-13,15770.0,15765.0,15797.5,15752.5,-0.03,15775.0,15675.0,15665.0,15750.0,15575.0,15260.0,15738.57142857143,15723.214285714286,15633.5,15490.385,56.841467090249346,50.25347836524942,106.7316163606842,-0.00031695721077651395,2,11,4,0,0,13,46,15850.0
2024-11-14,15850.0,15820.0,15892.5,15817.5,0.51,15770.0,15775.0,15675.0,15730.0,15635.0,15415.0,15755.714285714286,15738.57142857143,15648.0,15494.635,70.32238687116097,53.93830419316794,105.56579905899444,0.005072923272035457,3,11,4,0,0,14,46,15850.0
2024-11-15,15850.0,15915.0,15967.5,15855.0,0.0,15850.0,15770.0,15775.0,15825.0,15720.0,15480.0,15759.285714285714,15747.857142857143,15660.333333333334,15500.718333333332,74.91264754314723,61.19685404454005,106.86708900579718,0.0,4,11,4,0,0,15,46,15845.0
2024-11-18,15845.0,15865.0,15877.5,15830.0,-0.03,15850.0,15850.0,15770.0,15730.0,15755.0,15675.0,15775.714285714286,15754.285714285714,15666.0,15507.718333333332,79.86595913522909,66.50208622608086,112.05294315141718,-0.0003154574132492316,0,11,4,0,0,18,47,15825.0
2024-11-19,15825.0,15810.0,15837.5,15790.0,-0.13,15845.0,15850.0,15850.0,15665.0,15690.0,15640.0,15798.57142857143,15763.92857142857,15672.166666666666,15513.301666666666,64.27248541149237,66.2506479329955,115.6069689261722,-0.001262227832123708,1,11,4,0,0,19,47,15860.0
2024-11-20,15860.0,15845.0,15875.0,15830.0,0.22,15825.0,15845.0,15850.0,15675.0,15690.0,15615.0,15825.0,15776.07142857143,15680.333333333334,15520.635,37.416573867973085,67.23033230849481,119.99952107154549,0.002211690363349117,2,11,4,0,0,20,47,15920.0
2024-11-21,15920.0,15905.0,15956.5,15900.0,0.38,15860.0,15825.0,15845.0,15775.0,15715.0,15660.0,15845.714285714286,15790.714285714286,15689.0,15529.135,44.574709891615676,74.80377260203586,127.62688074846965,0.003783102143757988,3,11,4,0,0,21,47,15870.0
2024-11-22,15870.0,15930.0,15937.5,15875.0,-0.31,15920.0,15860.0,15825.0,15770.0,15750.0,15575.0,15860.0,15799.285714285714,15698.833333333334,15536.135,29.860788112225457,76.63241789490884,129.88511723091958,-0.003140703517587995,4,11,4,0,0,22,47,15865.0
2024-11-25,15865.0,15880.0,15887.5,15846.5,-0.03,15870.0,15920.0,15860.0,15850.0,15730.0,15555.0,15862.142857142857,15808.92857142857,15709.166666666666,15541.885,29.56026934630382,75.73177799110768,130.37798717635792,-0.000315059861373701,0,11,4,0,0,25,48,15925.0
2024-11-26,15925.0,15912.5,15939.5,15895.0,0.38,15865.0,15870.0,15920.0,15850.0,15825.0,15575.0,15872.857142857143,15816.07142857143,15720.833333333334,15548.635,37.06493658197409,81.83422669783518,133.5786177738237,0.0037819098644815696,1,11,4,0,0,26,48,15925.0
2024-11-27,15925.0,15925.0,15925.0,15925.0,0.0,15925.0,15865.0,15870.0,15845.0,15730.0,15505.0,15884.285714285714,15830.0,15734.833333333334,15556.218333333332,39.30951659908888,82.64846780588752,132.1798887442189,0.0,2,11,4,0,0,27,48,15865.0
2024-11-28,15865.0,15875.0,15891.5,15840.0,-0.38,15925.0,15925.0,15865.0,15825.0,15665.0,15490.0,15890.0,15844.285714285714,15747.333333333334,15564.051666666666,31.358146203963436,67.9042635692352,125.80590779732806,-0.003767660910518056,3,11,4,0,0,28,48,15840.0
2024-11-29,15840.0,15865.0,15877.5,15835.0,-0.16,15865.0,15925.0,15925.0,15860.0,15675.0,15460.0,15887.142857142857,15856.07142857143,15760.0,15572.051666666666,35.22039452493504,47.522406512822045,114.50041409319985,-0.0015757957768672837,4,11,4,0,0,29,48,15895.0
2024-12-02,15895.0,15870.0,15917.5,15865.0,0.35,15840.0,15865.0,15925.0,15920.0,15775.0,15490.0,15883.57142857143,15864.642857142857,15773.5,15579.468333333332,32.49542092308321,42.3113135300454,105.05458351337747,0.003472222222222321,0,12,4,0,0,2,49,15935.0
2024-12-03,15935.0,15925.0,15964.0,15920.0,0.25,15895.0,15840.0,15865.0,15870.0,15770.0,15555.0,15892.857142857143,15876.42857142857,15786.166666666666,15587.635,36.95235027020546,36.502295575865006,100.6160621071537,0.0025165146272412287,1,12,4,0,0,3,49,15925.0
2024-12-04,15925.0,15955.0,15977.5,15925.0,-0.06,15935.0,15895.0,15840.0,15865.0,15850.0,15615.0,15901.42857142857,15881.785714285714,15796.5,15596.468333333332,36.36782984499653,37.80553189214949,98.32344583021609,-0.0006275494195168152,2,12,4,0,0,4,49,15855.0
2024-12-05,15855.0,15912.5,15927.5,15859.5,-0.44,15925.0,15935.0,15895.0,15925.0,15850.0,15575.0,15891.42857142857,15882.142857142857,15805.833333333334,15603.635,38.37471886066199,37.50457847361424,89.46279647959952,-0.00439560439560438,3,12,4,0,0,5,49,15845.0
2024-12-06,15845.0,15860.0,15862.5,15832.5,-0.06,15855.0,15925.0,15935.0,15925.0,15845.0,15635.0,15880.0,15882.142857142857,15812.833333333334,15611.135,38.62210075439613,37.50457847361424,83.66273975262594,-0.0006307158625039611,4,12,4,0,0,6,49,15860.0
2024-12-09,15860.0,15855.0,15877.5,15832.5,0.09,15845.0,15855.0,15925.0,15865.0,15825.0,15720.0,15879.285714285714,15884.642857142857,15817.5,15618.916666666666,38.99023076687503,34.44417365522233,82.19772209233292,0.0009466708740928365,0,12,4,0,0,9,50,15860.0
2024-12-10,15860.0,15855.0,15883.5,15847.5,0.0,15860.0,15845.0,15855.0,15840.0,15860.0,15755.0,15882.142857142857,15884.642857142857,15821.0,15627.75,36.269493937635914,34.44417365522233,81.67851192493518,0.0,1,12,4,0,0,10,50,15910.0
2024-12-11,15910.0,15880.0,15922.5,15877.0,0.32,15860.0,15860.0,15845.0,15895.0,15920.0,15690.0,15884.285714285714,15883.92857142857,15828.333333333334,15637.416666666666,37.57532118187063,33.751271850678236,79.35443552006676,0.0031525851197982124,2,12,4,0,0,11,50,15920.0
2024-12-12,15920.0,15940.0,15955.0,15925.0,0.06,15910.0,15860.0,15860.0,15935.0,15870.0,15690.0,15882.142857142857,15887.5,15836.0,15648.916666666666,34.503277967349774,34.79334595819821,76.5911672223268,0.0006285355122563896,3,12,4,0,0,12,50,15990.0
2024-12-13,15990.0,15965.0,16002.5,15955.0,0.44,15920.0,15910.0,15860.0,15925.0,15865.0,15715.0,15891.42857142857,15896.42857142857,15845.166666666666,15663.0,52.178722173265605,43.51960528136474,78.05262739719102,0.0043969849246230375,4,12,4,0,0,13,50,15995.0
2024-12-16,15995.0,16005.0,16029.0,15992.5,0.03,15990.0,15920.0,15910.0,15855.0,15925.0,15750.0,15911.42857142857,15901.42857142857,15853.333333333334,15676.333333333334,61.827332528861255,50.51384316737331,80.52985453352582,0.00031269543464662597,0,12,4,0,0,16,51,16060.0
2024-12-17,16060.0,16020.0,16071.5,16012.5,0.41,15995.0,15990.0,15920.0,15845.0,15925.0,15730.0,15942.142857142857,15911.07142857143,15864.333333333334,15691.0,75.26935757990006,65.90139987423585,85.48778228183576,0.004063769928102534,1,12,4,0,0,17,51,16085.0
2024-12-18,16085.0,16102.5,16122.5,16078.5,0.16,16060.0,15995.0,15990.0,15860.0,15865.0,15825.0,15974.285714285714,15926.785714285714,15873.0,15707.5,82.07864985438535,78.99871330082398,94.10742211153136,0.0015566625155665204,2,12,4,0,0,18,51,16285.0
2024-12-19,16285.0,16205.0,16305.0,16185.0,1.24,16085.0,16060.0,15995.0,15860.0,15840.0,15730.0,16035.0,15958.57142857143,15891.5,15726.25,127.86711852549432,120.18301062897541,116.8343212442973,0.012433944668946317,3,12,4,0,0,19,51,16190.0
2024-12-20,16190.0,16315.0,16322.5,16192.0,-0.58,16285.0,16085.0,16060.0,15910.0,15895.0,15665.0,16075.0,15979.642857142857,15909.0,15744.083333333334,126.0290971694447,133.32240110818037,120.98304241359585,-0.005833589192508426,4,12,4,0,0,20,51,16170.0
2024-12-23,16170.0,16182.5,16197.5,16125.0,-0.12,16190.0,16285.0,16085.0,15920.0,15935.0,15675.0,16110.714285714286,15996.42857142857,15925.5,15761.333333333334,109.0652928077919,141.7938450899122,121.72148819982769,-0.001235330450895633,0,12,4,0,0,23,52,16185.0
2024-12-24,16185.0,16155.0,16220.0,16155.0,0.09,16170.0,16190.0,16285.0,15990.0,15925.0,15775.0,16138.57142857143,16015.0,15939.166666666666,15777.833333333334,97.37018219641547,148.58305110883344,127.13747198027275,0.0009276437847867136,1,12,4,0,0,24,52,16185.0
2024-12-25,16185.0,16185.0,16185.0,16185.0,0.0,16185.0,16170.0,16190.0,15995.0,15855.0,15770.0,16165.714285714286,16038.57142857143,15953.0,15793.25,74.46635545834344,147.41919000694665,130.6258146317224,0.0,2,12,4,0,0,25,52,16185.0
2024-12-26,16185.0,16185.0,16185.0,16185.0,0.0,16185.0,16185.0,16170.0,16060.0,15845.0,15850.0,16183.57142857143,16062.857142857143,15964.166666666666,15806.083333333334,58.074254602439574,140.94071702021324,135.73607335237187,0.0,3,12,4,0,0,26,52,16230.0
2024-12-27,16230.0,16207.5,16260.0,16205.0,0.28,16185.0,16185.0,16185.0,16085.0,15860.0,15850.0,16204.285714285714,16089.285714285714,15976.833333333334,15818.583333333334,40.14853374550934,134.51990334329673,142.28724791584494,0.002780352177942591,4,12,4,0,0,27,52,16130.0
2024-12-30,16130.0,16175.0,16195.0,16127.5,-0.62,16230.0,16185.0,16185.0,16285.0,15860.0,15845.0,16182.142857142857,16108.57142857143,15986.333333333334,15826.166666666666,29.560269346193433,117.38215975375675,142.69531885424007,-0.006161429451632783,0,12,4,0,0,30,1,16090.0
2024-12-31,16090.0,16090.0,16172.5,16070.0,-0.25,16130.0,16230.0,16185.0,16190.0,15910.0,15825.0,16167.857142857143,16121.42857142857,15995.166666666666,15833.666666666666,45.17163037224178,102.92694517880513,140.54992568165943,-0.002479851208927464,1,12,4,1,0,31,1,16090.0
2025-01-01,16090.0,16090.0,16090.0,16090.0,0.0,16090.0,16130.0,16230.0,16170.0,15920.0,15860.0,16156.42857142857,16133.57142857143,16002.833333333334,15841.583333333334,53.829536944223356,85.96574835359894,139.18905112812368,0.0,2,1,1,0,1,1,1,16190.0
2025-01-02,16190.0,16200.0,16262.5,16174.5,0.62,16090.0,16090.0,16130.0,16185.0,15990.0,15920.0,16157.142857142857,16147.857142857143,16011.833333333334,15850.416666666666,54.30294212858053,76.35227782819827,142.34176534258592,0.00621504039776255,3,1,1,0,0,2,1,16185.0
2025-01-03,16185.0,16225.0,16245.0,16190.0,-0.03,16190.0,16090.0,16090.0,16185.0,15995.0,15870.0,16157.142857142857,16161.42857142857,16022.333333333334,15860.583333333334,54.30294212858053,62.77029464638188,143.13445170290714,-0.00030883261272385276,4,1,1,0,0,3,1,16190.0
2025-01-06,16190.0,16200.0,16212.5,16165.0,0.03,16185.0,16190.0,16090.0,16185.0,16060.0,15865.0,16157.857142857143,16170.714285714286,16033.166666666666,15871.166666666666,54.761387161210116,55.845154835176054,143.11487629179499,0.00030892801977144835,0,1,1,0,0,6,2,16125.0
2025-01-07,16125.0,16175.0,16195.0,16127.5,-0.4,16190.0,16185.0,16190.0,16230.0,16085.0,15925.0,16142.857142857143,16173.57142857143,16039.833333333334,15880.333333333334,45.263777171379374,52.01436825895231,142.5596265650289,-0.004014823965410752,1,1,1,0,0,7,2,16190.0
2025-01-08,16190.0,16167.5,16215.0,16157.5,0.4,16125.0,16190.0,16185.0,16130.0,16285.0,15925.0,16151.42857142857,16166.785714285714,16048.666666666666,15891.75,48.02033299512769,41.491757421800116,143.4064234920254,0.004031007751937876,2,1,1,0,0,8,2,16195.0
2025-01-09,16195.0,16240.0,16267.5,16200.0,0.03,16190.0,16125.0,16190.0,16090.0,16190.0,15865.0,16166.42857142857,16167.142857142857,16059.666666666666,15903.5,41.60471585004024,41.72779398784882,141.47580110666962,0.00030883261272385276,3,1,1,0,0,9,2,16180.0
2025-01-10,16180.0,16212.5,16215.0,16170.0,-0.09,16195.0,16190.0,16125.0,16090.0,16170.0,15840.0,16179.285714285714,16167.857142857143,16071.0,15915.5,24.397501823916237,41.86582439927337,136.81348995770094,-0.0009262117937635095,4,1,1,0,0,10,2,16270.0
2025-01-13,16270.0,16247.5,16292.5,16232.5,0.56,16180.0,16195.0,16190.0,16190.0,16185.0,15895.0,16190.714285714286,16173.92857142857,16083.5,15928.5,42.37025012019278,49.92989590794147,137.30880123457024,0.005562422744128659,0,1,1,0,0,13,3,16260.0
2025-01-14,16260.0,16270.0,16282.5,16250.0,-0.06,16270.0,16180.0,16195.0,16185.0,16185.0,15935.0,16201.42857142857,16179.285714285714,16094.333333333334,15940.25,49.55756633412988,54.9775178815002,138.00757933514316,-0.0006146281499692652,1,1,1,0,0,14,3,16315.0
2025-01-15,16315.0,16290.0,16340.0,16281.5,0.34,16260.0,16270.0,16180.0,16190.0,16185.0,15925.0,16219.285714285714,16188.57142857143,16107.333333333334,15951.916666666666,64.89918922385374,65.90869475144363,139.86282277762368,0.003382533825338152,2,1,1,0,0,15,3,16355.0
2025-01-16,16355.0,16355.0,16390.0,16347.5,0.25,16315.0,16260.0,16270.0,16125.0,16230.0,15855.0,16252.142857142857,16197.5,16124.0,15964.916666666666,67.38305566300811,79.09949917106586,138.54166558609992,0.002451731535396906,3,1,1,0,0,16,3,16360.0
2025-01-17,16360.0,16365.0,16375.0,16345.0,0.03,16355.0,16315.0,16260.0,16190.0,16130.0,15845.0,16276.42857142857,16213.92857142857,16141.166666666666,15977.0,71.7469096730041,87.44621580847796,134.63029410900174,0.0003057169061448928,4,1,1,0,0,17,3,16355.0
2025-01-20,16355.0,16365.0,16387.5,16347.5,-0.03,16360.0,16355.0,16315.0,16195.0,16090.0,15860.0,16299.285714285714,16232.857142857143,16157.666666666666,15987.583333333334,66.79749068573811,87.23783330826882,129.20668642146228,-0.0003056234718826767,0,1,1,0,0,20,4,16330.0
2025-01-21,16330.0,16310.0,16347.5,16290.0,-0.15,16355.0,16360.0,16355.0,16180.0,16090.0,15860.0,16320.714285714286,16250.0,16173.333333333334,15997.166666666666,41.37517083844689,80.31189202030589,120.03830806130517,-0.001528584530724575,1,1,1,0,0,21,4,16280.0
2025-01-22,16280.0,16305.0,16341.0,16280.0,-0.31,16330.0,16355.0,16360.0,16270.0,16190.0,15910.0,16322.142857142857,16256.42857142857,16185.666666666666,16007.0,39.46064947702624,78.72612144443102,110.69321797503639,-0.0030618493570115923,2,1,1,0,0,22,4,16275.0
2025-01-23,16275.0,16265.0,16317.5,16237.5,-0.03,16280.0,16330.0,16355.0,16260.0,16185.0,15920.0,16324.285714285714,16262.857142857143,16197.5,16016.75,35.75711717374931,76.07471746410619,99.7475261118734,-0.00030712530712528885,3,1,1,0,0,23,4,16170.0
2025-01-24,16170.0,16260.0,16260.0,16150.0,-0.65,16275.0,16280.0,16330.0,16315.0,16190.0,15990.0,16303.57142857143,16261.42857142857,16203.5,16024.333333333334,68.78191899735532,77.71814389182786,91.94404220216367,-0.006451612903225823,4,1,1,0,0,24,4,16170.0
2025-01-27,16170.0,16170.0,16170.0,16170.0,0.0,16170.0,16275.0,16280.0,16355.0,16125.0,15995.0,16277.142857142857,16264.642857142857,16209.333333333334,16031.333333333334,80.30448009804094,72.38955209578344,83.41559158491697,0.0,0,1,1,0,0,27,5,16170.0
2025-01-28,16170.0,16170.0,16170.0,16170.0,0.0,16170.0,16170.0,16275.0,16360.0,16190.0,16060.0,16250.0,16263.214285714286,16213.0,16038.666666666666,79.73915809275435,74.15179708456108,78.92161104270839,0.0,1,1,1,0,0,28,5,16170.0
2025-01-29,16170.0,16170.0,16170.0,16170.0,0.0,16170.0,16170.0,16170.0,16355.0,16195.0,16085.0,16223.57142857143,16261.42857142857,16215.833333333334,16044.416666666666,69.08414469057102,76.19379571445063,75.62479220020134,0.0,2,1,1,0,0,29,5,16255.0
2025-01-30,16255.0,16235.0,16275.0,16221.5,0.53,16170.0,16170.0,16170.0,16330.0,16180.0,16285.0,16212.857142857143,16266.785714285714,16214.833333333334,16053.166666666666,53.99514969407148,72.57905882622507,74.87326456785352,0.005256648113791007,3,1,1,0,0,30,5,16295.0
2025-01-31,16295.0,16280.0,16322.5,16280.0,0.25,16255.0,16170.0,16170.0,16280.0,16270.0,16190.0,16215.0,16268.57142857143,16218.333333333334,16063.666666666666,57.30037812564835,72.97071518497067,76.11621483521652,0.0024607812980621535,4,1,1,1,0,31,5,16430.0
2025-02-03,16430.0,16400.0,16472.5,16392.5,0.83,16295.0,16255.0,16170.0,16275.0,16260.0,16170.0,16237.142857142857,16280.714285714286,16227.0,16076.25,99.07308509622875,84.64534933896726,84.73691537640117,0.008284749923289425,0,2,1,0,0,3,6,16340.0
2025-02-04,16340.0,16370.0,16382.5,16345.0,-0.55,16430.0,16295.0,16255.0,16170.0,16315.0,16185.0,16261.42857142857,16282.5,16232.166666666666,16085.666666666666,100.69402025092384,85.68165587642882,86.78832089399617,-0.005477784540474762,1,2,1,0,0,4,6,16280.0
2025-02-05,16280.0,16315.0,16335.0,16285.0,-0.37,16340.0,16430.0,16295.0,16170.0,16355.0,16185.0,16277.142857142857,16277.142857142857,16235.333333333334,16094.166666666666,92.27933783075981,83.10591679582213,86.74112628059885,-0.003671970624234966,2,2,1,0,0,5,6,16325.0
2025-02-06,16325.0,16292.5,16345.0,16287.0,0.28,16280.0,16340.0,16430.0,16170.0,16360.0,16185.0,16299.285714285714,16274.642857142857,16240.0,16102.083333333334,80.07437019366077,80.91933984110536,87.70050917905672,0.0027641277641277107,3,2,1,0,0,6,6,16270.0
2025-02-07,16270.0,16332.5,16350.0,16275.0,-0.34,16325.0,16280.0,16340.0,16170.0,16355.0,16230.0,16313.57142857143,16268.57142857143,16241.333333333334,16109.083333333334,59.42181738182238,77.5447407182953,87.84717660063171,-0.0033690658499234694,4,2,1,0,0,7,6,16340.0
2025-02-10,16340.0,16320.0,16357.5,16317.5,0.43,16270.0,16325.0,16280.0,16255.0,16330.0,16130.0,16325.714285714286,16269.285714285714,16248.333333333334,16117.333333333334,53.88479775017598,78.19741149626361,87.03282509259961,0.004302397049784856,0,2,1,0,0,10,7,16370.0
2025-02-11,16370.0,16367.5,16390.0,16355.0,0.18,16340.0,16270.0,16325.0,16295.0,16280.0,16090.0,16336.42857142857,16275.714285714286,16257.666666666666,16126.416666666666,54.215179740469054,82.71492151745613,84.4427303713258,0.001835985312117483,1,2,1,0,0,11,7,16360.0
2025-02-12,16360.0,16357.5,16380.5,16346.5,-0.06,16370.0,16340.0,16270.0,16430.0,16275.0,16090.0,16326.42857142857,16281.785714285714,16266.666666666666,16134.75,38.156944072584025,85.72332827690234,80.24030001842628,-0.0006108735491753281,2,2,1,0,0,12,7,16350.0
2025-02-13,16350.0,16385.0,16400.0,16348.5,-0.06,16360.0,16370.0,16340.0,16340.0,16170.0,16190.0,16327.857142857143,16294.642857142857,16272.0,16141.916666666666,38.92911751481247,81.03807950309903,80.28612625408,-0.0006112469437652424,3,2,1,0,0,13,7,16255.0
2025-02-14,16255.0,16290.0,16315.0,16247.5,-0.58,16350.0,16360.0,16370.0,16280.0,16170.0,16185.0,16324.285714285714,16300.714285714286,16274.333333333334,16148.333333333334,44.7612715254764,73.84644001694889,78.67143955858049,-0.005810397553516866,4,2,1,0,0,14,7,16210.0
2025-02-17,16210.0,16185.0,16227.0,16174.0,-0.28,16255.0,16350.0,16360.0,16325.0,16170.0,16190.0,16307.857142857143,16303.57142857143,16275.0,16154.083333333334,62.17295385038924,69.01584465227447,78.01414548959855,-0.002768378960319895,0,2,1,0,0,17,8,16270.0
2025-02-18,16270.0,16237.5,16293.5,16232.5,0.37,16210.0,16255.0,16350.0,16270.0,16170.0,16125.0,16307.857142857143,16310.714285714286,16279.833333333334,16159.833333333334,62.17295385038924,58.5023715109686,72.7120363475368,0.0037014188772361845,1,2,1,0,0,18,8,16330.0
2025-02-19,16330.0,16320.0,16372.5,16307.5,0.37,16270.0,16210.0,16255.0,16340.0,16255.0,16190.0,16306.42857142857,16316.07142857143,16284.5,16166.583333333334,61.42164966545207,56.404397380309156,71.22511664644509,0.003687768899815591,2,2,1,0,0,19,8,16325.0
2025-02-20,16325.0,16355.0,16372.5,16322.0,-0.03,16330.0,16270.0,16210.0,16370.0,16295.0,16195.0,16300.0,16318.214285714286,16288.833333333334,16174.25,55.75242894565195,56.11139822592859,69.52651854889285,-0.0003061849357011148,3,2,1,0,0,20,8,16300.0
2025-02-21,16300.0,16290.0,16317.5,16272.5,-0.15,16325.0,16330.0,16270.0,16360.0,16430.0,16180.0,16291.42857142857,16308.92857142857,16292.833333333334,16181.916666666666,49.22010816349215,46.04256272513019,66.43227473417629,-0.0015313935681470214,4,2,1,0,0,21,8,16270.0
2025-02-24,16270.0,16310.0,16327.5,16270.0,-0.18,16300.0,16325.0,16330.0,16350.0,16340.0,16270.0,16280.0,16303.92857142857,16292.833333333334,16188.166666666666,42.130748865965984,46.20933020161933,66.43227473417629,-0.0018404907975460016,0,2,1,0,0,24,9,16340.0
2025-02-25,16340.0,16290.0,16357.5,16280.0,0.43,16270.0,16300.0,16325.0,16255.0,16280.0,16260.0,16292.142857142857,16308.214285714286,16295.5,16194.916666666666,45.812765948110126,46.60006366890411,66.67406568076541,0.004302397049784856,1,2,1,0,0,25,9,16365.0
2025-02-26,16365.0,16352.5,16410.0,16287.5,0.15,16340.0,16270.0,16300.0,16210.0,16325.0,16315.0,16314.285714285714,16311.07142857143,16297.166666666666,16202.25,35.87345483656363,48.878915204086354,67.7938474129229,0.0015299877600978284,2,2,1,0,0,26,9,16445.0
2025-02-27,16445.0,16390.0,16455.0,16390.0,0.49,16365.0,16340.0,16270.0,16270.0,16270.0,16355.0,16339.285714285714,16323.57142857143,16300.166666666666,16212.083333333334,55.48487567415946,58.91416740274544,72.2839627046554,0.00488848151542931,3,2,1,0,0,27,9,16575.0
2025-02-28,16575.0,16535.0,16592.5,16515.0,0.79,16445.0,16365.0,16340.0,16330.0,16340.0,16360.0,16374.285714285714,16340.357142857143,16307.333333333334,16224.25,104.38025721008084,89.49568716903185,87.48136090429325,0.007905138339920903,4,2,1,1,0,28,9,16475.0
2025-03-03,16475.0,16540.0,16545.0,16475.0,-0.6,16575.0,16445.0,16365.0,16325.0,16370.0,16355.0,16395.714285714286,16347.857142857143,16311.333333333334,16234.5,107.91310437218469,96.31108023328983,92.34430823980345,-0.006033182503770718,0,3,1,0,0,3,10,16440.0
2025-03-04,16440.0,16450.0,16467.5,16425.0,-0.21,16475.0,16575.0,16445.0,16300.0,16360.0,16330.0,16415.714285714286,16353.57142857143,16315.0,16244.166666666666,99.8927996833348,99.4103494727609,95.24921938275088,-0.0021244309559939056,1,3,1,0,0,4,10,16310.0
2025-03-05,16310.0,16410.0,16437.5,16307.5,-0.79,16440.0,16475.0,16575.0,16270.0,16350.0,16280.0,16421.428571428572,16350.714285714286,16316.0,16250.833333333334,90.90811687791684,100.09336300954355,95.02631214521556,-0.007907542579075444,2,3,1,0,0,5,10,16325.0
2025-03-06,16325.0,16275.0,16345.0,16260.0,0.09,16310.0,16440.0,16475.0,16340.0,16255.0,16275.0,16419.285714285714,16355.714285714286,16317.666666666666,16257.583333333334,93.29293343321778,96.63287270795023,94.72039919103182,0.0009196811771918778,3,3,1,0,0,6,10,16290.0
2025-03-07,16290.0,16335.0,16360.0,16292.0,-0.21,16325.0,16310.0,16440.0,16365.0,16210.0,16170.0,16408.571428571428,16361.42857142857,16321.666666666666,16262.583333333334,104.23188434586336,89.45193319055234,90.71871393153187,-0.0021439509954058744,4,3,1,0,0,7,10,16335.0
2025-03-10,16335.0,16295.0,16355.0,16285.0,0.28,16290.0,16325.0,16310.0,16445.0,16270.0,16170.0,16392.85714285714,16366.07142857143,16327.166666666666,16268.25,106.09968358646056,85.96015560436659,86.0902026273925,0.0027624309392264568,0,3,1,0,0,10,11,16400.0
2025-03-11,16400.0,16385.0,16451.0,16377.5,0.4,16335.0,16290.0,16325.0,16575.0,16330.0,16170.0,16367.857142857143,16371.07142857143,16334.833333333334,16273.916666666666,70.76116772035203,85.73614647898079,81.74269273770945,0.003979185797367668,1,3,1,0,0,11,11,16440.0
2025-03-12,16440.0,16440.0,16465.0,16430.0,0.24,16400.0,16335.0,16290.0,16475.0,16325.0,16170.0,16362.857142857143,16379.285714285714,16343.833333333334,16279.833333333334,62.706800724865076,86.48826382867217,77.73388882066715,0.0024390243902439046,2,3,1,0,0,12,11,16420.0
2025-03-13,16420.0,16465.0,16467.5,16400.0,-0.12,16440.0,16400.0,16335.0,16440.0,16300.0,16255.0,16360.0,16387.85714285714,16349.333333333334,16282.083333333334,58.94913061280183,83.93482557873666,77.06617547418732,-0.0012165450121655041,3,3,1,0,0,13,11,16345.0
2025-03-14,16345.0,16405.0,16417.5,16347.5,-0.46,16420.0,16440.0,16400.0,16310.0,16270.0,16295.0,16365.0,16393.214285714286,16351.0,16284.666666666666,55.37749241949916,78.01891148515467,76.38830024102157,-0.004567600487210721,4,3,1,0,0,14,11,16395.0
2025-03-17,16395.0,16325.0,16402.5,16315.0,0.31,16345.0,16420.0,16440.0,16325.0,16340.0,16430.0,16375.0,16397.14285714286,16349.833333333334,16288.416666666666,53.229064742281984,76.50324994812294,75.40103508489385,0.0030590394616090144,0,3,1,0,0,17,12,16420.0
2025-03-18,16420.0,16400.0,16477.5,16386.5,0.15,16395.0,16345.0,16420.0,16290.0,16365.0,16340.0,16393.571428571428,16401.071428571428,16352.5,16292.333333333334,39.551051999787006,76.13698614483141,76.44865304008606,0.0015248551387618825,1,3,1,0,0,18,12,16520.0
2025-03-19,16520.0,16500.0,16537.5,16485.0,0.61,16420.0,16395.0,16345.0,16335.0,16445.0,16280.0,16420.0,16406.428571428572,16360.5,16297.916666666666,53.30728530576212,81.88708387390479,81.0209636553609,0.006090133982947554,2,3,1,0,0,19,12,16470.0
2025-03-20,16470.0,16530.0,16537.5,16460.0,-0.3,16520.0,16420.0,16395.0,16400.0,16575.0,16325.0,16430.0,16398.928571428572,16365.333333333334,16302.666666666666,55.45268253207338,69.06458993069627,83.12779249430699,-0.003026634382566562,3,3,1,0,0,20,12,16495.0
2025-03-21,16495.0,16497.5,16516.5,16475.0,0.15,16470.0,16520.0,16420.0,16440.0,16475.0,16270.0,16437.85714285714,16400.35714285714,16372.833333333334,16307.083333333334,60.74928962941754,70.94050285226726,84.37072679637676,0.0015179113539769418,4,3,1,0,0,21,12,16550.0
2025-03-24,16550.0,16495.0,16570.0,16495.0,0.33,16495.0,16470.0,16520.0,16420.0,16440.0,16340.0,16456.428571428572,16408.214285714286,16379.833333333334,16314.083333333334,73.01337124769958,81.04146950849987,90.07165091619794,0.0033343437405273235,0,3,1,0,0,24,13,16590.0
2025-03-25,16590.0,16597.5,16645.0,16587.5,0.24,16550.0,16495.0,16470.0,16345.0,16310.0,16370.0,16491.428571428572,16428.214285714286,16387.166666666668,16322.416666666666,69.3249766026151,89.08956476112789,97.86235348592317,0.0024169184290030454,1,3,1,0,0,25,13,16575.0
2025-03-26,16575.0,16605.0,16615.0,16560.0,-0.09,16590.0,16550.0,16495.0,16395.0,16325.0,16360.0,16517.14285714286,16446.071428571428,16394.333333333332,16330.5,60.40537661342186,91.82296033036693,103.51356177420902,-0.000904159132007254,2,3,1,0,0,26,13,16555.0
2025-03-27,16555.0,16610.0,16615.0,16541.5,-0.12,16575.0,16590.0,16550.0,16420.0,16290.0,16350.0,16536.428571428572,16465.0,16401.166666666668,16336.583333333334,43.369947901185,84.17015732723189,107.18726228111646,-0.0012066365007541435,3,3,1,0,0,27,13,16555.0
2025-03-28,16555.0,16555.0,16555.0,16555.0,0.0,16555.0,16575.0,16590.0,16520.0,16335.0,16255.0,16541.428571428572,16480.714285714286,16411.166666666668,16342.75,43.1773750277231,78.36937055784911,107.07460606645385,0.0,4,3,1,0,0,28,13,16555.0
2025-03-31,16555.0,16555.0,16555.0,16555.0,0.0,16555.0,16555.0,16575.0,16470.0,16400.0,16210.0,16553.571428571428,16491.785714285714,16422.666666666668,16348.833333333334,29.540126059608365,77.02664730779443,103.17990092038927,0.0,0,3,1,1,0,31,14,16555.0
2025-04-01,16555.0,16555.0,16555.0,16555.0,0.0,16555.0,16555.0,16555.0,16495.0,16440.0,16270.0,16562.14285714286,16500.0,16432.166666666668,16356.0,14.679107277842856,77.21099961413037,101.7492127673174,0.0,1,4,2,0,1,1,14,16555.0
2025-04-02,16555.0,16555.0,16555.0,16555.0,0.0,16555.0,16555.0,16555.0,16550.0,16420.0,16330.0,16562.85714285714,16509.64285714286,16439.666666666668,16362.083333333334,14.099983113739034,74.84507808907847,102.24997540920259,0.0,2,4,2,0,0,2,14,16555.0
2025-04-03,16555.0,16555.0,16555.0,16555.0,0.0,16555.0,16555.0,16555.0,16590.0,16345.0,16325.0,16557.85714285714,16524.64285714286,16447.333333333332,16368.083333333334,7.559289460078861,58.588010248933,101.97813603808976,0.0,3,4,2,0,0,3,14,16555.0
2025-04-04,16555.0,16555.0,16555.0,16555.0,0.0,16555.0,16555.0,16555.0,16575.0,16395.0,16300.0,16555.0,16536.071428571428,16455.833333333332,16374.333333333334,0.0,45.49634691149844,99.87995668323263,0.0,4,4,2,0,0,4,14,16555.0
2025-04-07,16555.0,16555.0,16555.0,16555.0,0.0,16555.0,16555.0,16555.0,16555.0,16420.0,16270.0,16555.0,16545.714285714286,16465.333333333332,16379.083333333334,0.0,30.999822755341047,95.03115036738089,0.0,0,4,2,0,0,7,15,16860.0
2025-04-08,16860.0,16852.5,16874.0,16825.0,1.84,16555.0,16555.0,16555.0,16555.0,16520.0,16340.0,16598.571428571428,16570.0,16482.666666666668,16389.083333333332,115.27916426780061,88.7303607732422,116.40249236937608,0.01842343702808824,1,4,2,0,0,8,15,16860.0
2025-04-09,16860.0,16925.0,16972.5,16862.5,0.0,16860.0,16555.0,16555.0,16555.0,16470.0,16365.0,16642.14285714286,16597.85714285714,16499.166666666668,16398.166666666668,148.8247611246349,112.85992485038523,133.04188693068895,0.0,2,4,2,0,0,9,15,16795.0
2025-04-10,16795.0,16815.0,16815.0,16727.5,-0.39,16860.0,16860.0,16555.0,16555.0,16495.0,16445.0,16676.428571428572,16619.285714285714,16510.833333333332,16405.5,152.99004013642914,120.07781359831907,143.09439453397016,-0.0038552787663107546,3,4,2,0,0,10,15,16790.0
2025-04-11,16790.0,16797.5,16820.0,16765.0,-0.03,16795.0,16860.0,16860.0,16555.0,16550.0,16575.0,16710.0,16636.428571428572,16518.0,16412.666666666668,147.59177935551102,126.39115979607139,151.55288140443233,-0.00029770765108660946,4,4,2,0,0,11,15,16770.0
2025-04-14,16770.0,16787.5,16793.5,16750.0,-0.12,16790.0,16795.0,16860.0,16555.0,16590.0,16475.0,16740.714285714286,16649.285714285714,16527.833333333332,16419.583333333332,131.44797993336627,130.39668977074155,158.0957988344796,-0.001191185229303171,0,4,2,0,0,14,16,16810.0
2025-04-15,16810.0,16782.5,16825.0,16770.0,0.24,16770.0,16790.0,16795.0,16555.0,16575.0,16440.0,16777.14285714286,16666.071428571428,16540.166666666668,16427.583333333332,103.83709769216611,135.1378010572725,165.27658810197337,0.0023852116875373586,1,4,2,0,0,15,16,16820.0
2025-04-16,16820.0,16815.0,16855.0,16815.0,0.06,16810.0,16770.0,16790.0,16555.0,16555.0,16310.0,16815.0,16685.0,16557.166666666668,16436.583333333332,34.52052529517062,136.93063937581297,167.0054889315016,0.0005948839976204212,2,4,2,0,0,16,16,16820.0
2025-04-17,16820.0,16830.0,16845.0,16802.5,0.0,16820.0,16810.0,16770.0,16860.0,16555.0,16325.0,16809.285714285714,16703.928571428572,16573.666666666668,16445.666666666668,28.639799147797635,135.88992394007616,167.72788580935884,0.0,3,4,2,0,0,17,16,16820.0
2025-04-18,16820.0,16820.0,16820.0,16820.0,0.0,16820.0,16820.0,16810.0,16860.0,16555.0,16290.0,16803.571428571428,16722.85714285714,16591.333333333332,16456.5,19.303342912754253,131.94862470032487,164.70419322010014,0.0,4,4,2,0,0,18,16,16800.0
2025-04-21,16800.0,16825.0,16837.5,16795.0,-0.12,16820.0,16820.0,16820.0,16795.0,16555.0,16335.0,16804.285714285714,16740.35714285714,16606.833333333332,16467.0,19.0237946239194,123.97990354643561,161.60020555895903,-0.0011890606420927874,0,4,2,0,0,21,17,16855.0
2025-04-22,16855.0,16835.0,16867.5,16835.0,0.33,16800.0,16820.0,16820.0,16790.0,16555.0,16400.0,16813.571428571428,16761.785714285714,16622.0,16478.416666666668,25.6115673268997,115.08537203749717,162.8655040630436,0.003273809523809623,1,4,2,0,0,22,17,16865.0
2025-04-23,16865.0,16870.0,16887.5,16855.0,0.06,16855.0,16800.0,16820.0,16770.0,16555.0,16440.0,16827.14285714286,16783.928571428572,16636.166666666668,16490.0,23.77974328001844,101.22667958204622,164.95915551560623,0.0005932957579353193,2,4,2,0,0,23,17,16870.0
2025-04-24,16870.0,16867.5,16887.5,16862.5,0.03,16865.0,16855.0,16800.0,16810.0,16555.0,16420.0,16835.714285714286,16806.428571428572,16651.166666666668,16500.25,27.145989793924322,78.99436619136017,165.08453076762478,0.00029647198339755043,3,4,2,0,0,24,17,16830.0
2025-04-25,16830.0,16825.0,16842.5,16807.5,-0.24,16870.0,16865.0,16855.0,16820.0,16555.0,16345.0,16837.14285714286,16826.071428571428,16667.333333333332,16509.166666666668,26.43500565153254,31.694368062750556,157.64830638374607,-0.002371072910491989,4,4,2,0,0,25,17,16855.0
2025-04-28,16855.0,16835.0,16867.0,16830.0,0.15,16830.0,16870.0,16865.0,16820.0,16860.0,16395.0,16842.14285714286,16825.714285714286,16682.666666666668,16516.25,25.957841277663526,31.308461796835772,152.53452595760675,0.0014854426619133054,0,4,2,0,0,28,18,16760.0
2025-04-29,16760.0,16810.0,16815.0,16759.5,-0.56,16855.0,16830.0,16870.0,16820.0,16860.0,16420.0,16833.571428571428,16818.571428571428,16694.0,16523.25,40.38505145396622,34.16186421870759,144.7792612312795,-0.005636309700385644,1,4,2,0,0,29,18,16600.0
2025-04-30,16600.0,16715.0,16742.5,16597.5,-0.95,16760.0,16855.0,16830.0,16800.0,16795.0,16520.0,16805.0,16804.64285714286,16696.666666666668,16528.583333333332,97.89450103719511,67.75136347419425,142.17724085101807,-0.009546539379474916,2,4,2,1,0,30,18,16600.0
2025-05-01,16600.0,16600.0,16600.0,16600.0,0.0,16600.0,16760.0,16855.0,16855.0,16790.0,16470.0,16768.571428571428,16791.071428571428,16701.0,16533.166666666668,120.92402179719406,87.15985692511484,136.91426967739977,0.0,3,5,2,0,1,1,18,16435.0
2025-05-02,16435.0,16615.0,16615.0,16424.5,-0.99,16600.0,16600.0,16760.0,16865.0,16770.0,16495.0,16707.14285714286,16767.14285714286,16699.0,16535.916666666668,164.971137446728,129.2242279867369,140.42055061279035,-0.009939759036144524,4,5,2,0,0,2,18,16435.0
2025-05-05,16435.0,16410.0,16460.0,16375.0,0.0,16435.0,16600.0,16600.0,16870.0,16810.0,16550.0,16645.0,16740.35714285714,16695.166666666668,16537.5,175.02380790431368,155.7915802711587,146.08384067262054,0.0,0,5,2,0,0,5,19,16450.0
2025-05-06,16450.0,16465.0,16492.5,16435.0,0.09,16435.0,16435.0,16600.0,16830.0,16820.0,16590.0,16590.714285714286,16713.928571428572,16690.5,16538.833333333332,166.8189780227824,171.80241973977306,151.68791691445793,0.0009126863401278662,1,5,2,0,0,6,19,16535.0
2025-05-07,16535.0,16470.0,16545.0,16465.0,0.52,16450.0,16435.0,16435.0,16855.0,16820.0,16575.0,16545.0,16693.571428571428,16689.166666666668,16541.75,119.44315244777309,175.1200530119373,152.90905192576398,0.0051671732522795555,2,5,2,0,0,7,19,16494.0
2025-05-08,16494.0,16550.0,16577.5,16432.5,-0.25,16535.0,16450.0,16435.0,16760.0,16820.0,16555.0,16507.0,16670.285714285714,16687.133333333335,16544.15,72.87889497879048,178.65412590580922,155.14392279920474,-0.0024795887511339654,3,5,2,0,0,8,19,16515.0
2025-05-09,16515.0,16537.5,16565.0,16500.0,0.13,16494.0,16535.0,16450.0,16600.0,16800.0,16555.0,16494.85714285714,16649.928571428572,16685.8,16548.483333333334,60.89725930181714,178.97376872039953,156.48474641953243,0.0012731902510003668,4,5,2,0,0,9,19,16515.0
2025-05-12,16515.0,16515.0,16515.0,16515.0,0.0,16515.0,16494.0,16535.0,16600.0,16855.0,16555.0,16482.714285714286,16625.64285714286,16684.466666666667,16553.566666666666,41.97107847754652,171.9358588553128,157.8025246360957,0.0,0,5,2,0,0,12,20,16515.0
2025-05-13,16515.0,16515.0,16515.0,16515.0,0.0,16515.0,16515.0,16494.0,16435.0,16865.0,16555.0,16494.14285714286,16600.64285714286,16683.133333333335,16557.65,37.462997617285026,159.4474145975838,159.09783009251336,0.0,1,5,2,0,0,13,20,16550.0
2025-05-14,16550.0,16560.0,16592.5,16536.5,0.21,16515.0,16515.0,16515.0,16435.0,16870.0,16555.0,16510.571428571428,16577.785714285714,16682.966666666667,16561.316666666666,32.025287627356995,139.5603969451267,159.23924384876221,0.0021192854980320863,2,5,2,0,0,14,20,16515.0
2025-05-15,16515.0,16555.0,16572.5,16502.5,-0.21,16550.0,16515.0,16515.0,16450.0,16830.0,16555.0,16519.85714285714,16555.285714285714,16681.633333333335,16564.483333333334,17.79914390652131,119.7577224557575,160.51006700239,-0.002114803625377637,3,5,2,0,0,15,20,16440.0
2025-05-16,16440.0,16470.0,16495.0,16392.5,-0.45,16515.0,16550.0,16515.0,16535.0,16855.0,16555.0,16506.285714285714,16525.64285714286,16677.8,16566.816666666666,33.564436961872545,86.64925508319799,164.95044187809347,-0.004541326067211582,4,5,2,0,0,16,20,16430.0
2025-05-19,16430.0,16465.0,16480.0,16425.0,-0.06,16440.0,16515.0,16550.0,16494.0,16760.0,16555.0,16497.14285714286,16502.071428571428,16673.633333333335,16569.483333333334,44.427576163976894,58.21110690335489,169.67056992527222,-0.0006082725060827521,0,5,2,0,0,19,21,16415.0
2025-05-20,16415.0,16420.0,16429.0,16380.0,-0.09,16430.0,16440.0,16515.0,16515.0,16600.0,16860.0,16482.85714285714,16488.85714285714,16658.8,16570.733333333334,52.98247688755079,55.190379794484464,172.24809693133744,-0.0009129640900791269,1,5,2,0,0,20,21,16395.0
2025-05-21,16395.0,16412.5,16425.0,16357.5,-0.12,16415.0,16430.0,16440.0,16515.0,16600.0,16860.0,16465.714285714286,16474.214285714286,16643.3,16571.233333333334,59.82116204629469,50.42309997284028,174.42657777528612,-0.0012183978068839307,2,5,2,0,0,21,21,16330.0
2025-05-22,16330.0,16332.5,16342.5,16285.0,-0.4,16395.0,16415.0,16430.0,16515.0,16435.0,16795.0,16439.285714285714,16466.714285714286,16627.8,16569.316666666666,73.67883976129083,62.95594133465779,181.01731675569582,-0.003964623360780739,3,5,2,0,0,22,21,16217.5
2025-05-23,16217.5,16320.0,16330.5,16215.0,-0.69,16330.0,16395.0,16415.0,16550.0,16435.0,16790.0,16391.785714285714,16451.178571428572,16608.716666666667,16563.358333333334,94.61230414295079,91.67157246216053,193.10197785234834,-0.006889161053276194,4,5,2,0,0,23,21,16240.0
2025-05-26,16240.0,16185.0,16245.0,16155.0,0.14,16217.5,16330.0,16395.0,16515.0,16450.0,16770.0,16352.5,16436.178571428572,16591.05,16559.441666666666,91.98052330068629,107.6650088039875,201.88244915241063,0.001387390164945268,0,5,2,0,0,26,22,16272.5
2025-05-27,16272.5,16245.0,16281.0,16225.0,0.2,16240.0,16217.5,16330.0,16440.0,16535.0,16810.0,16328.57142857143,16417.428571428572,16573.133333333335,16556.65,87.08062766360825,111.90515509192637,205.59786382428317,0.0020012315270936387,1,5,2,0,0,27,22,16290.0
2025-05-28,16290.0,16287.5,16312.5,16275.0,0.11,16272.5,16240.0,16217.5,16430.0,16494.0,16820.0,16308.57142857143,16402.85714285714,16555.466666666667,16556.316666666666,75.16450213335648,114.42102223610533,206.42289757580377,0.0010754340144414343,2,5,2,0,0,28,22,16290.0
2025-05-29,16290.0,16290.0,16290.0,16290.0,0.0,16290.0,16272.5,16240.0,16415.0,16515.0,16820.0,16290.714285714286,16386.785714285714,16537.8,16555.733333333334,58.71389468068884,113.2535810747692,205.68081230789667,0.0,3,5,2,0,0,29,22,16290.0
2025-05-30,16290.0,16290.0,16290.0,16290.0,0.0,16290.0,16290.0,16272.5,16395.0,16515.0,16820.0,16275.714285714286,16370.714285714286,16520.133333333335,16555.733333333334,37.04485697874321,109.56394590212909,203.35445245493108,0.0,4,5,2,0,0,30,22,16245.0
2025-06-02,16245.0,16320.0,16337.5,16245.0,-0.28,16290.0,16290.0,16290.0,16330.0,16515.0,16800.0,16263.57142857143,16351.42857142857,16501.633333333335,16554.233333333334,29.434147645610306,105.91503436897798,202.25823939263816,-0.002762430939226568,0,6,2,0,0,2,23,16285.0
2025-06-03,16285.0,16275.0,16312.5,16257.0,0.25,16245.0,16290.0,16290.0,16217.5,16550.0,16855.0,16273.214285714286,16332.5,16482.633333333335,16552.316666666666,21.923840035654194,90.21342216294475,194.54415921576182,0.002462296091104932,1,6,2,0,0,3,23,16290.0
2025-06-04,16290.0,16302.5,16317.5,16287.0,0.03,16285.0,16245.0,16290.0,16240.0,16515.0,16865.0,16280.357142857143,16316.42857142857,16463.466666666667,16549.816666666666,16.859009178481614,73.73754318265694,183.59043310136371,0.000307031010132075,2,6,2,0,0,4,23,16275.0
2025-06-05,16275.0,16275.0,16292.5,16257.5,-0.09,16290.0,16285.0,16245.0,16272.5,16440.0,16870.0,16280.714285714286,16304.642857142857,16443.633333333335,16547.4,16.690459208043176,65.15408617227664,169.77748791346767,-0.0009208103130755596,3,6,2,0,0,5,23,16275.0
2025-06-06,16275.0,16275.0,16275.0,16275.0,0.0,16275.0,16290.0,16285.0,16290.0,16430.0,16830.0,16278.57142857143,16293.57142857143,16425.133333333335,16546.233333333334,16.256866681181663,54.51459125069844,155.89540776054858,0.0,4,6,2,0,0,6,23,16275.0
2025-06-09,16275.0,16275.0,16275.0,16275.0,0.0,16275.0,16275.0,16290.0,16290.0,16415.0,16855.0,16276.42857142857,16283.57142857143,16405.8,16544.233333333334,15.468862734208697,41.91009477257993,135.35894808801416,0.0,0,6,2,0,0,9,24,16270.0
2025-06-10,16270.0,16270.0,16290.0,16259.5,-0.03,16275.0,16275.0,16275.0,16290.0,16395.0,16760.0,16273.57142857143,16274.642857142857,16389.466666666667,16541.733333333334,14.35104111054523,27.01241065809157,119.81594601490751,-0.0003072196620583778,1,6,2,0,0,10,24,16255.0
2025-06-11,16255.0,16270.0,16272.5,16254.5,-0.09,16270.0,16275.0,16275.0,16245.0,16330.0,16600.0,16275.0,16269.285714285714,16377.966666666667,16537.316666666666,11.180339887683445,22.19729217970291,115.38682567839605,-0.0009219422249538978,2,6,2,0,0,11,24,16235.0
2025-06-12,16235.0,16245.0,16257.5,16215.0,-0.12,16255.0,16270.0,16275.0,16285.0,16217.5,16600.0,16267.857142857143,16270.535714285714,16365.8,16533.4,17.761649430178498,19.369349580921927,110.29885734195442,-0.0012303906490310768,3,6,2,0,0,12,24,16295.0
2025-06-13,16295.0,16265.0,16312.5,16257.5,0.37,16235.0,16255.0,16270.0,16290.0,16240.0,16435.0,16268.57142857143,16274.464285714286,16361.133333333333,16530.066666666666,18.86670031978891,18.244561131473375,110.23172562034732,0.003695719125346386,4,6,2,0,0,13,24,16265.0
2025-06-16,16265.0,16307.5,16317.5,16264.5,-0.18,16295.0,16235.0,16255.0,16275.0,16272.5,16435.0,16267.142857142857,16273.92857142857,16355.466666666667,16525.316666666666,18.67644301824943,18.41598087367155,110.6722353531678,-0.0018410555385087735,0,6,2,0,0,16,25,16280.0
2025-06-17,16280.0,16297.5,16307.5,16259.5,0.09,16265.0,16295.0,16235.0,16275.0,16290.0,16450.0,16267.857142857143,16273.214285714286,16349.8,16520.15,19.117431586919736,17.932259588714807,110.01524972620695,0.0009222256378726978,1,6,2,0,0,17,25,16300.0
2025-06-18,16300.0,16310.0,16330.0,16295.0,0.12,16280.0,16265.0,16295.0,16275.0,16290.0,16535.0,16271.42857142857,16273.92857142857,16341.966666666667,16515.566666666666,22.677868380646743,18.829045831482038,104.60722376716384,0.0012285012285011554,2,6,2,0,0,18,25,16395.0
2025-06-19,16395.0,16350.0,16412.5,16342.0,0.58,16300.0,16280.0,16265.0,16270.0,16290.0,16494.0,16289.285714285714,16281.42857142857,16338.666666666666,16512.9,51.835362079456026,37.43859441190424,101.15013877705867,0.005828220858895783,3,6,2,0,0,19,25,16385.0
2025-06-20,16385.0,16372.5,16412.5,16362.5,-0.06,16395.0,16300.0,16280.0,16255.0,16245.0,16515.0,16307.857142857143,16291.42857142857,16334.333333333334,16510.066666666666,60.128829944370864,44.91139016912299,95.98835537564739,-0.0006099420555046864,4,6,2,0,0,20,25,16485.0
2025-06-23,16485.0,16355.0,16497.5,16355.0,0.61,16385.0,16395.0,16300.0,16235.0,16285.0,16515.0,16343.57142857143,16305.714285714286,16333.333333333334,16508.9,80.45258881863683,68.38401586820679,94.1805248672637,0.006103143118706189,0,6,2,0,0,23,26,16350.0
2025-06-24,16350.0,16375.0,16397.5,16340.0,-0.82,16485.0,16385.0,16395.0,16295.0,16290.0,16515.0,16351.42857142857,16310.0,16327.833333333334,16505.483333333334,77.55182598937974,69.19871052520313,87.80791470569604,-0.008189262966333044,1,6,2,0,0,24,26,16290.0
2025-06-25,16290.0,16272.5,16302.5,16255.0,-0.37,16350.0,16485.0,16385.0,16265.0,16275.0,16550.0,16355.0,16311.07142857143,16319.166666666666,16501.066666666666,73.3712023435253,68.72964233977216,77.32971652202251,-0.003669724770642202,2,6,2,0,0,25,26,16204.0
2025-06-26,16204.0,16295.0,16295.0,16192.5,-0.53,16290.0,16350.0,16485.0,16280.0,16275.0,16515.0,16344.142857142857,16306.0,16308.8,16495.216666666667,90.04707763430075,74.01247296054684,70.73634874933516,-0.0052793124616329345,3,6,2,0,0,26,26,16204.0
2025-06-27,16204.0,16204.0,16204.0,16204.0,0.0,16204.0,16290.0,16350.0,16300.0,16275.0,16440.0,16330.42857142857,16300.92857142857,16300.933333333332,16489.366666666665,104.1038858430421,78.59092165716561,68.73697159660442,0.0,4,6,2,0,0,27,26,16235.0
2025-06-30,16235.0,16212.5,16257.5,16190.0,0.19,16204.0,16204.0,16290.0,16395.0,16270.0,16430.0,16307.57142857143,16298.42857142857,16294.433333333332,16484.033333333333,105.12351012478268,80.19084379442161,65.24221889498538,0.0019131078745988628,0,6,2,1,0,30,27,16190.0
2025-07-01,16190.0,16170.0,16214.0,16162.5,-0.28,16235.0,16204.0,16204.0,16385.0,16255.0,16415.0,16279.714285714286,16293.785714285714,16286.933333333332,16472.866666666665,107.00578533538261,84.65602670237358,63.82150936303102,-0.0027717893440099006,1,7,3,0,1,1,27,16240.0
2025-07-02,16240.0,16202.5,16248.5,16200.0,0.31,16190.0,16235.0,16204.0,16485.0,16235.0,16395.0,16244.714285714286,16294.142857142857,16281.766666666666,16462.533333333333,57.09849468456446,84.39910420791743,60.98215303193054,0.0030883261272389717,2,7,3,0,0,2,27,16190.0
2025-07-03,16190.0,16205.0,16225.0,16187.5,-0.31,16240.0,16190.0,16235.0,16350.0,16295.0,16330.0,16221.857142857143,16286.642857142857,16277.1,16452.45,36.085216601106886,88.86429337621001,62.50164135698924,-0.0030788177339901024,3,7,3,0,0,3,27,16185.0
2025-07-04,16185.0,16222.5,16237.5,16175.0,-0.03,16190.0,16240.0,16190.0,16290.0,16265.0,16217.5,16206.857142857143,16280.92857142857,16276.016666666666,16442.366666666665,22.184293027936054,92.84599679453007,63.83768254367921,-0.00030883261272385276,4,7,3,0,0,4,27,16230.0
2025-07-07,16230.0,16210.0,16244.0,16207.5,0.28,16185.0,16190.0,16240.0,16204.0,16280.0,16240.0,16210.57142857143,16277.357142857143,16275.683333333332,16433.366666666665,23.74768159123595,93.84078754190182,64.05795911782282,0.002780352177942591,0,7,3,0,0,7,28,16205.0
2025-07-08,16205.0,16270.0,16277.5,16205.0,-0.15,16230.0,16185.0,16190.0,16204.0,16300.0,16272.5,16210.714285714286,16270.57142857143,16273.433333333332,16423.283333333333,23.70453040899782,95.49765545652676,65.34612530102943,-0.0015403573629081402,1,7,3,0,0,8,28,16242.5
2025-07-09,16242.5,16250.0,16265.0,16235.0,0.23,16205.0,16230.0,16185.0,16235.0,16395.0,16290.0,16211.785714285714,16259.67857142857,16271.85,16413.658333333333,25.112840578298986,88.66609948392936,65.50613948515513,0.002314100586238821,2,7,3,0,0,9,28,16220.0
2025-07-10,16220.0,16245.0,16245.0,16205.0,-0.14,16242.5,16205.0,16230.0,16190.0,16385.0,16290.0,16216.07142857143,16247.892857142857,16269.516666666666,16403.658333333333,23.267338645087502,81.39461770351426,66.0815174911011,-0.0013852547329537002,3,7,3,0,0,10,28,16210.0
2025-07-11,16210.0,16227.5,16235.0,16209.0,-0.06,16220.0,16242.5,16205.0,16240.0,16485.0,16290.0,16211.785714285714,16228.25,16266.85,16393.491666666665,20.752223059495844,44.67005105696539,66.83628350684295,-0.0006165228113440557,4,7,3,0,0,11,28,16245.0
2025-07-14,16245.0,16225.0,16262.0,16220.0,0.22,16210.0,16220.0,16242.5,16190.0,16350.0,16245.0,16219.642857142857,16220.75,16266.85,16384.241666666665,21.52656166573836,28.56891128834815,66.83628350684295,0.002159161011721089,0,7,3,0,0,14,29,16260.0
2025-07-15,16260.0,16267.5,16296.0,16255.0,0.09,16245.0,16210.0,16220.0,16185.0,16290.0,16285.0,16230.357142857143,16218.607142857143,16266.016666666666,16374.325,20.022308986437647,23.682335650690007,66.7579884575031,0.0009233610341643494,1,7,3,0,0,15,29,16270.0
2025-07-16,16270.0,16265.0,16297.5,16247.5,0.06,16260.0,16245.0,16210.0,16230.0,16204.0,16290.0,16236.07142857143,16223.32142857143,16265.35,16364.408333333333,24.994046910367636,26.901248998808104,66.6099234082679,0.0006150061500616033,2,7,3,0,0,16,29,16330.0
2025-07-17,16330.0,16290.0,16342.5,16285.0,0.37,16270.0,16260.0,16245.0,16205.0,16204.0,16275.0,16253.92857142857,16232.32142857143,16267.183333333332,16355.408333333333,39.524705956614895,38.51154029842143,67.63370962814749,0.003687768899815591,3,7,3,0,0,17,29,16290.0
2025-07-18,16290.0,16325.0,16325.0,16287.0,-0.24,16330.0,16270.0,16260.0,16242.5,16235.0,16275.0,16260.714285714286,16236.25,16267.683333333332,16346.408333333333,41.274343466318335,41.49548168045529,67.74883677939523,-0.0024494794856093627,4,7,3,0,0,18,29,16310.0
2025-07-21,16310.0,16315.0,16339.0,16305.0,0.12,16290.0,16330.0,16270.0,16220.0,16190.0,16275.0,16273.57142857143,16244.82142857143,16268.85,16337.325,40.48809348795442,43.549974450254865,68.17916938357887,0.0012277470841006721,0,7,3,0,0,21,30,16310.0
2025-07-22,16310.0,16312.5,16320.0,16288.5,0.0,16310.0,16290.0,16330.0,16210.0,16240.0,16270.0,16287.857142857143,16249.82142857143,16270.183333333332,16329.825,30.80275188700672,46.847381972683706,68.59230922604387,0.0,1,7,3,0,0,22,30,16290.0
2025-07-23,16290.0,16275.0,16306.5,16267.5,-0.12,16310.0,16310.0,16290.0,16245.0,16190.0,16255.0,16294.285714285714,16256.964285714286,16271.35,16324.658333333333,24.397501823768003,44.59409424632621,68.62280082456006,-0.0012262415695891704,2,7,3,0,0,23,30,16285.0
2025-07-24,16285.0,16270.0,16295.5,16257.5,-0.03,16290.0,16310.0,16310.0,16260.0,16185.0,16235.0,16297.857142857143,16264.107142857143,16273.016666666666,16319.408333333333,19.970215918012247,39.94716634246716,68.31601055941739,-0.00030693677102522354,3,7,3,0,0,24,30,16315.0
2025-07-25,16315.0,16327.5,16336.0,16310.0,0.18,16285.0,16290.0,16310.0,16270.0,16230.0,16295.0,16304.285714285714,16270.17857142857,16273.683333333332,16317.408333333333,16.438920136077076,40.81459351564577,68.63477596064727,0.001842186060792228,4,7,3,0,0,25,30,16340.0
2025-07-28,16340.0,16325.0,16355.0,16320.0,0.15,16315.0,16285.0,16290.0,16330.0,16205.0,16265.0,16305.714285714286,16279.82142857143,16276.183333333332,16315.825,19.241572057403776,40.173473423688975,69.66576403130081,0.0015323322096230108,0,7,3,0,0,28,31,16394.5
2025-07-29,16394.5,16375.0,16411.5,16372.5,0.33,16340.0,16315.0,16285.0,16290.0,16242.5,16280.0,16320.642857142857,16290.67857142857,16280.0,16314.9,37.187267406255444,48.90241740918105,72.9415212149122,0.0033353733170133903,1,7,3,0,0,29,31,16390.0
2025-07-30,16390.0,16362.5,16400.5,16360.0,-0.03,16394.5,16340.0,16315.0,16310.0,16220.0,16300.0,16332.07142857143,16302.82142857143,16283.0,16312.483333333334,44.87058109296135,51.06090147295108,75.59499618480103,-0.0002744822958918869,2,7,3,0,0,30,31,16455.0
2025-07-31,16455.0,16437.5,16466.0,16430.0,0.4,16390.0,16394.5,16340.0,16310.0,16210.0,16395.0,16352.785714285714,16320.32142857143,16285.0,16311.833333333334,62.850256657429924,58.275739489737255,79.36026539800775,0.003965832824893267,3,7,3,1,0,31,31,16490.0
2025-08-01,16490.0,16512.5,16515.0,16476.5,0.21,16455.0,16390.0,16394.5,16290.0,16245.0,16385.0,16381.357142857143,16337.82142857143,16288.5,16311.416666666666,74.0184179138881,69.60261023507968,85.96330411912305,0.002127013065937433,4,8,3,0,1,1,31,16390.0
2025-08-04,16390.0,16425.0,16425.0,16372.5,-0.61,16490.0,16455.0,16390.0,16285.0,16260.0,16485.0,16396.35714285714,16347.107142857143,16285.333333333334,16309.333333333334,60.67310928635787,67.04653337235455,80.01943011110866,-0.006064281382656134,0,8,3,0,0,4,32,16380.0
2025-08-05,16380.0,16370.0,16396.5,16362.5,-0.06,16390.0,16490.0,16455.0,16315.0,16270.0,16350.0,16405.64285714286,16354.964285714286,16286.333333333334,16307.083333333334,50.22011075064673,63.67600208591528,81.03642575258928,-0.0006101281269066394,1,8,3,0,0,5,32,16360.0
2025-08-06,16360.0,16390.0,16395.0,16359.0,-0.12,16380.0,16390.0,16490.0,16340.0,16330.0,16290.0,16408.5,16357.107142857143,16288.666666666666,16303.916666666666,46.27724422792391,63.27479099697855,82.14582631828362,-0.0012210012210012167,2,8,3,0,0,6,32,16290.0
2025-08-07,16290.0,16325.0,16337.5,16285.0,-0.43,16360.0,16380.0,16390.0,16394.5,16290.0,16204.0,16393.571428571428,16357.107142857143,16291.533333333333,16300.166666666666,64.72469168937013,63.27479099697855,80.57486702010014,-0.0042787286063569185,3,8,3,0,0,7,32,16290.0
2025-08-08,16290.0,16305.0,16332.5,16275.0,0.0,16290.0,16360.0,16380.0,16390.0,16310.0,16204.0,16379.285714285714,16355.67857142857,16294.4,16297.666666666666,75.74235777887905,64.63138292832572,78.86494348092474,0.0,4,8,3,0,0,8,32,16270.0
2025-08-11,16270.0,16252.5,16278.5,16230.0,-0.12,16290.0,16290.0,16360.0,16455.0,16310.0,16235.0,16352.857142857143,16352.82142857143,16295.566666666668,16295.0,77.18252948137317,67.62100468502835,78.21210477437619,-0.0012277470841006721,0,8,3,0,0,11,33,16285.0
2025-08-12,16285.0,16280.0,16349.0,16277.5,0.09,16270.0,16290.0,16290.0,16490.0,16290.0,16190.0,16323.57142857143,16352.464285714286,16298.733333333334,16292.833333333334,50.885024459926164,67.9905152556041,75.6724718005862,0.0009219422249540088,1,8,3,0,0,12,33,16194.0
2025-08-13,16194.0,16260.0,16270.0,16193.5,-0.56,16285.0,16270.0,16290.0,16390.0,16285.0,16240.0,16295.57142857143,16345.964285714286,16297.2,16289.483333333334,61.13334371918998,78.47745003963139,77.35103592406115,-0.005587964384402788,2,8,3,0,0,13,33,16110.5
2025-08-14,16110.5,16110.0,16130.0,16085.0,-0.52,16194.0,16285.0,16270.0,16380.0,16315.0,16190.0,16257.07142857143,16331.357142857143,16294.55,16285.825,80.79935466506195,100.59848381036028,82.350528126195,-0.005156230702729414,3,8,3,0,0,14,33,16160.0
2025-08-15,16160.0,16150.0,16171.5,16139.5,0.31,16110.5,16194.0,16285.0,16360.0,16340.0,16185.0,16228.5,16318.5,16293.716666666667,16284.866666666667,73.35473172654126,110.43097391533315,83.61412635638408,0.0030725303373575485,4,8,3,0,0,15,33,16160.0
2025-08-18,16160.0,16160.0,16160.0,16160.0,0.0,16160.0,16110.5,16194.0,16290.0,16394.5,16230.0,16209.92857142857,16301.75,16291.383333333333,16283.533333333333,71.62543110487707,115.67639710002909,86.38433400116037,0.0,0,8,3,0,0,18,34,16240.0
2025-08-19,16240.0,16220.0,16291.5,16215.0,0.5,16160.0,16160.0,16110.5,16290.0,16390.0,16205.0,16202.785714285714,16291.035714285714,16292.55,16282.991666666667,64.442388445641,113.8052425929866,85.40828414096922,0.004950495049504955,1,8,3,0,0,19,34,16267.5
2025-08-20,16267.5,16290.0,16322.5,16265.0,0.17,16240.0,16160.0,16160.0,16270.0,16455.0,16242.5,16202.42857142857,16277.642857142857,16293.383333333333,16282.616666666667,64.01329846961377,103.60045822749001,85.02420378803687,0.0016933497536946174,2,8,3,0,0,20,34,16285.0
2025-08-21,16285.0,16270.0,16295.0,16267.0,0.11,16267.5,16240.0,16160.0,16285.0,16490.0,16220.0,16202.42857142857,16263.0,16295.55,16282.533333333333,64.01329846961377,83.88935019902564,83.91060000386187,0.0010757645612418099,3,8,3,0,0,21,34,16340.0
2025-08-22,16340.0,16322.5,16361.0,16310.0,0.34,16285.0,16267.5,16240.0,16194.0,16390.0,16210.0,16223.285714285714,16259.42857142857,16299.883333333333,16283.366666666667,82.05275596779924,78.98779290791262,82.68810147984792,0.003377341111452159,4,8,3,0,0,22,34,16254.5
2025-08-25,16254.5,16245.0,16267.5,16236.5,-0.52,16340.0,16285.0,16267.5,16110.5,16380.0,16245.0,16243.857142857143,16250.464285714286,16300.2,16283.525,65.4310796982721,70.96571877780555,82.48861990419019,-0.005232558139534937,0,8,3,0,0,25,35,16294.5
2025-08-26,16294.5,16265.0,16305.0,16254.0,0.25,16254.5,16340.0,16285.0,16160.0,16360.0,16260.0,16263.07142857143,16245.785714285714,16301.35,16283.683333333332,55.73107195234004,65.10604198681784,82.14864051118526,0.0024608569934478908,1,8,3,0,0,26,35,16360.0
2025-08-27,16360.0,16320.0,16372.5,16315.0,0.4,16294.5,16254.5,16340.0,16160.0,16290.0,16270.0,16291.642857142857,16250.785714285714,16304.35,16284.85,44.145322785236154,71.16846597575969,82.60637342808076,0.004019761269139943,2,8,3,0,0,27,35,16345.0
2025-08-28,16345.0,16355.0,16379.0,16330.0,-0.09,16360.0,16294.5,16254.5,16240.0,16290.0,16330.0,16306.642857142857,16254.714285714286,16304.85,16286.016666666666,41.42836617357713,74.91885720382592,82.8121211761791,-0.000916870415647919,3,8,3,0,0,28,35,16490.0
2025-08-29,16490.0,16350.0,16500.0,16350.0,0.89,16345.0,16360.0,16294.5,16267.5,16270.0,16290.0,16338.42857142857,16270.42857142857,16311.516666666666,16289.6,76.71724522091974,97.91496647209688,89.36639838790032,0.00887121443866623,4,8,3,0,0,29,35,16415.0
2025-09-01,16415.0,16475.0,16502.5,16410.0,-0.45,16490.0,16345.0,16360.0,16285.0,16285.0,16310.0,16357.0,16279.714285714286,16315.016666666666,16291.933333333332,77.3600887624459,105.28965802871032,91.33931465806157,-0.0045482110369921,0,9,3,0,1,1,36,16400.0
2025-09-02,16400.0,16430.0,16450.0,16387.5,-0.09,16415.0,16490.0,16345.0,16340.0,16194.0,16310.0,16365.57142857143,16294.42857142857,16318.016666666666,16294.1,78.47846231685996,106.77345844572645,92.63764068223043,-0.0009137983551629203,1,9,3,0,0,2,36,16414.5
2025-09-03,16414.5,16435.0,16445.0,16410.0,0.09,16400.0,16415.0,16490.0,16254.5,16110.5,16290.0,16388.428571428572,16316.142857142857,16322.166666666666,16296.758333333333,62.38751782969924,96.95110356981559,94.11615469524082,0.0008841463414634987,2,9,3,0,0,3,36,16420.0
2025-09-04,16420.0,16445.0,16457.5,16417.5,0.03,16414.5,16400.0,16415.0,16294.5,16160.0,16285.0,16406.35714285714,16334.714285714286,16326.666666666666,16299.841666666667,47.0413951444967,89.34413034028177,95.49511030340815,0.0003350696030948175,3,9,3,0,0,4,36,16420.0
2025-09-05,16420.0,16420.0,16420.0,16420.0,0.0,16420.0,16414.5,16400.0,16360.0,16160.0,16315.0,16414.928571428572,16353.285714285714,16330.166666666666,16301.925,42.42682776596814,76.30447972603096,96.96562964906465,0.0,4,9,3,0,0,5,36,16304.0
2025-09-08,16304.0,16385.0,16392.5,16294.0,-0.71,16420.0,16420.0,16414.5,16345.0,16240.0,16340.0,16409.071428571428,16357.857142857143,16328.966666666667,16302.575,54.734532496557996,70.70725905734773,97.0624517521377,-0.007064555420219221,0,9,3,0,0,8,37,16475.0
2025-09-09,16475.0,16460.0,16502.5,16410.0,1.05,16304.0,16420.0,16420.0,16490.0,16267.5,16394.5,16406.928571428572,16372.67857142857,16331.65,16305.825,51.21883489124765,72.0450198833719,100.00475419686438,0.01048822374877334,1,9,3,0,0,9,37,16460.0
2025-09-10,16460.0,16467.5,16477.5,16439.0,-0.09,16475.0,16304.0,16420.0,16415.0,16285.0,16390.0,16413.35714285714,16385.178571428572,16333.983333333334,16308.491666666667,55.07927187675707,70.83366407943203,102.20554706316636,-0.0009104704097117056,2,9,3,0,0,10,37,16460.0
2025-09-11,16460.0,16450.0,16476.5,16437.5,0.0,16460.0,16475.0,16304.0,16400.0,16340.0,16455.0,16421.928571428572,16393.75,16334.15,16309.575,57.27887086540879,72.19358324271516,102.41355900891215,0.0,3,9,3,0,0,11,37,16377.5
2025-09-12,16377.5,16422.5,16437.5,16370.0,-0.5,16460.0,16460.0,16475.0,16414.5,16254.5,16490.0,16416.64285714286,16402.535714285714,16330.4,16309.45,59.73323634131083,60.477416090857986,98.49482744991737,-0.005012150668286752,4,9,3,0,0,12,37,16410.0
2025-09-15,16410.0,16418.5,16436.0,16385.0,0.2,16377.5,16460.0,16460.0,16420.0,16294.5,16390.0,16415.214285714286,16410.785714285714,16331.066666666668,16308.2,59.759139567954,51.87177766921796,98.97864044466402,0.001984429858036929,0,9,3,0,0,15,38,16440.0
2025-09-16,16440.0,16385.0,16445.0,16360.5,0.18,16410.0,16377.5,16460.0,16420.0,16360.0,16380.0,16418.071428571428,16416.5,16333.066666666668,16309.7,60.49960645284947,50.22717621619183,100.59450294571198,0.001828153564899404,1,9,3,0,0,16,38,16430.0
2025-09-17,16430.0,16415.0,16450.0,16406.5,-0.06,16440.0,16410.0,16377.5,16304.0,16345.0,16360.0,16436.071428571428,16422.571428571428,16335.4,16312.033333333333,33.72243142106824,45.867642834829326,102.04219884309646,-0.0006082725060827521,2,9,3,0,0,17,38,16505.0
2025-09-18,16505.0,16455.0,16525.0,16455.0,0.46,16430.0,16440.0,16410.0,16475.0,16490.0,16290.0,16440.35714285714,16423.64285714286,16342.566666666668,16317.05,40.68242278681984,47.702373980748966,106.20862142158968,0.004564820450395635,3,9,3,0,0,18,38,16590.0
2025-09-19,16590.0,16565.0,16590.0,16548.5,0.51,16505.0,16430.0,16440.0,16460.0,16415.0,16290.0,16458.928571428572,16436.14285714286,16352.566666666668,16323.483333333334,70.14653030821081,65.04094230333853,114.85941431758391,0.005149954559224401,4,9,3,0,0,19,38,16605.0
2025-09-22,16605.0,16625.0,16642.5,16578.5,0.09,16590.0,16505.0,16430.0,16460.0,16400.0,16270.0,16479.64285714286,16450.785714285714,16363.733333333334,16329.65,89.30785439778961,78.0526731131031,122.5803560040045,0.0009041591320071429,0,9,3,0,0,22,39,16665.0
2025-09-23,16665.0,16585.0,16672.5,16582.5,0.36,16605.0,16590.0,16505.0,16377.5,16414.5,16285.0,16520.714285714286,16468.678571428572,16376.4,16337.566666666668,99.976187641007,95.79136124927913,133.32636907065012,0.0036133694670279493,1,9,3,0,0,23,39,16675.0
2025-09-24,16675.0,16685.0,16695.0,16660.0,0.06,16665.0,16605.0,16590.0,16410.0,16420.0,16194.0,16558.571428571428,16486.89285714286,16392.433333333334,16344.816666666668,101.23052428792784,109.13720696872232,139.4177382797292,0.0006000600060005468,2,9,3,0,0,24,39,16740.0
2025-09-25,16740.0,16715.0,16766.0,16700.0,0.39,16675.0,16665.0,16605.0,16440.0,16420.0,16110.5,16601.428571428572,16509.75,16413.416666666668,16353.983333333334,106.0547926668398,126.22214087089148,142.85138668585017,0.00389805097451279,3,9,3,0,0,25,39,16730.0
2025-09-26,16730.0,16770.0,16800.0,16727.5,-0.06,16740.0,16675.0,16665.0,16430.0,16304.0,16160.0,16644.285714285714,16540.178571428572,16432.416666666668,16363.066666666668,83.43802947031935,124.13727004031547,145.85822611819611,-0.0005973715651135247,4,9,3,0,0,26,39,16670.0
2025-09-29,16670.0,16660.0,16687.5,16640.0,-0.36,16730.0,16740.0,16675.0,16505.0,16475.0,16160.0,16667.85714285714,16554.10714285714,16449.416666666668,16370.4,56.484300389224295,127.16436646630046,142.6992305592763,-0.003586371787208553,0,9,3,0,0,29,40,16665.0
2025-09-30,16665.0,16675.0,16700.0,16660.0,-0.03,16670.0,16730.0,16740.0,16590.0,16460.0,16240.0,16678.571428571428,16568.75,16463.583333333332,16378.066666666668,45.25062483107244,127.29716142776223,142.28783863317233,-0.00029994001199762366,1,9,3,1,0,30,40,16605.0
2025-10-01,16605.0,16660.0,16705.5,16605.0,-0.36,16665.0,16670.0,16730.0,16605.0,16460.0,16267.5,16678.571428571428,16579.10714285714,16474.833333333332,16384.108333333334,45.25062483107244,123.61388062587959,139.5660968939465,-0.0036003600360036137,2,10,4,0,1,1,40,16585.0
2025-10-02,16585.0,16597.5,16622.5,16582.5,-0.12,16605.0,16665.0,16670.0,16665.0,16377.5,16285.0,16667.14285714286,16593.928571428572,16484.833333333332,16390.191666666666,57.65248931133402,109.17837506708597,136.2024566419942,-0.0012044564890093534,3,10,4,0,0,2,40,16535.0
2025-10-03,16535.0,16615.0,16630.0,16529.0,-0.3,16585.0,16605.0,16665.0,16675.0,16410.0,16340.0,16647.14285714286,16602.85714285714,16491.333333333332,16395.608333333334,75.87583842784053,97.46230604070561,133.6819006994773,-0.0030147723846849495,4,10,4,0,0,3,40,16550.0
2025-10-06,16550.0,16557.5,16610.0,16542.5,0.09,16535.0,16585.0,16605.0,16740.0,16440.0,16254.5,16620.0,16610.714285714286,16501.183333333334,16400.691666666666,70.94598884587816,87.21893634419877,126.31320427661285,0.000907166616268551,0,10,4,0,0,6,41,16540.0
2025-10-07,16540.0,16580.0,16600.0,16525.0,-0.06,16550.0,16535.0,16585.0,16730.0,16430.0,16294.5,16592.85714285714,16618.571428571428,16509.366666666665,16405.358333333334,56.77860093201262,73.57436247129016,120.26916173434006,-0.0006042296072507058,1,10,4,0,0,7,41,16560.0
2025-10-08,16560.0,16610.0,16624.0,16557.5,0.12,16540.0,16550.0,16535.0,16670.0,16505.0,16360.0,16577.14285714286,16622.5,16516.033333333333,16410.191666666666,46.08480795009711,68.32473366679842,117.20825360253852,0.0012091898428052694,2,10,4,0,0,8,41,16545.0
2025-10-09,16545.0,16555.0,16567.5,16509.5,-0.09,16560.0,16540.0,16550.0,16665.0,16590.0,16345.0,16560.0,16619.285714285714,16522.7,16413.775,25.81988897449224,70.97825080813152,112.74762785141183,-0.0009057971014492239,3,10,4,0,0,9,41,16550.0
2025-10-10,16550.0,16577.5,16597.5,16550.0,0.03,16545.0,16560.0,16540.0,16605.0,16605.0,16490.0,16552.14285714286,16615.35714285714,16524.7,16418.108333333334,16.54719081289148,73.31345468079401,112.67971086798613,0.0003022061045632185,4,10,4,0,0,10,41,16560.0
2025-10-13,16560.0,16580.0,16592.5,16557.5,0.06,16550.0,16545.0,16560.0,16585.0,16665.0,16415.0,16548.571428571428,16607.85714285714,16529.533333333333,16422.275,9.449111824640703,73.21502277750281,110.90784721842935,0.0006042296072508169,0,10,4,0,0,13,42,16575.0
2025-10-14,16575.0,16560.0,16595.0,16549.5,0.09,16560.0,16550.0,16545.0,16535.0,16675.0,16400.0,16554.285714285714,16600.714285714286,16535.366666666665,16426.691666666666,11.700630833137936,71.00533952900594,108.43454511652033,0.0009057971014492239,1,10,4,0,0,14,42,16565.0
2025-10-15,16565.0,16590.0,16595.0,16563.5,-0.06,16575.0,16560.0,16550.0,16550.0,16740.0,16414.5,16556.428571428572,16588.214285714286,16540.383333333335,16431.275,12.149857925406796,58.98523748897024,106.10629700579517,-0.0006033182503770718,2,10,4,0,0,15,42,16570.0
2025-10-16,16570.0,16570.0,16587.5,16560.0,0.03,16565.0,16575.0,16560.0,16540.0,16730.0,16420.0,16560.714285714286,16576.785714285714,16545.383333333335,16436.025,10.578504709697427,42.63472505003976,103.74585021433857,0.0003018412315123342,3,10,4,0,0,16,42,16580.0
2025-10-17,16580.0,16580.0,16595.0,16577.5,0.06,16570.0,16565.0,16575.0,16560.0,16670.0,16420.0,16563.571428571428,16570.35714285714,16550.716666666667,16440.441666666666,12.817398888773289,33.25104311153221,101.15826481382744,0.0006035003017501595,4,10,4,0,0,17,42,16575.0
2025-10-20,16575.0,16575.0,16595.0,16554.0,-0.03,16580.0,16570.0,16565.0,16545.0,16665.0,16304.0,16567.85714285714,16563.928571428572,16559.75,16444.358333333334,10.350983389557795,19.332970184046054,89.83305877120495,-0.00030156815440285367,0,10,4,0,0,20,43,16590.0
2025-10-21,16590.0,16570.0,16597.5,16565.0,0.09,16575.0,16580.0,16570.0,16550.0,16605.0,16475.0,16573.571428571428,16562.85714285714,16563.583333333332,16447.616666666665,9.880235199976848,17.177163471553786,88.53618813293497,0.0009049773755656076,1,10,4,0,0,21,43,16575.0
2025-10-22,16575.0,16605.0,16627.5,16575.0,-0.09,16590.0,16575.0,16580.0,16560.0,16585.0,16460.0,16575.714285714286,16562.14285714286,16567.416666666668,16450.7,7.867957923914502,16.374732608670232,86.35952150132722,-0.000904159132007254,2,10,4,0,0,22,43,16620.0
2025-10-23,16620.0,16610.0,16652.5,16605.0,0.27,16575.0,16590.0,16575.0,16575.0,16535.0,16460.0,16582.14285714286,16568.214285714286,16572.75,16453.45,18.451996923467764,20.71854825105927,84.41571495254844,0.002714932126696823,3,10,4,0,0,23,43,16595.0
2025-10-24,16595.0,16624.0,16643.0,16595.0,-0.15,16620.0,16575.0,16590.0,16565.0,16550.0,16377.5,16586.428571428572,16571.428571428572,16580.0,16455.2,17.25163898319123,21.161337331918514,75.98774855823923,-0.0015042117930204046,4,10,4,0,0,24,43,16615.0
2025-10-27,16615.0,16600.0,16642.5,16592.5,0.12,16595.0,16620.0,16575.0,16570.0,16540.0,16410.0,16592.85714285714,16576.785714285714,16586.833333333332,16458.95,18.451996923456825,22.066956050241807,69.07621145098867,0.001205182283820383,0,10,4,0,0,27,44,16605.0
2025-10-28,16605.0,16625.0,16634.0,16605.0,-0.06,16615.0,16595.0,16620.0,16580.0,16560.0,16440.0,16596.428571428572,16580.0,16592.333333333332,16462.7,17.96159924967665,22.702083940845434,63.31003806235115,-0.0006018657839301778,1,10,4,0,0,28,44,16615.0
2025-10-29,16615.0,16607.5,16635.5,16605.0,0.06,16605.0,16615.0,16595.0,16575.0,16545.0,16430.0,16602.14285714286,16585.0,16598.5,16466.95,16.293440105236165,22.10116599489372,55.47832754781389,0.0006022282445046212,2,10,4,0,0,29,44,16640.0
2025-10-30,16640.0,16605.0,16650.0,16605.0,0.15,16615.0,16605.0,16615.0,16590.0,16550.0,16505.0,16609.285714285714,16591.428571428572,16603.0,16472.783333333333,20.4997096375666,24.13332928316264,53.05494874300942,0.0015046644598255554,3,10,4,0,0,30,44,16630.0
2025-10-31,16630.0,16622.5,16637.5,16600.0,-0.06,16640.0,16615.0,16605.0,16575.0,16560.0,16590.0,16617.14285714286,16596.428571428572,16604.333333333332,16478.45,14.960264830397584,24.371213425428238,53.21934658083669,-0.0006009615384615641,4,10,4,1,0,31,44,16655.0
2025-11-03,16655.0,16635.0,16673.5,16627.5,0.15,16630.0,16640.0,16615.0,16620.0,16575.0,16605.0,16622.14285714286,16602.14285714286,16606.0,16484.866666666665,20.788046015167797,28.059982844508028,54.017876989005416,0.0015033072760071153,0,11,4,0,0,3,45,16697.0
2025-11-04,16697.0,16710.0,16734.0,16694.5,0.25,16655.0,16630.0,16640.0,16595.0,16565.0,16665.0,16636.714285714286,16611.571428571428,16607.066666666666,16491.733333333334,31.552677042632148,35.744207244241885,55.51820660183835,0.002521765235665052,1,11,4,0,0,4,45,16705.0
2025-11-05,16705.0,16730.0,16745.0,16702.5,0.05,16697.0,16655.0,16630.0,16615.0,16570.0,16675.0,16649.571428571428,16621.214285714286,16608.066666666666,16500.25,38.746428406633854,41.42496194805679,57.03352512708969,0.0004791279870635101,2,11,4,0,0,5,45,16694.0
2025-11-06,16694.0,16700.0,16716.0,16683.5,-0.07,16705.0,16697.0,16655.0,16605.0,16580.0,16740.0,16662.285714285714,16629.35714285714,16606.533333333333,16509.975,36.2018152660275,43.834666895599035,53.89628183204172,-0.0006584854833882048,3,11,4,0,0,6,45,16684.5
2025-11-07,16684.5,16717.5,16725.0,16680.0,-0.06,16694.0,16705.0,16697.0,16615.0,16575.0,16730.0,16672.214285714286,16637.178571428572,16605.016666666666,16518.716666666667,30.085790032647044,43.15339684440184,50.856539831123825,-0.0005690667305618957,4,11,4,0,0,7,45,16650.0
2025-11-10,16650.0,16670.0,16682.5,16645.0,-0.21,16684.5,16694.0,16705.0,16640.0,16590.0,16670.0,16673.64285714286,16641.464285714286,16604.35,16526.883333333335,28.49665811622902,41.0349120976103,50.10078635131341,-0.002067787467409876,0,11,4,0,0,10,46,16685.0
2025-11-11,16685.0,16705.0,16712.5,16682.5,0.21,16650.0,16684.5,16694.0,16630.0,16575.0,16665.0,16681.5,16649.321428571428,16605.016666666666,16534.3,21.073284825027855,37.727569566084846,51.05954659774319,0.0021021021021021546,1,11,4,0,0,11,46,16697.0
2025-11-12,16697.0,16700.0,16727.5,16684.5,0.07,16685.0,16650.0,16684.5,16655.0,16620.0,16605.0,16687.5,16654.821428571428,16608.083333333332,16541.458333333332,18.03006747953278,38.723679467702716,53.75039427738302,0.0007192088702427935,2,11,4,0,0,12,46,16725.0
2025-11-13,16725.0,16725.0,16738.5,16717.5,0.17,16697.0,16685.0,16650.0,16697.0,16595.0,16585.0,16691.5,16664.10714285714,16612.75,16548.791666666668,22.929238975225708,38.861776043192464,57.615663279088025,0.0016769479547225075,3,11,4,0,0,13,46,16694.0
2025-11-14,16694.0,16705.0,16717.5,16694.0,-0.19,16725.0,16697.0,16685.0,16705.0,16615.0,16535.0,16689.928571428572,16669.75,16618.05,16554.691666666666,22.21566371434333,36.86709497880249,57.52995471554116,-0.001853512705530691,4,11,4,0,0,14,46,16725.0
2025-11-17,16725.0,16712.5,16738.0,16710.0,0.19,16694.0,16725.0,16697.0,16694.0,16605.0,16550.0,16694.35714285714,16678.321428571428,16623.883333333335,16562.533333333333,25.940178432804416,34.53070380635862,59.23880416971199,0.00185695459446511,0,11,4,0,0,17,47,16740.0
2025-11-18,16740.0,16740.0,16765.0,16732.5,0.09,16725.0,16694.0,16725.0,16684.5,16615.0,16540.0,16702.285714285714,16687.25,16630.55,16569.958333333332,30.505268865459314,33.02606779066669,60.7087947379798,0.0008968609865471766,1,11,4,0,0,18,47,16692.5
2025-11-19,16692.5,16740.0,16757.5,16687.5,-0.28,16740.0,16725.0,16694.0,16650.0,16640.0,16560.0,16708.35714285714,16691.0,16634.966666666667,16575.5,21.16347932465596,30.09919497808737,60.216983130914784,-0.002837514934289076,2,11,4,0,0,19,47,16730.0
2025-11-20,16730.0,16740.0,16755.0,16725.0,0.22,16692.5,16740.0,16725.0,16685.0,16630.0,16545.0,16714.785714285714,16698.14285714286,16641.133333333335,16581.916666666668,19.667776400839703,26.111026677493392,60.15868861610709,0.0022465178972592703,3,11,4,0,0,20,47,16694.0
2025-11-21,16694.0,16740.0,16741.0,16694.0,-0.22,16730.0,16692.5,16740.0,16697.0,16655.0,16550.0,16714.35714285714,16700.928571428572,16645.933333333334,16585.316666666666,20.146782798374637,23.055832850677156,58.35425897179905,-0.0021518230723251985,4,11,4,0,0,21,47,16692.5
2025-11-24,16692.5,16710.0,16720.0,16692.5,-0.01,16694.0,16730.0,16692.5,16725.0,16697.0,16560.0,16709.714285714286,16700.60714285714,16650.35,16589.941666666666,21.01161810095433,23.146006939202,56.614264986114904,-8.985264166772033e-05,0,11,4,0,0,24,48,16660.0
2025-11-25,16660.0,16670.0,16688.5,16655.0,-0.19,16692.5,16694.0,16730.0,16694.0,16705.0,16575.0,16704.85714285714,16697.39285714286,16653.183333333334,16594.275,28.012964685278725,25.494477960148433,54.81150825054665,-0.0019469821776246787,1,11,4,0,0,25,48,16660.0
2025-11-26,16660.0,16647.5,16682.5,16640.0,0.0,16660.0,16692.5,16694.0,16725.0,16694.0,16565.0,16695.571428571428,16694.964285714286,16656.35,16598.366666666665,30.852375072300852,27.391368855522206,52.224341991737596,0.0,2,11,4,0,0,26,48,16640.0
2025-11-27,16640.0,16630.0,16652.5,16620.0,-0.12,16660.0,16660.0,16692.5,16740.0,16684.5,16570.0,16681.285714285714,16691.785714285714,16658.683333333334,16602.033333333333,29.991467040169038,31.03826068324309,49.737844352543654,-0.0012004801920768582,3,11,4,0,0,27,48,16655.0
2025-11-28,16655.0,16637.5,16670.0,16632.5,0.09,16640.0,16660.0,16660.0,16692.5,16650.0,16580.0,16675.928571428572,16692.14285714286,16661.183333333334,16605.95,30.98713250586503,30.545318518290006,47.48021063787796,0.0009014423076922906,4,11,4,0,0,28,48,16655.0
2025-12-01,16655.0,16660.0,16675.0,16650.0,0.0,16655.0,16640.0,16660.0,16730.0,16685.0,16575.0,16665.214285714286,16690.0,16663.85,16611.8,20.297489874911957,32.09780725589581,44.63417393295327,0.0,0,12,4,0,1,1,49,16620.0
2025-12-02,16620.0,16632.5,16647.5,16615.0,-0.21,16655.0,16655.0,16640.0,16694.0,16697.0,16590.0,16654.64285714286,16684.5,16664.85,16614.216666666667,22.005140091820515,37.0249396179631,43.236748018657465,-0.002101471029720803,1,12,4,0,0,2,49,16620.0
2025-12-03,16620.0,16625.0,16637.5,16617.5,0.0,16620.0,16655.0,16655.0,16692.5,16725.0,16575.0,16644.285714285714,16677.0,16666.35,16616.883333333335,17.895197546350587,38.78292645589547,40.719424745970144,0.0,2,12,4,0,0,3,49,16645.0
2025-12-04,16645.0,16630.0,16655.5,16626.5,0.15,16620.0,16620.0,16655.0,16660.0,16694.0,16620.0,16642.14285714286,16673.5,16667.183333333334,16619.966666666667,16.547190812775757,39.3377876644037,39.98738665970357,0.0015042117930204046,3,12,4,0,0,4,49,16640.0
2025-12-05,16640.0,16655.0,16667.5,16640.0,-0.03,16645.0,16620.0,16620.0,16660.0,16725.0,16595.0,16639.285714285714,16667.428571428572,16668.683333333334,16624.341666666667,14.556948921038874,37.283661682295886,37.97991377680287,-0.00030039050765995334,4,12,4,0,0,5,49,16690.0
2025-12-08,16690.0,16660.0,16696.5,16650.0,0.3,16640.0,16645.0,16620.0,16640.0,16740.0,16615.0,16646.428571428572,16663.85714285714,16671.183333333334,16629.008333333335,24.102953780338666,31.786806992363047,36.77365139200036,0.0030048076923077094,0,12,4,0,0,8,50,16665.0
2025-12-09,16665.0,16690.0,16697.5,16659.5,-0.15,16690.0,16640.0,16645.0,16655.0,16692.5,16605.0,16647.85714285714,16661.89285714286,16673.183333333334,16632.758333333335,24.9761791272052,30.712174088321756,34.61848303630479,-0.0014979029358898055,1,12,4,0,0,9,50,16685.0
2025-12-10,16685.0,16685.0,16696.5,16676.0,0.12,16665.0,16690.0,16640.0,16655.0,16730.0,16615.0,16652.14285714286,16658.678571428572,16675.516666666666,16637.008333333335,28.70208222053082,24.826790073696817,32.87685574377631,0.0012001200120010935,2,12,4,0,0,10,50,16670.0
2025-12-11,16670.0,16655.0,16682.5,16639.0,-0.09,16685.0,16665.0,16690.0,16620.0,16694.0,16640.0,16659.285714285714,16656.964285714286,16676.516666666666,16639.758333333335,25.40153726100985,22.958544816446576,32.2087703114606,-0.0008990110878034363,3,12,4,0,0,11,50,16640.0
2025-12-12,16640.0,16647.5,16675.0,16627.5,-0.18,16670.0,16685.0,16665.0,16620.0,16692.5,16630.0,16662.14285714286,16653.214285714286,16676.85,16640.591666666667,20.987524638710507,20.903362153485507,31.759372766785802,-0.001799640071985631,4,12,4,0,0,12,50,16665.0
2025-12-15,16665.0,16640.0,16673.5,16640.0,0.15,16640.0,16670.0,16685.0,16645.0,16660.0,16655.0,16665.0,16653.571428571428,16677.183333333334,16641.591666666667,19.578900207047326,21.070264446020765,31.574073642084276,0.0015024038461537437,0,12,4,0,0,15,51,16690.0
2025-12-16,16690.0,16672.5,16695.0,16670.0,0.15,16665.0,16640.0,16670.0,16640.0,16660.0,16697.0,16672.14285714286,16655.714285714286,16676.95,16642.008333333335,17.994708216403,23.192931849621125,31.44819220595069,0.001500150015001589,1,12,4,0,0,16,51,16685.0
2025-12-17,16685.0,16675.0,16710.0,16665.0,-0.03,16690.0,16665.0,16640.0,16690.0,16640.0,16705.0,16671.428571428572,16658.928571428572,16676.283333333333,16642.175,17.251638983094576,23.953365862288532,31.042430175218364,-0.0002995805871779389,2,12,4,0,0,17,51,16715.0
2025-12-18,16715.0,16702.5,16732.5,16695.0,0.18,16685.0,16690.0,16665.0,16665.0,16655.0,16694.0,16678.571428571428,16663.214285714286,16676.983333333334,16641.758333333335,23.401261666901938,28.189410370058415,31.685818466200217,0.0017980221756068726,3,12,4,0,0,18,51,16740.0
2025-12-19,16740.0,16715.0,16750.0,16706.5,0.15,16715.0,16685.0,16690.0,16685.0,16655.0,16684.5,16686.428571428572,16669.285714285714,16678.833333333332,16641.925,33.13033425129593,34.68856732649991,33.69624283994071,0.0014956625785222943,4,12,4,0,0,19,51,16770.0
2025-12-22,16770.0,16737.5,16785.0,16737.5,0.18,16740.0,16715.0,16685.0,16670.0,16620.0,16650.0,16700.714285714286,16680.0,16682.833333333332,16643.591666666667,44.481135648211676,40.903262986525,37.10547253267734,0.0017921146953405742,0,12,4,0,0,22,52,16770.0
2025-12-23,16770.0,16755.0,16800.0,16745.0,0.0,16770.0,16740.0,16715.0,16640.0,16620.0,16685.0,16719.285714285714,16690.714285714286,16685.666666666668,16645.341666666667,41.9750492779634,43.53853919772445,40.37759991173367,0.0,1,12,4,0,0,23,52,16755.0
2025-12-24,16755.0,16770.0,16782.5,16749.0,-0.09,16770.0,16770.0,16740.0,16665.0,16645.0,16697.0,16732.14285714286,16698.571428571428,16687.6,16647.841666666667,35.923198499835,44.56751884647302,42.28258792102008,-0.0008944543828264262,2,12,4,0,0,24,52,16755.0
2025-12-25,16755.0,16755.0,16755.0,16755.0,0.0,16755.0,16770.0,16770.0,16690.0,16640.0,16725.0,16741.428571428572,16706.785714285714,16688.6,16650.675,31.320159337628827,43.527495413926594,43.533855235249604,0.0,3,12,4,0,0,25,52,16755.0
2025-12-26,16755.0,16755.0,16755.0,16755.0,0.0,16755.0,16755.0,16770.0,16685.0,16690.0,16694.0,16751.428571428572,16711.428571428572,16690.633333333335,16654.341666666667,19.086270307933884,45.0396650568997,45.187909072631506,0.0,4,12,4,0,0,26,52,16785.0
2025-12-29,16785.0,16760.0,16795.0,16757.5,0.18,16755.0,16755.0,16755.0,16715.0,16665.0,16725.0,16761.428571428572,16720.0,16692.633333333335,16658.258333333335,14.638501093596762,46.904157596803664,48.00160437848132,0.001790510295434089,0,12,4,0,0,29,1,16760.0
2025-12-30,16760.0,16780.0,16789.0,16760.0,-0.15,16785.0,16755.0,16755.0,16740.0,16685.0,16740.0,16764.285714285714,16725.35714285714,16693.3,16661.925,11.338934189458381,46.88218809212164,48.8141443597544,-0.0014894250819184052,1,12,4,0,0,30,1,16675.0
2025-12-31,16675.0,16715.0,16742.5,16675.0,-0.51,16760.0,16785.0,16755.0,16770.0,16670.0,16692.5,16750.714285714286,16725.714285714286,16692.716666666667,16663.841666666667,35.16965683492902,46.44505201857738,48.928463496717576,-0.0050715990453460424,2,12,4,1,0,31,1,16675.0
2026-01-01,16675.0,16675.0,16675.0,16675.0,0.0,16675.0,16760.0,16785.0,16770.0,16640.0,16730.0,16737.14285714286,16728.214285714286,16690.883333333335,16666.008333333335,43.76615348027053,42.2268208070387,48.51194011017262,0.0,3,1,1,0,1,1,1,16720.0
2026-01-02,16720.0,16695.0,16734.0,16690.0,0.27,16675.0,16675.0,16760.0,16755.0,16665.0,16694.0,16732.14285714286,16732.14285714286,16691.75,16668.841666666667,43.38367039711433,38.26598638674895,48.80092388811385,0.0026986506746626837,4,1,1,0,0,2,1,16740.0
2026-01-05,16740.0,16715.0,16762.5,16712.5,0.12,16720.0,16675.0,16675.0,16755.0,16690.0,16692.5,16730.0,16735.714285714286,16693.333333333332,16671.841666666667,42.42640687098869,36.31365195826834,49.590275278713925,0.0011961722488038617,0,1,1,0,0,5,2,16750.0
2026-01-06,16750.0,16745.0,16769.0,16730.0,0.06,16740.0,16720.0,16675.0,16755.0,16685.0,16660.0,16729.285714285714,16740.35714285714,16696.333333333332,16674.758333333335,41.97504927796351,33.36651278885482,50.22249347149791,0.0005973715651135247,1,1,1,0,0,6,2,16775.0
2026-01-07,16775.0,16760.0,16790.5,16755.0,0.15,16750.0,16740.0,16720.0,16785.0,16715.0,16660.0,16727.85714285714,16744.64285714286,16700.166666666668,16678.258333333335,39.88077469732687,33.71054877579848,51.72012436458322,0.0014925373134329067,2,1,1,0,0,7,2,16790.0
2026-01-08,16790.0,16787.5,16805.0,16785.0,0.09,16775.0,16750.0,16740.0,16760.0,16740.0,16640.0,16732.14285714286,16748.214285714286,16705.166666666668,16681.925,45.17163037193616,35.766719749264496,52.93918653686286,0.0008941877794337305,3,1,1,0,0,8,2,16800.0
2026-01-09,16800.0,16830.0,16846.5,16800.0,0.06,16790.0,16775.0,16750.0,16675.0,16770.0,16655.0,16750.0,16750.35714285714,16710.0,16685.591666666667,43.49329450212688,38.001229012460435,54.78799264302059,0.0005955926146514745,4,1,1,0,0,9,2,16830.0
2026-01-12,16830.0,16837.5,16858.5,16830.0,0.18,16800.0,16790.0,16775.0,16675.0,16770.0,16655.0,16772.14285714286,16754.64285714286,16715.833333333332,16689.841666666667,38.06323060107748,43.38841947938092,57.95484766382398,0.0017857142857142794,0,1,1,0,0,12,3,16865.0
2026-01-13,16865.0,16845.0,16881.5,16845.0,0.21,16830.0,16800.0,16790.0,16720.0,16755.0,16620.0,16792.85714285714,16762.5,16724.0,16694.425,43.95614697768035,52.4679389270042,61.158358607042366,0.002079619726678583,1,1,1,0,0,13,3,16860.0
2026-01-14,16860.0,16865.0,16876.0,16856.5,-0.03,16865.0,16830.0,16800.0,16740.0,16755.0,16620.0,16810.0,16770.0,16732.0,16699.175,43.301270188991396,58.474188913515235,62.7611784239524,-0.00029647198339755043,2,1,1,0,0,14,3,16885.0
2026-01-15,16885.0,16835.0,16894.5,16830.0,0.15,16860.0,16865.0,16830.0,16750.0,16755.0,16645.0,16829.285714285714,16779.285714285714,16740.0,16703.591666666667,42.17311262582821,65.77517484762534,66.47530005320475,0.0014827995255042303,3,1,1,0,0,15,3,16885.0
2026-01-16,16885.0,16885.0,16885.0,16885.0,0.0,16885.0,16860.0,16865.0,16775.0,16785.0,16640.0,16845.0,16786.428571428572,16748.166666666668,16708.425,38.94440481822134,71.61404491042923,68.77604000001426,0.0,4,1,1,0,0,16,3,16940.0
2026-01-19,16940.0,16875.0,16952.5,16875.0,0.33,16885.0,16885.0,16860.0,16790.0,16760.0,16690.0,16866.428571428572,16799.285714285714,16756.5,16713.841666666667,44.507891220889704,81.92062628452977,76.22731431841801,0.0032573289902280145,0,1,1,0,0,19,4,16950.0
2026-01-20,16950.0,16970.0,16987.5,16947.5,0.06,16940.0,16885.0,16885.0,16800.0,16675.0,16665.0,16887.85714285714,16818.928571428572,16766.0,16719.591666666667,43.287521571315104,82.79210691178244,81.97350286731222,0.0005903187721369996,1,1,1,0,0,20,4,16935.0
2026-01-21,16935.0,16945.0,16971.0,16930.0,-0.09,16950.0,16940.0,16885.0,16830.0,16675.0,16685.0,16902.85714285714,16837.5,16774.333333333332,16724.925,37.73340063904425,76.98026720088143,86.06065757088443,-0.0008849557522123686,2,1,1,0,0,21,4,16885.0
2026-01-22,16885.0,16925.0,16935.0,16796.5,-0.3,16935.0,16950.0,16940.0,16865.0,16720.0,16670.0,16905.714285714286,16849.285714285714,16781.5,16729.008333333335,35.05098327505877,69.91360445413127,86.0247558590771,-0.002952465308532659,3,1,1,0,0,22,4,16815.0
2026-01-23,16815.0,16825.0,16849.0,16810.0,-0.41,16885.0,16935.0,16950.0,16860.0,16740.0,16640.0,16899.285714285714,16854.64285714286,16787.333333333332,16732.091666666667,46.94221371589387,63.4721103404087,81.93493353422438,-0.004145691442108412,4,1,1,0,0,23,4,16775.0
2026-01-26,16775.0,16795.0,16802.5,16755.0,-0.24,16815.0,16885.0,16935.0,16885.0,16750.0,16665.0,16883.571428571428,16856.428571428572,16791.0,16734.091666666667,66.75292039251993,60.587780292194324,78.66778686082243,-0.0023788284269996574,0,1,1,0,0,26,5,16765.0
2026-01-27,16765.0,16777.5,16812.5,16765.0,-0.06,16775.0,16815.0,16885.0,16885.0,16775.0,16690.0,16866.428571428572,16855.714285714286,16793.5,16735.225,80.34894138027397,61.670874026179014,76.50952160663711,-0.0005961251862891537,1,1,1,0,0,27,5,16705.0
2026-01-28,16705.0,16720.0,16745.0,16680.0,-0.36,16765.0,16775.0,16815.0,16940.0,16790.0,16685.0,16832.85714285714,16849.64285714286,16794.166666666668,16735.225,92.63985566224976,71.96324611261903,75.61339205058883,-0.003578884580972219,2,1,1,0,0,28,5,16747.5
2026-01-29,16747.5,16750.0,16805.0,16745.0,0.25,16705.0,16765.0,16775.0,16950.0,16800.0,16715.0,16803.928571428572,16845.89285714286,16795.25,16736.116666666665,80.82719662506248,76.0035876095806,74.66693285513877,0.0025441484585453367,3,1,1,0,0,29,5,16785.0
2026-01-30,16785.0,16795.0,16815.0,16777.5,0.22,16747.5,16705.0,16765.0,16935.0,16830.0,16740.0,16782.5,16842.678571428572,16796.75,16737.791666666668,56.51327277712552,77.6609017408231,73.96746139183432,0.0022391401701746805,4,1,1,0,0,30,5,16790.0
2026-02-02,16790.0,16790.0,16812.5,16763.5,0.03,16785.0,16747.5,16705.0,16885.0,16865.0,16770.0,16768.928571428572,16837.321428571428,16797.416666666668,16740.125,35.17388777111341,78.58400873224139,73.80800855165874,0.00029788501638372544,0,2,1,0,0,2,6,16760.0
2026-02-03,16760.0,16760.0,16786.5,16757.5,-0.18,16790.0,16785.0,16747.5,16815.0,16860.0,16770.0,16761.071428571428,16830.178571428572,16797.083333333332,16741.375,28.717631882439235,80.87540444297154,73.95852557800256,-0.0017867778439547566,1,2,1,0,0,3,6,16770.0
2026-02-04,16770.0,16765.0,16777.5,16757.5,0.06,16760.0,16790.0,16785.0,16775.0,16885.0,16755.0,16760.35714285714,16821.964285714286,16797.583333333332,16742.591666666667,28.37357086784231,80.71899602039299,73.71451026028366,0.0005966587112171684,2,2,1,0,0,4,6,16830.0
2026-02-05,16830.0,16785.0,16834.0,16782.5,0.36,16770.0,16760.0,16790.0,16765.0,16885.0,16755.0,16769.64285714286,16818.035714285714,16800.083333333332,16744.341666666667,38.84876047519017,78.72895672008403,73.49197508724303,0.003577817531305927,3,2,1,0,0,5,6,16865.0
2026-02-06,16865.0,16872.5,16894.0,16860.0,0.21,16830.0,16770.0,16760.0,16705.0,16940.0,16755.0,16792.5,16812.678571428572,16803.75,16747.191666666666,41.457809879219084,72.06076686199515,73.90799849342834,0.002079619726678583,4,2,1,0,0,6,6,16800.0
2026-02-09,16800.0,16865.0,16872.5,16799.0,-0.39,16865.0,16830.0,16770.0,16747.5,16950.0,16785.0,16800.0,16801.964285714286,16804.25,16748.441666666666,36.40054944614371,60.25728946713844,73.82747245829627,-0.0038541357841683777,0,2,1,0,0,9,7,16795.0
2026-02-10,16795.0,16795.0,16852.5,16773.0,-0.03,16800.0,16865.0,16830.0,16785.0,16935.0,16760.0,16801.428571428572,16791.964285714286,16805.416666666668,16749.358333333334,35.9066249356133,46.535538232009024,73.37927962365332,-0.00029761904761904656,1,2,1,0,0,10,7,16780.0
2026-02-11,16780.0,16775.0,16794.0,16759.0,-0.09,16795.0,16800.0,16865.0,16790.0,16885.0,16675.0,16800.0,16784.464285714286,16808.916666666668,16750.816666666666,36.6287682928028,38.08112003550849,69.33701844153931,-0.0008931229532599394,2,2,1,0,0,11,7,16815.0
2026-02-12,16815.0,16800.0,16832.5,16800.0,0.21,16780.0,16795.0,16800.0,16760.0,16815.0,16675.0,16807.85714285714,16784.464285714286,16813.583333333332,16752.233333333334,32.25641316787946,38.08112003550849,64.559793633103,0.002085816448152533,3,2,1,0,0,12,7,16830.0
2026-02-13,16830.0,16820.0,16855.0,16817.5,0.09,16815.0,16780.0,16795.0,16770.0,16775.0,16720.0,16816.428571428572,16788.39285714286,16817.25,16754.5,28.242150194334343,39.826633226365836,62.139824255840786,0.000892060660124816,4,2,1,0,0,13,7,16830.0
2026-02-16,16830.0,16830.0,16830.0,16830.0,0.0,16830.0,16815.0,16780.0,16830.0,16765.0,16740.0,16816.428571428572,16793.035714285714,16820.25,16756.791666666668,28.242150194334343,40.669618353313844,60.43074548544205,0.0,0,2,1,0,0,16,8,16830.0
2026-02-17,16830.0,16830.0,16830.0,16830.0,0.0,16830.0,16830.0,16815.0,16865.0,16705.0,16750.0,16811.428571428572,16801.964285714286,16822.916666666668,16759.625,20.148259997651053,32.81912217108131,58.971367004362556,0.0,1,2,1,0,0,17,8,16880.0
2026-02-18,16880.0,16845.0,16893.5,16837.5,0.3,16830.0,16830.0,16830.0,16800.0,16747.5,16775.0,16822.85714285714,16811.428571428572,16826.416666666668,16763.291666666668,31.866537158218488,34.94108070364823,59.14507052783651,0.002970885323826611,2,2,1,0,0,18,8,16875.0
2026-02-19,16875.0,16890.0,16936.5,16875.0,-0.03,16880.0,16830.0,16830.0,16795.0,16785.0,16790.0,16834.285714285714,16817.85714285714,16829.25,16767.208333333332,34.451484175344774,37.86180771404936,59.37588474778302,-0.0002962085308056972,3,2,1,0,0,19,8,16865.0
2026-02-20,16865.0,16882.5,16946.0,16855.0,-0.06,16875.0,16880.0,16830.0,16780.0,16790.0,16800.0,16846.428571428572,16823.214285714286,16831.416666666668,16770.708333333332,26.09506430210445,38.90852896515518,59.457617958175035,-0.000592592592592589,4,2,1,0,0,20,8,16790.0
2026-02-23,16790.0,16865.0,16865.0,16790.0,-0.44,16865.0,16875.0,16880.0,16815.0,16760.0,16830.0,16842.85714285714,16825.35714285714,16830.083333333332,16772.958333333332,32.12698020545416,35.86643415171909,59.93704791337799,-0.0044470797509634785,0,2,1,0,0,23,9,16820.0
2026-02-24,16820.0,16820.0,16839.5,16812.5,0.18,16790.0,16865.0,16875.0,16830.0,16770.0,16865.0,16841.428571428572,16828.928571428572,16828.583333333332,16776.291666666668,33.004328720102656,32.235824039514725,59.59519815895379,0.0017867778439546456,1,2,1,0,0,24,9,16785.0
2026-02-25,16785.0,16840.0,16852.5,16784.0,-0.21,16820.0,16790.0,16865.0,16830.0,16830.0,16860.0,16835.0,16825.714285714286,16826.083333333332,16779.041666666668,39.370039369795784,34.29830354743631,59.80457878461171,-0.002080856123662267,2,2,1,0,0,25,9,16755.0
2026-02-26,16755.0,16757.5,16781.0,16732.5,-0.18,16785.0,16820.0,16790.0,16830.0,16865.0,16885.0,16824.285714285714,16817.85714285714,16821.75,16780.875,49.78525312330346,37.092103953311586,60.097442425891245,-0.0017873100983020196,3,2,1,0,0,26,9,16765.0
2026-02-27,16765.0,16767.5,16788.5,16761.5,0.06,16755.0,16785.0,16820.0,16880.0,16800.0,16885.0,16807.85714285714,16815.35714285714,16817.75,16782.958333333332,47.24555912595281,39.49022691549548,59.734866788760804,0.0005968367651447704,4,2,1,0,0,27,9,16860.0
2026-03-02,16860.0,16822.5,16867.5,16814.5,0.57,16765.0,16755.0,16785.0,16875.0,16795.0,16940.0,16805.714285714286,16820.0,16815.083333333332,16785.791666666668,43.91550328246955,40.714767683866654,55.7414108628718,0.005666567253206134,0,3,1,0,0,2,10,16855.0
2026-03-03,16855.0,16860.0,16885.0,16844.0,-0.03,16860.0,16765.0,16755.0,16865.0,16780.0,16950.0,16804.285714285714,16825.35714285714,16811.916666666668,16788.958333333332,41.7760469075207,39.974236206562736,50.239441046924696,-0.00029655990510080166,1,3,1,0,0,3,10,16885.0
2026-03-04,16885.0,16920.0,16932.5,16885.0,0.18,16855.0,16860.0,16765.0,16790.0,16815.0,16935.0,16817.85714285714,16830.35714285714,16810.25,16792.291666666668,50.8147897478995,42.853250737362195,46.72161686718828,0.001779887273805958,2,3,1,0,0,4,10,16880.0
2026-03-05,16880.0,16902.5,16907.5,16855.0,-0.03,16885.0,16855.0,16860.0,16820.0,16830.0,16885.0,16826.428571428572,16833.928571428572,16810.083333333332,16795.791666666668,56.02932905421539,44.85783403802666,46.45392291237302,-0.00029612081729346595,3,3,1,0,0,5,10,16905.0
2026-03-06,16905.0,16917.5,16932.5,16902.5,0.15,16880.0,16885.0,16855.0,16785.0,16830.0,16815.0,16843.571428571428,16839.285714285714,16813.083333333332,16800.208333333332,59.49189620666377,48.669100243776896,49.58310392994949,0.001481042654028375,4,3,1,0,0,6,10,16940.0
2026-03-09,16940.0,16990.0,16995.0,16937.5,0.21,16905.0,16880.0,16885.0,16755.0,16830.0,16775.0,16870.0,16847.14285714286,16818.583333333332,16804.791666666668,54.467115461016874,55.46011337602085,54.153689868401095,0.0020703933747412417,0,3,1,0,0,9,11,16857.5
2026-03-10,16857.5,16865.0,16895.0,16842.5,-0.49,16940.0,16905.0,16880.0,16765.0,16880.0,16765.0,16883.214285714286,16845.535714285714,16821.666666666668,16807.583333333332,30.846200660930638,54.75626563445189,53.628404293366664,-0.004870129870129913,1,3,1,0,0,10,11,16870.0
2026-03-11,16870.0,16840.0,16872.5,16835.0,0.07,16857.5,16940.0,16905.0,16860.0,16875.0,16705.0,16884.64285714286,16845.178571428572,16827.166666666668,16810.666666666668,29.805919833467218,54.565277469756914,49.5572349930514,0.0007415097137772886,2,3,1,0,0,11,11,16890.0
2026-03-12,16890.0,16900.0,16909.0,16878.0,0.12,16870.0,16857.5,16940.0,16855.0,16865.0,16747.5,16889.64285714286,16846.964285714286,16831.916666666668,16813.583333333332,26.787301539823414,55.661913605539446,48.475390722241684,0.0011855364552459946,3,3,1,0,0,12,11,16940.0
2026-03-13,16940.0,16907.5,16946.0,16897.5,0.3,16890.0,16870.0,16857.5,16885.0,16790.0,16785.0,16897.5,16857.678571428572,16837.083333333332,16816.916666666668,32.62795325037662,58.23084271940525,51.470125806159224,0.002960331557134488,4,3,1,0,0,13,11,16990.0
2026-03-16,16990.0,16950.0,16997.5,16950.0,0.3,16940.0,16890.0,16870.0,16880.0,16820.0,16790.0,16913.214285714286,16869.821428571428,16843.75,16820.583333333332,46.38413624519242,66.85564447118378,57.73284937086733,0.002951593860684776,0,3,1,0,0,16,12,16980.0
2026-03-17,16980.0,16977.5,16992.5,16960.0,-0.06,16990.0,16940.0,16890.0,16905.0,16785.0,16760.0,16923.928571428572,16883.75,16851.083333333332,16824.083333333332,52.43760464519895,68.12566160474935,60.627762408327605,-0.0005885815185403542,1,3,1,0,0,17,12,16980.0
2026-03-18,16980.0,16980.0,16980.0,16980.0,0.0,16980.0,16990.0,16940.0,16940.0,16755.0,16770.0,16929.64285714286,16899.821428571428,16858.083333333332,16827.833333333332,56.502739082127874,61.64776093601657,63.01916557535072,0.0,2,3,1,0,0,18,12,16980.0
2026-03-19,16980.0,16980.0,16980.0,16980.0,0.0,16980.0,16980.0,16990.0,16857.5,16765.0,16830.0,16947.14285714286,16915.178571428572,16863.083333333332,16831.583333333332,48.89249625912695,51.407724329431225,66.56499071159313,0.0,3,3,1,0,0,19,12,16980.0
2026-03-20,16980.0,16980.0,16980.0,16980.0,0.0,16980.0,16980.0,16980.0,16870.0,16860.0,16865.0,16962.85714285714,16923.75,16866.916666666668,16835.333333333332,35.92319849968618,51.50382733953138,69.9065981949726,0.0,4,3,1,0,0,20,12,16980.0
2026-03-23,16980.0,16980.0,16980.0,16980.0,0.0,16980.0,16980.0,16980.0,16890.0,16855.0,16800.0,16975.714285714286,16932.678571428572,16872.916666666668,16838.583333333332,16.18347187335561,49.46312034815027,71.66758553224264,0.0,0,3,1,0,0,23,13,16980.0
2026-03-24,16980.0,16980.0,16980.0,16980.0,0.0,16980.0,16980.0,16980.0,16940.0,16885.0,16795.0,16981.428571428572,16939.464285714286,16879.083333333332,16842.25,3.7796447262008916,48.93263197884681,72.6840213111021,0.0,1,3,1,0,0,24,13,16910.0
2026-03-25,16910.0,16915.0,16925.0,16870.0,-0.41,16980.0,16980.0,16980.0,16990.0,16880.0,16780.0,16970.0,16941.60714285714,16883.416666666668,16846.166666666668,26.45751311010273,46.73582819649461,70.41283231026162,-0.0041224970553592755,2,3,1,0,0,25,13,16900.0
2026-03-26,16900.0,16885.0,16907.5,16880.0,-0.06,16910.0,16980.0,16980.0,16980.0,16905.0,16815.0,16958.571428571428,16941.25,16886.25,16849.916666666668,36.70993118477662,47.05510272178075,69.26569907895055,-0.0005913660555884048,3,3,1,0,0,26,13,16965.0
2026-03-27,16965.0,16922.5,16974.0,16922.5,0.38,16900.0,16910.0,16980.0,16980.0,16940.0,16830.0,16956.428571428572,16943.035714285714,16890.75,16854.0,35.67378656087937,47.47649794363907,69.86794810457994,0.0038461538461538325,4,3,1,0,0,27,13,16990.0
2026-03-30,16990.0,16985.0,16996.5,16977.5,0.15,16965.0,16900.0,16910.0,16980.0,16857.5,16830.0,16957.85714285714,16952.5,16896.083333333332,16858.166666666668,36.95235026961412,42.00503632627705,71.16543176354452,0.0014736221632773994,0,3,1,0,0,30,14,16994.5
2026-03-31,16994.5,16985.0,16999.0,16985.0,0.03,16990.0,16965.0,16900.0,16980.0,16870.0,16830.0,16959.928571428572,16961.39285714286,16901.566666666666,16862.241666666665,38.76255556923032,35.93593582146673,72.22757775556954,0.00026486168334316496,1,3,1,1,0,31,14,16980.0
2026-04-01,16980.0,16992.0,17031.0,16957.5,-0.09,16994.5,16990.0,16965.0,16980.0,16890.0,16880.0,16959.928571428572,16967.821428571428,16904.9,16865.658333333333,38.76255556923032,29.68916348466284,73.4943582160322,-0.0008532172173350006,2,4,2,0,1,1,14,16994.5
2026-04-02,16994.5,16990.0,17027.5,16980.0,0.09,16980.0,16994.5,16990.0,16980.0,16940.0,16875.0,16962.0,16971.714285714286,16908.883333333335,16869.066666666666,40.368097964917276,29.33147055097111,75.04006784072561,0.0008539458186100912,3,4,2,0,0,2,14,16994.5
2026-04-03,16994.5,16994.5,16994.5,16994.5,0.0,16994.5,16980.0,16994.5,16910.0,16990.0,16865.0,16974.071428571428,16972.035714285714,16913.2,16872.308333333334,34.423137290541746,29.570947463908453,76.14523328256271,0.0,4,4,2,0,0,3,14,17035.0
2026-04-06,17035.0,17000.0,17047.5,16992.5,0.24,16994.5,16994.5,16980.0,16900.0,16980.0,16790.0,16993.35714285714,16975.964285714286,16921.366666666665,16875.725,21.337983123518693,34.027966033462796,75.61266238253954,0.0023831239518667946,0,4,2,0,0,6,15,17094.5
2026-04-07,17094.5,17052.5,17107.5,17052.5,0.35,17035.0,16994.5,16994.5,16965.0,16980.0,16820.0,17011.85714285714,16984.14285714286,16930.516666666666,16879.55,40.33579291950517,46.53428370874572,79.43534383703171,0.003492808922805901,1,4,2,0,0,7,15,17010.0
2026-04-08,17010.0,16985.0,17025.5,16980.0,-0.49,17094.5,17035.0,16994.5,16990.0,16980.0,16785.0,17014.714285714286,16986.285714285714,16938.016666666666,16882.05,39.22250325863475,47.01706493870845,75.75920148159258,-0.004943110357132463,2,4,2,0,0,8,15,17085.0
2026-04-09,17085.0,17040.0,17100.0,17027.5,0.44,17010.0,17094.5,17035.0,16994.5,16980.0,16755.0,17027.64285714286,16993.785714285714,16949.016666666666,16885.383333333335,45.81094691349326,53.819754123478994,72.14048594636307,0.0044091710758378255,3,4,2,0,0,9,15,17090.0
2026-04-10,17090.0,17080.0,17122.5,17076.5,0.03,17085.0,17010.0,17094.5,16980.0,16980.0,16765.0,17043.35714285714,17001.64285714286,16959.85,16888.8,45.61041025661322,59.39322305533,67.8275132351059,0.00029265437518288806,4,4,2,0,0,10,15,17100.0
2026-04-13,17100.0,17125.0,17142.5,17100.0,0.06,17090.0,17085.0,17010.0,16994.5,16980.0,16860.0,17058.428571428572,17010.214285714286,16967.85,16891.466666666667,44.183734347816916,64.4714350228887,69.77020780022453,0.0005851375073142595,0,4,2,0,0,13,16,17115.0
2026-04-14,17115.0,17125.0,17144.0,17115.0,0.09,17100.0,17090.0,17085.0,16994.5,16910.0,16855.0,17075.64285714286,17024.85714285714,16976.516666666666,16894.216666666667,38.19327415188683,63.22774116312232,71.39816516158518,0.0008771929824560321,1,4,2,0,0,14,16,17135.0
2026-04-15,17135.0,17117.5,17147.5,17110.0,0.12,17115.0,17100.0,17090.0,17035.0,16900.0,16885.0,17089.928571428572,17041.64285714286,16984.85,16897.55,39.14761441326703,58.551893015225986,74.85424342384603,0.0011685655857434085,2,4,2,0,0,15,16,17130.0
2026-04-16,17130.0,17137.5,17155.0,17113.5,-0.03,17135.0,17115.0,17100.0,17094.5,16965.0,16880.0,17095.0,17053.428571428572,16993.183333333334,16901.633333333335,42.03173404263118,58.544150709178645,76.67289267531612,-0.00029180040852061495,3,4,2,0,0,16,16,17185.0
2026-04-17,17185.0,17155.0,17195.0,17152.5,0.32,17130.0,17135.0,17115.0,17010.0,16990.0,16905.0,17120.0,17067.35714285714,17002.516666666666,16907.8,34.399612400369385,65.12013412127106,82.39669428940549,0.0032107413893753822,4,4,2,0,0,17,16,17170.0
2026-04-20,17170.0,17160.0,17187.5,17140.0,-0.09,17185.0,17130.0,17135.0,17085.0,16994.5,16940.0,17132.14285714286,17079.89285714286,17010.183333333334,16914.383333333335,34.98298906284428,66.88427967745109,86.95346390451958,-0.0008728542333430456,0,4,2,0,0,20,17,17144.0
2026-04-21,17144.0,17145.0,17155.5,17117.5,-0.15,17170.0,17185.0,17130.0,17090.0,16980.0,16857.5,17139.85714285714,17091.60714285714,17019.733333333334,16920.7,29.69527780254977,62.24368320351848,85.32389944224087,-0.0015142690739662346,1,4,2,0,0,21,17,17175.0
2026-04-22,17175.0,17155.0,17187.5,17147.5,0.18,17144.0,17170.0,17185.0,17100.0,16994.5,16870.0,17150.571428571428,17104.5,17029.9,16928.533333333333,26.24790240976914,59.201741137268314,85.0378617497686,0.0018082127858143338,2,4,2,0,0,22,17,17285.0
2026-04-23,17285.0,17225.0,17322.5,17225.0,0.64,17175.0,17144.0,17170.0,17115.0,16994.5,16890.0,17174.85714285714,17125.25,17043.066666666666,16937.491666666665,52.93212185212613,67.94532586961948,92.85042971785093,0.006404657933042124,3,4,2,0,0,23,17,17192.5
2026-04-24,17192.5,17275.0,17294.0,17192.5,-0.54,17285.0,17175.0,17144.0,17135.0,17035.0,16940.0,17183.071428571428,17136.5,17051.483333333334,16944.283333333333,50.101919932380355,64.8198687475614,94.61304890409124,-0.0053514608041654865,4,4,2,0,0,24,17,17190.0
2026-04-27,17190.0,17210.0,17237.5,17187.5,-0.01,17192.5,17285.0,17175.0,17130.0,17094.5,16990.0,17191.64285714286,17143.321428571428,17058.15,16950.95,44.30642756719643,65.08444430080885,97.14379228365618,-0.00014541224371089623,0,4,2,0,0,27,18,17215.0
2026-04-28,17215.0,17212.5,17249.0,17202.5,0.15,17190.0,17192.5,17285.0,17185.0,17010.0,16980.0,17195.928571428572,17157.964285714286,17065.983333333334,16958.533333333333,45.00224862059421,55.07284137373814,100.05588811792455,0.0014543339150669965,1,4,2,0,0,28,18,17280.0
2026-04-29,17280.0,17277.5,17337.5,17267.5,0.38,17215.0,17190.0,17192.5,17170.0,17085.0,16980.0,17211.64285714286,17171.89285714286,17075.983333333334,16967.033333333333,52.94392811046216,59.667082332880234,105.98214580685642,0.0037757769387163354,2,4,2,0,0,29,18,17310.0
2026-04-30,17310.0,17350.0,17387.5,17307.5,0.17,17280.0,17215.0,17190.0,17144.0,17090.0,16980.0,17235.35714285714,17187.60714285714,17086.983333333334,16975.033333333333,54.742361936902604,65.15784933146699,112.59559029537647,0.0017361111111111605,3,4,2,1,0,30,18,17310.0
2026-05-01,17310.0,17310.0,17310.0,17310.0,0.0,17310.0,17280.0,17215.0,17175.0,17100.0,16980.0,17254.64285714286,17202.60714285714,17097.983333333334,16982.45,53.704992230048184,67.5659730494307,117.78358905431855,0.0,4,5,2,0,1,1,18,17370.0
2026-05-04,17370.0,17325.0,17390.0,17325.0,0.35,17310.0,17310.0,17280.0,17285.0,17115.0,16980.0,17266.785714285714,17220.821428571428,17110.983333333334,16991.95,69.11214144555659,75.97965495356146,125.57718352842228,0.0034662045060658286,0,5,2,0,0,4,19,17415.0
2026-05-05,17415.0,17390.0,17447.5,17390.0,0.26,17370.0,17310.0,17310.0,17192.5,17135.0,16980.0,17298.571428571428,17240.821428571428,17125.483333333334,17002.283333333333,79.61963146257406,87.6126982231324,134.71313604445484,0.002590673575129543,1,5,2,0,0,5,19,17385.0
2026-05-06,17385.0,17375.0,17420.0,17361.0,-0.17,17415.0,17370.0,17310.0,17190.0,17130.0,16910.0,17326.428571428572,17259.035714285714,17141.316666666666,17012.366666666665,68.6606562321846,89.29175693740846,136.41673495087292,-0.0017226528854435985,2,5,2,0,0,6,19,17335.0
2026-05-07,17335.0,17320.0,17378.5,17320.0,-0.29,17385.0,17415.0,17370.0,17215.0,17185.0,16900.0,17343.571428571428,17269.75,17155.816666666666,17021.033333333333,48.10702354368858,88.72228711318682,132.95685606488064,-0.002876042565429948,3,5,2,0,0,7,19,17365.0
2026-05-08,17365.0,17350.0,17391.5,17347.5,0.17,17335.0,17385.0,17415.0,17280.0,17170.0,16965.0,17355.714285714286,17283.678571428572,17169.15,17029.95,39.30951659820404,87.15053447435153,133.2176822423146,0.001730602826651273,4,5,2,0,0,8,19,17410.0
2026-05-11,17410.0,17382.5,17424.0,17382.5,0.26,17365.0,17335.0,17385.0,17310.0,17144.0,16990.0,17370.0,17302.678571428572,17183.15,17039.616666666665,38.07886552860102,83.26547145177771,135.78578146559298,0.0025914195220271274,0,5,2,0,0,11,20,17494.5
2026-05-12,17494.5,17485.0,17529.0,17480.0,0.49,17410.0,17365.0,17335.0,17310.0,17175.0,16994.5,17396.35714285714,17325.5,17199.816666666666,17050.691666666666,51.21418609219715,89.15543902372829,142.35848892062143,0.0048535324526135515,1,5,2,0,0,12,20,17465.0
2026-05-13,17465.0,17510.0,17537.5,17445.0,-0.17,17494.5,17410.0,17365.0,17370.0,17285.0,16980.0,17409.928571428572,17338.35714285714,17215.983333333334,17060.441666666666,55.47554158571218,95.61087574256446,144.0634728005316,-0.0016862442481923035,2,5,2,0,0,13,20,17465.0
2026-05-14,17465.0,17465.0,17465.0,17465.0,0.0,17465.0,17494.5,17410.0,17415.0,17192.5,16994.5,17417.071428571428,17357.821428571428,17231.666666666668,17070.275,59.32286558228818,91.27254350362652,144.72919619010153,0.0,3,5,2,0,0,14,20,17465.0
2026-05-15,17465.0,17465.0,17465.0,17465.0,0.0,17465.0,17465.0,17494.5,17385.0,17190.0,16994.5,17428.5,17377.464285714286,17247.35,17080.275,59.81847540635744,81.43909103906086,143.63112175945568,0.0,4,5,2,0,0,15,20,17645.0
2026-05-18,17645.0,17640.0,17672.5,17595.0,1.03,17465.0,17465.0,17465.0,17335.0,17215.0,17035.0,17472.785714285714,17408.178571428572,17267.683333333334,17094.525,87.43657565254006,95.351093563587,155.2413850866698,0.010306326939593546,0,5,2,0,0,18,21,17700.0
2026-05-19,17700.0,17675.0,17735.0,17670.0,0.31,17645.0,17465.0,17465.0,17365.0,17280.0,17094.5,17520.64285714286,17438.178571428572,17287.866666666665,17109.191666666666,107.89451418126086,115.79949633509763,170.55497310405596,0.0031170303202039396,1,5,2,0,0,19,21,17605.0
2026-05-20,17605.0,17755.0,17762.5,17605.0,-0.54,17700.0,17645.0,17465.0,17410.0,17310.0,17010.0,17548.5,17459.25,17307.7,17122.858333333334,99.40615339739027,117.50855124286574,171.7198801575719,-0.005367231638418124,2,5,2,0,0,20,21,17645.0
2026-05-21,17645.0,17640.0,17727.5,17625.0,0.23,17605.0,17700.0,17645.0,17494.5,17310.0,17085.0,17570.0,17483.178571428572,17326.366666666665,17137.691666666666,102.0212396183464,118.87899587038784,177.03170051846166,0.002272081794944647,3,5,2,0,0,21,21,17695.0
2026-05-22,17695.0,17680.0,17727.5,17677.5,0.28,17645.0,17605.0,17700.0,17465.0,17370.0,17090.0,17602.85714285714,17506.39285714286,17346.533333333333,17153.191666666666,99.57648412353565,126.56196089214389,183.51801252055313,0.0028336639274582076,4,5,2,0,0,22,21,17735.0
2026-05-25,17735.0,17705.0,17755.0,17700.0,0.23,17695.0,17645.0,17605.0,17465.0,17415.0,17100.0,17641.428571428572,17529.25,17367.7,17167.775,89.00909530798056,137.23292243411643,190.586553782562,0.002260525572195471,0,5,2,0,0,25,22,17780.0
2026-05-26,17780.0,17740.0,17800.0,17740.0,0.25,17735.0,17695.0,17645.0,17465.0,17385.0,17115.0,17686.428571428572,17557.464285714286,17389.866666666665,17183.191666666666,59.7713898746077,145.64187693959371,198.68246774303367,0.00253735551170009,1,5,2,0,0,26,22,17780.0
2026-05-27,17780.0,17780.0,17780.0,17780.0,0.0,17780.0,17735.0,17695.0,17645.0,17335.0,17135.0,17705.714285714286,17589.25,17411.366666666665,17198.108333333334,65.6650954604261,141.86596463874395,204.95133708924558,0.0,2,5,2,0,0,27,22,17780.0
2026-05-28,17780.0,17780.0,17780.0,17780.0,0.0,17780.0,17780.0,17735.0,17700.0,17365.0,17130.0,17717.14285714286,17618.89285714286,17433.033333333333,17213.108333333334,71.23067824842698,134.57428297102365,208.50754279463564,0.0,3,5,2,0,0,28,22,17870.0
2026-05-29,17870.0,17820.0,17892.0,17820.0,0.51,17780.0,17780.0,17780.0,17605.0,17410.0,17185.0,17755.0,17651.75,17455.866666666665,17229.191666666666,72.11102550871853,135.79888268414396,217.71263618352984,0.005061867266591635,4,5,2,0,0,29,22,17870.0
2026-06-01,17870.0,17870.0,17870.0,17870.0,0.0,17870.0,17780.0,17780.0,17645.0,17494.5,17170.0,17787.14285714286,17678.571428571428,17479.2,17244.691666666666,64.6694893830152,139.38641048671178,223.4539449577956,0.0,0,6,2,0,1,1,23,17835.0
2026-06-02,17835.0,17865.0,17894.5,17822.5,-0.2,17870.0,17870.0,17780.0,17695.0,17465.0,17144.0,17807.14285714286,17705.0,17502.233333333334,17260.983333333334,51.789408734398876,130.5756485712292,223.3241703386192,-0.001958589815332923,1,6,2,0,0,2,23,17945.0
2026-06-03,17945.0,17877.5,17960.0,17875.0,0.62,17835.0,17870.0,17870.0,17735.0,17465.0,17175.0,17837.14285714286,17739.285714285714,17527.9,17278.9,62.70680072413817,125.63465259975554,228.6040244614315,0.006167647883375427,2,6,2,0,0,3,23,18025.0
2026-06-04,18025.0,17980.0,18050.0,17980.0,0.45,17945.0,17835.0,17870.0,17780.0,17465.0,17285.0,17872.14285714286,17779.285714285714,17552.566666666666,17297.816666666666,88.54646345500166,120.63704531813546,241.07438161536058,0.004458066313736353,3,6,2,0,0,4,23,18015.0
2026-06-05,18015.0,18065.0,18065.0,18007.5,-0.06,18025.0,17945.0,17835.0,17780.0,17645.0,17192.5,17905.714285714286,17805.714285714286,17579.983333333334,17315.733333333334,92.25998461854577,129.18170183003397,245.4436687718701,-0.0005547850208044158,4,6,2,0,0,5,23,18175.0
2026-06-08,18175.0,18090.0,18197.5,18080.0,0.89,18015.0,18025.0,17945.0,17780.0,17700.0,17190.0,17962.14285714286,17839.64285714286,17612.816666666666,17335.483333333334,119.36837740253972,158.3625864622026,257.08258713721307,0.008881487649181175,0,6,2,0,0,8,24,18055.0
2026-06-09,18055.0,18155.0,18190.0,18032.5,-0.66,18175.0,18015.0,18025.0,17870.0,17605.0,17215.0,17988.571428571428,17871.785714285714,17640.816666666666,17353.4,115.99979474488777,152.63842573473065,258.0029565231405,-0.006602475928473184,1,6,2,0,0,9,24,17952.5
2026-06-10,17952.5,17882.5,18005.0,17882.5,-0.57,18055.0,18175.0,18015.0,17870.0,17645.0,17280.0,18000.35714285714,17893.75,17663.233333333334,17369.608333333334,105.67667445426342,139.0100646597563,254.76715986778316,-0.005677097756854099,2,6,2,0,0,10,24,17980.0
2026-06-11,17980.0,17930.0,18001.5,17930.0,0.15,17952.5,18055.0,18175.0,17835.0,17695.0,17310.0,18021.071428571428,17914.10714285714,17685.566666666666,17386.275,78.60578253233156,128.10605260514023,252.08693537840705,0.0015318200807687976,3,6,2,0,0,11,24,17870.0
2026-06-12,17870.0,17925.0,17965.5,17850.0,-0.61,17980.0,17952.5,18055.0,17945.0,17735.0,17310.0,18010.35714285714,17923.75,17704.233333333334,17401.108333333334,94.25617322158905,118.29213349136299,243.9190698646799,-0.006117908787541704,4,6,2,0,0,12,24,17694.5
2026-06-15,17694.5,17765.0,17780.0,17675.0,-0.98,17870.0,17980.0,17952.5,18025.0,17780.0,17370.0,17963.14285714286,17917.64285714286,17715.05,17413.016666666666,151.24613336230684,128.08612315485234,235.64084850197688,-0.009820928931169592,0,6,2,0,0,15,25,17694.5
2026-06-16,17694.5,17694.5,17694.5,17694.5,0.0,17694.5,17870.0,17980.0,18015.0,17780.0,17415.0,17917.35714285714,17911.535714285714,17724.366666666665,17424.925,178.91238877465247,136.88954900268718,228.79443918564166,0.0,1,6,2,0,0,16,25,17735.0
2026-06-17,17735.0,17742.5,17762.5,17727.5,0.23,17694.5,17694.5,17870.0,18175.0,17780.0,17385.0,17854.5,17908.321428571428,17736.033333333333,17438.675,147.91607981075413,140.69123409592382,219.63291998287457,0.0022888468168074105,2,6,2,0,0,17,25,17705.0
2026-06-18,17705.0,17850.0,17881.0,17705.0,-0.17,17735.0,17694.5,17694.5,18055.0,17870.0,17335.0,17804.5,17896.535714285714,17748.366666666665,17452.091666666667,126.44168616369745,150.70315502288713,206.32180811955268,-0.0016915703411333194,3,6,2,0,0,18,25,17780.0
2026-06-19,17780.0,17840.0,17855.0,17780.0,0.42,17705.0,17735.0,17694.5,17952.5,17870.0,17365.0,17779.85714285714,17890.10714285714,17762.2,17465.675,108.2977047636002,153.80971992966437,193.22862999113462,0.004236091499576489,4,6,2,0,0,19,25,17785.4
2026-06-21,17785.4,17765.8,17810.0,17780.0,0.03,17780.0,17705.0,17735.0,17980.0,17835.0,17410.0,17752.057142857142,17886.564285714285,17774.713333333333,17478.931666666664,64.46450850713256,155.73588394855446,181.4289729614883,0.00030371203599566243,6,6,2,0,0,21,25,17830.0
2026-06-22,17830.0,17805.0,17836.5,17777.5,0.25,17785.4,17780.0,17705.0,17870.0,17945.0,17494.5,17746.342857142856,17878.35,17785.896666666667,17492.856666666667,53.025209637177745,155.44917423073824,173.738089610727,0.0025076748344146083,0,6,2,0,0,22,26,17840.0
2026-06-23,17840.0,17865.0,17875.0,17840.0,0.06,17830.0,17785.4,17780.0,17694.5,18025.0,17465.0,17767.12857142857,17865.135714285712,17798.396666666667,17507.19,57.63346002287062,149.7838576441987,163.01341066748938,0.000560852495793629,1,6,2,0,0,23,26,17930.0
2026-06-24,17930.0,17920.0,17960.0,17917.5,0.5,17840.0,17830.0,17785.4,17694.5,18015.0,17465.0,17800.77142857143,17859.064285714285,17813.896666666667,17522.781666666666,74.4524392763936,144.88447709497976,151.95126143126132,0.0050448430493272856,2,6,2,0,0,24,26,17920.0
2026-06-25,17920.0,17960.0,17972.5,17917.5,-0.06,17930.0,17840.0,17830.0,17735.0,18175.0,17465.0,17827.2,17840.85,17829.063333333335,17538.206666666665,79.85328212781177,115.07281808198181,137.99232733118242,-0.000557724484104849,3,6,2,0,0,25,26,17910.0
2026-06-26,17910.0,17965.0,17987.5,17910.0,-0.06,17920.0,17930.0,17840.0,17705.0,18055.0,17645.0,17856.485714285714,17830.492857142857,17837.896666666667,17552.789999999997,63.480585707913214,99.83159253424309,134.23412250115757,-0.0005580357142856984,4,6,2,0,0,26,26,17885.9
2026-06-28,17885.9,17856.7,17910.0,17837.0,-0.13,17910.0,17920.0,17930.0,17780.0,17952.5,17700.0,17871.614285714288,17825.735714285714,17844.093333333334,17565.98,54.14752775352285,95.04245696616495,131.9197847526034,-0.0013456169737575685,6,6,2,0,0,28,26,17850.7
2026-06-29,17850.7,17856.7,17910.0,17814.0,-0.2,17885.9,17910.0,17920.0,17785.4,17980.0,17605.0,17880.942857142854,17816.5,17852.283333333333,17579.991666666665,40.798441845932054,84.60835565088314,123.95046308436537,-0.0019680306833874672,0,6,2,0,0,29,27,17925.0
2026-06-30,17925.0,17941.0,17948.0,17838.19921875,0.53,17850.7,17885.9,17910.0,17830.0,17870.0,17645.0,17894.514285714286,17820.428571428572,17861.616666666665,17593.991666666665,36.61431544014042,88.4722418739898,118.2131041318351,0.004162301758474429,1,6,2,1,0,30,27,17935.0
2026-07-01,17935.0,17906.80078125,18006.0,17881.19921875,0.06,17925.0,17850.7,17885.9,17840.0,17694.5,17695.0,17908.085714285717,17837.60714285714,17869.616666666665,17608.075,30.060074769518994,85.43668338554943,114.61476730786521,0.0005578800557879404,2,7,3,0,1,1,27,17998.0
2026-07-02,17998.0,18003.0,18037.0,17851.69921875,0.35,17935.0,17925.0,17850.7,17930.0,17694.5,17735.0,17917.8,17859.285714285714,17878.383333333335,17623.041666666668,45.397173185602455,84.83437127273048,114.01978074999867,0.003512684694730872,3,7,3,0,0,2,27,17787.900390625
2026-07-03,17787.900390625,17981.0,18021.0,17278.19921875,-1.17,17998.0,17935.0,17925.0,17920.0,17735.0,17780.0,17898.928627232144,17863.064313616072,17878.6466796875,17634.256673177082,66.76025207692,79.90780910050337,113.79361290032628,-0.011673497576119574,4,7,3,0,0,3,27,17998.0
2026-07-06,17998.0,17992.0,18047.0,17962.19921875,1.18,17787.900390625,17998.0,17935.0,17910.0,17705.0,17780.0,17911.50005580357,17883.99288504464,17885.913346354166,17648.640006510417,76.73315606382867,73.43212156634176,114.2366747821643,0.011811377664658673,0,7,3,0,0,6,28,18046.0
2026-07-07,18046.0,18053.0,18064.0,17848.19921875,0.27,17998.0,17787.900390625,17998.0,17885.9,17780.0,17780.0,17934.371484375,17902.99288504464,17894.780013020834,17663.906673177084,90.46271778518877,78.6801604192438,116.04132505566353,0.0026669629958884222,1,7,3,0,0,7,28,17979.0
2026-07-08,17979.0,17988.0,18116.0,17896.0,-0.37,18046.0,17998.0,17787.900390625,17850.7,17785.4,17870.0,17952.700055803572,17916.821456473215,17898.413346354166,17677.140006510417,83.40688545675533,73.24834618710776,116.94163123006084,-0.0037127341239056033,2,7,3,0,0,8,28,18125.0
2026-07-09,18125.0,18092.5,18145.0,18001.80078125,0.81,17979.0,18046.0,17998.0,17925.0,17830.0,17870.0,17981.271484375,17937.892885044643,17906.913346354166,17693.056673177085,104.04001090434042,87.41300382979286,123.86751845072216,0.008120585127092683,3,7,3,0,0,9,28,18125.0
2026-07-10,18125.0,18135.900390625,18148.0,17997.900390625,0.0,18125.0,17979.0,18046.0,17935.0,17840.0,17835.0,18008.41434151786,17958.250027901788,17916.580013020834,17709.406673177084,114.2407080788909,95.65872910885007,129.26031306394947,0.0,4,7,3,0,0,10,28,18065.0
2026-07-13,18065.0,18069.0,18145.80078125,17909.80078125,-0.33,18125.0,18125.0,17979.0,17998.0,17930.0,17945.0,18017.985770089286,17967.892885044643,17920.580013020834,17724.240006510416,116.01568056123286,99.32596246840998,131.99783492781881,-0.003310344827586187,0,7,3,0,0,13,29,18111.0
2026-07-14,18111.0,18152.0,18153.0,17916.599609375,0.25,18065.0,18125.0,18125.0,17787.900390625,17920.0,18025.0,18064.14285714286,17981.5357421875,17923.4466796875,17738.006673177082,59.940049413644715,105.18611375968008,135.23786563839187,0.0025463603653472777,1,7,3,0,0,14,29,18157.0
2026-07-15,18157.0,18048.69921875,18129.0,18006.0,0.25,18111.0,18065.0,18125.0,17998.0,17910.0,18015.0,18086.85714285714,17999.178599330357,17928.180013020832,17754.081673177083,60.81783886088652,112.71000860182681,140.918433047684,0.0025398928827784495,2,7,3,0,0,15,29,18068.80078125
2026-07-16,18068.80078125,18031.80078125,18155.0,17808.599609375,-0.49,18157.0,18111.0,18065.0,18046.0,17885.9,18175.0,18090.114397321428,18012.242940848217,17924.6400390625,17768.728352864582,58.84345795947984,109.11244284476234,135.74320208063463,-0.004857587638376404,3,7,3,0,0,16,29,17985.0
2026-07-17,17985.0,17983.0,17997.0,17885.0,-0.46,18068.80078125,18157.0,18111.0,17979.0,17850.7,18055.0,18090.971540178572,18021.835797991072,17922.306705729166,17781.561686197918,56.96899689417971,99.2779946025861,134.01576882995468,-0.004637871780453717,4,7,3,0,0,17,29,17934.0
2026-07-20,17934.0,17937.0,17980.0,17868.80078125,-0.28,17985.0,18068.80078125,18157.0,18125.0,17925.0,17952.5,18063.68582589286,18022.478655133928,17921.6900390625,17792.461686197916,79.31304701668866,98.62973989074919,133.9145703406463,-0.0028356964136780904,0,7,3,0,0,20,30,17931.0
2026-07-21,17931.0,17931.0,17937.0,17864.0,-0.02,17934.0,17985.0,18068.80078125,18125.0,17935.0,17980.0,18035.971540178572,18022.192940848214,17920.056705729166,17802.811686197918,87.7618800887738,98.90804550997701,133.47695692010151,-0.00016728002676480447,1,7,3,0,0,21,30,17911.0
2026-07-22,17911.0,17911.0,17927.900390625,17727.80078125,-0.11,17931.0,17934.0,17985.0,18065.0,17998.0,17870.0,18013.971540178572,18015.978655133928,17921.423372395835,17812.828352864584,97.97969173533444,103.18554904647819,133.1562680135694,-0.0011153867603591605,2,7,3,0,0,22,30,17917.0
2026-07-23,17917.0,17917.0,18021.0,17882.0,0.03,17911.0,17931.0,17934.0,18111.0,17787.900390625,17694.5,17986.257254464286,18025.200055803572,17928.8400390625,17821.94501953125,93.28496316487536,85.4854680060014,126.09004726757898,0.00033498967115175304,3,7,3,0,0,23,30,17967.0
2026-07-24,17967.0,17967.900390625,17988.0,17891.599609375,0.28,17917.0,17911.0,17931.0,18157.0,17998.0,17694.5,17959.114397321428,18022.985770089286,17937.923372395835,17831.14501953125,55.18623009913792,86.63793303404302,118.19446584802184,0.0027906457554278674,4,7,3,0,0,24,30,17958.0
2026-07-27,17958.0,17947.0,18068.0,17931.0,-0.05,17967.0,17917.0,17911.0,18068.80078125,18046.0,17735.0,17943.285714285714,18016.700055803572,17945.356705729166,17840.69501953125,27.35394112641856,88.02100335187744,111.8335529710922,-0.0005009183503088543,0,7,3,0,0,27,31,18053.0
2026-07-28,18053.0,18053.0,18113.900390625,18044.30078125,0.53,17958.0,17967.0,17917.0,17985.0,17979.0,17705.0,17953.0,18021.985770089286,17956.956705729168,17852.661686197916,48.52147290882727,87.80455143619488,103.80261380446201,0.0052901213943645775,1,7,3,0,0,28,31,18053.0
2026-07-29,18053.0,18053.0,18109.099609375,18032.19921875,0.0,18053.0,17958.0,17967.0,17934.0,18125.0,17780.0,17970.0,18016.842912946428,17966.056705729166,17864.128352864584,60.19689914417605,83.29972548963259,99.63741767345326,0.0,2,7,3,0,0,29,31,18079.0
2026-07-30,18079.0,18079.0,18118.900390625,17845.30078125,0.14,18053.0,18053.0,17958.0,17931.0,18125.0,17785.4,17991.14285714286,18013.557198660714,17975.843372395833,17875.278352864585,69.48963608852344,79.52715095166623,95.61900187740389,0.0014402038442364873,3,7,3,0,0,30,31,18040.099609375
2026-07-31,18040.099609375,18040.099609375,18080.0,17899.599609375,-0.22,18079.0,18053.0,18053.0,17911.0,18065.0,17830.0,18009.58565848214,18011.77859933036,17982.846692708332,17884.3716796875,61.326699910806944,78.56072151241305,92.20180115262389,-0.0021516892872947,4,7,3,1,0,31,31,18030.0
2026-08-03,18030.0,18030.0,18052.0,17958.0,-0.06,18040.099609375,18079.0,18053.0,17917.0,18111.0,17840.0,18025.728515625,18005.99288504464,17989.180026041668,17893.788346354166,45.800806138441885,73.51175770610998,88.5026622189406,-0.0005598422178196838,0,8,3,0,0,3,32,17963.30078125
2026-08-04,17963.30078125,17963.30078125,18038.599609375,17945.0,-0.37,18030.0,18040.099609375,18079.0,17967.0,18157.0,17930.0,18025.200055803572,17992.1572265625,17990.290052083332,17902.093359375,46.60563564060056,59.86602445586148,87.94187156761997,-0.0036993465751524734,1,8,3,0,0,4,32,17963.0
2026-08-05,17963.0,17963.0,17981.0,17831.0,-0.0,17963.30078125,18030.0,18040.099609375,17958.0,18068.80078125,17920.0,18025.91434151786,17984.600027901786,17991.723385416666,17910.393359375,45.42748737306358,55.99971384354855,87.10315577979112,-1.674420829800294e-05,2,8,3,0,0,5,32,17873.0
2026-08-06,17873.0,17874.0,17916.0,17872.0,-0.5,17963.0,17963.30078125,18030.0,18053.0,17985.0,17910.0,18000.200055803572,17976.600027901786,17990.490052083333,17914.193359375,71.18348494331032,63.44348763771495,88.5501474608202,-0.005010298947837222,3,8,3,0,0,6,32,17912.0
2026-08-07,17912.0,17912.0,17937.0,17769.0,0.22,17873.0,17963.0,17963.30078125,18053.0,17934.0,17885.9,17980.057198660714,17975.02859933036,17991.360052083335,17917.726692708333,73.65890311826924,64.83696678616202,87.61035053909468,0.0021820623286521457,4,8,3,0,0,7,32,17794.0
2026-08-10,17794.0,17794.0,17827.0,17719.30078125,-0.66,17912.0,17873.0,17963.0,18079.0,17931.0,17850.7,17939.342912946428,17965.24288504464,17989.470052083332,17920.876692708334,87.34780655476408,80.4516160213338,91.28398451368717,-0.006587762393925889,0,8,3,0,0,10,33,17791.0
2026-08-11,17791.0,17794.0,17872.80078125,17749.599609375,-0.02,17794.0,17912.0,17873.0,18040.099609375,17911.0,17925.0,17903.757254464286,17956.671456473214,17985.003385416665,17923.310026041665,90.15465432481639,92.2086821158007,97.60682029186312,-0.00016859615600761657,1,8,3,0,0,11,33,17822.0
2026-08-12,17822.0,17823.0,17880.599609375,17784.900390625,0.17,17791.0,17794.0,17912.0,18030.0,17917.0,17935.0,17874.04296875,17949.8857421875,17981.23671875,17925.426692708334,74.53591595906947,98.62503490131061,101.69762168378077,0.001742454049800557,2,8,3,0,0,12,33,17853.0
2026-08-13,17853.0,17851.0,17890.900390625,17831.0,0.17,17822.0,17791.0,17794.0,17963.30078125,17967.0,17998.0,17858.285714285714,17941.74288504464,17976.403385416666,17927.393359375,63.339598686910215,101.7596455927758,104.28617730538699,0.001739423184827782,3,8,3,0,0,13,33,17863.0
2026-08-14,17863.0,17862.0,17863.0,17635.80078125,0.06,17853.0,17822.0,17791.0,17963.0,17958.0,17787.900390625,17844.0,17934.957170758928,17978.906705729165,17928.776692708332,44.15880433067554,103.74036986873405,100.43552519815951,0.0005601299501485357,4,8,3,0,0,14,33,17830.0
2026-08-17,17830.0,17827.0,17853.0,17745.5,-0.18,17863.0,17853.0,17822.0,17873.0,18053.0,17998.0,17837.85714285714,17919.02859933036,17973.306705729166,17929.610026041668,42.40844480043393,101.3131714257457,103.95612470687517,-0.0018473940547500955,0,8,3,0,0,17,34,17824.0
2026-08-18,17824.0,17824.0,17874.900390625,17460.19921875,-0.03,17830.0,17863.0,17853.0,17912.0,18053.0,18046.0,17825.285714285714,17902.671456473214,17965.906705729165,17930.343359375,27.01674965314737,96.38583359661706,106.47401777960457,-0.00033651149747615516,1,8,3,0,0,18,34,17768.5
2026-08-19,17768.5,17797.80078125,17871.0,17768.900390625,-0.31,17824.0,17830.0,17863.0,17794.0,18079.0,17979.0,17821.64285714286,17880.49288504464,17958.8900390625,17928.651692708332,32.99585110877566,88.05450845785835,112.35500114407316,-0.0031137791741472354,2,8,3,0,0,19,34,17807.0
2026-08-20,17807.0,17807.0,17816.400390625,17721.599609375,0.22,17768.5,17824.0,17830.0,17791.0,18040.099609375,18125.0,17823.928571428572,17863.842912946428,17948.2900390625,17927.601692708333,31.014013728235827,76.88280276116396,111.13722599036913,0.0021667557756703815,3,8,3,0,0,20,34,17755.0
2026-08-21,17755.0,17754.0,17763.400390625,17606.30078125,-0.29,17807.0,17768.5,17824.0,17822.0,18030.0,18125.0,17814.35714285714,17844.200055803572,17935.956705729168,17926.268359375,40.57371304666221,65.44484823799839,111.38072367692997,-0.002920199921379263,4,8,3,0,0,21,34,17655.0
2026-08-24,17655.0,17650.0,17728.400390625,17621.0,-0.56,17755.0,17807.0,17768.5,17853.0,17963.30078125,18065.0,17786.071428571428,17822.178571428572,17922.2900390625,17921.435026041665,68.53005944501508,73.64248542204493,119.83400414908301,-0.005632216277105084,0,8,3,0,0,24,35,17714.599609375
2026-08-25,17714.599609375,17720.0,17738.30078125,17566.0,0.34,17655.0,17755.0,17807.0,17863.0,17963.0,18111.0,17764.87137276786,17804.435686383928,17909.076692708335,17916.261686197915,63.537828050061954,66.70083745553956,120.16247011961103,0.003375792091475427,1,8,3,0,0,25,35,17695.0
2026-08-26,17695.0,17648.19921875,17732.400390625,17648.19921875,-0.11,17714.599609375,17655.0,17755.0,17830.0,17873.0,18157.0,17745.58565848214,17791.72140066964,17893.676692708334,17910.928352864583,60.9084460189663,69.53083644634351,116.85234148342774,-0.0011064099560357255,2,8,3,0,0,26,35,17778.0
2026-08-27,17778.0,17781.0,17794.0,17684.400390625,0.47,17695.0,17714.599609375,17655.0,17824.0,17912.0,18068.80078125,17739.014229910714,17782.149972098214,17883.983333333334,17904.311686197918,53.00727567159314,60.3118484155932,113.84705953282081,0.0046905905623058075,3,8,3,0,0,27,35,17749.0
2026-08-28,17749.0,17744.0,17750.900390625,17676.900390625,-0.16,17778.0,17695.0,17714.599609375,17768.5,17794.0,17985.0,17736.228515625,17778.935686383928,17876.116666666665,17899.211686197916,51.69560133237159,60.82863849983819,114.77609927275522,-0.001631229609629914,4,8,3,0,0,28,35,17749.0
2026-08-31,17749.0,17749.0,17776.19921875,17699.0,0.0,17749.0,17778.0,17695.0,17807.0,17791.0,17934.0,17727.942801339286,17775.935686383928,17869.95,17895.82001953125,42.24639544115872,61.22229361353579,116.51555605733344,0.0,0,8,3,1,0,31,36,17689.900390625
2026-09-01,17689.900390625,17702.0,17763.30078125,17667.099609375,-0.33,17749.0,17749.0,17778.0,17755.0,17822.0,17931.0,17718.64285714286,17766.5,17861.913346354166,17890.985026041668,42.46225352361043,63.70599579368358,120.40928687097522,-0.00332974304890421,1,9,3,0,1,1,36,17697.19921875
2026-09-02,17697.19921875,17698.099609375,17782.599609375,17671.400390625,0.04,17689.900390625,17749.0,17749.0,17655.0,17853.0,17911.0,17724.671316964286,17755.37137276786,17854.786653645835,17888.105013020835,34.09124499854619,60.9832260453704,123.68634501835756,0.0004125985994170023,2,9,3,0,0,2,36,17723.0
2026-09-03,17723.0,17723.0,17737.0,17580.0,0.15,17697.19921875,17689.900390625,17749.0,17714.599609375,17863.0,17917.0,17725.87137276786,17745.37137276786,17848.319986979168,17888.580013020834,33.82442653471536,52.92257373583414,125.38131283756223,0.001457901949968754,3,9,3,0,0,3,36,17618.099609375
2026-09-04,17618.099609375,17618.0,17658.0,17516.30078125,-0.59,17723.0,17697.19921875,17689.900390625,17695.0,17830.0,17967.0,17714.885602678572,17730.23563058036,17836.689973958335,17887.306673177085,52.7280006250163,57.00149260443946,130.08650906023428,-0.005918884535631719,4,9,3,0,0,4,36,17638.0
2026-09-07,17638.0,17635.0,17666.0,17618.69921875,0.11,17618.099609375,17723.0,17697.19921875,17778.0,17824.0,17958.0,17694.885602678572,17716.94991629464,17826.023307291667,17885.690006510416,51.33131118768017,55.11088388073661,132.88583969408543,0.0011295424061747994,0,9,3,0,0,7,37,17664.0
2026-09-08,17664.0,17660.0,17664.0,17558.0,0.15,17638.0,17618.099609375,17723.0,17749.0,17768.5,18053.0,17682.742745535714,17709.48563058036,17813.056640625,17885.006673177082,46.19312836288195,54.66681487812924,128.8931454110184,0.0014740900328835682,1,9,3,0,0,8,37,17588.0
2026-09-09,17588.0,17591.0,17606.0,17436.0,-0.43,17664.0,17638.0,17618.099609375,17749.0,17807.0,18053.0,17659.742745535714,17693.8427734375,17797.556640625,17881.806673177085,47.759806515184955,55.9353396726877,126.98900588656248,-0.0043025362318840354,2,9,3,0,0,9,37,17501.0
2026-09-10,17501.0,17501.099609375,17596.0,17493.0,-0.49,17588.0,17664.0,17638.0,17689.900390625,17755.0,18079.0,17632.756975446428,17675.69991629464,17778.289973958334,17877.066673177083,74.0249371292325,73.12463128526335,126.66264780153979,-0.004946554468956088,3,9,3,0,0,10,37,17588.099609375
2026-09-11,17588.099609375,17589.0,17627.0,17541.0,0.5,17501.0,17588.0,17664.0,17697.19921875,17655.0,18040.099609375,17617.171316964286,17670.921316964286,17763.223307291668,17873.035,69.545232609329,76.68085167851397,121.2118863445322,0.00497683614507749,4,9,3,0,0,11,37,17606.0
