Date,Close,Open,High,Low,Change %
2015-01-29,12567.5,12502.5,12567.5,12502.5,0.65
2015-01-30,12667.5,12592.5,12667.5,12582.5,0.8
2015-02-02,12685.0,12683.0,12718.0,12680.0,0.14
2015-02-03,12654.0,12674.0,12674.0,12609.0,-0.24
2015-02-04,12625.0,12605.0,12640.0,12585.0,-0.23
2015-02-05,12632.5,12631.5,12660.5,12627.5,0.06
2015-02-06,12614.5,12633.5,12633.5,12603.5,-0.14
2015-02-09,12647.5,12632.5,12692.5,12632.5,0.26
2015-02-10,12672.5,12652.5,12672.5,12637.5,0.2
2015-02-11,12715.0,12680.0,12720.0,12680.0,0.34
2015-02-12,12792.5,12752.5,12837.5,12752.5,0.61
2015-02-13,12787.5,12737.5,12787.5,12737.5,-0.04
2015-02-16,12752.5,12752.5,12767.5,12732.5,-0.27
2015-02-17,12769.5,12741.5,12771.5,12740.5,0.13
2015-02-18,12842.5,12787.5,12847.5,12787.5,0.57
2015-02-19,12842.5,12842.5,12842.5,12842.5,0.0
2015-02-20,12812.5,12852.5,12867.5,12802.5,-0.23
2015-02-23,12834.5,12812.5,12835.5,12802.5,0.17
2015-02-24,12897.5,12842.5,12899.5,12802.5,0.49
2015-02-25,12873.5,12851.5,12891.5,12851.5,-0.19
2015-02-26,12837.5,12842.5,12869.5,12827.5,-0.28
2015-02-27,12925.0,12835.0,12945.0,12835.0,0.68
2015-03-02,12970.0,12955.0,13000.0,12950.0,0.35
2015-03-03,12965.0,12945.0,12982.0,12945.0,-0.04
2015-03-04,12982.5,12957.5,12982.5,12942.5,0.13
2015-03-05,12990.0,12990.0,13030.0,12979.0,0.06
2015-03-06,12980.0,13000.0,13005.0,12950.0,-0.08
2015-03-09,13050.0,13005.0,13075.0,13005.0,0.54
2015-03-10,13091.5,13053.5,13093.5,13047.5,0.32
2015-03-11,13190.5,13139.5,13244.5,13124.5,0.76
2015-03-12,13182.5,13147.5,13217.5,13147.5,-0.06
2015-03-13,13195.0,13155.0,13205.0,13150.0,0.09
2015-03-16,13242.0,13203.0,13247.0,13203.0,0.36
2015-03-17,13167.5,13222.5,13247.5,13162.5,-0.56
2015-03-18,13170.0,13160.0,13190.0,13150.0,0.02
2015-03-19,13035.0,13115.0,13115.0,12984.0,-1.03
2015-03-20,13116.0,13044.0,13124.0,13044.0,0.62
2015-03-23,13019.5,13030.5,13080.5,13005.5,-0.74
2015-03-24,12905.0,12985.0,12995.0,12900.0,-0.88
2015-03-25,12986.0,12914.0,12989.0,12909.0,0.63
2015-03-26,13019.0,12971.0,13026.0,12971.0,0.25
2015-03-27,13065.0,13025.0,13080.0,13025.0,0.35
2015-03-30,13075.0,13054.0,13092.0,13054.0,0.08
2015-03-31,13075.0,13070.0,13095.0,13067.0,0.0
2015-04-01,13042.5,13057.5,13062.5,13002.5,-0.25
2015-04-02,13002.5,12982.5,13012.5,12977.5,-0.31
2015-04-03,13002.5,13002.5,13002.5,13002.5,0.0
2015-04-06,12958.5,12951.5,12958.5,12921.5,-0.34
2015-04-07,12985.0,12955.0,12990.0,12953.0,0.2
2015-04-08,12955.0,12980.0,13010.0,12954.0,-0.23
2015-04-09,12898.0,12962.0,12982.0,12892.0,-0.44
2015-04-10,12915.0,12910.0,12935.0,12880.0,0.13
2015-04-13,12985.0,12905.0,12990.0,12905.0,0.54
2015-04-14,12980.5,12973.5,12992.5,12964.5,-0.03
2015-04-15,12900.5,12959.5,12987.5,12884.5,-0.62
2015-04-16,12856.0,12869.0,12874.0,12804.0,-0.34
2015-04-17,12850.0,12838.0,12875.0,12835.0,-0.05
2015-04-20,12890.0,12855.0,12900.0,12852.0,0.31
2015-04-21,12957.5,12937.5,12972.5,12917.5,0.52
2015-04-22,12900.0,12925.0,12965.0,12885.0,-0.44
2015-04-23,12955.0,12920.0,12961.0,12919.0,0.43
2015-04-24,12919.5,12924.5,12948.5,12909.5,-0.27
2015-04-27,12980.0,12930.0,12985.0,12915.0,0.47
2015-04-28,12980.0,12945.0,12995.0,12945.0,0.0
2015-04-29,12940.0,12935.0,12978.0,12935.0,-0.31
2015-04-30,12962.5,12924.5,12962.5,12912.5,0.17
2015-05-01,12962.5,12962.5,12962.5,12962.5,0.0
2015-05-04,12980.0,12975.0,13030.0,12974.0,0.14
2015-05-05,13047.5,12992.5,13047.5,12985.5,0.52
2015-05-06,13035.0,13030.0,13050.0,13005.0,-0.1
2015-05-07,13145.0,13035.0,13151.0,13025.0,0.84
2015-05-08,13127.5,13122.5,13192.5,13092.5,-0.13
2015-05-11,13155.0,13115.0,13165.0,13110.0,0.21
2015-05-12,13198.0,13166.0,13213.0,13166.0,0.33
2015-05-13,13137.5,13157.5,13197.5,13127.5,-0.46
2015-05-14,13137.5,13137.5,13137.5,13137.5,0.0
2015-05-15,13091.0,13052.0,13102.0,13052.0,-0.35
2015-05-18,13137.0,13085.0,13145.0,13085.0,0.35
2015-05-19,13115.5,13159.5,13189.5,13104.5,-0.16
2015-05-20,13175.0,13145.0,13185.0,13145.0,0.45
2015-05-21,13129.5,13127.5,13173.5,13105.5,-0.35
2015-05-22,13155.0,13105.0,13171.0,13105.0,0.19
2015-05-25,13186.5,13188.5,13193.5,13168.5,0.24
2015-05-26,13210.0,13175.0,13220.0,13175.0,0.18
2015-05-27,13202.0,13215.0,13241.0,13195.0,-0.06
2015-05-28,13221.5,13181.5,13225.5,13181.5,0.15
2015-05-29,13224.0,13191.0,13226.0,13191.0,0.02
2015-06-01,13222.5,13202.5,13237.5,13202.5,-0.01
2015-06-02,13222.5,13222.5,13222.5,13222.5,0.0
2015-06-03,13221.0,13191.0,13221.0,13190.0,-0.01
2015-06-04,13282.0,13213.0,13293.0,13213.0,0.46
2015-06-05,13275.5,13294.5,13299.5,13274.5,-0.05
2015-06-08,13379.5,13335.5,13385.5,13335.5,0.78
2015-06-09,13302.5,13332.5,13386.5,13296.5,-0.58
2015-06-10,13312.5,13307.5,13339.5,13287.5,0.08
2015-06-11,13320.5,13264.5,13325.5,13254.5,0.06
2015-06-12,13332.5,13302.5,13337.5,13302.5,0.09
2015-06-15,13335.0,13316.0,13340.0,13315.0,0.02
2015-06-16,13353.0,13330.0,13355.0,13325.0,0.13
2015-06-17,13367.5,13347.5,13373.5,13347.5,0.11
2015-06-18,13305.0,13338.0,13348.0,13298.0,-0.47
2015-06-19,13331.5,13306.5,13334.5,13301.5,0.2
2015-06-22,13310.0,13325.0,13335.0,13305.0,-0.16
2015-06-23,13255.0,13305.0,13325.0,13250.0,-0.41
2015-06-24,13303.5,13253.5,13308.5,13253.5,0.37
2015-06-25,13327.5,13292.5,13332.5,13292.5,0.18
2015-06-26,13310.0,13331.0,13348.0,13300.0,-0.13
2015-06-29,13345.0,13330.0,13380.0,13330.0,0.26
2015-06-30,13332.5,13324.5,13337.5,13312.5,-0.09
2015-07-01,13326.0,13343.0,13343.0,13303.0,-0.05
2015-07-02,13337.5,13327.5,13362.5,13324.5,0.09
2015-07-03,13320.0,13297.0,13327.0,13297.0,-0.13
2015-07-06,13349.5,13341.5,13361.5,13311.5,0.22
2015-07-07,13327.5,13302.5,13332.5,13287.5,-0.16
2015-07-08,13345.0,13330.0,13360.0,13320.0,0.13
2015-07-09,13336.0,13354.0,13359.0,13324.0,-0.07
2015-07-10,13313.5,13318.5,13318.5,13293.5,-0.17
2015-07-13,13300.0,13316.0,13317.0,13279.0,-0.1
2015-07-14,13335.0,13305.0,13350.0,13303.0,0.26
2015-07-15,13344.5,13322.5,13344.5,13312.5,0.07
2015-07-16,13344.5,13344.5,13344.5,13344.5,0.0
2015-07-17,13344.5,13344.5,13344.5,13344.5,0.0
2015-07-20,13344.5,13344.5,13344.5,13344.5,0.0
2015-07-21,13344.5,13344.5,13344.5,13344.5,0.0
2015-07-22,13377.5,13332.5,13382.5,13332.5,0.25
2015-07-23,13422.5,13377.5,13422.5,13372.5,0.34
2015-07-24,13445.0,13425.0,13462.0,13418.0,0.17
2015-07-27,13459.0,13441.0,13466.0,13441.0,0.1
2015-07-28,13462.5,13442.5,13466.5,13441.5,0.03
2015-07-29,13456.0,13421.0,13459.0,13421.0,-0.05
2015-07-30,13467.5,13457.5,13472.5,13452.5,0.09
2015-07-31,13527.5,13462.5,13527.5,13461.5,0.45
2015-08-03,13500.0,13495.0,13515.0,13474.0,-0.2
2015-08-04,13485.5,13492.5,13512.5,13477.5,-0.11
2015-08-05,13514.0,13496.0,13520.0,13481.0,0.21
2015-08-06,13541.5,13525.5,13541.5,13510.5,0.2
2015-08-07,13539.5,13526.5,13543.5,13523.5,-0.01
2015-08-10,13549.0,13531.0,13549.0,13526.0,0.07
2015-08-11,13600.0,13535.0,13600.0,13515.0,0.38
2015-08-12,13785.0,13655.0,13830.0,13655.0,1.36
2015-08-13,13745.0,13765.0,13795.0,13714.0,-0.29
2015-08-14,13787.5,13747.5,13790.5,13737.5,0.31
2015-08-17,13787.5,13787.5,13787.5,13787.5,0.0
2015-08-18,13818.0,13795.0,13853.0,13795.0,0.22
2015-08-19,13842.5,13807.5,13842.5,13802.5,0.18
2015-08-20,13870.0,13835.0,13880.0,13805.0,0.2
2015-08-21,13942.5,13877.5,13949.5,13877.5,0.52
2015-08-24,14047.0,13953.0,14048.0,13953.0,0.75
2015-08-25,14065.0,14050.0,14090.0,14035.0,0.13
2015-08-26,14122.5,14072.5,14125.5,14072.5,0.41
2015-08-27,13992.5,14082.5,14137.5,13982.5,-0.92
2015-08-28,13982.5,13977.5,14038.5,13967.5,-0.07
2015-08-31,14050.0,13975.0,14055.0,13975.0,0.48
2015-09-01,14097.5,14047.5,14099.5,14042.5,0.34
2015-09-02,14130.0,14085.0,14140.0,14085.0,0.23
2015-09-03,14169.0,14126.0,14169.0,14126.0,0.28
2015-09-04,14165.0,14155.0,14193.0,14155.0,-0.03
2015-09-07,14247.5,14212.5,14251.5,14202.5,0.58
2015-09-08,14280.0,14240.0,14298.0,14240.0,0.23
2015-09-09,14261.5,14281.5,14281.5,14216.5,-0.13
2015-09-10,14332.5,14282.5,14337.5,14257.5,0.5
2015-09-11,14330.0,14295.0,14335.0,14280.0,-0.02
2015-09-14,14347.5,14307.5,14347.5,14306.5,0.12
2015-09-15,14407.5,14341.5,14412.5,14341.5,0.42
2015-09-16,14455.0,14395.0,14465.0,14395.0,0.33
2015-09-17,14457.5,14442.5,14460.5,14437.5,0.02
2015-09-18,14375.0,14445.0,14485.0,14365.0,-0.57
2015-09-21,14455.0,14420.0,14463.0,14420.0,0.56
2015-09-22,14497.5,14462.5,14502.5,14462.5,0.29
2015-09-23,14647.5,14552.5,14652.5,14552.5,1.03
2015-09-24,14647.5,14647.5,14647.5,14647.5,0.0
2015-09-25,14685.0,14665.0,14705.0,14665.0,0.26
2015-09-28,14697.5,14682.5,14707.5,14657.5,0.09
2015-09-29,14682.5,14702.5,14732.5,14662.5,-0.1
2015-09-30,14650.0,14645.0,14675.0,14635.0,-0.22
2015-10-01,14670.0,14625.0,14683.0,14625.0,0.14
2015-10-02,14642.5,14692.5,14707.5,14642.5,-0.19
2015-10-05,14495.0,14630.0,14630.0,14485.0,-1.01
2015-10-06,14245.5,14464.5,14474.5,14144.5,-1.72
2015-10-07,13825.0,14185.0,14185.0,13725.0,-2.95
2015-10-08,13867.5,13777.5,13882.5,13707.5,0.31
2015-10-09,13420.0,13710.0,13820.0,13270.0,-3.23
2015-10-12,13405.0,13305.0,13485.0,13305.0,-0.11
2015-10-13,13619.5,13435.5,13630.5,13435.5,1.6
2015-10-14,13619.5,13619.5,13619.5,13619.5,0.0
2015-10-15,13455.0,13515.0,13515.0,13215.0,-1.21
2015-10-16,13530.0,13480.0,13580.0,13450.0,0.56
2015-10-19,13531.5,13501.5,13571.5,13501.5,0.01
2015-10-20,13645.0,13585.0,13655.0,13585.0,0.84
2015-10-21,13717.0,13680.0,13750.0,13665.0,0.53
2015-10-22,13657.5,13727.5,13732.5,13482.5,-0.43
2015-10-23,13635.0,13555.0,13650.0,13405.0,-0.16
2015-10-26,13645.0,13605.0,13680.0,13545.0,0.07
2015-10-27,13622.5,13647.5,13647.5,13572.5,-0.16
2015-10-28,13477.5,13627.5,13640.5,13472.5,-1.06
2015-10-29,13635.0,13560.0,13650.0,13515.0,1.17
2015-10-30,13687.5,13562.5,13707.5,13562.5,0.39
2015-11-02,13667.5,13652.5,13687.5,13632.5,-0.15
2015-11-03,13555.0,13580.0,13615.0,13535.0,-0.82
2015-11-04,13555.0,13465.0,13555.0,13425.0,0.0
2015-11-05,13565.0,13545.0,13645.0,13545.0,0.07
2015-11-06,13560.0,13555.0,13565.0,13525.0,-0.04
2015-11-09,13647.5,13662.5,13703.5,13627.5,0.65
2015-11-10,13609.5,13627.5,13642.5,13592.5,-0.28
2015-11-11,13602.5,13532.5,13607.5,13532.5,-0.05
2015-11-12,13602.5,13602.5,13632.5,13552.5,0.0
2015-11-13,13665.0,13595.0,13688.0,13595.0,0.46
2015-11-16,13727.5,13692.5,13742.5,13662.5,0.46
2015-11-17,13747.5,13682.5,13747.5,13682.5,0.15
2015-11-18,13799.5,13710.5,13800.5,13670.5,0.38
2015-11-19,13777.5,13752.5,13797.5,13727.5,-0.16
2015-11-20,13655.0,13705.0,13745.0,13605.0,-0.89
2015-11-23,13723.0,13647.0,13723.0,13647.0,0.5
2015-11-24,13707.5,13677.5,13732.5,13677.5,-0.11
2015-11-25,13687.5,13652.5,13707.5,13642.5,-0.15
2015-11-26,13728.5,13708.5,13738.5,13708.5,0.3
2015-11-27,13780.0,13735.0,13780.0,13735.0,0.38
2015-11-30,13835.0,13780.0,13850.0,13780.0,0.4
2015-12-01,13782.5,13827.5,13837.5,13781.5,-0.38
2015-12-02,13797.5,13752.5,13805.5,13737.5,0.11
2015-12-03,13843.5,13801.5,13851.5,13801.5,0.33
2015-12-04,13832.0,13832.0,13842.0,13821.0,-0.08
2015-12-07,13842.5,13802.5,13852.5,13802.5,0.08
2015-12-08,13872.5,13842.5,13875.5,13837.5,0.22
2015-12-09,13872.5,13872.5,13872.5,13872.5,0.0
2015-12-10,13935.0,13930.0,13979.0,13845.0,0.45
2015-12-11,13947.5,13912.5,13950.5,13902.5,0.09
2015-12-14,14077.5,14022.5,14092.5,14002.5,0.93
2015-12-15,14056.5,14051.5,14073.5,14026.5,-0.15
2015-12-16,14069.5,14034.5,14074.5,14033.5,0.09
2015-12-17,14006.5,14011.5,14056.5,14001.5,-0.45
2015-12-18,13917.5,14007.5,14036.5,13902.5,-0.64
2015-12-21,13772.5,13862.5,13922.5,13732.5,-1.04
2015-12-22,13675.0,13635.0,13695.0,13535.0,-0.71
2015-12-23,13642.5,13602.5,13672.5,13602.5,-0.24
2015-12-24,13642.5,13642.5,13642.5,13642.5,0.0
2015-12-25,13642.5,13642.5,13642.5,13642.5,0.0
2015-12-28,13650.0,13605.0,13665.0,13605.0,0.05
2015-12-29,13745.0,13635.0,13753.0,13635.0,0.7
2015-12-30,13782.5,13722.5,13822.5,13722.5,0.27
2015-12-31,13787.5,13772.5,13817.5,13772.5,0.04
2016-01-01,13787.5,13787.5,13787.5,13787.5,0.0
2016-01-04,13915.0,13805.0,13920.0,13805.0,0.92
2016-01-05,13862.5,13947.5,13962.5,13787.5,-0.38
2016-01-06,13947.5,13817.5,13947.5,13802.5,0.61
2016-01-07,13927.5,13922.5,13977.5,13862.5,-0.14
2016-01-08,13922.5,13907.5,13922.5,13852.5,-0.04
2016-01-11,13875.0,13915.0,13955.0,13870.0,-0.34
2016-01-12,13910.0,13855.0,13910.0,13810.0,0.25
2016-01-13,13827.5,13862.5,13882.5,13827.5,-0.59
2016-01-14,13910.0,13835.0,13965.0,13815.0,0.6
2016-01-15,13894.5,13814.5,13914.5,13814.5,-0.11
2016-01-18,13932.5,13902.5,13952.5,13902.5,0.27
2016-01-19,13880.0,13905.0,13927.0,13845.0,-0.38
2016-01-20,13960.0,13870.0,13960.0,13870.0,0.58
2016-01-21,13910.0,13908.0,13928.0,13863.0,-0.36
2016-01-22,13850.0,13855.0,13888.0,13844.0,-0.43
2016-01-25,13872.5,13812.5,13872.5,13812.5,0.16
2016-01-26,13900.0,13880.0,13925.0,13880.0,0.2
2016-01-27,13878.5,13851.5,13891.5,13846.5,-0.15
2016-01-28,13874.5,13889.5,13909.5,13864.5,-0.03
2016-01-29,13775.0,13805.0,13855.0,13755.0,-0.72
2016-02-01,13637.5,13752.5,13777.5,13572.5,-1.0
2016-02-02,13687.5,13622.5,13702.5,13607.5,0.37
2016-02-03,13765.0,13715.0,13835.0,13695.0,0.57
2016-02-04,13637.5,13672.5,13682.5,13632.5,-0.93
2016-02-05,13625.0,13625.0,13670.0,13595.0,-0.09
2016-02-08,13625.0,13625.0,13625.0,13625.0,0.0
2016-02-09,13605.0,13663.0,13713.0,13603.0,-0.15
2016-02-10,13462.5,13582.5,13602.5,13402.5,-1.05
2016-02-11,13462.5,13372.5,13462.5,13327.5,0.0
2016-02-12,13490.0,13455.0,13525.0,13424.0,0.2
2016-02-15,13375.0,13460.0,13490.0,13375.0,-0.85
2016-02-16,13400.0,13305.0,13415.0,13295.0,0.19
2016-02-17,13510.0,13445.0,13515.0,13445.0,0.82
2016-02-18,13495.0,13455.0,13505.0,13435.0,-0.11
2016-02-19,13495.0,13505.0,13565.0,13495.0,0.0
2016-02-22,13437.5,13482.5,13490.5,13422.5,-0.43
2016-02-23,13425.0,13405.0,13435.0,13380.0,-0.09
2016-02-24,13412.5,13427.5,13457.5,13407.5,-0.09
2016-02-25,13410.5,13384.5,13434.5,13384.5,-0.01
2016-02-26,13370.0,13380.0,13406.0,13360.0,-0.3
2016-02-29,13372.0,13380.0,13410.0,13371.0,0.01
2016-03-01,13350.0,13330.0,13380.0,13330.0,-0.16
2016-03-02,13290.0,13295.0,13325.0,13255.0,-0.45
2016-03-03,13235.0,13290.0,13290.0,13235.0,-0.41
2016-03-04,13135.0,13155.0,13175.0,13110.0,-0.76
2016-03-07,13090.0,13005.0,13090.0,12955.0,-0.34
2016-03-08,13143.0,13095.0,13160.0,13085.0,0.4
2016-03-09,13143.0,13143.0,13143.0,13143.0,0.0
2016-03-10,13072.5,13127.5,13162.5,13062.5,-0.54
2016-03-11,13070.0,13105.0,13105.0,13065.0,-0.02
2016-03-14,13060.0,12975.0,13060.0,12975.0,-0.08
2016-03-15,13177.5,13057.5,13177.5,13056.5,0.9
2016-03-16,13267.5,13162.5,13282.5,13132.5,0.68
2016-03-17,13095.0,13205.0,13205.0,13080.0,-1.3
2016-03-18,13117.5,13027.5,13127.5,13002.5,0.17
2016-03-21,13135.0,13125.0,13180.0,13125.0,0.13
2016-03-22,13180.0,13155.0,13190.0,13135.0,0.34
2016-03-23,13177.5,13152.5,13202.5,13141.5,-0.02
2016-03-24,13252.5,13202.5,13262.5,13152.5,0.57
2016-03-25,13252.5,13252.5,13252.5,13252.5,0.0
2016-03-28,13367.5,13277.5,13367.5,13277.5,0.87
2016-03-29,13397.5,13327.5,13432.5,13317.5,0.22
2016-03-30,13267.5,13302.5,13377.5,13255.5,-0.97
2016-03-31,13260.0,13255.0,13296.0,13240.0,-0.06
2016-04-01,13160.0,13175.0,13210.0,13155.0,-0.75
2016-04-04,13166.5,13121.5,13176.5,13121.5,0.05
2016-04-05,13219.0,13194.0,13234.0,13179.0,0.4
2016-04-06,13222.5,13212.5,13232.5,13172.5,0.03
2016-04-07,13160.0,13175.0,13212.0,13155.0,-0.47
2016-04-08,13142.5,13162.5,13187.5,13137.5,-0.13
2016-04-11,13127.5,13102.5,13139.5,13102.5,-0.11
2016-04-12,13113.5,13116.5,13126.5,13106.5,-0.11
2016-04-13,13160.0,13085.0,13190.0,13085.0,0.35
2016-04-14,13177.5,13217.5,13252.5,13177.5,0.13
2016-04-15,13175.0,13175.0,13180.0,13145.0,-0.02
2016-04-18,13175.0,13185.0,13220.0,13175.0,0.0
2016-04-19,13147.5,13132.5,13157.5,13132.5,-0.21
2016-04-20,13141.0,13105.0,13151.0,13105.0,-0.05
2016-04-21,13157.5,13152.5,13187.5,13147.5,0.13
2016-04-22,13197.5,13152.5,13207.5,13152.5,0.3
2016-04-25,13197.5,13202.5,13242.5,13192.5,0.0
2016-04-26,13200.0,13205.0,13230.0,13190.0,0.02
2016-04-27,13194.5,13182.5,13207.5,13152.5,-0.04
2016-04-28,13186.5,13161.5,13211.5,13151.5,-0.06
2016-04-29,13185.0,13174.0,13230.0,13118.0,-0.01
2016-05-02,13180.0,13175.0,13195.0,13175.0,-0.04
2016-05-03,13194.5,13144.5,13196.5,13134.5,0.11
2016-05-04,13241.5,13211.5,13251.5,13141.5,0.36
2016-05-05,13241.5,13241.5,13241.5,13241.5,0.0
2016-05-06,13241.5,13241.5,13241.5,13241.5,0.0
2016-05-09,13290.0,13305.0,13305.0,13275.0,0.37
2016-05-10,13287.5,13322.5,13337.5,13262.5,-0.02
2016-05-11,13305.0,13265.0,13305.0,13255.0,0.13
2016-05-12,13297.5,13302.5,13312.5,13282.5,-0.06
2016-05-13,13317.5,13302.5,13324.5,13297.5,0.15
2016-05-16,13302.5,13317.5,13332.5,13302.5,-0.11
2016-05-17,13298.5,13293.5,13308.5,13267.5,-0.03
2016-05-18,13389.0,13315.0,13389.0,13310.0,0.68
2016-05-19,13555.0,13445.0,13560.0,13430.0,1.24
2016-05-20,13607.5,13542.5,13652.5,13532.5,0.39
2016-05-23,13582.5,13587.5,13617.5,13557.5,-0.18
2016-05-24,13690.0,13565.0,13695.0,13565.0,0.79
2016-05-25,13655.0,13655.0,13685.0,13615.0,-0.26
2016-05-26,13603.5,13616.5,13636.5,13591.5,-0.38
2016-05-27,13583.0,13557.0,13587.0,13557.0,-0.15
2016-05-30,13645.0,13610.0,13655.0,13610.0,0.46
2016-05-31,13660.0,13625.0,13660.0,13595.0,0.11
2016-06-01,13660.0,13655.0,13695.0,13645.0,0.0
2016-06-02,13647.5,13671.5,13700.5,13642.5,-0.09
2016-06-03,13591.5,13621.5,13641.5,13586.5,-0.41
2016-06-06,13377.5,13502.5,13502.5,13367.5,-1.57
2016-06-07,13270.0,13375.0,13385.0,13260.0,-0.8
2016-06-08,13265.0,13245.0,13275.0,13205.0,-0.04
2016-06-09,13265.0,13215.0,13270.0,13205.0,0.0
2016-06-10,13297.5,13282.5,13317.5,13282.5,0.25
2016-06-13,13278.5,13326.5,13341.5,13266.5,-0.14
2016-06-14,13365.0,13270.0,13390.0,13265.0,0.65
2016-06-15,13372.5,13382.5,13417.5,13357.5,0.06
2016-06-16,13367.5,13322.5,13367.5,13302.5,-0.04
2016-06-17,13337.5,13352.5,13369.5,13332.5,-0.22
2016-06-20,13265.0,13285.0,13285.0,13245.0,-0.54
2016-06-21,13262.5,13252.5,13302.5,13252.5,-0.02
2016-06-22,13284.0,13274.0,13309.0,13274.0,0.16
2016-06-23,13257.5,13267.5,13270.5,13242.5,-0.2
2016-06-24,13380.0,13244.0,13435.0,13244.0,0.92
2016-06-27,13340.0,13385.0,13520.0,13293.0,-0.3
2016-06-28,13177.5,13307.5,13307.5,13157.5,-1.22
2016-06-29,13161.5,13161.5,13201.5,13131.5,-0.12
2016-06-30,13212.5,13172.5,13217.5,13157.5,0.39
2016-07-01,13140.0,13160.0,13185.0,13125.0,-0.55
2016-07-04,13127.5,13127.5,13127.5,13127.5,-0.1
2016-07-05,13127.5,13127.5,13127.5,13127.5,0.0
2016-07-06,13127.5,13127.5,13127.5,13127.5,0.0
2016-07-07,13127.5,13127.5,13127.5,13127.5,0.0
2016-07-08,13127.5,13127.5,13127.5,13127.5,0.0
2016-07-11,13090.0,13115.0,13125.0,13090.0,-0.29
2016-07-12,13120.0,13125.0,13165.0,13105.0,0.23
2016-07-13,13095.0,13095.0,13120.0,13084.0,-0.19
2016-07-14,13082.5,13072.5,13092.5,13071.5,-0.1
2016-07-15,13091.5,13061.5,13094.5,13061.5,0.07
2016-07-18,13087.5,13102.5,13117.5,13087.5,-0.03
2016-07-19,13089.0,13081.0,13091.0,13081.0,0.01
2016-07-20,13112.5,13092.5,13122.5,13082.5,0.18
2016-07-21,13100.0,13125.0,13130.0,13090.0,-0.1
2016-07-22,13108.5,13081.5,13109.5,13081.5,0.06
2016-07-25,13140.0,13120.0,13145.0,13120.0,0.24
2016-07-26,13167.5,13141.5,13167.5,13119.5,0.21
2016-07-27,13140.0,13145.0,13150.0,13106.0,-0.21
2016-07-28,13101.0,13101.0,13118.0,13093.0,-0.3
2016-07-29,13098.5,13091.5,13112.5,13081.5,-0.02
2016-08-01,13071.0,13081.0,13081.0,13066.0,-0.21
2016-08-02,13097.5,13062.5,13102.5,13062.5,0.2
2016-08-03,13125.0,13115.0,13142.0,13090.0,0.21
2016-08-04,13137.5,13132.5,13149.5,13132.5,0.1
2016-08-05,13128.5,13118.5,13131.5,13114.5,-0.07
2016-08-08,13130.0,13131.0,13151.0,13124.0,0.01
2016-08-09,13132.5,13122.5,13135.5,13117.5,0.02
2016-08-10,13113.5,13111.5,13124.5,13111.5,-0.14
2016-08-11,13117.0,13101.0,13124.0,13101.0,0.03
2016-08-12,13121.0,13111.0,13123.0,13111.0,0.03
2016-08-15,13112.5,13117.5,13124.5,13102.5,-0.06
2016-08-16,13096.0,13081.0,13104.0,13081.0,-0.13
2016-08-17,13096.0,13096.0,13096.0,13096.0,0.0
2016-08-18,13116.5,13100.5,13116.5,13090.5,0.16
2016-08-19,13157.5,13112.5,13157.5,13112.5,0.31
2016-08-22,13211.5,13161.5,13236.5,13161.5,0.41
2016-08-23,13219.0,13201.0,13231.0,13201.0,0.06
2016-08-24,13247.5,13232.5,13272.5,13232.5,0.22
2016-08-25,13241.5,13241.5,13271.5,13239.5,-0.05
2016-08-26,13206.0,13226.0,13244.0,13206.0,-0.27
2016-08-29,13265.0,13235.0,13285.0,13235.0,0.45
2016-08-30,13277.5,13242.5,13277.5,13242.5,0.09
2016-08-31,13267.5,13282.5,13308.5,13256.5,-0.08
2016-09-01,13268.0,13262.0,13280.0,13257.0,0.0
2016-09-02,13247.0,13247.0,13265.0,13235.0,-0.16
2016-09-05,13152.5,13217.5,13217.5,13147.5,-0.71
2016-09-06,13126.5,13151.5,13166.5,13121.5,-0.2
2016-09-07,13085.0,13080.0,13095.0,13075.0,-0.32
2016-09-08,13062.5,13062.5,13105.5,13057.5,-0.17
2016-09-09,13099.5,13082.5,13107.5,13071.5,0.28
2016-09-12,13099.5,13099.5,13099.5,13099.5,0.0
2016-09-13,13170.0,13130.0,13193.0,13130.0,0.54
2016-09-14,13204.5,13207.5,13240.5,13197.5,0.26
2016-09-15,13175.0,13185.0,13200.0,13160.0,-0.22
2016-09-16,13157.5,13132.5,13160.5,13117.5,-0.13
2016-09-19,13156.0,13161.0,13176.0,13151.0,-0.01
2016-09-20,13152.5,13142.5,13157.5,13137.5,-0.03
2016-09-21,13135.5,13131.5,13161.5,13131.5,-0.13
2016-09-22,13090.0,13090.0,13110.0,13080.0,-0.35
2016-09-23,13076.5,13061.5,13101.5,13051.5,-0.1
2016-09-26,13030.0,13075.0,13085.0,13030.0,-0.36
2016-09-27,12955.0,13023.0,13050.0,12935.0,-0.58
2016-09-28,12947.5,12932.5,12957.5,12917.5,-0.06
2016-09-29,12975.0,12940.0,12985.0,12930.0,0.21
2016-09-30,13051.0,12984.0,13054.0,12984.0,0.59
2016-10-03,12982.5,13022.5,13022.5,12967.5,-0.52
2016-10-04,12981.5,12981.5,12999.5,12971.5,-0.01
2016-10-05,12997.5,13002.5,13013.5,12982.5,0.12
2016-10-06,12987.0,12991.0,12996.0,12981.0,-0.08
2016-10-07,12985.0,13002.0,13007.0,12980.0,-0.02
2016-10-10,12977.5,12952.5,12982.5,12952.5,-0.06
2016-10-11,13012.5,12977.5,13017.5,12977.5,0.27
2016-10-12,13018.5,13001.5,13026.5,13001.5,0.05
2016-10-13,13077.5,13022.5,13077.5,13017.5,0.45
2016-10-14,13044.5,13052.5,13072.5,13032.5,-0.25
2016-10-17,13068.5,13036.5,13071.5,13036.5,0.18
2016-10-18,13032.0,13022.0,13054.0,13022.0,-0.28
2016-10-19,13007.5,13017.5,13017.5,12997.5,-0.19
2016-10-20,13007.5,12982.5,13010.5,12982.5,0.0
2016-10-21,13045.0,13015.0,13045.0,13010.0,0.29
2016-10-24,13013.0,13031.0,13051.0,13006.0,-0.25
2016-10-25,13006.0,13019.0,13029.0,13004.0,-0.05
2016-10-26,13007.5,12992.5,13009.5,12982.5,0.01
2016-10-27,13033.0,13011.0,13033.0,13011.0,0.2
2016-10-28,13050.5,13027.5,13052.5,13027.5,0.13
2016-10-31,13048.0,13051.0,13053.0,13040.0,-0.02
2016-11-01,13041.5,13026.5,13041.5,13026.5,-0.05
2016-11-02,13056.0,13041.0,13066.0,13040.0,0.11
2016-11-03,13075.0,13045.0,13075.0,13045.0,0.15
2016-11-04,13070.0,13080.0,13115.0,13065.0,-0.04
2016-11-07,13088.0,13072.0,13088.0,13071.0,0.14
2016-11-08,13084.0,13070.0,13091.0,13066.0,-0.03
2016-11-09,13099.0,13051.0,13176.0,13050.0,0.11
2016-11-10,13137.5,13112.5,13137.5,13107.5,0.29
2016-11-11,13287.5,13177.5,13492.5,13177.5,1.14
2016-11-14,13357.5,13302.5,13377.5,13302.5,0.53
2016-11-15,13362.5,13332.5,13392.5,13302.5,0.04
2016-11-16,13377.5,13352.5,13382.5,13332.5,0.11
2016-11-17,13372.5,13382.5,13399.5,13367.5,-0.04
2016-11-18,13427.5,13377.5,13431.5,13372.5,0.41
2016-11-21,13425.0,13430.0,13450.0,13425.0,-0.02
2016-11-22,13442.5,13402.5,13450.5,13402.5,0.13
2016-11-23,13482.5,13447.5,13487.5,13447.5,0.3
2016-11-24,13557.5,13502.5,13559.5,13501.5,0.56
2016-11-25,13517.5,13562.5,13577.5,13492.5,-0.3
2016-11-28,13530.0,13480.0,13545.0,13458.0,0.09
2016-11-29,13572.5,13502.5,13576.5,13502.5,0.31
2016-11-30,13552.5,13532.5,13572.5,13515.5,-0.15
2016-12-01,13545.0,13575.0,13590.0,13545.0,-0.06
2016-12-02,13525.0,13505.0,13535.0,13465.0,-0.15
2016-12-05,13432.5,13512.5,13522.5,13402.5,-0.68
2016-12-06,13382.5,13387.5,13419.5,13357.5,-0.37
2016-12-07,13325.0,13355.0,13360.0,13315.0,-0.43
2016-12-08,13286.5,13291.5,13311.5,13271.5,-0.29
2016-12-09,13327.5,13322.5,13342.5,13317.5,0.31
2016-12-12,13327.5,13327.5,13327.5,13327.5,0.0
2016-12-13,13307.5,13302.5,13315.5,13297.5,-0.15
2016-12-14,13296.0,13284.0,13296.0,13274.0,-0.09
2016-12-15,13397.5,13302.5,13397.5,13302.5,0.76
2016-12-16,13390.0,13405.0,13435.0,13365.0,-0.06
2016-12-19,13384.0,13384.0,13389.0,13374.0,-0.04
2016-12-20,13427.5,13372.5,13427.5,13372.5,0.33
2016-12-21,13469.0,13431.0,13486.0,13431.0,0.31
2016-12-22,13452.5,13452.5,13452.5,13427.5,-0.12
2016-12-23,13450.0,13455.0,13479.0,13435.0,-0.02
2016-12-26,13450.0,13450.0,13450.0,13450.0,0.0
2016-12-27,13447.5,13432.5,13447.5,13422.5,-0.02
2016-12-28,13442.5,13412.5,13462.5,13412.5,-0.04
2016-12-29,13462.5,13447.5,13482.5,13447.5,0.15
2016-12-30,13472.5,13447.5,13472.5,13422.5,0.07
2017-01-02,13472.5,13472.5,13472.5,13472.5,0.0
2017-01-03,13479.5,13461.5,13486.5,13461.5,0.05
2017-01-04,13440.0,13470.0,13485.0,13435.0,-0.29
2017-01-05,13375.0,13405.0,13405.0,13315.0,-0.48
2017-01-06,13365.0,13340.0,13365.0,13334.0,-0.07
2017-01-09,13365.0,13390.0,13398.0,13365.0,0.0
2017-01-10,13315.0,13325.0,13335.0,13285.0,-0.37
2017-01-11,13329.0,13311.0,13331.0,13301.0,0.11
2017-01-12,13290.0,13285.0,13310.0,13265.0,-0.29
2017-01-13,13331.5,13295.5,13333.5,13293.5,0.31
2017-01-16,13366.5,13303.5,13368.5,13303.5,0.26
2017-01-17,13351.5,13351.5,13381.5,13331.5,-0.11
2017-01-18,13342.5,13322.5,13342.5,13317.5,-0.07
2017-01-19,13373.0,13375.0,13385.0,13355.0,0.23
2017-01-20,13410.0,13395.0,13410.0,13375.0,0.28
2017-01-23,13360.0,13380.0,13385.0,13345.0,-0.37
2017-01-24,13331.0,13339.0,13341.0,13304.0,-0.22
2017-01-25,13360.5,13339.5,13364.5,13334.5,0.22
2017-01-26,13336.0,13311.0,13342.0,13311.0,-0.18
2017-01-27,13358.5,13356.5,13366.5,13346.5,0.17
2017-01-30,13345.0,13335.0,13358.0,13335.0,-0.1
2017-01-31,13352.0,13340.0,13360.0,13335.0,0.05
2017-02-01,13372.5,13342.5,13387.5,13337.5,0.15
2017-02-02,13352.5,13362.5,13377.5,13347.5,-0.15
2017-02-03,13345.0,13365.0,13375.0,13340.0,-0.06
2017-02-06,13322.5,13317.5,13334.5,13316.5,-0.17
2017-02-07,13328.5,13324.5,13339.5,13319.5,0.05
2017-02-08,13325.0,13338.0,13345.0,13324.0,-0.03
2017-02-09,13302.5,13312.5,13317.5,13282.5,-0.17
2017-02-10,13315.5,13315.5,13322.5,13303.5,0.1
2017-02-13,13326.5,13326.5,13331.5,13316.5,0.08
2017-02-14,13330.5,13322.5,13334.5,13315.5,0.03
2017-02-15,13330.5,13330.5,13330.5,13330.5,0.0
2017-02-16,13320.0,13315.0,13336.0,13315.0,-0.08
2017-02-17,13332.5,13327.5,13337.5,13322.5,0.09
2017-02-20,13354.0,13331.0,13359.0,13326.0,0.16
2017-02-21,13372.5,13367.5,13377.5,13360.5,0.14
2017-02-22,13367.0,13360.0,13368.0,13350.0,-0.04
2017-02-23,13351.0,13356.0,13363.0,13344.0,-0.12
2017-02-24,13330.5,13326.5,13337.5,13326.5,-0.15
2017-02-27,13342.5,13331.5,13349.5,13331.5,0.09
2017-02-28,13336.0,13350.0,13355.0,13336.0,-0.05
2017-03-01,13362.0,13356.0,13366.0,13351.0,0.19
2017-03-02,13358.5,13361.5,13366.5,13351.5,-0.03
2017-03-03,13382.5,13362.5,13382.5,13362.5,0.18
2017-03-06,13350.0,13362.0,13372.0,13342.0,-0.24
2017-03-07,13347.0,13339.0,13351.0,13339.0,-0.02
2017-03-08,13350.0,13350.0,13353.0,13338.0,0.02
2017-03-09,13386.5,13366.5,13386.5,13366.5,0.27
2017-03-10,13379.0,13386.0,13396.0,13379.0,-0.06
2017-03-13,13356.0,13351.0,13366.0,13351.0,-0.17
2017-03-14,13371.5,13356.5,13373.5,13356.5,0.12
2017-03-15,13365.0,13365.0,13380.0,13365.0,-0.05
2017-03-16,13348.5,13323.5,13353.5,13323.5,-0.12
2017-03-17,13345.0,13333.0,13356.0,13323.0,-0.03
2017-03-20,13313.5,13331.5,13336.5,13306.5,-0.24
2017-03-21,13319.0,13301.0,13324.0,13296.0,0.04
2017-03-22,13329.0,13326.0,13339.0,13316.0,0.08
2017-03-23,13324.5,13325.5,13331.5,13320.5,-0.03
2017-03-24,13326.5,13320.5,13335.5,13320.5,0.02
2017-03-27,13310.5,13301.5,13319.5,13301.5,-0.12
2017-03-28,13310.5,13310.5,13310.5,13310.5,0.0
2017-03-29,13313.5,13311.5,13333.5,13306.5,0.02
2017-03-30,13316.0,13308.0,13328.0,13303.0,0.02
2017-03-31,13325.5,13317.5,13327.5,13312.5,0.07
2017-04-03,13322.5,13317.5,13327.5,13317.5,-0.02
2017-04-04,13328.0,13326.0,13330.0,13319.0,0.04
2017-04-05,13321.0,13326.0,13331.0,13316.0,-0.05
2017-04-06,13335.5,13317.5,13339.5,13317.5,0.11
2017-04-07,13317.5,13332.5,13347.5,13317.5,-0.13
2017-04-10,13286.5,13326.5,13329.5,13276.5,-0.23
2017-04-11,13281.5,13271.5,13291.5,13271.5,-0.04
2017-04-12,13275.0,13286.0,13301.0,13266.0,-0.05
2017-04-13,13256.5,13251.5,13267.5,13246.5,-0.14
2017-04-14,13256.5,13256.5,13256.5,13256.5,0.0
2017-04-17,13285.5,13252.5,13285.5,13252.5,0.22
2017-04-18,13296.5,13276.5,13301.5,13276.5,0.08
2017-04-19,13296.5,13296.5,13296.5,13296.5,0.0
2017-04-20,13323.5,13321.5,13336.5,13315.5,0.2
2017-04-21,13320.0,13321.0,13324.0,13312.0,-0.03
2017-04-24,13320.0,13320.0,13320.0,13320.0,0.0
2017-04-25,13277.5,13302.5,13305.5,13277.5,-0.32
2017-04-26,13285.0,13279.0,13287.0,13272.0,0.06
2017-04-27,13314.0,13286.0,13317.0,13286.0,0.22
2017-04-28,13329.0,13317.0,13340.0,13317.0,0.11
2017-05-01,13329.0,13329.0,13329.0,13329.0,0.0
2017-05-02,13311.5,13326.5,13326.5,13296.5,-0.13
2017-05-03,13305.5,13292.5,13312.5,13291.5,-0.05
2017-05-04,13327.5,13316.5,13333.5,13316.5,0.17
2017-05-05,13330.0,13333.0,13348.0,13328.0,0.02
2017-05-08,13309.5,13327.5,13332.5,13302.5,-0.15
2017-05-09,13350.0,13315.0,13353.0,13315.0,0.3
2017-05-10,13357.5,13341.5,13364.5,13341.5,0.06
2017-05-11,13357.5,13357.5,13357.5,13357.5,0.0
2017-05-12,13329.5,13337.5,13347.5,13319.5,-0.21
2017-05-15,13304.0,13316.0,13321.0,13298.0,-0.19
2017-05-16,13300.5,13294.5,13308.5,13294.5,-0.03
2017-05-17,13323.5,13286.5,13323.5,13281.5,0.17
2017-05-18,13355.5,13337.5,13357.5,13327.5,0.24
2017-05-19,13335.0,13395.0,13420.0,13315.0,-0.15
2017-05-22,13302.5,13292.5,13308.5,13282.5,-0.24
2017-05-23,13302.5,13288.5,13310.5,13287.5,0.0
2017-05-24,13308.5,13306.5,13321.5,13306.5,0.05
2017-05-25,13308.5,13308.5,13308.5,13308.5,0.0
2017-05-26,13294.5,13300.5,13300.5,13288.5,-0.11
2017-05-29,13321.5,13296.5,13322.5,13296.5,0.2
2017-05-30,13323.5,13320.5,13338.5,13319.5,0.02
2017-05-31,13322.5,13311.5,13323.5,13310.5,-0.01
2017-06-01,13322.5,13322.5,13322.5,13322.5,0.0
2017-06-02,13304.0,13301.0,13314.0,13301.0,-0.14
2017-06-05,13286.0,13291.0,13291.0,13276.0,-0.14
2017-06-06,13298.0,13286.0,13298.0,13276.0,0.09
2017-06-07,13304.0,13306.0,13311.0,13301.0,0.05
2017-06-08,13298.0,13317.0,13322.0,13292.0,-0.05
2017-06-09,13291.5,13301.5,13306.5,13284.5,-0.05
2017-06-12,13298.0,13281.0,13299.0,13281.0,0.05
2017-06-13,13291.5,13296.5,13296.5,13288.5,-0.05
2017-06-14,13282.5,13287.5,13290.5,13282.5,-0.07
2017-06-15,13286.0,13277.0,13286.0,13272.0,0.03
2017-06-16,13297.5,13297.5,13302.5,13281.5,0.09
2017-06-19,13289.0,13291.0,13291.0,13281.0,-0.06
2017-06-20,13288.5,13295.5,13301.5,13288.5,0.0
2017-06-21,13318.5,13306.5,13321.5,13293.5,0.23
2017-06-22,13327.5,13310.5,13327.5,13307.5,0.07
2017-06-23,13327.5,13327.5,13327.5,13327.5,0.0
2017-06-26,13327.5,13327.5,13327.5,13327.5,0.0
2017-06-27,13327.5,13327.5,13327.5,13327.5,0.0
2017-06-28,13327.5,13327.5,13327.5,13327.5,0.0
2017-06-29,13327.5,13327.5,13327.5,13327.5,0.0
2017-06-30,13327.5,13327.5,13327.5,13327.5,0.0
2017-07-03,13367.5,13302.5,13375.5,13302.5,0.3
2017-07-04,13363.5,13386.5,13391.5,13356.5,-0.03
2017-07-05,13364.0,13351.0,13364.0,13341.0,0.0
2017-07-06,13388.0,13366.0,13388.0,13360.0,0.18
2017-07-07,13403.0,13381.0,13411.0,13376.0,0.11
2017-07-10,13399.0,13398.0,13413.0,13393.0,-0.03
2017-07-11,13391.0,13386.0,13401.0,13381.0,-0.06
2017-07-12,13369.5,13370.5,13372.5,13358.5,-0.16
2017-07-13,13347.5,13349.5,13349.5,13329.5,-0.16
2017-07-14,13338.5,13336.5,13349.5,13336.5,-0.07
2017-07-17,13327.5,13302.5,13331.5,13302.5,-0.08
2017-07-18,13309.0,13316.0,13319.0,13301.0,-0.14
2017-07-19,13318.0,13296.0,13321.0,13296.0,0.07
2017-07-20,13334.5,13314.5,13337.5,13312.5,0.12
2017-07-21,13312.5,13319.5,13325.5,13309.5,-0.16
2017-07-24,13310.0,13315.0,13321.0,13306.0,-0.02
2017-07-25,13326.0,13312.0,13326.0,13311.0,0.12
2017-07-26,13336.0,13331.0,13341.0,13329.0,0.08
2017-07-27,13318.0,13311.0,13321.0,13310.0,-0.13
2017-07-28,13326.5,13315.5,13330.5,13315.5,0.06
2017-07-31,13325.0,13323.0,13327.0,13321.0,-0.01
2017-08-01,13324.0,13316.0,13324.0,13311.0,-0.01
2017-08-02,13324.0,13323.0,13334.0,13321.0,0.0
2017-08-03,13325.5,13328.5,13331.5,13325.5,0.01
2017-08-04,13316.0,13322.0,13325.0,13313.0,-0.07
2017-08-07,13321.0,13319.0,13322.0,13316.0,0.04
2017-08-08,13313.0,13320.0,13320.0,13301.0,-0.06
2017-08-09,13332.5,13320.5,13333.5,13318.5,0.15
2017-08-10,13334.0,13339.0,13351.0,13334.0,0.01
2017-08-11,13357.5,13362.5,13377.5,13352.5,0.18
2017-08-14,13349.0,13347.0,13352.0,13337.0,-0.06
2017-08-15,13361.0,13348.0,13361.0,13341.0,0.09
2017-08-16,13378.5,13356.5,13381.5,13356.5,0.13
2017-08-17,13378.5,13378.5,13378.5,13378.5,0.0
2017-08-18,13362.0,13361.0,13370.0,13356.0,-0.12
2017-08-21,13350.5,13354.5,13359.5,13347.5,-0.09
2017-08-22,13343.0,13341.0,13347.0,13334.0,-0.06
2017-08-23,13358.5,13333.5,13362.5,13333.5,0.12
2017-08-24,13346.5,13347.5,13355.5,13340.5,-0.09
2017-08-25,13345.5,13335.5,13348.5,13335.5,-0.01
2017-08-28,13340.0,13333.0,13341.0,13331.0,-0.04
2017-08-29,13339.5,13341.5,13349.5,13335.5,0.0
2017-08-30,13346.5,13339.5,13348.5,13339.5,0.05
2017-08-31,13343.0,13346.0,13353.0,13337.0,-0.03
2017-09-01,13343.0,13343.0,13343.0,13343.0,0.0
2017-09-04,13342.5,13341.5,13346.5,13336.5,0.0
2017-09-05,13337.5,13335.5,13340.5,13330.5,-0.04
2017-09-06,13337.5,13334.5,13340.5,13334.5,0.0
2017-09-07,13306.5,13333.5,13333.5,13305.5,-0.23
2017-09-08,13204.0,13294.0,13294.0,13204.0,-0.77
2017-09-11,13162.5,13187.5,13187.5,13137.5,-0.31
2017-09-12,13195.0,13195.0,13227.0,13180.0,0.25
2017-09-13,13202.5,13206.5,13214.5,13198.5,0.06
2017-09-14,13249.5,13230.5,13249.5,13230.5,0.36
2017-09-15,13240.0,13262.0,13269.0,13230.0,-0.07
2017-09-18,13255.0,13245.0,13257.0,13235.0,0.11
2017-09-19,13278.5,13258.5,13278.5,13253.5,0.18
2017-09-20,13281.5,13277.5,13284.5,13265.5,0.02
2017-09-21,13281.5,13281.5,13281.5,13281.5,0.0
2017-09-22,13312.5,13327.5,13342.5,13307.5,0.23
2017-09-25,13326.0,13296.0,13326.0,13296.0,0.1
2017-09-26,13376.5,13341.5,13381.5,13341.5,0.38
2017-09-27,13440.0,13385.0,13440.0,13370.0,0.47
2017-09-28,13515.0,13427.0,13555.0,13427.0,0.56
2017-09-29,13471.5,13476.5,13496.5,13446.5,-0.32
2017-10-02,13537.5,13477.5,13577.5,13477.5,0.49
2017-10-03,13542.5,13587.5,13587.5,13535.5,0.04
2017-10-04,13476.5,13496.5,13496.5,13456.5,-0.49
2017-10-05,13457.5,13482.5,13492.5,13457.5,-0.14
2017-10-06,13504.0,13486.0,13506.0,13476.0,0.35
2017-10-09,13516.5,13501.5,13516.5,13495.5,0.09
2017-10-10,13513.0,13501.0,13513.0,13481.0,-0.03
2017-10-11,13517.0,13492.0,13527.0,13492.0,0.03
2017-10-12,13504.5,13508.5,13525.5,13490.5,-0.09
2017-10-13,13499.0,13503.0,13518.0,13491.0,-0.04
2017-10-16,13482.5,13482.5,13489.5,13467.5,-0.12
2017-10-17,13506.5,13486.5,13513.5,13481.5,0.18
2017-10-18,13516.0,13504.0,13516.0,13501.0,0.07
2017-10-19,13523.0,13512.0,13532.0,13510.0,0.05
2017-10-20,13518.5,13511.5,13526.5,13501.5,-0.03
2017-10-23,13542.5,13532.5,13543.5,13527.5,0.18
2017-10-24,13532.5,13529.5,13536.5,13522.5,-0.07
2017-10-25,13577.5,13562.5,13577.5,13562.5,0.33
2017-10-26,13581.5,13561.5,13601.5,13551.5,0.03
2017-10-27,13616.5,13633.5,13643.5,13608.5,0.26
2017-10-30,13584.0,13589.0,13609.0,13574.0,-0.24
2017-10-31,13562.5,13562.5,13578.5,13552.5,-0.16
2017-11-01,13580.0,13585.0,13600.0,13575.0,0.13
2017-11-02,13551.0,13571.0,13576.0,13541.0,-0.21
2017-11-03,13497.5,13517.5,13517.5,13467.5,-0.39
2017-11-06,13524.5,13531.5,13539.5,13516.5,0.2
2017-11-07,13513.5,13496.5,13514.5,13491.5,-0.08
2017-11-08,13517.0,13522.0,13530.0,13515.0,0.03
2017-11-09,13515.0,13518.0,13520.0,13509.0,-0.01
2017-11-10,13532.5,13507.5,13537.5,13507.5,0.13
2017-11-13,13551.5,13551.5,13558.5,13545.5,0.14
2017-11-14,13553.5,13546.5,13555.5,13528.5,0.01
2017-11-15,13535.0,13542.0,13547.0,13527.0,-0.14
2017-11-16,13542.0,13542.0,13549.0,13532.0,0.05
2017-11-17,13527.5,13522.5,13530.5,13512.5,-0.11
2017-11-20,13535.0,13522.0,13537.0,13517.0,0.06
2017-11-21,13533.5,13531.5,13546.5,13531.5,-0.01
2017-11-22,13526.0,13518.0,13527.0,13511.0,-0.06
2017-11-23,13513.0,13507.0,13517.0,13492.0,-0.1
2017-11-24,13502.5,13507.5,13513.5,13500.5,-0.08
2017-11-27,13518.5,13504.5,13521.5,13504.5,0.12
2017-11-28,13508.5,13528.5,13530.5,13503.5,-0.07
2017-11-29,13502.5,13510.5,13517.5,13495.5,-0.04
2017-11-30,13526.0,13512.0,13526.0,13512.0,0.17
2017-12-01,13526.0,13526.0,13526.0,13526.0,0.0
2017-12-04,13526.0,13531.0,13533.0,13516.0,0.0
2017-12-05,13519.0,13511.0,13520.0,13511.0,-0.05
2017-12-06,13539.0,13521.0,13539.0,13516.0,0.15
2017-12-07,13553.5,13548.5,13558.5,13547.5,0.11
2017-12-08,13547.5,13557.5,13560.5,13539.5,-0.04
2017-12-11,13552.5,13542.5,13552.5,13542.5,0.04
2017-12-12,13568.5,13549.5,13571.5,13546.5,0.12
2017-12-13,13585.0,13595.0,13596.0,13585.0,0.12
2017-12-14,13577.5,13562.5,13580.5,13560.5,-0.06
2017-12-15,13578.5,13566.5,13578.5,13563.5,0.01
2017-12-18,13581.5,13571.5,13588.5,13571.5,0.02
2017-12-19,13576.5,13576.5,13588.5,13574.5,-0.04
2017-12-20,13577.5,13577.5,13584.5,13577.5,0.01
2017-12-21,13557.5,13542.5,13567.5,13537.5,-0.15
2017-12-22,13561.0,13556.0,13562.0,13546.0,0.03
2017-12-25,13561.0,13561.0,13561.0,13561.0,0.0
2017-12-26,13561.0,13561.0,13561.0,13561.0,0.0
2017-12-27,13560.5,13551.5,13565.5,13551.5,0.0
2017-12-28,13562.0,13554.0,13566.0,13554.0,0.01
2017-12-29,13567.5,13542.5,13567.5,13542.5,0.04
2018-01-01,13567.5,13567.5,13567.5,13567.5,0.0
2018-01-02,13517.5,13537.5,13555.5,13514.5,-0.37
2018-01-03,13478.0,13500.0,13509.0,13476.0,-0.29
2018-01-04,13423.5,13466.5,13481.5,13411.5,-0.4
2018-01-05,13415.5,13413.5,13435.5,13392.5,-0.06
2018-01-08,13426.5,13405.5,13426.5,13390.5,0.08
2018-01-09,13437.5,13429.5,13440.5,13407.5,0.08
2018-01-10,13436.5,13435.5,13455.5,13427.5,-0.01
2018-01-11,13399.5,13428.5,13430.5,13399.5,-0.28
2018-01-12,13353.5,13368.5,13371.5,13353.5,-0.34
2018-01-15,13334.5,13325.5,13338.5,13315.5,-0.14
2018-01-16,13337.5,13330.5,13340.5,13325.5,0.02
2018-01-17,13357.5,13317.5,13362.5,13317.5,0.15
2018-01-18,13346.0,13361.0,13371.0,13341.0,-0.09
2018-01-19,13313.5,13338.5,13343.5,13286.5,-0.24
2018-01-22,13347.5,13320.5,13350.5,13320.5,0.26
2018-01-23,13325.0,13335.0,13336.0,13310.0,-0.17
2018-01-24,13313.5,13317.5,13330.5,13309.5,-0.09
2018-01-25,13288.5,13291.5,13296.5,13266.5,-0.19
2018-01-26,13307.0,13296.0,13311.0,13296.0,0.14
2018-01-29,13363.5,13311.5,13363.5,13311.5,0.42
2018-01-30,13432.5,13382.5,13442.5,13382.5,0.52
2018-01-31,13388.5,13421.5,13426.5,13376.5,-0.33
2018-02-01,13427.0,13387.0,13432.0,13387.0,0.29
2018-02-02,13451.5,13413.5,13453.5,13413.5,0.18
2018-02-05,13525.0,13495.0,13530.0,13495.0,0.55
2018-02-06,13552.5,13567.5,13607.5,13552.5,0.2
2018-02-07,13553.0,13526.0,13561.0,13523.0,0.0
2018-02-08,13605.0,13605.0,13627.0,13595.0,0.38
2018-02-09,13627.5,13642.5,13650.5,13617.5,0.17
2018-02-12,13657.5,13607.5,13657.5,13597.5,0.22
2018-02-13,13657.5,13632.5,13657.5,13632.5,0.0
2018-02-14,13628.5,13647.5,13662.5,13612.5,-0.21
2018-02-15,13558.5,13591.5,13591.5,13541.5,-0.51
2018-02-16,13558.5,13558.5,13558.5,13558.5,0.0
2018-02-19,13560.5,13552.5,13562.5,13532.5,0.01
2018-02-20,13612.5,13562.5,13615.5,13562.5,0.38
2018-02-21,13618.5,13575.5,13618.5,13570.5,0.04
2018-02-22,13682.5,13652.5,13690.5,13652.5,0.47
2018-02-23,13667.5,13667.5,13684.5,13662.5,-0.11
2018-02-26,13660.0,13660.0,13665.0,13645.0,-0.05
2018-02-27,13675.0,13652.0,13685.0,13650.0,0.11
2018-02-28,13745.0,13705.0,13755.0,13705.0,0.51
2018-03-01,13747.5,13782.5,13802.5,13742.5,0.02
2018-03-02,13757.5,13722.5,13762.5,13722.5,0.07
2018-03-05,13762.5,13737.5,13775.5,13737.5,0.04
2018-03-06,13775.0,13750.0,13785.0,13745.0,0.09
2018-03-07,13766.0,13754.0,13776.0,13754.0,-0.07
2018-03-08,13785.0,13760.0,13785.0,13760.0,0.14
2018-03-09,13781.0,13794.0,13799.0,13774.0,-0.03
2018-03-12,13770.0,13770.0,13780.0,13770.0,-0.08
2018-03-13,13750.5,13764.5,13764.5,13749.5,-0.14
2018-03-14,13736.5,13741.5,13742.5,13726.5,-0.1
2018-03-15,13747.5,13737.5,13752.5,13737.5,0.08
2018-03-16,13749.0,13764.0,13770.0,13744.0,0.01
2018-03-19,13764.5,13765.5,13765.5,13755.5,0.11
2018-03-20,13750.0,13766.0,13768.0,13750.0,-0.11
2018-03-21,13762.5,13757.5,13766.5,13752.5,0.09
2018-03-22,13752.5,13727.5,13753.5,13727.5,-0.07
2018-03-23,13782.5,13762.5,13796.5,13762.5,0.22
2018-03-26,13740.0,13780.0,13785.0,13740.0,-0.31
2018-03-27,13742.0,13717.0,13747.0,13697.0,0.01
2018-03-28,13763.0,13748.0,13768.0,13733.0,0.15
2018-03-29,13765.0,13767.0,13775.0,13749.0,0.01
2018-03-30,13765.0,13765.0,13765.0,13765.0,0.0
2018-04-02,13754.0,13741.0,13761.0,13741.0,-0.08
2018-04-03,13764.5,13761.5,13767.5,13751.5,0.08
2018-04-04,13766.5,13763.5,13768.5,13753.5,0.01
2018-04-05,13766.5,13762.5,13772.5,13762.5,0.0
2018-04-06,13773.5,13773.5,13783.5,13773.5,0.05
2018-04-09,13764.5,13764.5,13775.5,13759.5,-0.07
2018-04-10,13749.0,13761.0,13762.0,13736.0,-0.11
2018-04-11,13758.5,13744.5,13761.5,13741.5,0.07
2018-04-12,13769.5,13755.5,13770.5,13750.5,0.08
2018-04-13,13752.5,13742.5,13760.5,13740.5,-0.12
2018-04-16,13774.5,13752.5,13779.5,13752.5,0.16
2018-04-17,13766.0,13761.0,13773.0,13751.0,-0.06
2018-04-18,13774.5,13766.5,13776.5,13766.5,0.06
2018-04-19,13781.0,13771.0,13785.0,13769.0,0.05
2018-04-20,13877.5,13792.5,13877.5,13787.5,0.7
2018-04-23,13895.0,13900.0,13900.0,13894.0,0.13
2018-04-24,13887.5,13897.5,13901.5,13882.5,-0.05
2018-04-25,13920.0,13877.0,13925.0,13875.0,0.23
2018-04-26,13887.5,13912.5,13932.5,13881.5,-0.23
2018-04-27,13890.0,13875.0,13901.0,13874.0,0.02
2018-04-30,13912.5,13862.5,13912.5,13862.5,0.16
2018-05-01,13912.5,13912.5,13912.5,13912.5,0.0
2018-05-02,13945.0,13920.0,13965.0,13920.0,0.23
2018-05-03,13937.5,13952.5,13975.5,13936.5,-0.05
2018-05-04,13940.0,13930.0,13952.0,13930.0,0.02
2018-05-07,14000.0,13940.0,14005.0,13940.0,0.43
2018-05-08,14050.0,14000.0,14055.0,14000.0,0.36
2018-05-09,14080.0,14060.0,14090.0,14060.0,0.21
2018-05-10,14080.0,14080.0,14080.0,14080.0,0.0
2018-05-11,13950.0,14075.0,14075.0,13950.0,-0.92
2018-05-14,13970.0,13955.0,13990.0,13945.0,0.14
2018-05-15,14037.0,13984.0,14040.0,13984.0,0.48
2018-05-16,14093.0,14070.0,14115.0,14070.0,0.4
2018-05-17,14052.0,14065.0,14082.0,14045.0,-0.29
2018-05-18,14152.5,14042.5,14157.5,14042.5,0.72
2018-05-21,14185.0,14155.0,14205.0,14155.0,0.23
2018-05-22,14138.0,14155.0,14192.0,14125.0,-0.33
2018-05-23,14207.0,14155.0,14215.0,14155.0,0.49
2018-05-24,14135.0,14180.0,14215.0,14130.0,-0.51
2018-05-25,14120.0,14145.0,14175.0,14120.0,-0.11
2018-05-28,13990.0,14085.0,14085.0,13975.0,-0.92
2018-05-29,13990.0,13990.0,13990.0,13990.0,0.0
2018-05-30,13990.0,14025.0,14045.0,13970.0,0.0
2018-05-31,13895.0,13945.0,13961.0,13875.0,-0.68
2018-06-01,13895.0,13895.0,13895.0,13895.0,0.0
2018-06-04,13872.0,13855.0,13901.0,13850.0,-0.17
2018-06-05,13879.0,13865.0,13900.0,13865.0,0.05
2018-06-06,13852.5,13882.5,13885.5,13832.5,-0.19
2018-06-07,13870.0,13860.0,13887.0,13850.0,0.13
2018-06-08,13930.0,13906.0,13947.0,13895.0,0.43
2018-06-11,13930.0,13930.0,13930.0,13930.0,0.0
2018-06-12,13930.0,13930.0,13930.0,13930.0,0.0
2018-06-13,13930.0,13930.0,13930.0,13930.0,0.0
2018-06-14,13930.0,13930.0,13930.0,13930.0,0.0
2018-06-15,13930.0,13930.0,13930.0,13930.0,0.0
2018-06-18,13930.0,13930.0,13930.0,13930.0,0.0
2018-06-19,13930.0,13930.0,13930.0,13930.0,0.0
2018-06-20,13930.0,13930.0,13930.0,13930.0,0.0
2018-06-21,14103.0,13975.0,14111.0,13975.0,1.24
2018-06-22,14080.0,14095.0,14110.0,14058.0,-0.16
2018-06-25,14155.0,14103.0,14165.0,14103.0,0.53
2018-06-26,14178.0,14130.0,14185.0,14130.0,0.16
2018-06-27,14178.0,14178.0,14178.0,14178.0,0.0
2018-06-28,14390.0,14220.0,14400.0,14195.0,1.5
2018-06-29,14330.0,14365.0,14415.0,14305.0,-0.42
2018-07-02,14380.0,14255.0,14410.0,14255.0,0.35
2018-07-03,14380.0,14370.0,14460.0,14370.0,0.0
2018-07-04,14352.0,14330.0,14370.0,14310.0,-0.19
2018-07-05,14385.0,14365.0,14425.0,14365.0,0.23
2018-07-06,14370.0,14375.0,14422.0,14358.0,-0.1
2018-07-09,14325.0,14330.0,14345.0,14320.0,-0.31
2018-07-10,14360.0,14305.0,14375.0,14305.0,0.24
2018-07-11,14385.0,14375.0,14395.0,14375.0,0.17
2018-07-12,14380.0,14405.0,14445.0,14380.0,-0.03
2018-07-13,14380.0,14340.0,14386.0,14340.0,0.0
2018-07-16,14375.0,14390.0,14420.0,14375.0,-0.03
2018-07-17,14370.0,14385.0,14400.0,14362.0,-0.03
2018-07-18,14405.0,14390.0,14422.0,14390.0,0.24
2018-07-19,14475.0,14405.0,14480.0,14405.0,0.49
2018-07-20,14480.0,14485.0,14545.0,14475.0,0.03
2018-07-23,14490.0,14430.0,14498.0,14425.0,0.07
2018-07-24,14530.0,14510.0,14565.0,14510.0,0.28
2018-07-25,14460.0,14500.0,14530.0,14460.0,-0.48
2018-07-26,14460.0,14425.0,14475.0,14415.0,0.0
2018-07-27,14417.5,14457.5,14492.5,14372.5,-0.29
2018-07-30,14410.0,14385.0,14420.0,14385.0,-0.05
2018-07-31,14420.0,14405.0,14427.0,14402.0,0.07
2018-08-01,14440.0,14430.0,14455.0,14430.0,0.14
2018-08-02,14475.0,14440.0,14480.0,14440.0,0.24
2018-08-03,14492.5,14487.5,14517.5,14487.5,0.12
2018-08-06,14470.0,14495.0,14495.0,14465.0,-0.16
2018-08-07,14440.0,14486.0,14493.0,14434.0,-0.21
2018-08-08,14435.0,14438.0,14450.0,14430.0,-0.03
2018-08-09,14410.0,14430.0,14440.0,14395.0,-0.17
2018-08-10,14475.0,14425.0,14482.0,14425.0,0.45
2018-08-13,14595.0,14495.0,14630.0,14495.0,0.83
2018-08-14,14580.0,14602.0,14635.0,14575.0,-0.1
2018-08-15,14600.0,14600.0,14651.0,14570.0,0.14
2018-08-16,14610.0,14635.0,14635.0,14580.0,0.07
2018-08-17,14610.0,14610.0,14610.0,14610.0,0.0
2018-08-20,14590.0,14560.0,14595.0,14555.0,-0.14
2018-08-21,14580.0,14550.0,14590.0,14550.0,-0.07
2018-08-22,14580.0,14580.0,14580.0,14580.0,0.0
2018-08-23,14630.0,14600.0,14642.0,14600.0,0.34
2018-08-24,14642.0,14650.0,14665.0,14640.0,0.08
2018-08-27,14620.0,14605.0,14630.0,14585.0,-0.15
2018-08-28,14622.0,14585.0,14630.0,14585.0,0.01
2018-08-29,14655.0,14625.0,14658.0,14625.0,0.23
2018-08-30,14690.0,14655.0,14690.0,14650.0,0.24
2018-08-31,14730.0,14715.0,14735.0,14715.0,0.27
2018-09-03,14815.0,14740.0,14830.0,14740.0,0.58
2018-09-04,14935.0,14820.0,14945.0,14820.0,0.81
2018-09-05,14935.0,14930.0,14945.0,14929.0,0.0
2018-09-06,14890.0,14905.0,14910.0,14854.0,-0.3
2018-09-07,14820.0,14870.0,14904.0,14820.0,-0.47
2018-09-10,14857.0,14825.0,14880.0,14820.0,0.25
2018-09-11,14857.0,14857.0,14857.0,14857.0,0.0
2018-09-12,14825.0,14825.0,14890.0,14825.0,-0.22
2018-09-13,14840.0,14805.0,14847.0,14775.0,0.1
2018-09-14,14805.0,14785.0,14845.0,14775.0,-0.24
2018-09-17,14877.5,14837.5,14917.5,14837.5,0.49
2018-09-18,14855.0,14890.0,14935.0,14855.0,-0.15
2018-09-19,14875.0,14855.0,14910.0,14855.0,0.13
2018-09-20,14845.0,14825.0,14856.0,14815.0,-0.2
2018-09-21,14819.0,14813.0,14838.0,14793.0,-0.18
2018-09-24,14867.5,14832.5,14885.5,14832.5,0.33
2018-09-25,14920.0,14870.0,14920.0,14870.0,0.35
2018-09-26,14905.0,14930.0,14945.0,14905.0,-0.1
2018-09-27,14917.0,14915.0,14930.0,14885.0,0.08
2018-09-28,14901.5,14931.5,14936.5,14886.5,-0.1
2018-10-01,14910.0,14885.0,14915.0,14885.0,0.06
2018-10-02,15045.0,14915.0,15053.0,14915.0,0.91
2018-10-03,15075.0,15050.0,15095.0,15050.0,0.2
2018-10-04,15170.0,15100.0,15195.0,15100.0,0.63
2018-10-05,15180.0,15183.0,15193.0,15160.0,0.07
2018-10-08,15217.5,15186.5,15260.5,15186.5,0.25
2018-10-09,15230.0,15210.0,15258.0,15210.0,0.08
2018-10-10,15203.0,15185.0,15230.0,15180.0,-0.18
2018-10-11,15235.0,15215.0,15270.0,15215.0,0.21
2018-10-12,15205.0,15205.0,15205.0,15180.0,-0.2
2018-10-15,15210.0,15210.0,15260.0,15190.0,0.03
2018-10-16,15200.0,15185.0,15230.0,15175.0,-0.07
2018-10-17,15155.0,15155.0,15195.0,15145.0,-0.3
2018-10-18,15193.5,15161.5,15196.5,15161.5,0.25
2018-10-19,15187.5,15197.5,15222.5,15177.5,-0.04
2018-10-22,15185.0,15185.0,15200.0,15180.0,-0.02
2018-10-23,15190.0,15190.0,15217.0,15190.0,0.03
2018-10-24,15197.0,15182.0,15199.0,15177.0,0.05
2018-10-25,15187.5,15202.5,15212.5,15182.5,-0.06
2018-10-26,15216.5,15186.5,15216.5,15185.5,0.19
2018-10-29,15220.0,15205.0,15230.0,15205.0,0.02
2018-10-30,15223.0,15221.0,15241.0,15216.0,0.02
2018-10-31,15202.5,15217.5,15233.5,15197.5,-0.13
2018-11-01,15127.5,15182.5,15200.5,15116.5,-0.49
2018-11-02,14952.5,15087.5,15097.5,14942.5,-1.16
2018-11-05,14976.0,14951.0,14988.0,14951.0,0.16
2018-11-06,14802.5,14952.5,14952.5,14782.5,-1.16
2018-11-07,14580.0,14775.0,14805.0,14580.0,-1.5
2018-11-08,14540.0,14601.0,14670.0,14455.0,-0.27
2018-11-09,14685.0,14605.0,14695.0,14605.0,1.0
2018-11-12,14815.0,14705.0,14835.0,14705.0,0.89
2018-11-13,14810.0,14840.0,14935.0,14755.0,-0.03
2018-11-14,14787.0,14802.0,14802.0,14732.0,-0.16
2018-11-15,14677.5,14742.5,14777.5,14632.5,-0.74
2018-11-16,14611.5,14603.5,14613.5,14533.5,-0.45
2018-11-19,14590.0,14520.0,14625.0,14520.0,-0.15
2018-11-20,14590.0,14590.0,14590.0,14590.0,0.0
2018-11-21,14605.0,14615.0,14645.0,14565.0,0.1
2018-11-22,14577.5,14597.5,14607.5,14567.5,-0.19
2018-11-23,14540.0,14555.0,14562.0,14505.0,-0.26
2018-11-26,14475.0,14540.0,14565.0,14455.0,-0.45
2018-11-27,14513.5,14488.5,14518.5,14478.5,0.27
2018-11-28,14527.5,14513.5,14542.5,14509.5,0.1
2018-11-29,14382.5,14462.5,14462.5,14332.5,-1.0
2018-11-30,14302.5,14302.5,14352.5,14252.5,-0.56
2018-12-03,14240.0,14255.0,14270.0,14210.0,-0.44
2018-12-04,14290.0,14305.0,14325.0,14265.0,0.35
2018-12-05,14395.0,14355.0,14430.0,14354.0,0.73
2018-12-06,14520.0,14435.0,14570.0,14435.0,0.87
2018-12-07,14470.0,14495.0,14536.0,14455.0,-0.34
2018-12-10,14555.0,14475.0,14555.0,14475.0,0.59
2018-12-11,14600.0,14585.0,14655.0,14585.0,0.31
2018-12-12,14597.5,14562.5,14602.5,14552.5,-0.02
2018-12-13,14497.5,14527.5,14557.5,14479.5,-0.69
2018-12-14,14585.0,14505.0,14585.0,14505.0,0.6
2018-12-17,14575.0,14585.0,14630.0,14574.0,-0.07
2018-12-18,14500.0,14555.0,14560.0,14480.0,-0.51
2018-12-19,14442.5,14437.5,14442.5,14337.5,-0.4
2018-12-20,14470.0,14465.0,14520.0,14455.0,0.19
2018-12-21,14555.0,14480.0,14560.0,14454.0,0.59
2018-12-24,14555.0,14555.0,14555.0,14555.0,0.0
2018-12-25,14555.0,14555.0,14555.0,14555.0,0.0
2018-12-26,14575.0,14580.0,14610.0,14565.0,0.14
2018-12-27,14560.0,14555.0,14595.0,14555.0,-0.1
2018-12-28,14560.0,14560.0,14575.0,14535.0,0.0
2018-12-31,14380.0,14485.0,14496.0,14380.0,-1.24
2019-01-01,14380.0,14380.0,14380.0,14380.0,0.0
2019-01-02,14450.0,14425.0,14485.0,14425.0,0.49
2019-01-03,14410.0,14445.0,14490.0,14410.0,-0.28
2019-01-04,14270.0,14380.0,14380.0,14255.0,-0.97
2019-01-07,14090.0,14190.0,14190.0,13995.0,-1.26
2019-01-08,14145.0,14050.0,14162.0,13995.0,0.39
2019-01-09,14125.0,14105.0,14180.0,14085.0,-0.14
2019-01-10,14055.0,14055.0,14110.0,14005.0,-0.5
2019-01-11,14045.0,14065.0,14095.0,14015.0,-0.07
2019-01-14,14124.0,14034.0,14144.0,14034.0,0.56
2019-01-15,14092.5,14087.5,14107.5,14062.5,-0.22
2019-01-16,14122.5,14112.5,14162.5,14107.5,0.21
2019-01-17,14180.0,14120.0,14200.0,14120.0,0.41
2019-01-18,14175.0,14185.0,14200.0,14155.0,-0.04
2019-01-21,14222.5,14182.5,14232.5,14182.5,0.34
2019-01-22,14215.0,14210.0,14230.0,14185.0,-0.05
2019-01-23,14180.0,14195.0,14200.0,14165.0,-0.25
2019-01-24,14165.0,14135.0,14175.0,14120.0,-0.11
2019-01-25,14085.0,14155.0,14170.0,14084.0,-0.56
2019-01-28,14070.0,14065.0,14075.0,14025.0,-0.11
2019-01-29,14095.0,14070.0,14097.0,14070.0,0.18
2019-01-30,14130.0,14097.0,14132.0,14085.0,0.25
2019-01-31,13972.5,14132.5,14132.5,13957.5,-1.11
2019-02-01,13940.0,13945.0,13985.0,13940.0,-0.23
2019-02-04,13955.0,13950.0,13995.0,13940.0,0.11
2019-02-05,13955.0,13955.0,13955.0,13955.0,0.0
2019-02-06,13922.0,13950.0,13950.0,13890.0,-0.24
2019-02-07,13972.5,13927.5,13987.5,13927.5,0.36
2019-02-08,13965.0,13975.0,14000.0,13948.0,-0.05
2019-02-11,14040.0,13985.0,14050.0,13985.0,0.54
2019-02-12,14068.5,14083.5,14098.5,14033.5,0.2
2019-02-13,14057.5,14027.5,14057.5,14007.5,-0.08
2019-02-14,14090.0,14065.0,14100.0,14065.0,0.23
2019-02-15,14142.5,14092.5,14157.5,14092.5,0.37
2019-02-18,14106.5,14101.5,14116.5,14076.5,-0.25
2019-02-19,14102.0,14105.0,14130.0,14102.0,-0.03
2019-02-20,14040.0,14080.0,14080.0,14040.0,-0.44
2019-02-21,14063.0,14040.0,14075.0,14040.0,0.16
2019-02-22,14057.5,14067.5,14082.5,14049.5,-0.04
2019-02-25,14017.5,13987.5,14022.5,13987.5,-0.28
2019-02-26,13991.0,13963.0,14003.0,13963.0,-0.19
2019-02-27,14030.0,13985.0,14045.0,13980.0,0.28
2019-02-28,14065.0,14030.0,14083.0,14030.0,0.25
2019-03-01,14115.0,14102.0,14135.0,14102.0,0.36
2019-03-04,14130.0,14120.0,14155.0,14115.0,0.11
2019-03-05,14120.0,14125.0,14155.0,14120.0,-0.07
2019-03-06,14140.0,14125.0,14155.0,14120.0,0.14
2019-03-07,14140.0,14140.0,14140.0,14140.0,0.0
2019-03-08,14310.0,14200.0,14340.0,14200.0,1.2
2019-03-11,14290.0,14310.0,14338.0,14275.0,-0.14
2019-03-12,14265.0,14245.0,14280.0,14235.0,-0.17
2019-03-13,14265.0,14245.0,14286.0,14245.0,0.0
2019-03-14,14267.0,14235.0,14284.0,14235.0,0.01
2019-03-15,14259.0,14284.0,14314.0,14259.0,-0.06
2019-03-18,14237.5,14232.5,14247.5,14212.5,-0.15
2019-03-19,14230.0,14215.0,14240.0,14215.0,-0.05
2019-03-20,14185.0,14215.0,14235.0,14180.0,-0.32
2019-03-21,14140.0,14105.0,14145.0,14084.0,-0.32
2019-03-22,14165.0,14135.0,14170.0,14135.0,0.18
2019-03-25,14180.0,14195.0,14230.0,14179.0,0.11
2019-03-26,14170.0,14195.0,14195.0,14155.0,-0.07
2019-03-27,14195.0,14175.0,14225.0,14175.0,0.18
2019-03-28,14242.0,14220.0,14260.0,14215.0,0.33
2019-03-29,14240.0,14245.0,14250.0,14220.0,-0.01
2019-04-01,14225.0,14225.0,14246.0,14220.0,-0.11
2019-04-02,14220.0,14220.0,14245.0,14219.0,-0.04
2019-04-03,14220.0,14220.0,14220.0,14220.0,0.0
2019-04-04,14180.0,14190.0,14195.0,14175.0,-0.28
2019-04-05,14125.0,14180.0,14180.0,14125.0,-0.39
2019-04-08,14163.0,14133.0,14173.0,14133.0,0.27
2019-04-09,14133.0,14148.0,14153.0,14129.0,-0.21
2019-04-10,14150.0,14145.0,14170.0,14145.0,0.12
2019-04-11,14135.0,14150.0,14165.0,14135.0,-0.11
2019-04-12,14092.5,14142.5,14152.5,14092.5,-0.3
2019-04-15,14060.0,14085.0,14085.0,14060.0,-0.23
2019-04-16,14085.0,14060.0,14085.0,14060.0,0.18
2019-04-17,14085.0,14085.0,14085.0,14085.0,0.0
2019-04-18,14042.5,14002.5,14047.5,13992.5,-0.3
2019-04-19,14042.5,14042.5,14042.5,14042.5,0.0
2019-04-22,14075.0,14045.0,14097.0,14045.0,0.23
2019-04-23,14075.0,14065.0,14090.0,14065.0,0.0
2019-04-24,14095.0,14090.0,14130.0,14090.0,0.14
2019-04-25,14185.0,14095.0,14190.0,14095.0,0.64
2019-04-26,14187.5,14192.5,14202.5,14172.5,0.02
2019-04-29,14200.0,14190.0,14217.0,14180.0,0.09
2019-04-30,14250.0,14195.0,14265.0,14195.0,0.35
2019-05-01,14250.0,14250.0,14250.0,14250.0,0.0
2019-05-02,14250.0,14205.0,14270.0,14205.0,0.0
2019-05-03,14255.0,14255.0,14287.0,14255.0,0.04
2019-05-06,14292.5,14272.5,14332.5,14272.5,0.26
2019-05-07,14280.0,14290.0,14320.0,14265.0,-0.09
2019-05-08,14295.0,14290.0,14315.0,14290.0,0.11
2019-05-09,14350.0,14300.0,14375.0,14300.0,0.38
2019-05-10,14325.0,14325.0,14370.0,14325.0,-0.17
2019-05-13,14415.0,14335.0,14442.0,14335.0,0.63
2019-05-14,14430.0,14420.0,14460.0,14420.0,0.1
2019-05-15,14460.0,14445.0,14465.0,14440.0,0.21
2019-05-16,14450.0,14455.0,14475.0,14440.0,-0.07
2019-05-17,14450.0,14460.0,14475.0,14445.0,0.0
2019-05-20,14455.0,14450.0,14460.0,14450.0,0.03
2019-05-21,14480.0,14455.0,14480.0,14455.0,0.17
2019-05-22,14525.0,14470.0,14530.0,14470.0,0.31
2019-05-23,14460.0,14510.0,14525.0,14455.0,-0.45
2019-05-24,14392.5,14442.5,14472.5,14392.5,-0.47
2019-05-27,14380.0,14355.0,14390.0,14345.0,-0.09
2019-05-28,14375.0,14365.0,14390.0,14365.0,-0.03
2019-05-29,14400.0,14385.0,14435.0,14385.0,0.17
2019-05-30,14400.0,14400.0,14400.0,14400.0,0.0
2019-05-31,14275.0,14380.0,14385.0,14255.0,-0.87
2019-06-03,14275.0,14275.0,14275.0,14275.0,0.0
2019-06-04,14275.0,14275.0,14275.0,14275.0,0.0
2019-06-05,14275.0,14275.0,14275.0,14275.0,0.0
2019-06-06,14275.0,14275.0,14275.0,14275.0,0.0
2019-06-07,14275.0,14275.0,14275.0,14275.0,0.0
2019-06-10,14250.0,14205.0,14260.0,14205.0,-0.18
2019-06-11,14237.5,14242.5,14260.5,14232.5,-0.09
2019-06-12,14235.0,14225.0,14265.0,14220.0,-0.02
2019-06-13,14280.0,14235.0,14280.0,14235.0,0.32
2019-06-14,14325.0,14275.0,14330.0,14275.0,0.32
2019-06-17,14335.0,14330.0,14355.0,14330.0,0.07
2019-06-18,14322.5,14332.5,14342.5,14317.5,-0.09
2019-06-19,14269.5,14264.5,14279.5,14259.5,-0.37
2019-06-20,14182.5,14242.5,14252.5,14172.5,-0.61
2019-06-21,14155.0,14125.0,14170.0,14080.0,-0.19
2019-06-24,14140.0,14135.0,14175.0,14135.0,-0.11
2019-06-25,14125.0,14140.0,14145.0,14095.0,-0.11
2019-06-26,14175.0,14135.0,14185.0,14135.0,0.35
2019-06-27,14140.0,14175.0,14185.0,14140.0,-0.25
2019-06-28,14127.5,14132.5,14147.5,14097.5,-0.09
2019-07-01,14112.5,14082.5,14117.5,14082.5,-0.11
2019-07-02,14137.5,14117.5,14147.5,14117.5,0.18
2019-07-03,14117.5,14142.5,14167.5,14117.5,-0.14
2019-07-04,14140.0,14105.0,14145.0,14100.0,0.16
2019-07-05,14082.5,14137.5,14147.5,14077.5,-0.41
2019-07-08,14110.0,14115.0,14155.0,14095.0,0.2
2019-07-09,14130.0,14105.0,14135.0,14105.0,0.14
2019-07-10,14130.0,14135.0,14155.0,14130.0,0.0
2019-07-11,14065.0,14100.0,14105.0,14050.0,-0.46
2019-07-12,14007.0,14073.0,14098.0,14003.0,-0.41
2019-07-15,13919.5,13999.5,13999.5,13889.5,-0.62
2019-07-16,13935.0,13905.0,13943.0,13905.0,0.11
2019-07-17,13980.0,13940.0,13990.0,13935.0,0.32
2019-07-18,13960.0,13965.0,13984.0,13925.0,-0.14
2019-07-19,13935.0,13935.0,13945.0,13890.0,-0.18
2019-07-22,13945.0,13945.0,13970.0,13940.0,0.07
2019-07-23,13984.0,13954.0,13990.0,13954.0,0.28
2019-07-24,13993.0,13983.0,14025.0,13983.0,0.06
2019-07-25,13977.5,13987.5,13992.5,13972.5,-0.11
2019-07-26,14004.0,13995.0,14015.0,13995.0,0.19
2019-07-29,14020.0,13995.0,14028.0,13995.0,0.11
2019-07-30,14020.0,14020.0,14040.0,14015.0,0.0
2019-07-31,14017.0,14015.0,14031.0,14005.0,-0.02
2019-08-01,14116.0,14061.0,14128.0,14061.0,0.71
2019-08-02,14180.0,14165.0,14230.0,14165.0,0.45
2019-08-05,14255.0,14190.0,14280.0,14190.0,0.53
2019-08-06,14265.0,14305.0,14355.0,14255.0,0.07
2019-08-07,14222.5,14257.5,14297.5,14207.5,-0.3
2019-08-08,14208.0,14213.0,14243.0,14193.0,-0.1
2019-08-09,14190.0,14205.0,14210.0,14175.0,-0.13
2019-08-12,14247.5,14202.5,14249.5,14202.5,0.41
2019-08-13,14317.5,14257.5,14332.5,14257.5,0.49
2019-08-14,14245.0,14255.0,14255.0,14215.0,-0.51
2019-08-15,14267.5,14267.5,14312.5,14257.5,0.16
2019-08-16,14235.0,14260.0,14270.0,14225.0,-0.23
2019-08-19,14235.0,14215.0,14240.0,14185.0,0.0
2019-08-20,14260.0,14235.0,14275.0,14235.0,0.18
2019-08-21,14240.0,14260.0,14275.0,14225.0,-0.14
2019-08-22,14235.0,14225.0,14250.0,14225.0,-0.04
2019-08-23,14212.5,14237.5,14252.5,14202.5,-0.16
2019-08-26,14240.0,14235.0,14280.0,14235.0,0.19
2019-08-27,14255.0,14245.0,14260.0,14230.0,0.11
2019-08-28,14255.0,14255.0,14270.0,14254.0,0.0
2019-08-29,14237.5,14242.5,14262.5,14232.5,-0.12
2019-08-30,14185.0,14220.0,14245.0,14185.0,-0.37
2019-09-02,14194.0,14185.0,14202.0,14184.0,0.06
2019-09-03,14225.0,14200.0,14235.0,14200.0,0.22
2019-09-04,14152.5,14222.5,14222.5,14152.5,-0.51
2019-09-05,14150.0,14155.0,14165.0,14142.0,-0.02
2019-09-06,14095.0,14135.0,14150.0,14085.0,-0.39
2019-09-09,14031.0,14086.0,14096.0,14026.0,-0.45
2019-09-10,14050.0,14035.0,14055.0,14025.0,0.14
2019-09-11,14060.0,14055.0,14070.0,14050.0,0.07
2019-09-12,13990.0,14045.0,14055.0,13985.0,-0.5
2019-09-13,13965.0,13935.0,13975.0,13905.0,-0.18
2019-09-16,14040.0,13980.0,14055.0,13975.0,0.54
2019-09-17,14095.0,14060.0,14110.0,14060.0,0.39
2019-09-18,14060.0,14075.0,14090.0,14060.0,-0.25
2019-09-19,14060.0,14075.0,14104.0,14060.0,0.0
2019-09-20,14055.0,14090.0,14090.0,14055.0,-0.04
2019-09-23,14085.0,14070.0,14090.0,14065.0,0.21
2019-09-24,14112.5,14077.5,14112.5,14077.5,0.2
2019-09-25,14150.0,14120.0,14155.0,14120.0,0.27
2019-09-26,14177.5,14147.5,14177.5,14145.5,0.19
2019-09-27,14165.0,14185.0,14200.0,14165.0,-0.09
2019-09-30,14195.0,14155.0,14195.0,14155.0,0.21
2019-10-01,14212.5,14182.5,14222.5,14182.5,0.12
2019-10-02,14195.0,14215.0,14215.0,14185.0,-0.12
2019-10-03,14172.5,14192.5,14197.5,14167.5,-0.16
2019-10-04,14135.0,14150.0,14150.0,14115.0,-0.26
2019-10-07,14162.5,14137.5,14167.5,14137.5,0.19
2019-10-08,14155.0,14175.0,14180.0,14135.0,-0.05
2019-10-09,14170.0,14165.0,14185.0,14165.0,0.11
2019-10-10,14151.5,14171.5,14181.5,14131.5,-0.13
2019-10-11,14128.0,14125.0,14155.0,14125.0,-0.17
2019-10-14,14139.0,14114.0,14139.0,14112.0,0.08
2019-10-15,14165.0,14135.0,14170.0,14135.0,0.18
2019-10-16,14169.0,14175.0,14194.0,14165.0,0.03
2019-10-17,14148.0,14175.0,14176.0,14146.0,-0.15
2019-10-18,14144.5,14135.5,14153.5,14125.5,-0.02
2019-10-21,14078.0,14125.0,14135.0,14078.0,-0.47
2019-10-22,14040.0,14073.0,14073.0,13993.0,-0.27
2019-10-23,14029.0,14034.0,14064.0,14014.0,-0.08
2019-10-24,14059.0,14005.0,14060.0,13985.0,0.21
2019-10-25,14035.0,14045.0,14073.0,14035.0,-0.17
2019-10-28,14025.0,14020.0,14032.0,14015.0,-0.07
2019-10-29,14025.0,14025.0,14040.0,14013.0,0.0
2019-10-30,14027.0,14040.0,14050.0,14027.0,0.01
2019-10-31,14037.0,13995.0,14045.0,13985.0,0.07
2019-11-01,14035.0,14045.0,14072.0,14035.0,-0.01
2019-11-04,14015.0,13995.0,14020.0,13995.0,-0.14
2019-11-05,13967.5,14017.5,14035.5,13967.5,-0.34
2019-11-06,14015.0,13980.0,14032.0,13980.0,0.34
2019-11-07,13994.5,14034.5,14047.5,13994.5,-0.15
2019-11-08,14014.0,14009.0,14029.0,14009.0,0.14
2019-11-11,14063.0,14030.0,14075.0,14015.0,0.35
2019-11-12,14055.0,14057.0,14065.0,14045.0,-0.06
2019-11-13,14081.0,14064.0,14088.0,14064.0,0.18
2019-11-14,14085.0,14075.0,14105.0,14075.0,0.03
2019-11-15,14073.0,14055.0,14080.0,14055.0,-0.09
2019-11-18,14076.5,14071.5,14088.5,14071.5,0.02
2019-11-19,14090.0,14075.0,14097.0,14075.0,0.1
2019-11-20,14094.5,14084.5,14102.5,14084.5,0.03
2019-11-21,14087.5,14097.5,14122.5,14087.5,-0.05
2019-11-22,14085.0,14085.0,14110.0,14080.0,-0.02
2019-11-25,14075.0,14086.0,14095.0,14075.0,-0.07
2019-11-26,14085.0,14085.0,14095.0,14075.0,0.07
2019-11-27,14095.0,14085.0,14105.0,14080.0,0.07
2019-11-28,14090.0,14085.0,14102.0,14085.0,-0.04
2019-11-29,14105.0,14090.0,14120.0,14090.0,0.11
2019-12-02,14125.0,14105.0,14135.0,14105.0,0.14
2019-12-03,14105.0,14115.0,14132.0,14105.0,-0.14
2019-12-04,14105.0,14110.0,14130.0,14105.0,0.0
2019-12-05,14065.0,14100.0,14100.0,14065.0,-0.28
2019-12-06,14037.5,14012.5,14042.5,14012.5,-0.2
2019-12-09,14015.0,14005.0,14023.0,14005.0,-0.16
2019-12-10,14010.0,13995.0,14020.0,13995.0,-0.04
2019-12-11,14035.0,13995.0,14045.0,13995.0,0.18
2019-12-12,14025.0,14035.0,14045.0,14025.0,-0.07
2019-12-13,13985.0,13980.0,13990.0,13955.0,-0.29
2019-12-16,14005.0,13995.0,14020.0,13995.0,0.14
2019-12-17,13990.0,13995.0,14019.0,13990.0,-0.11
2019-12-18,13975.0,13995.0,14010.0,13975.0,-0.11
2019-12-19,13985.0,13975.0,14000.0,13975.0,0.07
2019-12-20,13977.5,13982.5,14003.5,13977.5,-0.05
2019-12-23,13967.5,13957.5,13992.5,13957.5,-0.07
2019-12-24,13967.5,13967.5,13967.5,13967.5,0.0
2019-12-25,13967.5,13967.5,13967.5,13967.5,0.0
2019-12-26,13955.0,13970.0,13980.0,13955.0,-0.09
2019-12-27,13950.0,13955.0,13962.0,13947.0,-0.04
2019-12-30,13924.5,13949.5,13949.5,13914.5,-0.18
2019-12-31,13882.5,13922.5,13922.5,13862.5,-0.3
2020-01-01,13882.5,13882.5,13882.5,13882.5,0.0
2020-01-02,13889.0,13870.0,13905.0,13870.0,0.05
2020-01-03,13925.0,13880.0,13935.0,13880.0,0.26
2020-01-06,13940.0,13925.0,13970.0,13925.0,0.11
2020-01-07,13875.0,13935.0,13935.0,13875.0,-0.47
2020-01-08,13892.5,13907.5,13942.5,13892.5,0.13
2020-01-09,13850.0,13855.0,13870.0,13835.0,-0.31
2020-01-10,13762.5,13857.5,13860.5,13747.5,-0.63
2020-01-13,13668.0,13733.0,13743.0,13668.0,-0.69
2020-01-14,13670.0,13655.0,13695.0,13635.0,0.01
2020-01-15,13665.0,13675.0,13730.0,13665.0,-0.04
2020-01-16,13630.0,13680.0,13680.0,13620.0,-0.26
2020-01-17,13637.5,13647.5,13667.5,13632.5,0.06
2020-01-20,13632.5,13642.5,13660.5,13632.5,-0.04
2020-01-21,13657.5,13637.5,13677.5,13632.5,0.18
2020-01-22,13644.5,13664.5,13689.5,13624.5,-0.1
2020-01-23,13630.0,13640.0,13650.0,13605.0,-0.11
2020-01-24,13572.5,13637.5,13645.5,13572.5,-0.42
2020-01-27,13605.0,13575.0,13625.0,13575.0,0.24
2020-01-28,13637.5,13617.5,13660.5,13617.5,0.24
2020-01-29,13627.5,13622.5,13649.5,13622.5,-0.07
2020-01-30,13645.0,13635.0,13672.0,13630.0,0.13
2020-01-31,13655.0,13645.0,13663.0,13645.0,0.07
2020-02-03,13742.5,13662.5,13742.5,13662.5,0.64
2020-02-04,13710.0,13745.0,13770.0,13695.0,-0.24
2020-02-05,13675.0,13695.0,13735.0,13675.0,-0.26
2020-02-06,13620.0,13645.0,13675.0,13595.0,-0.4
2020-02-07,13675.0,13620.0,13680.0,13620.0,0.4
2020-02-10,13695.0,13675.0,13730.0,13675.0,0.15
2020-02-11,13665.0,13695.0,13695.0,13665.0,-0.22
2020-02-12,13660.0,13645.0,13680.0,13645.0,-0.04
2020-02-13,13680.0,13660.0,13715.0,13660.0,0.15
2020-02-14,13675.0,13685.0,13715.0,13675.0,-0.04
2020-02-17,13652.5,13672.5,13692.5,13651.5,-0.16
2020-02-18,13665.0,13655.0,13695.0,13655.0,0.09
2020-02-19,13687.5,13697.5,13722.5,13687.5,0.16
2020-02-20,13707.5,13697.5,13777.5,13697.5,0.15
2020-02-21,13765.0,13720.0,13765.0,13720.0,0.42
2020-02-24,13870.0,13775.0,13895.0,13775.0,0.76
2020-02-25,13882.5,13872.5,13912.5,13872.5,0.09
2020-02-26,13932.5,13887.5,13947.5,13887.5,0.36
2020-02-27,14035.0,13935.0,14035.0,13935.0,0.74
2020-02-28,14347.5,14057.5,14347.5,14057.5,2.23
2020-03-02,14265.0,14355.0,14420.0,14225.0,-0.58
2020-03-03,14281.5,14196.5,14286.5,14196.5,0.12
2020-03-04,14115.0,14255.0,14255.0,14095.0,-1.17
2020-03-05,14170.0,14120.0,14190.0,14120.0,0.39
2020-03-06,14230.0,14190.0,14295.0,14190.0,0.42
2020-03-09,14392.5,14247.5,14392.5,14247.5,1.14
2020-03-10,14346.0,14391.0,14416.0,14281.0,-0.32
2020-03-11,14352.5,14302.5,14392.5,14292.5,0.05
2020-03-12,14521.5,14366.5,14521.5,14366.5,1.18
2020-03-13,14770.0,14610.0,14865.0,14610.0,1.71
2020-03-16,14925.0,14725.0,15002.0,14725.0,1.05
2020-03-17,15170.0,14940.0,15170.0,14940.0,1.64
2020-03-18,15217.5,15097.5,15232.5,15097.5,0.31
2020-03-19,15912.5,15287.5,15912.5,15287.5,4.57
2020-03-20,15925.0,15962.5,16225.0,15925.0,0.08
2020-03-23,16575.0,15975.0,16640.0,15975.0,4.08
2020-03-24,16500.0,16505.0,16525.0,16472.5,-0.45
2020-03-26,16305.0,16205.0,16360.0,16205.0,-1.18
2020-03-27,16140.0,16105.0,16265.0,16060.0,-1.01
2020-03-30,16337.5,16155.0,16416.0,16155.0,1.22
2020-03-31,16310.0,16325.0,16392.5,16300.0,-0.17
2020-04-01,16450.0,16325.0,16480.0,16325.0,0.86
2020-04-02,16475.0,16505.0,16570.0,16475.0,0.15
2020-04-03,16425.0,16445.0,16505.0,16425.0,-0.3
2020-04-06,16412.5,16450.0,16575.0,16412.5,-0.08
2020-04-07,16175.0,16385.0,16436.5,16175.0,-1.45
2020-04-08,16175.0,16180.0,16330.0,16167.5,0.0
2020-04-09,15820.0,16177.5,16240.0,15820.0,-2.19
2020-04-13,15630.0,15800.0,15825.0,15630.0,-1.2
2020-04-14,15630.0,15700.0,15727.5,15630.0,0.0
2020-04-15,15565.0,15645.0,15697.5,15540.0,-0.42
2020-04-16,15640.0,15657.5,15785.0,15640.0,0.48
2020-04-17,15430.0,15505.0,15552.5,15400.0,-1.34
2020-04-20,15412.5,15470.0,15519.0,15412.5,-0.11
2020-04-21,15455.0,15500.0,15585.0,15455.0,0.28
2020-04-22,15450.0,15530.0,15610.0,15450.0,-0.03
2020-04-23,15400.0,15524.0,15607.5,15400.0,-0.32
2020-04-24,15400.0,15452.5,15525.0,15400.0,0.0
2020-04-27,15385.0,15455.0,15505.0,15385.0,-0.1
2020-04-28,15422.5,15405.0,15507.5,15395.0,0.24
2020-04-29,15295.0,15355.0,15412.5,15290.0,-0.83
2020-04-30,14875.0,15190.0,15195.0,14857.5,-2.75
2020-05-04,15100.0,14960.0,15135.0,14960.0,1.51
2020-05-05,15080.0,15125.0,15150.0,15030.0,-0.13
2020-05-06,15045.0,15060.0,15125.0,15025.0,-0.23
2020-05-08,14920.0,15025.0,15052.5,14908.0,-0.83
2020-05-11,14895.0,14945.0,14962.5,14885.0,-0.17
2020-05-12,14905.0,14930.0,14986.0,14902.0,0.07
2020-05-13,14865.0,14885.0,14907.5,14852.5,-0.27
2020-05-14,14885.0,14892.5,14962.5,14867.5,0.13
2020-05-15,14860.0,14875.0,14925.0,14857.5,-0.17
2020-05-18,14850.0,14855.0,14895.0,14835.0,-0.07
2020-05-19,14770.0,14805.0,14845.0,14755.0,-0.54
2020-05-20,14710.0,14755.0,14792.5,14705.0,-0.41
2020-05-26,14755.0,14730.0,14779.5,14727.5,0.31
2020-05-27,14710.0,14740.0,14780.0,14707.5,-0.3
2020-05-28,14715.0,14740.0,14777.5,14710.0,0.03
2020-05-29,14610.0,14725.0,14745.0,14607.5,-0.71
2020-06-02,14415.0,14630.0,14630.0,14415.0,-1.33
2020-06-03,14095.0,14245.0,14255.0,14095.0,-2.22
2020-06-04,14095.0,14105.0,14170.0,14070.0,0.0
2020-06-05,13870.0,14075.0,14107.5,13862.5,-1.6
2020-06-08,13885.0,13870.0,13995.0,13850.0,0.11
2020-06-09,13890.0,13910.0,14045.0,13880.0,0.04
2020-06-10,13980.0,13937.5,14055.0,13897.5,0.65
2020-06-11,14015.0,13925.0,14060.0,13887.5,0.25
2020-06-12,14125.0,14060.0,14223.5,14060.0,0.78
2020-06-15,14115.0,14055.0,14145.0,14040.0,-0.07
2020-06-16,14090.0,14085.0,14130.0,14047.5,-0.18
2020-06-17,14082.5,14065.0,14130.0,14034.5,-0.05
2020-06-18,14085.0,14030.0,14105.0,14005.0,0.02
2020-06-19,14100.0,14055.0,14202.5,14055.0,0.11
2020-06-22,14185.0,14100.0,14185.0,14100.0,0.6
2020-06-23,14160.0,14185.0,14255.0,14160.0,-0.18
2020-06-24,14130.0,14110.0,14175.0,14099.5,-0.21
2020-06-25,14175.0,14085.0,14195.0,14079.5,0.32
2020-06-26,14220.0,14105.0,14250.0,14100.0,0.32
2020-06-29,14245.0,14225.0,14275.0,14225.0,0.18
2020-06-30,14255.0,14175.0,14315.0,14165.0,0.07
2020-07-01,14265.0,14245.0,14325.0,14245.0,0.07
2020-07-02,14378.5,14265.0,14383.0,14265.0,0.8
2020-07-03,14510.0,14380.0,14605.0,14380.0,0.91
2020-07-06,14490.0,14465.0,14582.5,14455.0,-0.14
2020-07-07,14440.0,14450.0,14450.0,14374.0,-0.35
2020-07-08,14410.0,14395.0,14450.0,14375.0,-0.21
2020-07-09,14395.0,14355.0,14430.0,14342.5,-0.1
2020-07-10,14435.0,14397.5,14490.0,14397.5,0.28
2020-07-13,14425.0,14370.0,14501.0,14365.0,-0.07
2020-07-14,14450.0,14355.0,14450.0,14352.0,0.17
2020-07-15,14587.5,14450.0,14625.0,14450.0,0.95
2020-07-16,14625.0,14560.0,14687.5,14535.0,0.26
2020-07-17,14695.0,14585.0,14730.0,14570.0,0.48
2020-07-20,14785.0,14695.0,14860.0,14692.5,0.61
2020-07-21,14738.5,14755.0,14780.0,14725.0,-0.31
2020-07-22,14650.0,14605.0,14680.0,14605.0,-0.6
2020-07-23,14580.0,14605.0,14670.0,14532.5,-0.48
2020-07-24,14610.0,14525.0,14615.0,14505.0,0.21
2020-07-27,14520.0,14505.0,14580.0,14480.0,-0.62
2020-07-28,14535.0,14460.0,14561.0,14445.0,0.1
2020-07-29,14535.0,14455.0,14595.0,14454.5,0.0
2020-07-30,14600.0,14455.0,14620.0,14455.0,0.45
2020-08-03,14630.0,14605.0,14647.5,14595.0,0.21
2020-08-04,14620.0,14565.0,14675.0,14560.0,-0.07
2020-08-05,14550.0,14540.0,14612.5,14520.0,-0.48
2020-08-06,14585.0,14490.0,14615.0,14465.0,0.24
2020-08-07,14580.0,14555.0,14675.0,14555.0,-0.03
2020-08-10,14590.0,14600.0,14700.0,14600.0,0.07
2020-08-11,14620.0,14580.0,14720.0,14580.0,0.21
2020-08-12,14685.0,14640.0,14770.0,14640.0,0.44
2020-08-13,14700.0,14742.5,14795.0,14725.0,0.1
2020-08-14,14720.0,14775.0,14844.0,14775.0,0.14
2020-08-18,14830.0,14750.0,14881.0,14750.0,0.75
2020-08-19,14770.0,14750.0,14807.5,14735.0,-0.4
2020-08-24,14670.0,14755.0,14802.5,14670.5,-0.68
2020-08-25,14640.0,14600.0,14660.0,14575.0,-0.2
2020-08-26,14670.0,14585.0,14695.0,14585.0,0.2
2020-08-27,14650.0,14605.0,14727.5,14605.0,-0.14
2020-08-28,14615.0,14655.0,14716.5,14614.5,-0.24
2020-08-31,14560.0,14505.0,14567.5,14505.0,-0.38
2020-09-01,14565.0,14535.0,14620.0,14535.0,0.03
2020-09-02,14740.0,14605.0,14820.0,14605.0,1.2
2020-09-03,14760.0,14755.0,14835.0,14755.0,0.14
2020-09-04,14740.0,14735.0,14802.5,14705.0,-0.14
2020-09-07,14730.0,14705.0,14757.5,14705.0,-0.07
2020-09-08,14760.0,14720.0,14802.5,14720.0,0.2
2020-09-09,14780.0,14765.0,14860.0,14765.0,0.14
2020-09-10,14820.0,14770.0,14895.0,14765.0,0.27
2020-09-11,14860.0,14900.0,14974.0,14877.5,0.27
2020-09-14,14860.0,14855.0,14955.0,14855.0,0.0
2020-09-15,14835.0,14805.0,14875.0,14802.0,-0.17
2020-09-16,14825.0,14790.0,14877.5,14790.0,-0.07
2020-09-17,14820.0,14795.0,14872.0,14795.0,-0.03
2020-09-18,14730.0,14755.0,14780.0,14713.0,-0.61
2020-09-21,14690.0,14670.0,14727.5,14664.0,-0.27
2020-09-22,14750.0,14695.0,14824.5,14695.0,0.41
2020-09-23,14780.0,14775.0,14854.0,14755.0,0.2
2020-09-24,14845.0,14815.0,14910.0,14815.0,0.44
2020-09-25,14845.0,14887.5,14952.5,14862.5,0.0
2020-09-28,14850.0,14867.5,14949.5,14867.5,0.03
2020-09-29,14845.0,14875.0,14940.5,14867.5,-0.03
2020-09-30,14840.0,14857.5,14922.0,14857.5,-0.03
2020-10-01,14820.0,14810.0,14867.5,14810.0,-0.13
2020-10-02,14830.0,14840.0,14907.0,14840.0,0.07
2020-10-05,14790.0,14815.0,14857.5,14799.5,-0.27
2020-10-06,14710.0,14605.0,14762.5,14605.0,-0.54
2020-10-07,14690.0,14710.0,14772.5,14702.5,-0.14
2020-10-08,14685.0,14700.0,14733.0,14697.5,-0.03
2020-10-09,14675.0,14695.0,14727.5,14665.0,-0.07
2020-10-12,14680.0,14685.0,14732.5,14685.0,0.03
2020-10-13,14680.0,14695.0,14767.5,14695.0,0.0
2020-10-14,14680.0,14710.0,14765.0,14705.0,0.0
2020-10-15,14660.0,14685.0,14741.0,14680.0,-0.14
2020-10-16,14670.0,14710.0,14757.5,14687.5,0.07
2020-10-19,14670.0,14670.0,14742.5,14670.0,0.0
2020-10-20,14650.0,14672.5,14718.0,14655.0,-0.14
2020-10-21,14610.0,14635.0,14667.5,14615.0,-0.27
2020-10-22,14640.0,14615.0,14690.0,14615.0,0.21
2020-10-23,14650.0,14660.0,14722.5,14650.0,0.07
2020-10-26,14630.0,14635.0,14675.0,14632.5,-0.14
2020-10-27,14620.0,14650.0,14680.0,14620.0,-0.07
2020-11-02,14625.0,14650.0,14717.5,14637.5,0.03
2020-11-03,14570.0,14612.5,14635.0,14584.0,-0.38
2020-11-04,14540.0,14515.0,14567.5,14512.5,-0.21
2020-11-05,14370.0,14385.0,14440.0,14370.0,-1.17
2020-11-06,14190.0,14255.0,14302.5,14200.0,-1.25
2020-11-09,14050.0,14170.0,14180.0,14042.5,-0.99
2020-11-10,14040.0,14050.0,14082.5,13992.5,-0.07
2020-11-11,14070.0,14055.0,14102.5,14055.0,0.21
2020-11-12,14140.0,14080.0,14207.5,14080.0,0.5
2020-11-13,14150.0,14150.0,14232.5,14150.0,0.07
2020-11-16,14100.0,14120.0,14147.5,14107.5,-0.35
2020-11-17,14030.0,14030.0,14077.5,14027.5,-0.5
2020-11-18,14050.0,14055.0,14102.5,14055.0,0.14
2020-11-19,14140.0,14055.0,14195.0,14055.0,0.64
2020-11-20,14150.0,14160.0,14210.5,14160.0,0.07
2020-11-23,14130.0,14162.5,14175.0,14142.5,-0.14
2020-11-24,14140.0,14150.0,14194.5,14150.0,0.07
2020-11-25,14130.0,14145.0,14177.5,14140.0,-0.07
2020-11-26,14090.0,14125.0,14137.5,14100.0,-0.28
2020-11-27,14070.0,14105.0,14136.5,14090.0,-0.14
2020-11-30,14090.0,14070.0,14150.0,14070.0,0.14
2020-12-01,14100.0,14117.5,14182.5,14117.5,0.07
2020-12-02,14090.0,14120.0,14156.0,14120.0,-0.07
2020-12-03,14100.0,14120.0,14179.0,14120.0,0.07
2020-12-04,14085.0,14135.0,14162.5,14102.5,-0.11
2020-12-07,14080.0,14110.0,14135.0,14101.0,-0.04
2020-12-08,14080.0,14110.0,14150.0,14110.0,0.0
2020-12-10,14090.0,14095.0,14120.0,14095.0,0.07
2020-12-11,14070.0,14100.0,14119.0,14079.5,-0.14
2020-12-14,14070.0,14100.0,14155.0,14095.0,0.0
2020-12-15,14090.0,14105.0,14173.5,14105.0,0.14
2020-12-16,14090.0,14110.0,14158.0,14110.0,0.0
2020-12-17,14085.0,14125.0,14137.5,14105.0,-0.04
2020-12-18,14080.0,14102.5,14147.5,14100.0,-0.04
2020-12-21,14100.0,14110.0,14175.0,14110.0,0.14
2020-12-22,14145.0,14140.0,14212.5,14140.0,0.32
2020-12-23,14150.0,14155.0,14274.0,14155.0,0.04
2020-12-28,14140.0,14155.0,14177.5,14150.0,-0.07
2020-12-29,14110.0,14150.0,14160.0,14130.0,-0.21
2020-12-30,14040.0,14120.0,14120.0,14050.0,-0.5
2021-01-01,14213.7,14213.5,14214.2,13919.0,1.24
2021-01-04,13885.0,13910.0,13940.0,13862.5,-2.31
2021-01-05,13900.0,13900.0,13932.5,13900.0,0.11
2021-01-06,13880.0,13920.0,13930.0,13895.0,-0.14
2021-01-07,13890.0,13900.0,13945.0,13900.0,0.07
2021-01-08,13980.0,13915.0,14061.5,13915.0,0.65
2021-01-11,14080.0,14020.0,14165.0,14020.0,0.72
2021-01-12,14120.0,14120.0,14217.5,14115.0,0.28
2021-01-13,14055.0,14090.0,14117.5,14057.5,-0.46
2021-01-14,14050.0,14075.0,14109.0,14055.0,-0.04
2021-01-15,14010.0,14040.0,14062.5,14012.5,-0.28
2021-01-18,14060.0,14025.0,14105.0,14025.0,0.36
2021-01-19,14050.0,14080.0,14099.5,14055.0,-0.07
2021-01-20,14020.0,14065.0,14067.5,14030.0,-0.21
2021-01-21,13980.0,14022.5,14035.0,13995.0,-0.29
2021-01-22,14020.0,13995.0,14063.5,13995.0,0.29
2021-01-25,14010.0,14055.0,14083.0,14020.0,-0.07
2021-01-26,14040.0,14045.0,14098.5,14045.0,0.21
2021-01-27,14035.0,14050.0,14082.0,14042.5,-0.04
2021-01-28,14050.0,14065.0,14126.5,14055.0,0.11
2021-01-29,14020.0,14072.5,14085.0,14030.0,-0.21
2021-02-01,14010.0,14035.0,14052.5,14015.0,-0.07
2021-02-02,14020.0,14035.0,14049.0,14020.0,0.07
2021-02-03,14000.0,14015.0,14020.0,13992.5,-0.14
2021-02-04,14010.0,14007.5,14040.0,14002.5,0.07
2021-02-05,14020.0,14020.0,14057.5,14020.0,0.07
2021-02-08,13995.0,14020.0,14023.5,13987.5,-0.18
2021-02-09,13990.0,14007.5,14011.0,13988.5,-0.04
2021-02-10,13980.0,14000.0,14000.0,13972.0,-0.07
2021-02-11,13970.0,13985.0,14002.0,13965.0,-0.07
2021-02-15,13910.0,13972.5,13972.5,13896.5,-0.43
2021-02-16,13920.0,13895.0,13937.5,13866.0,0.07
2021-02-17,14010.0,13955.0,14046.0,13955.0,0.65
2021-02-18,14010.0,14020.0,14061.0,14020.0,0.0
2021-02-19,14060.0,14050.0,14100.5,14050.0,0.36
2021-02-22,14110.0,14070.0,14130.0,14070.0,0.36
2021-02-23,14090.0,14110.0,14130.0,14092.5,-0.14
2021-02-24,14080.0,14072.5,14092.5,14065.0,-0.07
2021-02-25,14080.0,14085.0,14110.0,14079.5,0.0
2021-02-26,14240.0,14105.0,14275.0,14105.0,1.14
2021-03-01,14250.0,14250.0,14307.5,14240.0,0.07
2021-03-02,14300.0,14275.0,14330.0,14265.0,0.35
2021-03-03,14240.0,14325.0,14330.5,14240.0,-0.42
2021-03-04,14260.0,14265.0,14305.0,14250.0,0.14
2021-03-05,14290.0,14315.0,14360.0,14280.0,0.21
2021-03-08,14350.0,14350.0,14382.5,14335.0,0.42
2021-03-09,14390.0,14415.0,14475.0,14395.0,0.28
2021-03-10,14395.0,14390.0,14425.0,14390.0,0.03
2021-03-12,14380.0,14355.0,14396.0,14325.0,-0.1
2021-03-15,14395.0,14400.0,14422.5,14390.0,0.1
2021-03-16,14400.0,14402.5,14422.5,14395.0,0.03
2021-03-17,14425.0,14430.0,14465.0,14415.0,0.17
2021-03-18,14390.0,14385.0,14415.0,14375.0,-0.24
2021-03-19,14400.0,14410.0,14475.0,14400.0,0.07
2021-03-22,14400.0,14415.0,14452.5,14397.0,0.0
2021-03-23,14390.0,14400.0,14425.0,14390.0,-0.07
2021-03-24,14420.0,14422.5,14460.0,14410.0,0.21
2021-03-25,14420.0,14435.0,14465.0,14425.0,0.0
2021-03-26,14410.0,14445.0,14458.0,14417.5,-0.07
2021-03-29,14440.0,14420.0,14455.0,14420.0,0.21
2021-03-30,14470.0,14450.0,14502.5,14450.0,0.21
2021-03-31,14520.0,14480.0,14582.0,14480.0,0.35
2021-04-01,14520.0,14530.0,14594.5,14525.0,0.0
2021-04-05,14510.0,14520.0,14535.0,14510.0,-0.07
2021-04-06,14500.0,14490.0,14525.0,14490.0,-0.07
2021-04-07,14490.0,14470.0,14517.5,14470.0,-0.07
2021-04-08,14530.0,14510.0,14578.5,14510.0,0.28
2021-04-09,14560.0,14550.0,14587.5,14540.0,0.21
2021-04-12,14590.0,14575.0,14630.0,14575.0,0.21
2021-04-13,14600.0,14610.0,14627.5,14595.0,0.07
2021-04-14,14600.0,14622.5,14622.5,14592.5,0.0
2021-04-15,14600.0,14610.0,14634.0,14600.0,0.0
2021-04-16,14560.0,14620.0,14630.0,14550.0,-0.27
2021-04-19,14545.0,14537.5,14570.0,14525.0,-0.1
2021-04-20,14495.0,14515.0,14535.0,14482.5,-0.34
2021-04-21,14525.0,14525.0,14551.0,14510.0,0.21
2021-04-22,14515.0,14515.0,14539.0,14510.0,-0.07
2021-04-23,14520.0,14525.0,14560.0,14520.0,0.03
2021-04-26,14480.0,14515.0,14515.0,14475.0,-0.28
2021-04-27,14480.0,14490.0,14508.5,14477.0,0.0
2021-04-28,14495.0,14490.0,14525.0,14487.5,0.1
2021-04-29,14445.0,14430.0,14475.0,14425.0,-0.34
2021-04-30,14440.0,14430.0,14507.5,14424.5,-0.03
2021-05-03,14445.0,14450.0,14480.0,14447.5,0.03
2021-05-04,14425.0,14460.0,14465.0,14412.5,-0.14
2021-05-05,14430.0,14440.0,14450.0,14426.0,0.03
2021-05-06,14315.0,14415.0,14425.0,14313.0,-0.8
2021-05-07,14280.0,14272.5,14312.5,14247.0,-0.24
2021-05-10,14195.0,14145.0,14212.5,14140.0,-0.6
2021-05-11,14195.0,14200.0,14215.0,14187.0,0.0
2021-05-17,14280.0,14250.0,14300.0,14215.0,0.6
2021-05-18,14270.0,14300.0,14316.0,14270.0,-0.07
2021-05-19,14275.0,14295.0,14324.0,14280.0,0.04
2021-05-20,14370.0,14310.0,14405.0,14310.0,0.67
2021-05-21,14350.0,14340.0,14392.5,14340.0,-0.14
2021-05-24,14350.0,14350.0,14367.5,14340.0,0.0
2021-05-25,14325.0,14325.0,14345.0,14315.0,-0.17
2021-05-27,14285.0,14320.0,14336.5,14278.5,-0.28
2021-05-28,14280.0,14305.0,14322.5,14285.0,-0.04
2021-05-31,14275.0,14295.0,14312.0,14280.0,-0.04
2021-06-02,14275.0,14265.0,14292.5,14247.5,0.0
2021-06-03,14280.0,14275.0,14312.5,14265.0,0.04
2021-06-04,14290.0,14295.0,14325.0,14295.0,0.07
2021-06-07,14260.0,14275.0,14288.0,14247.5,-0.21
2021-06-08,14250.0,14265.0,14272.5,14250.0,-0.07
2021-06-09,14250.0,14265.0,14274.0,14245.0,0.0
2021-06-10,14245.0,14260.0,14265.0,14222.5,-0.04
2021-06-11,14188.0,14222.5,14242.5,14183.0,-0.4
2021-06-14,14200.0,14200.0,14232.5,14197.5,0.08
2021-06-15,14220.0,14210.0,14247.5,14210.0,0.14
2021-06-16,14235.0,14235.0,14267.5,14235.0,0.11
2021-06-17,14350.0,14300.0,14385.0,14295.0,0.81
2021-06-18,14370.0,14375.0,14402.5,14370.0,0.14
2021-06-21,14425.0,14390.0,14460.0,14390.0,0.38
2021-06-22,14400.0,14420.0,14437.5,14397.5,-0.17
2021-06-23,14430.0,14440.0,14467.5,14415.0,0.21
2021-06-24,14435.0,14440.0,14466.0,14432.5,0.03
2021-06-25,14420.0,14420.0,14450.0,14415.0,-0.1
2021-06-28,14440.0,14415.0,14475.0,14415.0,0.14
2021-06-29,14480.0,14455.0,14494.0,14455.0,0.28
2021-06-30,14495.0,14500.0,14560.0,14497.5,0.1
2021-07-01,14500.0,14510.0,14555.0,14500.0,0.03
2021-07-02,14530.0,14515.0,14572.5,14515.0,0.21
2021-07-05,14476.0,14487.5,14510.0,14470.0,-0.37
2021-07-06,14465.0,14475.0,14485.0,14456.0,-0.08
2021-07-07,14480.0,14485.0,14512.5,14472.5,0.1
2021-07-08,14520.0,14495.0,14557.5,14492.5,0.28
2021-07-09,14525.0,14535.0,14559.5,14525.0,0.03
2021-07-12,14490.0,14485.0,14502.5,14471.5,-0.24
2021-07-13,14462.0,14505.0,14515.0,14459.0,-0.19
2021-07-14,14475.0,14485.0,14502.5,14477.5,0.09
2021-07-15,14480.0,14480.0,14512.5,14472.5,0.03
2021-07-16,14495.0,14515.0,14542.5,14490.0,0.1
2021-07-19,14515.0,14512.5,14537.5,14505.0,0.14
2021-07-21,14540.0,14530.0,14560.0,14530.0,0.17
2021-07-22,14480.0,14500.0,14518.0,14482.5,-0.41
2021-07-23,14490.0,14500.0,14512.5,14488.5,0.07
2021-07-26,14480.0,14510.0,14522.5,14470.0,-0.07
2021-07-27,14490.0,14473.5,14497.5,14465.0,0.07
2021-07-28,14485.0,14500.0,14512.5,14485.0,-0.03
2021-07-29,14480.0,14490.0,14502.5,14482.5,-0.03
2021-07-30,14460.0,14435.0,14477.5,14434.5,-0.14
2021-08-02,14420.0,14465.0,14472.5,14422.5,-0.28
2021-08-03,14340.0,14375.0,14388.0,14338.5,-0.55
2021-08-04,14310.0,14325.0,14347.5,14304.5,-0.21
2021-08-05,14340.0,14330.0,14360.0,14321.0,0.21
2021-08-06,14350.0,14360.0,14377.5,14347.5,0.07
2021-08-09,14360.0,14370.0,14387.5,14357.5,0.07
2021-08-10,14380.0,14375.0,14402.0,14375.0,0.14
2021-08-12,14380.0,14395.0,14407.5,14366.0,0.0
2021-08-13,14385.0,14382.5,14395.0,14366.0,0.03
2021-08-16,14370.0,14390.0,14395.0,14371.5,-0.1
2021-08-18,14370.0,14387.5,14400.0,14372.5,0.0
2021-08-19,14400.0,14405.0,14425.0,14392.5,0.21
2021-08-20,14450.0,14475.0,14485.0,14422.5,0.35
2021-08-23,14410.0,14435.0,14438.5,14404.0,-0.28
2021-08-24,14390.0,14395.0,14407.5,14377.5,-0.14
2021-08-25,14395.0,14405.0,14421.0,14387.5,0.03
2021-08-26,14415.0,14425.0,14433.5,14408.5,0.14
2021-08-27,14415.0,14425.0,14447.5,14412.5,0.0
2021-08-30,14368.0,14405.0,14410.0,14359.5,-0.33
2021-08-31,14265.0,14345.0,14350.5,14260.0,-0.72
2021-09-01,14280.0,14265.0,14305.0,14255.0,0.11
2021-09-02,14270.0,14265.0,14290.0,14260.0,-0.07
2021-09-03,14260.0,14270.0,14270.0,14252.5,-0.07
2021-09-06,14220.0,14247.5,14260.0,14210.0,-0.28
2021-09-07,14210.0,14220.0,14220.0,14176.5,-0.07
2021-09-08,14250.0,14240.0,14277.5,14232.5,0.28
2021-09-09,14250.0,14280.0,14283.5,14252.5,0.0
2021-09-10,14200.0,14275.0,14275.0,14195.5,-0.35
2021-09-13,14250.0,14245.0,14270.0,14220.0,0.35
2021-09-14,14245.0,14257.5,14267.5,14241.5,-0.04
2021-09-15,14240.0,14257.5,14267.5,14235.0,-0.04
2021-09-16,14250.0,14230.0,14261.5,14217.5,0.07
2021-09-17,14225.0,14275.0,14282.5,14195.0,-0.18
2021-09-20,14240.0,14270.0,14287.5,14237.5,0.11
2021-09-21,14235.0,14255.0,14260.0,14235.5,-0.04
2021-09-22,14240.0,14245.0,14256.0,14236.0,0.04
2021-09-23,14240.0,14250.0,14265.0,14236.0,0.0
2021-09-24,14255.0,14245.0,14266.5,14228.5,0.11
2021-09-27,14250.0,14260.0,14270.0,14247.5,-0.04
2021-09-28,14270.0,14265.0,14287.5,14253.5,0.14
2021-09-29,14290.0,14295.0,14330.0,14292.5,0.14
2021-09-30,14310.0,14317.5,14332.5,14305.5,0.14
2021-10-01,14305.0,14310.0,14330.0,14305.0,-0.03
2021-10-04,14265.0,14307.5,14336.5,14258.0,-0.28
2021-10-05,14248.0,14270.0,14275.0,14245.5,-0.12
2021-10-06,14250.0,14240.0,14260.0,14228.0,0.01
2021-10-07,14215.0,14250.0,14257.5,14212.0,-0.25
2021-10-08,14220.0,14210.0,14237.5,14197.5,0.04
2021-10-11,14205.0,14215.0,14223.0,14201.5,-0.11
2021-10-12,14215.0,14215.0,14225.0,14203.0,0.07
2021-10-13,14215.0,14220.0,14229.0,14210.0,0.0
2021-10-14,14115.0,14197.5,14202.5,14092.5,-0.7
2021-10-15,14070.0,14085.0,14097.5,14062.0,-0.32
2021-10-18,14105.0,14060.0,14115.0,14040.0,0.25
2021-10-19,14073.0,14067.5,14092.5,14059.5,-0.23
2021-10-21,14120.0,14100.0,14152.5,14092.5,0.33
2021-10-22,14120.0,14140.0,14169.0,14122.5,0.0
2021-10-25,14155.0,14165.0,14190.0,14157.5,0.25
2021-10-26,14150.0,14155.0,14172.5,14142.5,-0.04
2021-10-27,14170.0,14160.0,14193.5,14154.5,0.14
2021-10-28,14170.0,14190.0,14215.0,14172.5,0.0
2021-10-29,14165.0,14167.5,14177.5,14157.0,-0.04
2021-11-01,14245.0,14185.0,14261.5,14185.0,0.56
2021-11-02,14250.0,14260.0,14271.0,14245.0,0.04
2021-11-03,14295.0,14272.5,14315.0,14262.5,0.32
2021-11-04,14335.0,14312.5,14350.0,14299.5,0.28
2021-11-05,14325.0,14360.0,14392.5,14325.0,-0.07
2021-11-08,14255.0,14325.0,14332.5,14254.0,-0.49
2021-11-09,14240.0,14237.5,14247.5,14220.0,-0.11
2021-11-10,14250.0,14255.0,14265.0,14241.0,0.07
2021-11-11,14260.0,14295.0,14310.0,14262.5,0.07
2021-11-12,14233.0,14265.0,14271.5,14232.5,-0.19
2021-11-15,14210.0,14215.0,14220.0,14187.5,-0.16
2021-11-16,14220.0,14200.0,14226.0,14195.0,0.07
2021-11-17,14240.0,14245.0,14272.5,14237.5,0.14
2021-11-18,14225.0,14245.0,14247.5,14223.0,-0.11
2021-11-19,14235.0,14210.0,14242.5,14210.0,0.07
2021-11-22,14245.0,14245.0,14265.0,14245.0,0.07
2021-11-23,14255.0,14257.5,14277.5,14255.0,0.07
2021-11-24,14255.0,14275.0,14281.0,14257.5,0.0
2021-11-25,14265.0,14262.5,14290.0,14262.5,0.07
2021-11-26,14300.0,14275.0,14345.0,14275.0,0.25
2021-11-29,14320.0,14370.0,14375.0,14312.5,0.14
2021-11-30,14320.0,14315.0,14347.5,14292.5,0.0
2021-12-01,14340.0,14344.0,14362.5,14334.5,0.14
2021-12-02,14375.0,14350.0,14382.5,14350.0,0.24
2021-12-03,14395.0,14405.0,14412.5,14392.5,0.14
2021-12-06,14435.0,14440.0,14449.0,14417.5,0.28
2021-12-07,14375.0,14417.5,14432.5,14377.5,-0.42
2021-12-08,14355.0,14350.0,14362.5,14335.0,-0.14
2021-12-09,14350.0,14320.0,14372.5,14310.0,-0.03
2021-12-10,14370.0,14380.0,14390.0,14367.0,0.14
2021-12-13,14340.0,14357.5,14366.5,14327.5,-0.21
2021-12-14,14330.0,14340.0,14353.5,14330.0,-0.07
2021-12-15,14330.0,14337.5,14345.0,14329.0,0.0
2021-12-16,14340.0,14335.0,14367.5,14315.0,0.07
2021-12-17,14365.0,14365.0,14391.5,14360.0,0.17
2021-12-20,14375.0,14387.5,14392.5,14367.5,0.07
2021-12-21,14313.0,14387.5,14392.5,14305.0,-0.43
2021-12-22,14285.0,14280.0,14293.5,14235.0,-0.2
2021-12-23,14247.0,14220.0,14260.0,14217.5,-0.27
2021-12-24,14220.0,14185.0,14242.5,14180.0,-0.19
2021-12-27,14225.0,14225.0,14241.5,14207.5,0.04
2021-12-28,14225.0,14225.0,14244.5,14220.0,0.0
2021-12-29,14250.0,14240.0,14276.5,14235.0,0.18
2021-12-30,14265.0,14242.5,14280.0,14237.5,0.11
2021-12-31,14250.0,14280.0,14287.5,14240.0,-0.11
2022-01-03,14264.0,14255.0,14276.5,14249.0,0.1
2022-01-04,14300.0,14287.5,14327.5,14270.0,0.25
2022-01-05,14355.0,14347.5,14371.5,14335.0,0.38
2022-01-06,14390.0,14394.0,14404.0,14377.0,0.24
2022-01-07,14355.0,14375.0,14377.5,14352.5,-0.24
2022-01-10,14305.0,14312.5,14342.5,14296.0,-0.35
2022-01-11,14300.0,14302.5,14315.0,14272.5,-0.03
2022-01-12,14315.0,14295.0,14322.5,14284.0,0.1
2022-01-13,14290.0,14315.0,14322.0,14292.0,-0.17
2022-01-14,14295.0,14305.0,14319.5,14293.0,0.03
2022-01-17,14315.0,14312.5,14330.0,14296.5,0.14
2022-01-18,14335.0,14306.5,14346.0,14299.0,0.14
2022-01-19,14360.0,14357.5,14377.5,14334.5,0.17
2022-01-20,14335.0,14335.0,14365.0,14330.0,-0.17
2022-01-21,14335.0,14355.0,14362.5,14335.0,0.0
2022-01-24,14340.0,14315.0,14353.0,14304.5,0.03
2022-01-25,14350.0,14350.0,14363.5,14345.5,0.07
2022-01-26,14350.0,14317.5,14357.5,14317.5,0.0
2022-01-27,14385.0,14380.0,14395.0,14363.5,0.24
2022-01-28,14385.0,14375.0,14395.0,14357.5,0.0
2022-01-31,14380.0,14405.0,14412.5,14365.0,-0.03
2022-02-02,14355.0,14315.0,14362.5,14315.0,-0.17
2022-02-03,14375.0,14365.0,14390.0,14357.5,0.14
2022-02-04,14378.0,14375.0,14381.5,14365.0,0.02
2022-02-07,14395.0,14387.5,14409.0,14377.5,0.12
2022-02-08,14390.0,14387.5,14396.0,14375.0,-0.03
2022-02-09,14355.0,14375.0,14380.0,14357.5,-0.24
2022-02-10,14340.0,14350.0,14352.0,14330.0,-0.1
2022-02-11,14350.0,14347.5,14367.5,14346.5,0.07
2022-02-14,14325.0,14350.0,14355.0,14321.0,-0.17
2022-02-15,14300.0,14315.0,14315.0,14271.5,-0.17
2022-02-16,14255.0,14277.5,14297.5,14249.0,-0.31
2022-02-17,14315.0,14252.5,14325.0,14250.0,0.42
2022-02-18,14325.0,14327.5,14355.0,14318.5,0.07
2022-02-21,14325.0,14360.0,14360.0,14316.0,0.0
2022-02-22,14361.0,14345.0,14372.5,14332.0,0.25
2022-02-23,14335.0,14350.0,14365.0,14337.5,-0.18
2022-02-24,14380.0,14357.5,14390.0,14332.5,0.31
2022-02-25,14365.0,14377.5,14382.5,14359.0,-0.1
2022-03-01,14335.0,14355.0,14370.0,14333.5,-0.21
2022-03-02,14385.0,14357.5,14390.0,14337.0,0.35
2022-03-04,14385.0,14385.0,14395.0,14371.5,0.0
2022-03-07,14405.0,14415.0,14420.0,14401.0,0.14
2022-03-08,14395.0,14392.5,14405.0,14382.0,-0.07
2022-03-09,14345.0,14350.0,14386.0,14344.0,-0.35
2022-03-10,14275.0,14295.0,14320.0,14260.0,-0.49
2022-03-11,14300.0,14290.0,14317.5,14281.0,0.18
2022-03-14,14330.0,14312.5,14342.5,14307.5,0.21
2022-03-15,14325.0,14342.5,14347.5,14295.0,-0.03
2022-03-16,14310.0,14300.0,14322.5,14292.5,-0.1
2022-03-17,14300.0,14290.0,14305.0,14260.0,-0.07
2022-03-18,14340.0,14312.5,14347.5,14312.5,0.28
2022-03-21,14338.0,14345.0,14347.5,14330.5,-0.01
2022-03-22,14356.0,14350.0,14371.0,14346.5,0.13
2022-03-23,14345.0,14337.5,14361.5,14334.5,-0.08
2022-03-24,14344.0,14380.0,14380.0,14348.5,-0.01
2022-03-25,14340.0,14340.0,14347.5,14332.5,-0.03
2022-03-28,14362.0,14345.0,14366.5,14344.0,0.15
2022-03-29,14363.0,14367.5,14371.0,14352.5,0.01
2022-03-30,14340.0,14340.0,14358.5,14332.5,-0.16
2022-03-31,14368.0,14340.0,14369.0,14334.5,0.2
2022-04-01,14365.0,14360.0,14370.0,14352.5,-0.02
2022-04-04,14353.0,14365.0,14372.5,14351.0,-0.08
2022-04-05,14345.0,14340.0,14353.5,14337.5,-0.06
2022-04-06,14355.0,14365.0,14376.5,14353.0,0.07
2022-04-07,14358.0,14362.5,14368.5,14351.0,0.02
2022-04-08,14360.0,14375.0,14386.0,14355.0,0.01
2022-04-11,14365.0,14375.0,14380.0,14362.5,0.03
2022-04-12,14360.0,14365.0,14367.5,14357.5,-0.03
2022-04-13,14362.0,14355.0,14370.0,14353.5,0.01
2022-04-14,14343.0,14356.5,14360.0,14342.0,-0.13
2022-04-18,14353.0,14366.5,14366.5,14349.5,0.07
2022-04-19,14335.0,14357.5,14360.0,14328.0,-0.13
2022-04-20,14355.0,14355.0,14365.0,14342.5,0.14
2022-04-21,14343.0,14347.5,14355.5,14339.0,-0.08
2022-04-22,14356.0,14360.0,14367.5,14352.5,0.09
2022-04-25,14455.0,14460.0,14477.5,14422.5,0.69
2022-04-26,14410.0,14447.5,14450.0,14393.0,-0.31
2022-04-27,14420.0,14420.0,14435.0,14404.5,0.07
2022-04-28,14495.0,14450.0,14502.5,14442.5,0.52
2022-05-09,14555.0,14510.0,14562.5,14502.5,0.41
2022-05-10,14555.0,14565.0,14570.0,14531.0,0.0
2022-05-11,14555.0,14530.0,14561.0,14524.0,0.0
2022-05-12,14595.0,14540.0,14602.5,14537.5,0.27
2022-05-13,14610.0,14610.0,14627.5,14594.5,0.1
2022-05-17,14645.0,14617.5,14669.0,14615.0,0.24
2022-05-18,14685.0,14640.0,14692.5,14640.0,0.27
2022-05-19,14730.0,14671.5,14738.0,14671.5,0.31
2022-05-20,14650.0,14625.0,14677.5,14624.5,-0.54
2022-05-23,14670.0,14645.0,14677.5,14637.5,0.14
2022-05-24,14655.0,14662.5,14670.0,14642.0,-0.1
2022-05-25,14630.0,14645.0,14663.5,14627.5,-0.17
2022-05-27,14575.0,14605.0,14607.5,14557.5,-0.38
2022-05-30,14557.0,14532.5,14558.5,14520.0,-0.12
2022-05-31,14580.0,14569.0,14602.0,14555.0,0.16
2022-06-02,14480.0,14572.5,14585.0,14478.5,-0.69
2022-06-03,14435.0,14435.0,14452.5,14420.0,-0.31
2022-06-06,14450.0,14455.0,14470.0,14449.0,0.1
2022-06-07,14454.0,14462.5,14472.5,14454.5,0.03
2022-06-08,14490.0,14465.0,14497.5,14456.5,0.25
2022-06-09,14560.0,14512.5,14568.5,14512.5,0.48
2022-06-10,14550.0,14580.0,14587.5,14544.0,-0.07
2022-06-13,14678.0,14660.0,14686.5,14642.5,0.88
2022-06-14,14695.0,14740.0,14771.0,14685.0,0.12
2022-06-15,14740.0,14707.5,14759.0,14697.5,0.31
2022-06-16,14765.0,14727.5,14770.0,14705.0,0.17
2022-06-17,14821.0,14835.0,14841.5,14727.5,0.38
2022-06-20,14830.0,14840.0,14851.5,14815.0,0.06
2022-06-21,14810.0,14820.0,14832.5,14767.5,-0.13
2022-06-22,14865.0,14820.0,14873.5,14814.0,0.37
2022-06-23,14835.0,14840.0,14847.5,14812.5,-0.2
2022-06-24,14845.0,14844.0,14852.5,14827.5,0.07
2022-06-27,14800.0,14810.0,14820.0,14787.5,-0.3
2022-06-28,14835.0,14827.5,14847.5,14800.0,0.24
2022-06-29,14849.0,14850.0,14856.0,14820.0,0.09
2022-06-30,14895.0,14860.0,14897.5,14830.0,0.31
2022-07-01,14935.0,14925.0,14972.5,14862.5,0.27
2022-07-04,14965.0,14945.0,14971.5,14927.0,0.2
2022-07-05,14985.0,14975.0,14995.0,14962.5,0.13
2022-07-06,14995.0,15017.5,15032.5,14988.0,0.07
2022-07-07,14995.0,14982.5,14996.0,14965.0,0.0
2022-07-08,14975.0,14985.0,14988.5,14957.5,-0.13
2022-07-11,14970.0,14982.5,14982.5,14951.5,-0.03
2022-07-12,14985.0,14982.5,14996.0,14976.0,0.1
2022-07-13,14985.0,14975.0,14996.5,14966.5,0.0
2022-07-14,14990.0,14994.5,14998.0,14986.5,0.03
2022-07-15,14990.0,14994.5,14998.0,14977.5,0.0
2022-07-18,14982.0,14974.5,14995.0,14950.0,-0.05
2022-07-19,14975.0,14982.5,14996.5,14977.0,-0.05
2022-07-20,14985.0,14977.5,14992.0,14970.0,0.07
2022-07-21,15030.0,14990.0,15036.5,14990.0,0.3
2022-07-22,15015.0,15030.0,15037.5,15007.5,-0.1
2022-07-25,14995.0,15000.0,15010.0,14967.5,-0.13
2022-07-26,14995.0,14957.5,15002.5,14940.0,0.0
2022-07-27,15010.0,14997.0,15025.0,14919.0,0.1
2022-07-28,14930.0,14937.5,14977.5,14917.5,-0.53
2022-07-29,14830.0,14855.0,14887.5,14830.0,-0.67
2022-08-01,14870.0,14850.0,14887.5,14847.0,0.27
2022-08-02,14890.0,14865.0,14992.5,14862.5,0.13
2022-08-03,14910.0,14910.0,14925.0,14890.0,0.13
2022-08-04,14930.0,14910.0,14939.0,14897.5,0.13
2022-08-05,14890.0,14885.0,14920.0,14877.5,-0.27
2022-08-08,14875.0,14922.5,14940.0,14877.5,-0.1
2022-08-09,14850.0,14865.0,14876.0,14847.5,-0.17
2022-08-10,14870.0,14867.5,14880.5,14865.0,0.13
2022-08-11,14765.0,14815.0,14869.5,14760.0,-0.71
2022-08-12,14665.0,14745.0,14755.0,14659.0,-0.68
2022-08-15,14740.0,14685.0,14744.0,14685.0,0.51
2022-08-16,14765.0,14775.0,14782.5,14751.5,0.17
2022-08-18,14830.0,14777.5,14844.0,14777.5,0.44
2022-08-19,14835.0,14860.0,14875.0,14837.5,0.03
2022-08-22,14885.0,14875.0,14895.0,14860.0,0.34
2022-08-23,14835.0,14897.5,14921.5,14825.0,-0.34
2022-08-24,14845.0,14847.5,14872.5,14822.0,0.07
2022-08-25,14820.0,14827.5,14837.5,14815.0,-0.17
2022-08-26,14815.0,14797.5,14829.0,14797.0,-0.03
2022-08-29,14895.0,14865.0,14902.5,14840.0,0.54
2022-08-30,14840.0,14887.5,14896.0,14840.0,-0.37
2022-08-31,14840.0,14847.5,14862.5,14837.5,0.0
2022-09-01,14880.0,14865.0,14892.5,14865.0,0.27
2022-09-02,14895.0,14897.5,14907.5,14872.5,0.1
2022-09-05,14900.0,14885.0,14932.5,14885.0,0.03
2022-09-06,14885.0,14887.5,14897.5,14869.5,-0.1
2022-09-07,14915.0,14912.5,14936.5,14825.0,0.2
2022-09-08,14895.0,14897.5,14915.0,14893.5,-0.13
2022-09-09,14828.0,14875.0,14885.0,14817.5,-0.45
2022-09-12,14840.0,14822.5,14846.5,14815.0,0.08
2022-09-13,14850.0,14852.5,14876.0,14846.0,0.07
2022-09-14,14905.0,14935.0,14944.0,14874.0,0.37
2022-09-15,14895.0,14910.0,14912.5,14877.5,-0.07
2022-09-16,14950.0,14930.0,14962.5,14921.5,0.37
2022-09-19,14975.0,14970.0,14989.0,14960.0,0.17
2022-09-20,14980.0,14980.0,14990.0,14964.0,0.03
2022-09-21,14995.0,15017.5,15024.0,14997.5,0.1
2022-09-22,15015.0,15007.5,15042.5,15007.5,0.13
2022-09-23,15035.0,15010.0,15043.5,15010.0,0.13
2022-09-26,15125.0,15060.0,15132.5,15060.0,0.6
2022-09-27,15120.0,15135.0,15172.0,15122.5,-0.03
2022-09-28,15260.0,15160.0,15276.5,15160.0,0.93
2022-09-29,15260.0,15220.0,15280.0,15212.5,0.0
2022-09-30,15225.0,15190.0,15247.5,15180.0,-0.23
2022-10-03,15300.0,15245.0,15307.5,15245.0,0.49
2022-10-04,15245.0,15282.5,15312.5,15237.5,-0.36
2022-10-05,15190.0,15182.5,15220.0,15156.5,-0.36
2022-10-06,15185.0,15205.0,15211.0,15183.5,-0.03
2022-10-07,15250.0,15222.5,15262.5,15220.5,0.43
2022-10-10,15310.0,15275.0,15315.0,15270.0,0.39
2022-10-11,15355.0,15330.0,15372.5,15330.0,0.29
2022-10-12,15355.0,15364.0,15390.0,15355.5,0.0
2022-10-13,15360.0,15352.5,15367.5,15342.0,0.03
2022-10-14,15425.0,15365.0,15426.5,15362.5,0.42
2022-10-17,15485.0,15467.5,15496.5,15459.5,0.39
2022-10-18,15465.0,15470.0,15485.0,15447.5,-0.13
2022-10-19,15495.0,15475.0,15503.0,15465.0,0.19
2022-10-20,15570.0,15545.0,15587.5,15476.5,0.48
2022-10-21,15630.0,15580.0,15635.5,15577.5,0.39
2022-10-24,15585.0,15575.0,15607.5,15562.5,-0.29
2022-10-25,15620.0,15590.0,15623.0,15590.0,0.22
2022-10-26,15569.0,15600.0,15619.0,15560.0,-0.33
2022-10-27,15565.0,15550.0,15627.5,15535.0,-0.03
2022-10-28,15548.0,15567.5,15567.5,15520.0,-0.11
2022-10-31,15595.0,15577.5,15612.5,15562.5,0.3
2022-11-01,15625.0,15630.0,15661.5,15553.5,0.19
2022-11-02,15645.0,15660.5,15671.5,15630.0,0.13
2022-11-03,15695.0,15655.0,15698.5,15645.0,0.32
2022-11-04,15735.0,15750.0,15760.0,15715.0,0.25
2022-11-07,15705.0,15662.5,15710.0,15660.0,-0.19
2022-11-08,15695.0,15670.0,15702.5,15667.5,-0.06
2022-11-09,15658.0,15662.5,15672.5,15632.5,-0.24
2022-11-10,15690.0,15677.5,15712.5,15677.5,0.2
2022-11-11,15490.0,15560.0,15565.0,15392.5,-1.27
2022-11-14,15515.0,15465.0,15527.5,15462.5,0.16
2022-11-15,15535.0,15530.0,15622.5,15525.0,0.13
2022-11-16,15600.0,15570.0,15628.5,15565.0,0.42
2022-11-17,15660.0,15660.0,15705.0,15642.5,0.38
2022-11-18,15685.0,15670.0,15697.5,15670.0,0.16
2022-11-21,15710.0,15690.0,15717.5,15682.5,0.16
2022-11-22,15695.0,15710.0,15727.5,15694.5,-0.1
2022-11-23,15685.0,15692.5,15709.5,15684.0,-0.06
2022-11-24,15663.0,15640.0,15667.5,15635.0,-0.14
2022-11-25,15670.0,15645.0,15681.0,15632.5,0.04
2022-11-28,15720.0,15692.5,15737.5,15685.0,0.32
2022-11-29,15740.0,15722.5,15748.0,15707.0,0.13
2022-11-30,15730.0,15735.0,15749.0,15725.0,-0.06
2022-12-01,15560.0,15622.5,15642.5,15545.0,-1.08
2022-12-02,15425.0,15450.0,15470.0,15405.0,-0.87
2022-12-05,15465.0,15375.0,15475.0,15365.0,0.26
2022-12-06,15615.0,15510.0,15629.0,15480.0,0.97
2022-12-07,15635.0,15615.0,15644.5,15587.5,0.13
2022-12-08,15620.0,15615.0,15636.5,15585.0,-0.1
2022-12-09,15582.0,15575.0,15597.5,15564.5,-0.24
2022-12-12,15625.0,15592.5,15652.5,15587.5,0.28
2022-12-13,15655.0,15655.0,15673.5,15636.5,0.19
2022-12-14,15590.0,15557.5,15647.5,15555.0,-0.42
2022-12-15,15615.0,15607.5,15642.5,15582.5,0.16
2022-12-16,15595.0,15622.5,15642.0,15570.0,-0.13
2022-12-19,15595.0,15615.0,15631.0,15597.5,0.0
2022-12-20,15600.0,15585.0,15630.0,15575.0,0.03
2022-12-21,15585.0,15592.5,15612.5,15582.5,-0.1
2022-12-22,15580.0,15577.5,15607.5,15565.0,-0.03
2022-12-23,15590.0,15582.5,15612.5,15582.5,0.06
2022-12-26,15630.0,15592.5,15647.5,15592.5,0.26
2022-12-27,15660.0,15622.5,15672.5,15592.5,0.19
2022-12-28,15700.0,15657.5,15722.5,15657.5,0.26
2022-12-29,15655.0,15745.0,15765.0,15657.5,-0.29
2022-12-30,15565.0,15637.5,15655.0,15545.0,-0.57
2023-01-02,15570.0,15490.0,15583.5,15490.0,0.03
2023-01-03,15595.0,15595.0,15612.5,15550.0,0.16
2023-01-04,15585.0,15612.5,15633.0,15580.0,-0.06
2023-01-05,15605.0,15580.0,15622.5,15565.0,0.13
2023-01-06,15630.0,15635.0,15643.0,15603.5,0.16
2023-01-09,15565.0,15580.0,15590.0,15555.0,-0.42
2023-01-10,15570.0,15574.0,15598.5,15547.5,0.03
2023-01-11,15480.0,15565.0,15575.0,15470.0,-0.58
2023-01-12,15336.0,15470.0,15470.0,15290.0,-0.93
2023-01-13,15140.0,15210.0,15237.5,15135.5,-1.28
2023-01-16,15040.0,15080.0,15080.0,14981.5,-0.66
2023-01-17,15160.0,15125.0,15180.0,15027.5,0.8
2023-01-18,15085.0,15200.0,15207.5,15070.0,-0.49
2023-01-19,15100.0,15135.0,15145.0,15089.0,0.1
2023-01-20,15070.0,15120.0,15155.0,15075.0,-0.2
2023-01-24,14885.0,15035.0,15045.0,14884.0,-1.23
2023-01-25,14960.0,14925.0,14975.0,14915.0,0.5
2023-01-26,14945.0,14965.0,14987.5,14920.0,-0.1
2023-01-27,14980.0,14970.0,14996.0,14953.5,0.23
2023-01-30,14965.0,14972.5,14989.0,14954.5,-0.1
2023-01-31,14985.0,15000.0,15005.0,14971.5,0.13
2023-02-01,14970.0,15000.0,15007.5,14966.0,-0.1
2023-02-02,14875.0,14875.0,14887.5,14835.0,-0.63
2023-02-03,14890.0,14905.0,14922.5,14876.5,0.1
2023-02-06,15050.0,15005.0,15072.5,15005.0,1.07
2023-02-07,15140.0,15142.5,15153.0,15121.5,0.6
2023-02-08,15095.0,15145.0,15152.5,15098.5,-0.3
2023-02-09,15090.0,15115.0,15130.0,15094.5,-0.03
2023-02-10,15130.0,15117.5,15147.5,15114.0,0.27
2023-02-13,15190.0,15170.0,15227.5,15170.0,0.4
2023-02-14,15155.0,15175.0,15197.5,15151.5,-0.23
2023-02-15,15200.0,15167.5,15207.5,15157.0,0.3
2023-02-16,15153.0,15210.0,15210.0,15150.0,-0.31
2023-02-17,15200.0,15177.5,15217.5,15172.0,0.31
2023-02-20,15155.0,15197.5,15200.0,15154.5,-0.3
2023-02-21,15185.0,15162.5,15193.5,15160.0,0.2
2023-02-22,15200.0,15210.0,15229.0,15201.5,0.1
2023-02-23,15185.0,15175.0,15196.0,15164.0,-0.1
2023-02-24,15220.0,15205.0,15225.0,15193.0,0.23
2023-02-27,15265.0,15260.0,15287.5,15245.0,0.3
2023-02-28,15245.0,15230.0,15295.0,15225.0,-0.13
2023-03-01,15230.0,15240.0,15265.0,15228.5,-0.1
2023-03-02,15275.0,15265.0,15286.0,15249.0,0.3
2023-03-03,15295.0,15300.0,15321.5,15282.5,0.13
2023-03-06,15290.0,15315.0,15320.0,15285.0,-0.03
2023-03-07,15345.0,15350.0,15367.5,15330.0,0.36
2023-03-08,15430.0,15425.0,15467.5,15389.5,0.55
2023-03-09,15420.0,15445.0,15457.5,15422.5,-0.06
2023-03-10,15445.0,15475.0,15480.0,15450.0,0.16
2023-03-13,15360.0,15445.0,15452.5,15357.5,-0.55
2023-03-14,15380.0,15385.0,15405.0,15361.5,0.13
2023-03-15,15360.0,15370.0,15380.0,15335.0,-0.13
2023-03-16,15375.0,15420.0,15455.0,15376.0,0.1
2023-03-17,15340.0,15387.5,15392.5,15345.0,-0.23
2023-03-20,15355.0,15365.0,15380.0,15355.0,0.1
2023-03-21,15340.0,15345.0,15360.0,15334.0,-0.1
2023-03-24,15150.0,15165.0,15207.5,15145.0,-1.24
2023-03-27,15155.0,15190.0,15192.5,15156.0,0.03
2023-03-28,15085.0,15120.0,15125.0,15065.0,-0.46
2023-03-29,15060.0,15075.0,15107.5,15062.5,-0.17
2023-03-30,15045.0,15075.0,15087.5,15044.0,-0.1
2023-03-31,14990.0,14980.0,14995.0,14950.0,-0.37
2023-04-03,14965.0,15000.0,15012.5,14968.0,-0.17
2023-04-04,14895.0,14955.0,14955.0,14880.0,-0.47
2023-04-05,14920.0,14922.5,14952.5,14900.0,0.17
2023-04-06,14910.0,14965.0,14972.5,14912.5,-0.07
2023-04-10,14899.0,14910.0,14937.5,14888.5,-0.07
2023-04-11,14881.0,14935.0,14935.0,14870.0,-0.12
2023-04-12,14875.0,14887.5,14907.5,14837.5,-0.04
2023-04-13,14750.0,14840.0,14847.5,14744.5,-0.84
2023-04-14,14695.0,14695.0,14705.0,14645.0,-0.37
2023-04-17,14785.0,14755.0,14794.0,14741.0,0.61
2023-04-18,14840.0,14815.0,14867.5,14810.0,0.37
2023-04-26,14830.0,14895.0,14935.0,14820.0,-0.07
2023-04-27,14700.0,14830.0,14832.5,14690.0,-0.88
2023-04-28,14665.0,14675.0,14691.0,14627.5,-0.24
2023-05-02,14700.0,14645.0,14712.5,14645.0,0.24
2023-05-03,14680.0,14707.5,14722.5,14684.0,-0.14
2023-05-04,14675.0,14615.0,14690.0,14565.0,-0.03
2023-05-05,14670.0,14680.0,14691.5,14650.0,-0.03
2023-05-08,14695.0,14670.0,14721.5,14665.0,0.17
2023-05-09,14725.0,14750.0,14772.5,14730.0,0.2
2023-05-10,14720.0,14752.5,14760.0,14725.0,-0.03
2023-05-11,14720.0,14710.0,14745.0,14696.0,0.0
2023-05-12,14745.0,14765.0,14772.0,14735.0,0.17
2023-05-15,14795.0,14790.0,14824.5,14790.0,0.34
2023-05-16,14815.0,14785.0,14834.5,14780.0,0.14
2023-05-17,14860.0,14867.5,14890.0,14855.0,0.3
2023-05-18,14923.0,14876.0,14924.0,14845.0,0.42
2023-05-19,14920.0,14907.5,14967.0,14903.5,-0.02
2023-05-22,14885.0,14905.0,14916.5,14885.0,-0.23
2023-05-23,14875.0,14890.0,14907.5,14852.5,-0.07
2023-05-24,14895.0,14897.5,14920.0,14887.5,0.13
2023-05-25,14945.0,14960.0,14964.0,14933.0,0.34
2023-05-26,14950.0,14962.5,14972.0,14940.0,0.03
2023-05-29,14965.0,14965.0,14981.0,14956.0,0.1
2023-05-30,14980.0,14945.0,14994.5,14940.0,0.1
2023-05-31,14985.0,15010.0,15018.5,14987.5,0.03
2023-06-01,14914.0,14991.3,14994.0,14899.5,-0.47
2023-06-02,14902.0,14914.0,14920.0,14785.0,-0.08
2023-06-05,14885.0,14895.0,14912.0,14870.0,-0.11
2023-06-06,14855.0,14860.0,14870.0,14819.5,-0.2
2023-06-07,14875.0,14857.5,14889.0,14852.5,0.13
2023-06-08,14890.0,14902.5,14915.0,14884.0,0.1
2023-06-09,14835.0,14845.0,14914.5,14835.0,-0.37
2023-06-12,14860.0,14897.5,14904.5,14855.0,0.17
2023-06-13,14855.0,14875.0,14880.0,14855.0,-0.03
2023-06-14,14895.0,14877.5,14920.0,14868.0,0.27
2023-06-15,14940.0,14915.0,14962.5,14915.0,0.3
2023-06-16,14930.0,14927.5,14952.5,14920.0,-0.07
2023-06-19,14990.0,14977.5,14999.0,14965.0,0.4
2023-06-20,14995.0,15022.5,15052.5,15000.0,0.03
2023-06-21,14940.0,15037.5,15042.5,14910.0,-0.37
2023-06-22,14935.0,14932.5,14975.0,14890.0,-0.03
2023-06-23,14990.0,14965.0,15007.0,14965.0,0.37
2023-06-26,15010.0,15005.0,15042.5,15005.0,0.13
2023-06-27,14990.0,14995.0,15011.5,14987.5,-0.13
2023-06-28,14987.9,14988.0,15022.6,14971.0,-0.01
2023-06-29,15071.0,14993.0,15080.3,14985.7,0.55
2023-06-30,15040.4,15070.5,15085.0,15020.8,-0.2
2023-07-03,15020.0,15005.0,15041.0,15005.0,-0.14
2023-07-04,14990.0,15040.0,15044.5,14986.0,-0.2
2023-07-05,15010.0,15010.0,15027.5,14999.5,0.13
2023-07-06,15040.0,15062.5,15074.5,15043.5,0.2
2023-07-07,15130.0,15125.0,15147.5,15110.0,0.6
2023-07-10,15190.0,15150.0,15222.0,15140.0,0.4
2023-07-11,15135.0,15195.0,15195.0,15132.5,-0.36
2023-07-12,15075.0,15130.0,15132.5,15055.0,-0.4
2023-07-13,14965.0,14955.0,14997.0,14945.0,-0.73
2023-07-14,14955.0,14950.0,14965.5,14913.0,-0.07
2023-07-17,15000.0,14995.0,15013.5,14991.5,0.3
2023-07-18,14990.0,14990.0,15000.0,14985.0,-0.07
2023-07-19,14999.0,14990.5,15029.3,14981.0,0.06
2023-07-20,14985.0,14987.5,15007.5,14977.5,-0.09
2023-07-21,15020.0,15012.5,15033.5,15010.0,0.23
2023-07-24,15020.0,15030.0,15035.0,15018.0,0.0
2023-07-25,14990.0,15015.0,15022.5,14992.5,-0.2
2023-07-26,15015.0,15030.0,15042.5,15015.0,0.17
2023-07-27,14995.0,15015.0,15022.5,14985.0,-0.13
2023-07-28,15090.0,15060.0,15105.0,15056.5,0.63
2023-07-31,15075.0,15090.0,15105.0,15080.0,-0.1
2023-08-01,15110.0,15112.5,15122.5,15018.5,0.23
2023-08-02,15170.0,15140.0,15197.0,15137.5,0.4
2023-08-03,15180.0,15185.0,15210.0,15182.5,0.07
2023-08-04,15165.0,15147.5,15182.5,15145.0,-0.1
2023-08-07,15180.0,15170.0,15190.5,15161.0,0.1
2023-08-08,15215.0,15222.5,15237.5,15217.0,0.23
2023-08-09,15190.0,15210.0,15222.5,15189.5,-0.16
2023-08-10,15180.0,15210.0,15217.5,15185.0,-0.07
2023-08-11,15210.0,15215.0,15237.0,15205.0,0.2
2023-08-14,15310.0,15297.5,15338.5,15287.5,0.66
2023-08-15,15335.0,15342.5,15359.5,15332.5,0.16
2023-08-16,15280.0,15337.5,15338.5,15282.5,-0.36
2023-08-17,15361.8,15368.5,15391.0,15329.0,0.54
2023-08-18,15280.0,15310.0,15319.5,15285.0,-0.53
2023-08-21,15320.0,15330.0,15339.0,15318.5,0.26
2023-08-22,15310.0,15320.0,15332.0,15310.0,-0.07
2023-08-23,15290.0,15317.5,15330.0,15295.0,-0.13
2023-08-24,15240.0,15252.5,15274.5,15239.5,-0.33
2023-08-25,15290.0,15275.0,15307.0,15274.0,0.33
2023-08-28,15285.0,15295.0,15301.5,15285.0,-0.03
2023-08-29,15255.0,15277.5,15282.5,15250.0,-0.2
2023-08-30,15235.0,15220.0,15295.0,15215.0,-0.13
2023-08-31,15225.0,15222.5,15244.0,15222.5,-0.07
2023-09-01,15235.0,15227.5,15264.0,15226.5,0.07
2023-09-04,15235.0,15242.5,15254.0,15234.0,0.0
2023-09-05,15260.0,15250.0,15274.0,15242.5,0.16
2023-09-06,15290.0,15310.0,15321.5,15215.0,0.2
2023-09-07,15320.0,15330.0,15341.5,15319.0,0.2
2023-09-08,15320.0,15330.0,15347.5,15325.0,0.0
2023-09-11,15320.0,15350.0,15361.5,15325.0,0.0
2023-09-12,15335.0,15340.0,15354.5,15330.0,0.1
2023-09-13,15365.0,15360.0,15377.0,15350.0,0.2
2023-09-14,15350.0,15365.0,15371.5,15340.0,-0.1
2023-09-15,15350.0,15390.0,15392.5,15351.0,0.0
2023-09-18,15365.0,15367.5,15381.5,15361.5,0.1
2023-09-19,15375.0,15382.5,15393.5,15369.5,0.07
2023-09-20,15375.0,15390.0,15403.0,15380.0,0.0
2023-09-21,15370.0,15392.5,15411.5,15375.0,-0.03
2023-09-22,15370.0,15385.0,15394.0,15369.0,0.0
2023-09-25,15395.0,15380.0,15409.0,15380.0,0.16
2023-09-26,15485.0,15430.0,15505.0,15427.5,0.58
2023-09-27,15515.0,15487.0,15542.5,15420.0,0.19
2023-09-28,15481.0,15576.0,15597.8,15466.3,-0.22
2023-09-29,15450.0,15505.0,15508.5,15455.0,-0.2
2023-10-02,15525.0,15492.5,15541.0,15492.5,0.49
2023-10-03,15575.0,15580.0,15612.5,15580.0,0.32
2023-10-04,15625.0,15620.0,15646.5,15612.5,0.32
2023-10-05,15610.0,15585.0,15621.5,15575.0,-0.1
2023-10-06,15605.0,15620.0,15636.5,15610.0,-0.03
2023-10-09,15685.0,15635.0,15702.5,15635.0,0.51
2023-10-10,15730.0,15677.5,15742.5,15667.5,0.29
2023-10-11,15690.0,15727.5,15737.5,15689.0,-0.25
2023-10-12,15685.0,15695.0,15708.0,15690.0,-0.03
2023-10-13,15680.0,15735.0,15740.0,15682.5,-0.03
2023-10-16,15715.0,15705.0,15727.5,15700.0,0.22
2023-10-17,15710.0,15705.0,15726.5,15701.5,-0.03
2023-10-18,15725.0,15730.0,15737.5,15716.0,0.1
2023-10-19,15810.0,15790.0,15856.5,15790.0,0.54
2023-10-20,15870.0,15847.5,15889.0,15825.0,0.38
2023-10-23,15930.0,15880.0,15967.5,15880.0,0.38
2023-10-24,15845.0,15892.5,15895.0,15835.0,-0.53
2023-10-25,15865.0,15867.5,15880.0,15862.5,0.13
2023-10-26,15915.0,15895.0,15942.5,15895.0,0.32
2023-10-27,15935.0,15917.5,15952.5,15914.0,0.13
2023-10-30,15885.0,15922.5,15930.5,15882.5,-0.31
2023-10-31,15880.0,15877.5,15912.5,15867.5,-0.03
2023-11-01,15930.0,15925.0,15953.5,15920.0,0.31
2023-11-02,15850.0,15875.0,15880.0,15835.0,-0.5
2023-11-03,15725.0,15832.5,15832.5,15724.0,-0.79
2023-11-06,15535.0,15595.0,15595.0,15510.0,-1.21
2023-11-07,15625.0,15565.0,15635.0,15560.0,0.58
2023-11-08,15645.0,15625.0,15665.0,15590.0,0.13
2023-11-09,15650.0,15642.5,15672.5,15631.0,0.03
2023-11-10,15690.0,15685.0,15712.5,15675.0,0.26
2023-11-13,15695.0,15702.5,15727.0,15697.5,0.03
2023-11-14,15690.0,15695.0,15707.5,15690.0,-0.03
2023-11-15,15530.0,15505.0,15553.0,15467.5,-1.02
2023-11-16,15540.0,15555.0,15622.5,15545.0,0.06
2023-11-17,15490.0,15512.5,15535.0,15489.0,-0.32
2023-11-20,15440.0,15412.5,15552.0,15382.5,-0.32
2023-11-21,15435.0,15392.0,15507.0,15385.0,-0.03
2023-11-22,15570.0,15535.0,15604.0,15530.0,0.87
2023-11-23,15550.0,15600.0,15623.5,15545.0,-0.13
2023-11-24,15560.0,15565.0,15612.5,15555.0,0.06
2023-11-27,15490.0,15540.0,15560.0,15475.0,-0.45
2023-11-28,15430.0,15470.0,15482.5,15430.0,-0.39
2023-11-29,15390.0,15387.5,15422.5,15357.5,-0.26
2023-11-30,15505.0,15450.0,15510.0,15441.0,0.75
2023-12-01,15480.0,15520.0,15548.5,15485.0,-0.16
2023-12-04,15450.0,15425.0,15468.5,15415.0,-0.19
2023-12-05,15500.0,15490.0,15519.0,15487.5,0.32
2023-12-06,15490.0,15490.0,15514.5,15485.0,-0.06
2023-12-07,15510.0,15515.0,15543.5,15509.0,0.13
2023-12-08,15505.0,15502.5,15526.5,15483.5,-0.03
2023-12-11,15610.0,15580.0,15622.5,15580.0,0.68
2023-12-12,15615.0,15640.0,15654.5,15614.5,0.03
2023-12-13,15655.0,15611.0,15677.5,15597.0,0.26
2023-12-14,15495.0,15460.0,15520.0,15460.0,-1.02
2023-12-15,15490.0,15512.5,15528.5,15472.5,-0.03
2023-12-18,15505.0,15542.5,15561.5,15490.0,0.1
2023-12-19,15500.0,15522.5,15526.5,15487.5,-0.03
2023-12-20,15505.0,15500.0,15527.5,15494.0,0.03
2023-12-21,15520.0,15520.0,15551.0,15512.5,0.1
2023-12-22,15480.0,15490.0,15505.0,15475.0,-0.26
2023-12-25,15467.0,15466.8,15467.0,15466.8,-0.08
2023-12-26,15407.0,15467.0,15467.0,15405.0,-0.39
2023-12-27,15425.0,15430.0,15442.5,15392.5,0.12
2023-12-28,15415.0,15385.0,15434.5,15380.0,-0.06
2023-12-29,15395.0,15430.0,15457.5,15397.0,-0.13
2024-01-01,15390.0,15390.1,15390.1,15390.0,-0.03
2024-01-02,15465.0,15430.0,15482.5,15430.0,0.49
2024-01-03,15475.0,15505.0,15527.5,15470.0,0.06
2024-01-04,15485.0,15535.0,15552.5,15490.0,0.06
2024-01-05,15510.0,15507.5,15532.0,15499.5,0.16
2024-01-08,15520.0,15500.0,15533.5,15500.0,0.06
2024-01-09,15515.0,15529.0,15531.0,15504.5,-0.03
2024-01-10,15565.0,15540.0,15587.5,15537.5,0.32
2024-01-11,15545.0,15552.5,15570.0,15544.5,-0.13
2024-01-12,15545.0,15562.5,15575.0,15542.5,0.0
2024-01-15,15550.0,15555.0,15562.5,15545.0,0.03
2024-01-16,15585.0,15572.5,15598.5,15570.0,0.23
2024-01-17,15635.0,15625.0,15647.5,15617.5,0.32
2024-01-18,15615.0,15617.5,15637.5,15612.5,-0.13
2024-01-19,15610.0,15617.5,15637.5,15612.5,-0.03
2024-01-22,15630.0,15607.5,15640.0,15607.5,0.13
2024-01-23,15625.0,15660.0,15677.5,15630.0,-0.03
2024-01-24,15705.0,15694.0,15730.0,15693.0,0.51
2024-01-25,15820.0,15710.0,15835.0,15705.0,0.73
2024-01-26,15815.0,15837.5,15847.5,15810.0,-0.03
2024-01-29,15805.0,15812.5,15833.0,15807.5,-0.06
2024-01-30,15777.0,15800.0,15816.0,15775.0,-0.18
2024-01-31,15775.0,15802.5,15818.0,15778.0,-0.01
2024-02-01,15760.0,15787.5,15802.5,15757.5,-0.1
2024-02-02,15655.0,15755.0,15755.0,15644.0,-0.67
2024-02-05,15700.0,15725.0,15727.5,15690.5,0.29
2024-02-06,15725.0,15752.5,15757.5,15722.5,0.16
2024-02-07,15630.0,15722.5,15727.5,15615.0,-0.6
2024-02-08,15665.0,15654.0,15678.0,15618.0,0.22
2024-02-09,15611.5,15665.0,15666.0,15609.0,-0.34
2024-02-12,15590.0,15640.0,15640.0,15594.5,-0.14
2024-02-13,15590.0,15590.0,15614.0,15565.0,0.0
2024-02-14,15632.0,15677.0,15726.7,15560.6,0.27
2024-02-15,15615.0,15582.5,15640.0,15547.5,-0.11
2024-02-16,15615.0,15655.0,15677.5,15620.0,0.0
2024-02-19,15625.0,15640.0,15642.5,15616.0,0.06
2024-02-20,15655.0,15640.0,15669.0,15637.5,0.19
2024-02-21,15630.0,15670.0,15685.0,15635.0,-0.16
2024-02-22,15585.0,15640.0,15659.5,15589.5,-0.29
2024-02-23,15590.0,15602.5,15607.5,15572.5,0.03
2024-02-26,15625.0,15622.5,15642.5,15619.0,0.22
2024-02-27,15635.0,15650.0,15662.5,15640.0,0.06
2024-02-28,15680.0,15645.0,15692.0,15645.0,0.29
2024-02-29,15710.0,15705.0,15735.5,15690.0,0.19
2024-03-01,15695.0,15722.5,15722.5,15680.0,-0.1
2024-03-04,15735.0,15705.0,15740.0,15704.5,0.25
2024-03-05,15765.0,15752.5,15777.5,15735.0,0.19
2024-03-06,15695.0,15760.0,15760.0,15690.0,-0.44
2024-03-07,15650.0,15667.5,15685.0,15635.0,-0.29
2024-03-08,15585.0,15625.0,15640.0,15573.0,-0.42
2024-03-11,15525.0,15541.3,15590.0,15438.5,-0.38
2024-03-12,15561.0,15526.5,15563.0,15470.9,0.23
2024-03-13,15570.0,15570.0,15595.0,15557.5,0.06
2024-03-14,15575.0,15580.0,15589.5,15569.5,0.03
2024-03-15,15590.0,15630.0,15641.5,15594.5,0.1
2024-03-18,15685.0,15625.0,15698.0,15622.5,0.61
2024-03-19,15710.0,15720.0,15735.0,15697.5,0.16
2024-03-20,15710.0,15722.5,15742.5,15708.5,0.0
2024-03-21,15655.0,15665.0,15680.0,15647.0,-0.35
2024-03-22,15775.0,15730.0,15790.0,15722.5,0.77
2024-03-25,15795.0,15785.0,15808.5,15775.0,0.13
2024-03-26,15785.0,15800.0,15810.0,15780.0,-0.06
2024-03-27,15850.0,15830.0,15865.0,15818.5,0.41
2024-03-28,15850.0,15880.0,15894.0,15855.0,0.0
2024-03-29,15880.0,15891.0,15909.3,15858.5,0.19
2024-04-01,15885.0,15875.0,15920.0,15872.5,0.03
2024-04-02,15895.0,15947.5,15965.0,15897.0,0.06
2024-04-03,15915.0,15930.0,15940.0,15905.0,0.13
2024-04-04,15890.0,15937.5,15937.5,15890.0,-0.16
2024-04-05,15840.0,15907.5,15916.0,15842.5,-0.31
2024-04-08,15925.0,15888.0,15928.0,15867.0,0.54
2024-04-09,15899.0,15925.0,15925.0,15833.0,-0.16
2024-04-10,15998.0,15900.0,16002.0,15826.0,0.62
2024-04-11,16031.0,16002.0,16036.5,15950.5,0.21
2024-04-12,16117.0,16030.5,16161.3,15996.0,0.54
2024-04-15,16116.7,16118.0,16138.0,16050.8,0.0
2024-04-16,16170.0,16075.0,16210.0,16072.5,0.33
2024-04-17,16215.0,16235.0,16272.5,16210.0,0.28
2024-04-18,16170.0,16185.0,16195.0,16155.0,-0.28
2024-04-19,16250.0,16265.0,16290.0,16255.0,0.49
2024-04-22,16230.0,16217.5,16245.0,16207.5,-0.12
2024-04-23,16215.0,16245.0,16252.5,16220.0,-0.09
2024-04-24,16150.0,16150.0,16180.0,16145.0,-0.4
2024-04-25,16185.0,16205.0,16223.5,16179.0,0.22
2024-04-26,16205.0,16200.0,16229.5,16197.5,0.12
2024-04-29,16250.0,16237.5,16265.0,16229.5,0.28
2024-04-30,16255.0,16265.0,16282.5,16259.5,0.03
2024-05-01,16193.6,16279.0,16280.5,16167.3,-0.38
2024-05-02,16180.0,16250.0,16250.0,16185.0,-0.08
2024-05-03,16080.0,16075.0,16107.5,16072.5,-0.62
2024-05-06,16020.0,15985.0,16032.5,15980.0,-0.37
2024-05-07,16040.0,16065.0,16070.5,16044.5,0.12
2024-05-08,16040.0,16090.0,16095.0,16045.0,0.0
2024-05-09,16026.0,16080.5,16083.3,16014.8,-0.09
2024-05-10,16058.9,16036.5,16080.0,16009.7,0.21
2024-05-13,16075.0,16070.0,16096.5,16067.5,0.1
2024-05-14,16090.0,16130.0,16141.5,16100.0,0.09
2024-05-15,16025.0,16080.0,16095.0,16026.5,-0.4
2024-05-16,15920.0,15922.5,15960.0,15912.5,-0.66
2024-05-17,15950.0,15960.0,15988.5,15945.0,0.19
2024-05-20,15970.0,15960.0,15987.5,15960.0,0.13
2024-05-21,15990.0,16040.0,16042.5,15994.5,0.13
2024-05-22,15990.0,15990.0,16010.0,15967.5,0.0
2024-05-23,16102.3,16048.0,16102.3,16018.3,0.7
2024-05-24,16045.0,16102.3,16121.0,16026.0,-0.36
2024-05-27,16060.0,16030.0,16072.5,16015.0,0.09
2024-05-28,16085.0,16070.0,16101.5,16070.0,0.16
2024-05-29,16155.0,16130.0,16167.5,16117.5,0.44
2024-05-30,16255.0,16222.5,16275.0,16222.5,0.62
2024-05-31,16245.0,16265.0,16267.5,16237.5,-0.06
2024-06-03,16225.0,16255.0,16265.0,16205.0,-0.12
2024-06-04,16215.0,16195.0,16240.0,16190.0,-0.06
2024-06-05,16280.0,16255.0,16293.5,16247.5,0.4
2024-06-06,16255.0,16285.0,16287.5,16257.5,-0.15
2024-06-07,16190.0,16240.0,16245.0,16190.0,-0.4
2024-06-10,16275.0,16265.0,16295.5,16247.5,0.53
2024-06-11,16285.0,16285.0,16302.5,16278.0,0.06
2024-06-12,16290.0,16297.5,16305.5,16287.5,0.03
2024-06-13,16265.0,16270.0,16292.5,16262.5,-0.15
2024-06-14,16395.0,16287.5,16417.5,16282.5,0.8
2024-06-17,16486.0,16486.5,16489.7,16404.9,0.56
2024-06-18,16376.1,16486.0,16486.0,16360.0,-0.67
2024-06-19,16360.0,16405.0,16405.0,16345.0,-0.1
2024-06-20,16425.0,16375.0,16430.0,16371.5,0.4
2024-06-21,16445.0,16465.0,16482.5,16440.0,0.12
2024-06-24,16390.0,16470.0,16475.0,16394.0,-0.33
2024-06-25,16370.0,16382.5,16465.0,16360.0,-0.12
2024-06-26,16400.0,16420.0,16450.0,16400.0,0.18
2024-06-27,16395.0,16410.0,16432.5,16392.5,-0.03
2024-06-28,16370.0,16410.0,16422.5,16375.0,-0.15
2024-07-01,16320.0,16352.5,16412.5,16315.0,-0.31
2024-07-02,16390.0,16355.0,16402.5,16347.5,0.43
2024-07-03,16365.0,16382.5,16401.5,16365.0,-0.15
2024-07-04,16325.0,16330.0,16356.5,16320.0,-0.24
2024-07-05,16275.0,16332.5,16345.0,16270.0,-0.31
2024-07-08,16250.0,16275.0,16285.0,16246.5,-0.15
2024-07-09,16245.0,16300.0,16315.0,16249.5,-0.03
2024-07-10,16235.0,16287.5,16300.0,16238.5,-0.06
2024-07-11,16190.0,16217.5,16220.0,16185.0,-0.28
2024-07-12,16135.0,16135.0,16164.5,16130.0,-0.34
2024-07-15,16165.0,16145.0,16189.0,16137.5,0.19
2024-07-16,16175.0,16200.0,16252.5,16179.5,0.06
2024-07-17,16095.0,16155.0,16165.0,16096.0,-0.49
2024-07-18,16150.0,16135.0,16170.0,16125.0,0.34
2024-07-19,16185.0,16195.0,16225.0,16175.0,0.22
2024-07-22,16215.0,16210.0,16237.5,16205.0,0.19
2024-07-23,16205.0,16215.0,16222.5,16185.0,-0.06
2024-07-24,16210.0,16220.0,16232.5,16210.0,0.03
2024-07-25,16245.0,16237.5,16276.0,16230.0,0.22
2024-07-26,16285.0,16287.5,16302.5,16267.5,0.25
2024-07-29,16275.0,16290.0,16295.0,16266.5,-0.06
2024-07-30,16295.0,16305.0,16332.5,16290.0,0.12
2024-07-31,16255.0,16305.0,16323.0,16259.0,-0.25
2024-08-01,16230.0,16255.0,16270.0,16210.0,-0.15
2024-08-02,16195.0,16260.0,16281.5,16194.5,-0.22
2024-08-05,16180.0,16180.0,16197.5,16122.5,-0.09
2024-08-06,16160.0,16210.0,16215.0,16165.0,-0.12
2024-08-07,16030.0,16160.0,16177.5,16021.5,-0.8
2024-08-08,15890.0,16005.0,16012.5,15894.0,-0.87
2024-08-09,15920.0,15937.5,15945.0,15884.0,0.19
2024-08-12,15950.0,15940.0,15985.0,15925.0,0.19
2024-08-13,15830.0,15935.0,15962.5,15824.5,-0.75
2024-08-14,15675.0,15725.0,15737.5,15665.0,-0.98
2024-08-15,15690.0,15615.0,15720.0,15615.0,0.1
2024-08-16,15685.0,15755.0,15759.0,15675.0,-0.03
2024-08-19,15545.0,15635.0,15656.5,15550.0,-0.89
2024-08-20,15430.0,15515.0,15522.5,15420.0,-0.74
2024-08-21,15480.0,15450.0,15500.0,15422.0,0.32
2024-08-22,15595.0,15505.0,15642.5,15505.0,0.74
2024-08-23,15485.0,15635.0,15662.5,15425.0,-0.71
2024-08-26,15425.0,15341.0,15435.0,15295.0,-0.39
2024-08-27,15490.0,15480.0,15545.0,15460.0,0.42
2024-08-28,15420.0,15517.5,15532.5,15420.0,-0.45
2024-08-29,15410.0,15420.0,15447.5,15367.5,-0.06
2024-08-30,15450.0,15450.0,15490.0,15437.5,0.26
2024-09-02,15520.0,15497.5,15555.0,15492.5,0.45
2024-09-03,15520.0,15547.5,15583.5,15522.5,0.0
2024-09-04,15470.0,15530.0,15542.5,15470.0,-0.32
2024-09-05,15395.0,15422.5,15432.5,15394.0,-0.48
2024-09-06,15360.0,15390.0,15398.5,15352.0,-0.23
2024-09-09,15450.0,15475.0,15485.0,15416.0,0.59
2024-09-10,15445.0,15475.0,15485.0,15431.5,-0.03
2024-09-11,15395.0,15440.0,15440.0,15395.0,-0.32
2024-09-12,15425.0,15415.0,15446.5,15400.0,0.19
2024-09-13,15395.0,15417.5,15455.0,15390.0,-0.19
2024-09-16,15393.1,15400.0,15408.5,15354.0,-0.01
2024-09-17,15330.0,15370.0,15375.0,15315.0,-0.41
2024-09-18,15330.0,15325.0,15360.0,15312.5,0.0
2024-09-19,15230.0,15345.0,15357.5,15232.5,-0.65
2024-09-20,15145.0,15130.0,15152.5,15070.0,-0.56
2024-09-23,15195.0,15145.0,15212.5,15137.5,0.33
2024-09-24,15180.0,15195.0,15212.5,15172.5,-0.1
2024-09-25,15095.0,15115.0,15127.5,15065.0,-0.56
2024-09-26,15160.0,15130.0,15187.5,15122.5,0.43
2024-09-27,15120.0,15100.0,15160.0,15082.5,-0.26
2024-09-30,15135.0,15125.0,15192.5,15109.0,0.1
2024-10-01,15195.0,15175.0,15212.5,15167.5,0.4
2024-10-02,15260.0,15200.0,15285.0,15200.0,0.43
2024-10-03,15415.0,15327.5,15437.5,15305.0,1.02
2024-10-04,15480.0,15495.0,15532.5,15467.5,0.42
2024-10-07,15675.0,15625.0,15700.0,15625.0,1.26
2024-10-08,15640.0,15685.0,15701.5,15625.0,-0.22
2024-10-09,15615.0,15625.0,15640.0,15580.0,-0.16
2024-10-10,15660.0,15655.0,15677.5,15632.5,0.29
2024-10-11,15575.0,15665.0,15672.5,15577.5,-0.54
2024-10-14,15555.0,15590.0,15615.0,15557.5,-0.13
2024-10-15,15575.0,15555.0,15584.0,15532.5,0.13
2024-10-16,15505.0,15545.0,15561.0,15507.5,-0.45
2024-10-17,15490.0,15545.0,15555.0,15485.0,-0.1
2024-10-18,15460.0,15515.0,15522.5,15443.5,-0.19
2024-10-21,15490.0,15460.0,15502.5,15425.0,0.19
2024-10-22,15555.0,15530.0,15575.0,15527.5,0.42
2024-10-23,15615.0,15595.0,15636.0,15586.0,0.39
2024-10-24,15575.0,15640.0,15650.0,15580.0,-0.26
2024-10-25,15635.0,15602.5,15643.5,15592.5,0.39
2024-10-28,15720.0,15695.0,15740.0,15687.5,0.54
2024-10-29,15755.0,15737.5,15778.5,15730.0,0.22
2024-10-30,15690.0,15752.5,15755.0,15695.0,-0.41
2024-10-31,15690.0,15700.0,15715.0,15680.0,0.0
2024-11-01,15715.0,15705.0,15732.5,15698.5,0.16
2024-11-04,15750.0,15735.0,15776.0,15717.5,0.22
2024-11-05,15730.0,15780.0,15795.0,15725.0,-0.13
2024-11-06,15825.0,15787.5,15862.5,15787.5,0.6
2024-11-07,15730.0,15815.0,15830.0,15735.0,-0.6
2024-11-08,15665.0,15625.0,15697.5,15617.5,-0.41
2024-11-11,15675.0,15640.0,15691.0,15632.5,0.06
2024-11-12,15775.0,15745.0,15798.5,15732.5,0.64
2024-11-13,15770.0,15765.0,15797.5,15752.5,-0.03
2024-11-14,15850.0,15820.0,15892.5,15817.5,0.51
2024-11-15,15850.0,15915.0,15967.5,15855.0,0.0
2024-11-18,15845.0,15865.0,15877.5,15830.0,-0.03
2024-11-19,15825.0,15810.0,15837.5,15790.0,-0.13
2024-11-20,15860.0,15845.0,15875.0,15830.0,0.22
2024-11-21,15920.0,15905.0,15956.5,15900.0,0.38
2024-11-22,15870.0,15930.0,15937.5,15875.0,-0.31
2024-11-25,15865.0,15880.0,15887.5,15846.5,-0.03
2024-11-26,15925.0,15912.5,15939.5,15895.0,0.38
2024-11-27,15925.0,15925.0,15925.0,15925.0,0.0
2024-11-28,15865.0,15875.0,15891.5,15840.0,-0.38
2024-11-29,15840.0,15865.0,15877.5,15835.0,-0.16
2024-12-02,15895.0,15870.0,15917.5,15865.0,0.35
2024-12-03,15935.0,15925.0,15964.0,15920.0,0.25
2024-12-04,15925.0,15955.0,15977.5,15925.0,-0.06
2024-12-05,15855.0,15912.5,15927.5,15859.5,-0.44
2024-12-06,15845.0,15860.0,15862.5,15832.5,-0.06
2024-12-09,15860.0,15855.0,15877.5,15832.5,0.09
2024-12-10,15860.0,15855.0,15883.5,15847.5,0.0
2024-12-11,15910.0,15880.0,15922.5,15877.0,0.32
2024-12-12,15920.0,15940.0,15955.0,15925.0,0.06
2024-12-13,15990.0,15965.0,16002.5,15955.0,0.44
2024-12-16,15995.0,16005.0,16029.0,15992.5,0.03
2024-12-17,16060.0,16020.0,16071.5,16012.5,0.41
2024-12-18,16085.0,16102.5,16122.5,16078.5,0.16
2024-12-19,16285.0,16205.0,16305.0,16185.0,1.24
2024-12-20,16190.0,16315.0,16322.5,16192.0,-0.58
2024-12-23,16170.0,16182.5,16197.5,16125.0,-0.12
2024-12-24,16185.0,16155.0,16220.0,16155.0,0.09
2024-12-25,16185.0,16185.0,16185.0,16185.0,0.0
2024-12-26,16185.0,16185.0,16185.0,16185.0,0.0
2024-12-27,16230.0,16207.5,16260.0,16205.0,0.28
2024-12-30,16130.0,16175.0,16195.0,16127.5,-0.62
2024-12-31,16090.0,16090.0,16172.5,16070.0,-0.25
2025-01-01,16090.0,16090.0,16090.0,16090.0,0.0
2025-01-02,16190.0,16200.0,16262.5,16174.5,0.62
2025-01-03,16185.0,16225.0,16245.0,16190.0,-0.03
2025-01-06,16190.0,16200.0,16212.5,16165.0,0.03
2025-01-07,16125.0,16175.0,16195.0,16127.5,-0.4
2025-01-08,16190.0,16167.5,16215.0,16157.5,0.4
2025-01-09,16195.0,16240.0,16267.5,16200.0,0.03
2025-01-10,16180.0,16212.5,16215.0,16170.0,-0.09
2025-01-13,16270.0,16247.5,16292.5,16232.5,0.56
2025-01-14,16260.0,16270.0,16282.5,16250.0,-0.06
2025-01-15,16315.0,16290.0,16340.0,16281.5,0.34
2025-01-16,16355.0,16355.0,16390.0,16347.5,0.25
2025-01-17,16360.0,16365.0,16375.0,16345.0,0.03
2025-01-20,16355.0,16365.0,16387.5,16347.5,-0.03
2025-01-21,16330.0,16310.0,16347.5,16290.0,-0.15
2025-01-22,16280.0,16305.0,16341.0,16280.0,-0.31
2025-01-23,16275.0,16265.0,16317.5,16237.5,-0.03
2025-01-24,16170.0,16260.0,16260.0,16150.0,-0.65
2025-01-27,16170.0,16170.0,16170.0,16170.0,0.0
2025-01-28,16170.0,16170.0,16170.0,16170.0,0.0
2025-01-29,16170.0,16170.0,16170.0,16170.0,0.0
2025-01-30,16255.0,16235.0,16275.0,16221.5,0.53
2025-01-31,16295.0,16280.0,16322.5,16280.0,0.25
2025-02-03,16430.0,16400.0,16472.5,16392.5,0.83
2025-02-04,16340.0,16370.0,16382.5,16345.0,-0.55
2025-02-05,16280.0,16315.0,16335.0,16285.0,-0.37
2025-02-06,16325.0,16292.5,16345.0,16287.0,0.28
2025-02-07,16270.0,16332.5,16350.0,16275.0,-0.34
2025-02-10,16340.0,16320.0,16357.5,16317.5,0.43
2025-02-11,16370.0,16367.5,16390.0,16355.0,0.18
2025-02-12,16360.0,16357.5,16380.5,16346.5,-0.06
2025-02-13,16350.0,16385.0,16400.0,16348.5,-0.06
2025-02-14,16255.0,16290.0,16315.0,16247.5,-0.58
2025-02-17,16210.0,16185.0,16227.0,16174.0,-0.28
2025-02-18,16270.0,16237.5,16293.5,16232.5,0.37
2025-02-19,16330.0,16320.0,16372.5,16307.5,0.37
2025-02-20,16325.0,16355.0,16372.5,16322.0,-0.03
2025-02-21,16300.0,16290.0,16317.5,16272.5,-0.15
2025-02-24,16270.0,16310.0,16327.5,16270.0,-0.18
2025-02-25,16340.0,16290.0,16357.5,16280.0,0.43
2025-02-26,16365.0,16352.5,16410.0,16287.5,0.15
2025-02-27,16445.0,16390.0,16455.0,16390.0,0.49
2025-02-28,16575.0,16535.0,16592.5,16515.0,0.79
2025-03-03,16475.0,16540.0,16545.0,16475.0,-0.6
2025-03-04,16440.0,16450.0,16467.5,16425.0,-0.21
2025-03-05,16310.0,16410.0,16437.5,16307.5,-0.79
2025-03-06,16325.0,16275.0,16345.0,16260.0,0.09
2025-03-07,16290.0,16335.0,16360.0,16292.0,-0.21
2025-03-10,16335.0,16295.0,16355.0,16285.0,0.28
2025-03-11,16400.0,16385.0,16451.0,16377.5,0.4
2025-03-12,16440.0,16440.0,16465.0,16430.0,0.24
2025-03-13,16420.0,16465.0,16467.5,16400.0,-0.12
2025-03-14,16345.0,16405.0,16417.5,16347.5,-0.46
2025-03-17,16395.0,16325.0,16402.5,16315.0,0.31
2025-03-18,16420.0,16400.0,16477.5,16386.5,0.15
2025-03-19,16520.0,16500.0,16537.5,16485.0,0.61
2025-03-20,16470.0,16530.0,16537.5,16460.0,-0.3
2025-03-21,16495.0,16497.5,16516.5,16475.0,0.15
2025-03-24,16550.0,16495.0,16570.0,16495.0,0.33
2025-03-25,16590.0,16597.5,16645.0,16587.5,0.24
2025-03-26,16575.0,16605.0,16615.0,16560.0,-0.09
2025-03-27,16555.0,16610.0,16615.0,16541.5,-0.12
2025-03-28,16555.0,16555.0,16555.0,16555.0,0.0
2025-03-31,16555.0,16555.0,16555.0,16555.0,0.0
2025-04-01,16555.0,16555.0,16555.0,16555.0,0.0
2025-04-02,16555.0,16555.0,16555.0,16555.0,0.0
2025-04-03,16555.0,16555.0,16555.0,16555.0,0.0
2025-04-04,16555.0,16555.0,16555.0,16555.0,0.0
2025-04-07,16555.0,16555.0,16555.0,16555.0,0.0
2025-04-08,16860.0,16852.5,16874.0,16825.0,1.84
2025-04-09,16860.0,16925.0,16972.5,16862.5,0.0
2025-04-10,16795.0,16815.0,16815.0,16727.5,-0.39
2025-04-11,16790.0,16797.5,16820.0,16765.0,-0.03
2025-04-14,16770.0,16787.5,16793.5,16750.0,-0.12
2025-04-15,16810.0,16782.5,16825.0,16770.0,0.24
2025-04-16,16820.0,16815.0,16855.0,16815.0,0.06
2025-04-17,16820.0,16830.0,16845.0,16802.5,0.0
2025-04-18,16820.0,16820.0,16820.0,16820.0,0.0
2025-04-21,16800.0,16825.0,16837.5,16795.0,-0.12
2025-04-22,16855.0,16835.0,16867.5,16835.0,0.33
2025-04-23,16865.0,16870.0,16887.5,16855.0,0.06
2025-04-24,16870.0,16867.5,16887.5,16862.5,0.03
2025-04-25,16830.0,16825.0,16842.5,16807.5,-0.24
2025-04-28,16855.0,16835.0,16867.0,16830.0,0.15
2025-04-29,16760.0,16810.0,16815.0,16759.5,-0.56
2025-04-30,16600.0,16715.0,16742.5,16597.5,-0.95
2025-05-01,16600.0,16600.0,16600.0,16600.0,0.0
2025-05-02,16435.0,16615.0,16615.0,16424.5,-0.99
2025-05-05,16435.0,16410.0,16460.0,16375.0,0.0
2025-05-06,16450.0,16465.0,16492.5,16435.0,0.09
2025-05-07,16535.0,16470.0,16545.0,16465.0,0.52
2025-05-08,16494.0,16550.0,16577.5,16432.5,-0.25
2025-05-09,16515.0,16537.5,16565.0,16500.0,0.13
2025-05-12,16515.0,16515.0,16515.0,16515.0,0.0
2025-05-13,16515.0,16515.0,16515.0,16515.0,0.0
2025-05-14,16550.0,16560.0,16592.5,16536.5,0.21
2025-05-15,16515.0,16555.0,16572.5,16502.5,-0.21
2025-05-16,16440.0,16470.0,16495.0,16392.5,-0.45
2025-05-19,16430.0,16465.0,16480.0,16425.0,-0.06
2025-05-20,16415.0,16420.0,16429.0,16380.0,-0.09
2025-05-21,16395.0,16412.5,16425.0,16357.5,-0.12
2025-05-22,16330.0,16332.5,16342.5,16285.0,-0.4
2025-05-23,16217.5,16320.0,16330.5,16215.0,-0.69
2025-05-26,16240.0,16185.0,16245.0,16155.0,0.14
2025-05-27,16272.5,16245.0,16281.0,16225.0,0.2
2025-05-28,16290.0,16287.5,16312.5,16275.0,0.11
2025-05-29,16290.0,16290.0,16290.0,16290.0,0.0
2025-05-30,16290.0,16290.0,16290.0,16290.0,0.0
2025-06-02,16245.0,16320.0,16337.5,16245.0,-0.28
2025-06-03,16285.0,16275.0,16312.5,16257.0,0.25
2025-06-04,16290.0,16302.5,16317.5,16287.0,0.03
2025-06-05,16275.0,16275.0,16292.5,16257.5,-0.09
2025-06-06,16275.0,16275.0,16275.0,16275.0,0.0
2025-06-09,16275.0,16275.0,16275.0,16275.0,0.0
2025-06-10,16270.0,16270.0,16290.0,16259.5,-0.03
2025-06-11,16255.0,16270.0,16272.5,16254.5,-0.09
2025-06-12,16235.0,16245.0,16257.5,16215.0,-0.12
2025-06-13,16295.0,16265.0,16312.5,16257.5,0.37
2025-06-16,16265.0,16307.5,16317.5,16264.5,-0.18
2025-06-17,16280.0,16297.5,16307.5,16259.5,0.09
2025-06-18,16300.0,16310.0,16330.0,16295.0,0.12
2025-06-19,16395.0,16350.0,16412.5,16342.0,0.58
2025-06-20,16385.0,16372.5,16412.5,16362.5,-0.06
2025-06-23,16485.0,16355.0,16497.5,16355.0,0.61
2025-06-24,16350.0,16375.0,16397.5,16340.0,-0.82
2025-06-25,16290.0,16272.5,16302.5,16255.0,-0.37
2025-06-26,16204.0,16295.0,16295.0,16192.5,-0.53
2025-06-27,16204.0,16204.0,16204.0,16204.0,0.0
2025-06-30,16235.0,16212.5,16257.5,16190.0,0.19
2025-07-01,16190.0,16170.0,16214.0,16162.5,-0.28
2025-07-02,16240.0,16202.5,16248.5,16200.0,0.31
2025-07-03,16190.0,16205.0,16225.0,16187.5,-0.31
2025-07-04,16185.0,16222.5,16237.5,16175.0,-0.03
2025-07-07,16230.0,16210.0,16244.0,16207.5,0.28
2025-07-08,16205.0,16270.0,16277.5,16205.0,-0.15
2025-07-09,16242.5,16250.0,16265.0,16235.0,0.23
2025-07-10,16220.0,16245.0,16245.0,16205.0,-0.14
2025-07-11,16210.0,16227.5,16235.0,16209.0,-0.06
2025-07-14,16245.0,16225.0,16262.0,16220.0,0.22
2025-07-15,16260.0,16267.5,16296.0,16255.0,0.09
2025-07-16,16270.0,16265.0,16297.5,16247.5,0.06
2025-07-17,16330.0,16290.0,16342.5,16285.0,0.37
2025-07-18,16290.0,16325.0,16325.0,16287.0,-0.24
2025-07-21,16310.0,16315.0,16339.0,16305.0,0.12
2025-07-22,16310.0,16312.5,16320.0,16288.5,0.0
2025-07-23,16290.0,16275.0,16306.5,16267.5,-0.12
2025-07-24,16285.0,16270.0,16295.5,16257.5,-0.03
2025-07-25,16315.0,16327.5,16336.0,16310.0,0.18
2025-07-28,16340.0,16325.0,16355.0,16320.0,0.15
2025-07-29,16394.5,16375.0,16411.5,16372.5,0.33
2025-07-30,16390.0,16362.5,16400.5,16360.0,-0.03
2025-07-31,16455.0,16437.5,16466.0,16430.0,0.4
2025-08-01,16490.0,16512.5,16515.0,16476.5,0.21
2025-08-04,16390.0,16425.0,16425.0,16372.5,-0.61
2025-08-05,16380.0,16370.0,16396.5,16362.5,-0.06
2025-08-06,16360.0,16390.0,16395.0,16359.0,-0.12
2025-08-07,16290.0,16325.0,16337.5,16285.0,-0.43
2025-08-08,16290.0,16305.0,16332.5,16275.0,0.0
2025-08-11,16270.0,16252.5,16278.5,16230.0,-0.12
2025-08-12,16285.0,16280.0,16349.0,16277.5,0.09
2025-08-13,16194.0,16260.0,16270.0,16193.5,-0.56
2025-08-14,16110.5,16110.0,16130.0,16085.0,-0.52
2025-08-15,16160.0,16150.0,16171.5,16139.5,0.31
2025-08-18,16160.0,16160.0,16160.0,16160.0,0.0
2025-08-19,16240.0,16220.0,16291.5,16215.0,0.5
2025-08-20,16267.5,16290.0,16322.5,16265.0,0.17
2025-08-21,16285.0,16270.0,16295.0,16267.0,0.11
2025-08-22,16340.0,16322.5,16361.0,16310.0,0.34
2025-08-25,16254.5,16245.0,16267.5,16236.5,-0.52
2025-08-26,16294.5,16265.0,16305.0,16254.0,0.25
2025-08-27,16360.0,16320.0,16372.5,16315.0,0.4
2025-08-28,16345.0,16355.0,16379.0,16330.0,-0.09
2025-08-29,16490.0,16350.0,16500.0,16350.0,0.89
2025-09-01,16415.0,16475.0,16502.5,16410.0,-0.45
2025-09-02,16400.0,16430.0,16450.0,16387.5,-0.09
2025-09-03,16414.5,16435.0,16445.0,16410.0,0.09
2025-09-04,16420.0,16445.0,16457.5,16417.5,0.03
2025-09-05,16420.0,16420.0,16420.0,16420.0,0.0
2025-09-08,16304.0,16385.0,16392.5,16294.0,-0.71
2025-09-09,16475.0,16460.0,16502.5,16410.0,1.05
2025-09-10,16460.0,16467.5,16477.5,16439.0,-0.09
2025-09-11,16460.0,16450.0,16476.5,16437.5,0.0
2025-09-12,16377.5,16422.5,16437.5,16370.0,-0.5
2025-09-15,16410.0,16418.5,16436.0,16385.0,0.2
2025-09-16,16440.0,16385.0,16445.0,16360.5,0.18
2025-09-17,16430.0,16415.0,16450.0,16406.5,-0.06
2025-09-18,16505.0,16455.0,16525.0,16455.0,0.46
2025-09-19,16590.0,16565.0,16590.0,16548.5,0.51
2025-09-22,16605.0,16625.0,16642.5,16578.5,0.09
2025-09-23,16665.0,16585.0,16672.5,16582.5,0.36
2025-09-24,16675.0,16685.0,16695.0,16660.0,0.06
2025-09-25,16740.0,16715.0,16766.0,16700.0,0.39
2025-09-26,16730.0,16770.0,16800.0,16727.5,-0.06
2025-09-29,16670.0,16660.0,16687.5,16640.0,-0.36
2025-09-30,16665.0,16675.0,16700.0,16660.0,-0.03
2025-10-01,16605.0,16660.0,16705.5,16605.0,-0.36
2025-10-02,16585.0,16597.5,16622.5,16582.5,-0.12
2025-10-03,16535.0,16615.0,16630.0,16529.0,-0.3
2025-10-06,16550.0,16557.5,16610.0,16542.5,0.09
2025-10-07,16540.0,16580.0,16600.0,16525.0,-0.06
2025-10-08,16560.0,16610.0,16624.0,16557.5,0.12
2025-10-09,16545.0,16555.0,16567.5,16509.5,-0.09
2025-10-10,16550.0,16577.5,16597.5,16550.0,0.03
2025-10-13,16560.0,16580.0,16592.5,16557.5,0.06
2025-10-14,16575.0,16560.0,16595.0,16549.5,0.09
2025-10-15,16565.0,16590.0,16595.0,16563.5,-0.06
2025-10-16,16570.0,16570.0,16587.5,16560.0,0.03
2025-10-17,16580.0,16580.0,16595.0,16577.5,0.06
2025-10-20,16575.0,16575.0,16595.0,16554.0,-0.03
2025-10-21,16590.0,16570.0,16597.5,16565.0,0.09
2025-10-22,16575.0,16605.0,16627.5,16575.0,-0.09
2025-10-23,16620.0,16610.0,16652.5,16605.0,0.27
2025-10-24,16595.0,16624.0,16643.0,16595.0,-0.15
2025-10-27,16615.0,16600.0,16642.5,16592.5,0.12
2025-10-28,16605.0,16625.0,16634.0,16605.0,-0.06
2025-10-29,16615.0,16607.5,16635.5,16605.0,0.06
2025-10-30,16640.0,16605.0,16650.0,16605.0,0.15
2025-10-31,16630.0,16622.5,16637.5,16600.0,-0.06
2025-11-03,16655.0,16635.0,16673.5,16627.5,0.15
2025-11-04,16697.0,16710.0,16734.0,16694.5,0.25
2025-11-05,16705.0,16730.0,16745.0,16702.5,0.05
2025-11-06,16694.0,16700.0,16716.0,16683.5,-0.07
2025-11-07,16684.5,16717.5,16725.0,16680.0,-0.06
2025-11-10,16650.0,16670.0,16682.5,16645.0,-0.21
2025-11-11,16685.0,16705.0,16712.5,16682.5,0.21
2025-11-12,16697.0,16700.0,16727.5,16684.5,0.07
2025-11-13,16725.0,16725.0,16738.5,16717.5,0.17
2025-11-14,16694.0,16705.0,16717.5,16694.0,-0.19
2025-11-17,16725.0,16712.5,16738.0,16710.0,0.19
2025-11-18,16740.0,16740.0,16765.0,16732.5,0.09
2025-11-19,16692.5,16740.0,16757.5,16687.5,-0.28
2025-11-20,16730.0,16740.0,16755.0,16725.0,0.22
2025-11-21,16694.0,16740.0,16741.0,16694.0,-0.22
2025-11-24,16692.5,16710.0,16720.0,16692.5,-0.01
2025-11-25,16660.0,16670.0,16688.5,16655.0,-0.19
2025-11-26,16660.0,16647.5,16682.5,16640.0,0.0
2025-11-27,16640.0,16630.0,16652.5,16620.0,-0.12
2025-11-28,16655.0,16637.5,16670.0,16632.5,0.09
2025-12-01,16655.0,16660.0,16675.0,16650.0,0.0
2025-12-02,16620.0,16632.5,16647.5,16615.0,-0.21
2025-12-03,16620.0,16625.0,16637.5,16617.5,0.0
2025-12-04,16645.0,16630.0,16655.5,16626.5,0.15
2025-12-05,16640.0,16655.0,16667.5,16640.0,-0.03
2025-12-08,16690.0,16660.0,16696.5,16650.0,0.3
2025-12-09,16665.0,16690.0,16697.5,16659.5,-0.15
2025-12-10,16685.0,16685.0,16696.5,16676.0,0.12
2025-12-11,16670.0,16655.0,16682.5,16639.0,-0.09
2025-12-12,16640.0,16647.5,16675.0,16627.5,-0.18
2025-12-15,16665.0,16640.0,16673.5,16640.0,0.15
2025-12-16,16690.0,16672.5,16695.0,16670.0,0.15
2025-12-17,16685.0,16675.0,16710.0,16665.0,-0.03
2025-12-18,16715.0,16702.5,16732.5,16695.0,0.18
2025-12-19,16740.0,16715.0,16750.0,16706.5,0.15
2025-12-22,16770.0,16737.5,16785.0,16737.5,0.18
2025-12-23,16770.0,16755.0,16800.0,16745.0,0.0
2025-12-24,16755.0,16770.0,16782.5,16749.0,-0.09
2025-12-25,16755.0,16755.0,16755.0,16755.0,0.0
2025-12-26,16755.0,16755.0,16755.0,16755.0,0.0
2025-12-29,16785.0,16760.0,16795.0,16757.5,0.18
2025-12-30,16760.0,16780.0,16789.0,16760.0,-0.15
2025-12-31,16675.0,16715.0,16742.5,16675.0,-0.51
2026-01-01,16675.0,16675.0,16675.0,16675.0,0.0
2026-01-02,16720.0,16695.0,16734.0,16690.0,0.27
2026-01-05,16740.0,16715.0,16762.5,16712.5,0.12
2026-01-06,16750.0,16745.0,16769.0,16730.0,0.06
2026-01-07,16775.0,16760.0,16790.5,16755.0,0.15
2026-01-08,16790.0,16787.5,16805.0,16785.0,0.09
2026-01-09,16800.0,16830.0,16846.5,16800.0,0.06
2026-01-12,16830.0,16837.5,16858.5,16830.0,0.18
2026-01-13,16865.0,16845.0,16881.5,16845.0,0.21
2026-01-14,16860.0,16865.0,16876.0,16856.5,-0.03
2026-01-15,16885.0,16835.0,16894.5,16830.0,0.15
2026-01-16,16885.0,16885.0,16885.0,16885.0,0.0
2026-01-19,16940.0,16875.0,16952.5,16875.0,0.33
2026-01-20,16950.0,16970.0,16987.5,16947.5,0.06
2026-01-21,16935.0,16945.0,16971.0,16930.0,-0.09
2026-01-22,16885.0,16925.0,16935.0,16796.5,-0.3
2026-01-23,16815.0,16825.0,16849.0,16810.0,-0.41
2026-01-26,16775.0,16795.0,16802.5,16755.0,-0.24
2026-01-27,16765.0,16777.5,16812.5,16765.0,-0.06
2026-01-28,16705.0,16720.0,16745.0,16680.0,-0.36
2026-01-29,16747.5,16750.0,16805.0,16745.0,0.25
2026-01-30,16785.0,16795.0,16815.0,16777.5,0.22
2026-02-02,16790.0,16790.0,16812.5,16763.5,0.03
2026-02-03,16760.0,16760.0,16786.5,16757.5,-0.18
2026-02-04,16770.0,16765.0,16777.5,16757.5,0.06
2026-02-05,16830.0,16785.0,16834.0,16782.5,0.36
2026-02-06,16865.0,16872.5,16894.0,16860.0,0.21
2026-02-09,16800.0,16865.0,16872.5,16799.0,-0.39
2026-02-10,16795.0,16795.0,16852.5,16773.0,-0.03
2026-02-11,16780.0,16775.0,16794.0,16759.0,-0.09
2026-02-12,16815.0,16800.0,16832.5,16800.0,0.21
2026-02-13,16830.0,16820.0,16855.0,16817.5,0.09
2026-02-16,16830.0,16830.0,16830.0,16830.0,0.0
2026-02-17,16830.0,16830.0,16830.0,16830.0,0.0
2026-02-18,16880.0,16845.0,16893.5,16837.5,0.3
2026-02-19,16875.0,16890.0,16936.5,16875.0,-0.03
2026-02-20,16865.0,16882.5,16946.0,16855.0,-0.06
2026-02-23,16790.0,16865.0,16865.0,16790.0,-0.44
2026-02-24,16820.0,16820.0,16839.5,16812.5,0.18
2026-02-25,16785.0,16840.0,16852.5,16784.0,-0.21
2026-02-26,16755.0,16757.5,16781.0,16732.5,-0.18
2026-02-27,16765.0,16767.5,16788.5,16761.5,0.06
2026-03-02,16860.0,16822.5,16867.5,16814.5,0.57
2026-03-03,16855.0,16860.0,16885.0,16844.0,-0.03
2026-03-04,16885.0,16920.0,16932.5,16885.0,0.18
2026-03-05,16880.0,16902.5,16907.5,16855.0,-0.03
2026-03-06,16905.0,16917.5,16932.5,16902.5,0.15
2026-03-09,16940.0,16990.0,16995.0,16937.5,0.21
2026-03-10,16857.5,16865.0,16895.0,16842.5,-0.49
2026-03-11,16870.0,16840.0,16872.5,16835.0,0.07
2026-03-12,16890.0,16900.0,16909.0,16878.0,0.12
2026-03-13,16940.0,16907.5,16946.0,16897.5,0.3
2026-03-16,16990.0,16950.0,16997.5,16950.0,0.3
2026-03-17,16980.0,16977.5,16992.5,16960.0,-0.06
2026-03-18,16980.0,16980.0,16980.0,16980.0,0.0
2026-03-19,16980.0,16980.0,16980.0,16980.0,0.0
2026-03-20,16980.0,16980.0,16980.0,16980.0,0.0
2026-03-23,16980.0,16980.0,16980.0,16980.0,0.0
2026-03-24,16980.0,16980.0,16980.0,16980.0,0.0
2026-03-25,16910.0,16915.0,16925.0,16870.0,-0.41
2026-03-26,16900.0,16885.0,16907.5,16880.0,-0.06
2026-03-27,16965.0,16922.5,16974.0,16922.5,0.38
2026-03-30,16990.0,16985.0,16996.5,16977.5,0.15
2026-03-31,16994.5,16985.0,16999.0,16985.0,0.03
2026-04-01,16980.0,16992.0,17031.0,16957.5,-0.09
2026-04-02,16994.5,16990.0,17027.5,16980.0,0.09
2026-04-03,16994.5,16994.5,16994.5,16994.5,0.0
2026-04-06,17035.0,17000.0,17047.5,16992.5,0.24
2026-04-07,17094.5,17052.5,17107.5,17052.5,0.35
2026-04-08,17010.0,16985.0,17025.5,16980.0,-0.49
2026-04-09,17085.0,17040.0,17100.0,17027.5,0.44
2026-04-10,17090.0,17080.0,17122.5,17076.5,0.03
2026-04-13,17100.0,17125.0,17142.5,17100.0,0.06
2026-04-14,17115.0,17125.0,17144.0,17115.0,0.09
2026-04-15,17135.0,17117.5,17147.5,17110.0,0.12
2026-04-16,17130.0,17137.5,17155.0,17113.5,-0.03
2026-04-17,17185.0,17155.0,17195.0,17152.5,0.32
2026-04-20,17170.0,17160.0,17187.5,17140.0,-0.09
2026-04-21,17144.0,17145.0,17155.5,17117.5,-0.15
2026-04-22,17175.0,17155.0,17187.5,17147.5,0.18
2026-04-23,17285.0,17225.0,17322.5,17225.0,0.64
2026-04-24,17192.5,17275.0,17294.0,17192.5,-0.54
2026-04-27,17190.0,17210.0,17237.5,17187.5,-0.01
2026-04-28,17215.0,17212.5,17249.0,17202.5,0.15
2026-04-29,17280.0,17277.5,17337.5,17267.5,0.38
2026-04-30,17310.0,17350.0,17387.5,17307.5,0.17
2026-05-01,17310.0,17310.0,17310.0,17310.0,0.0
2026-05-04,17370.0,17325.0,17390.0,17325.0,0.35
2026-05-05,17415.0,17390.0,17447.5,17390.0,0.26
2026-05-06,17385.0,17375.0,17420.0,17361.0,-0.17
2026-05-07,17335.0,17320.0,17378.5,17320.0,-0.29
2026-05-08,17365.0,17350.0,17391.5,17347.5,0.17
2026-05-11,17410.0,17382.5,17424.0,17382.5,0.26
2026-05-12,17494.5,17485.0,17529.0,17480.0,0.49
2026-05-13,17465.0,17510.0,17537.5,17445.0,-0.17
2026-05-14,17465.0,17465.0,17465.0,17465.0,0.0
2026-05-15,17465.0,17465.0,17465.0,17465.0,0.0
2026-05-18,17645.0,17640.0,17672.5,17595.0,1.03
2026-05-19,17700.0,17675.0,17735.0,17670.0,0.31
2026-05-20,17605.0,17755.0,17762.5,17605.0,-0.54
2026-05-21,17645.0,17640.0,17727.5,17625.0,0.23
2026-05-22,17695.0,17680.0,17727.5,17677.5,0.28
2026-05-25,17735.0,17705.0,17755.0,17700.0,0.23
2026-05-26,17780.0,17740.0,17800.0,17740.0,0.25
2026-05-27,17780.0,17780.0,17780.0,17780.0,0.0
2026-05-28,17780.0,17780.0,17780.0,17780.0,0.0
2026-05-29,17870.0,17820.0,17892.0,17820.0,0.51
2026-06-01,17870.0,17870.0,17870.0,17870.0,0.0
2026-06-02,17835.0,17865.0,17894.5,17822.5,-0.2
2026-06-03,17945.0,17877.5,17960.0,17875.0,0.62
2026-06-04,18025.0,17980.0,18050.0,17980.0,0.45
2026-06-05,18015.0,18065.0,18065.0,18007.5,-0.06
2026-06-08,18175.0,18090.0,18197.5,18080.0,0.89
2026-06-09,18055.0,18155.0,18190.0,18032.5,-0.66
2026-06-10,17952.5,17882.5,18005.0,17882.5,-0.57
2026-06-11,17980.0,17930.0,18001.5,17930.0,0.15
2026-06-12,17870.0,17925.0,17965.5,17850.0,-0.61
2026-06-15,17694.5,17765.0,17780.0,17675.0,-0.98
2026-06-16,17694.5,17694.5,17694.5,17694.5,0.0
2026-06-17,17735.0,17742.5,17762.5,17727.5,0.23
2026-06-18,17705.0,17850.0,17881.0,17705.0,-0.17
2026-06-19,17780.0,17840.0,17855.0,17780.0,0.42
2026-06-21,17785.4,17765.8,17810.0,17780.0,0.03
2026-06-22,17830.0,17805.0,17836.5,17777.5,0.25
2026-06-23,17840.0,17865.0,17875.0,17840.0,0.06
2026-06-24,17930.0,17920.0,17960.0,17917.5,0.5
2026-06-25,17920.0,17960.0,17972.5,17917.5,-0.06
2026-06-26,17910.0,17965.0,17987.5,17910.0,-0.06
2026-06-28,17885.9,17856.7,17910.0,17837.0,-0.13
2026-06-29,17850.7,17856.7,17910.0,17814.0,-0.2
2026-06-30,17925.0,17941.0,17948.0,17838.19921875,0.53
2026-07-01,17935.0,17906.80078125,18006.0,17881.19921875,0.06
2026-07-02,17998.0,18003.0,18037.0,17851.69921875,0.35
2026-07-03,17787.900390625,17981.0,18021.0,17278.19921875,-1.17
2026-07-06,17998.0,17992.0,18047.0,17962.19921875,1.18
2026-07-07,18046.0,18053.0,18064.0,17848.19921875,0.27
2026-07-08,17979.0,17988.0,18116.0,17896.0,-0.37
2026-07-09,18125.0,18092.5,18145.0,18001.80078125,0.81
2026-07-10,18125.0,18135.900390625,18148.0,17997.900390625,0.0
2026-07-13,18065.0,18069.0,18145.80078125,17909.80078125,-0.33
2026-07-14,18111.0,18152.0,18153.0,17916.599609375,0.25
2026-07-15,18157.0,18048.69921875,18129.0,18006.0,0.25
2026-07-16,18068.80078125,18031.80078125,18155.0,17808.599609375,-0.49
2026-07-17,17985.0,17983.0,17997.0,17885.0,-0.46
2026-07-20,17934.0,17937.0,17980.0,17868.80078125,-0.28
2026-07-21,17931.0,17931.0,17937.0,17864.0,-0.02
2026-07-22,17911.0,17911.0,17927.900390625,17727.80078125,-0.11
2026-07-23,17917.0,17917.0,18021.0,17882.0,0.03
2026-07-24,17967.0,17967.900390625,17988.0,17891.599609375,0.28
2026-07-27,17958.0,17947.0,18068.0,17931.0,-0.05
2026-07-28,18053.0,18053.0,18113.900390625,18044.30078125,0.53
2026-07-29,18053.0,18053.0,18109.099609375,18032.19921875,0.0
2026-07-30,18079.0,18079.0,18118.900390625,17845.30078125,0.14
2026-07-31,18040.099609375,18040.099609375,18080.0,17899.599609375,-0.22
2026-08-03,18030.0,18030.0,18052.0,17958.0,-0.06
2026-08-04,17963.30078125,17963.30078125,18038.599609375,17945.0,-0.37
2026-08-05,17963.0,17963.0,17981.0,17831.0,-0.0
2026-08-06,17873.0,17874.0,17916.0,17872.0,-0.5
2026-08-07,17912.0,17912.0,17937.0,17769.0,0.22
2026-08-10,17794.0,17794.0,17827.0,17719.30078125,-0.66
2026-08-11,17791.0,17794.0,17872.80078125,17749.599609375,-0.02
2026-08-12,17822.0,17823.0,17880.599609375,17784.900390625,0.17
2026-08-13,17853.0,17851.0,17890.900390625,17831.0,0.17
2026-08-14,17863.0,17862.0,17863.0,17635.80078125,0.06
2026-08-17,17830.0,17827.0,17853.0,17745.5,-0.18
2026-08-18,17824.0,17824.0,17874.900390625,17460.19921875,-0.03
2026-08-19,17768.5,17797.80078125,17871.0,17768.900390625,-0.31
2026-08-20,17807.0,17807.0,17816.400390625,17721.599609375,0.22
2026-08-21,17755.0,17754.0,17763.400390625,17606.30078125,-0.29
2026-08-24,17655.0,17650.0,17728.400390625,17621.0,-0.56
2026-08-25,17714.599609375,17720.0,17738.30078125,17566.0,0.34
2026-08-26,17695.0,17648.19921875,17732.400390625,17648.19921875,-0.11
2026-08-27,17778.0,17781.0,17794.0,17684.400390625,0.47
2026-08-28,17749.0,17744.0,17750.900390625,17676.900390625,-0.16
2026-08-31,17749.0,17749.0,17776.19921875,17699.0,0.0
2026-09-01,17689.900390625,17702.0,17763.30078125,17667.099609375,-0.33
2026-09-02,17697.19921875,17698.099609375,17782.599609375,17671.400390625,0.04
2026-09-03,17723.0,17723.0,17737.0,17580.0,0.15
2026-09-04,17618.099609375,17618.0,17658.0,17516.30078125,-0.59
2026-09-07,17638.0,17635.0,17666.0,17618.69921875,0.11
2026-09-08,17664.0,17660.0,17664.0,17558.0,0.15
2026-09-09,17588.0,17591.0,17606.0,17436.0,-0.43
2026-09-10,17501.0,17501.099609375,17596.0,17493.0,-0.49
2026-09-11,17588.099609375,17589.0,17627.0,17541.0,0.5
2026-09-13,17606.0,17595.0,17606.0,17595.0,0.1
