Date,dxy_close,gold_close,oil_close,vix_close,ihsg_close,sp500_close,us10y_close
2015-01-02,91.08000183105469,1186.0,52.689998626708984,17.790000915527344,5242.56494140625,2058.199951171875,2.122999906539917
2015-01-05,91.37999725341797,1203.9000244140625,50.040000915527344,19.920000076293945,5219.7919921875,2020.5799560546875,2.0390000343322754
2015-01-06,91.5,1219.300048828125,47.93000030517578,21.1200008392334,5168.8583984375,2002.6099853515625,1.9630000591278076
2015-01-07,91.88999938964844,1210.5999755859375,48.650001525878906,19.309999465942383,5206.9150390625,2025.9000244140625,1.9539999961853027
2015-01-08,92.37000274658203,1208.4000244140625,48.790000915527344,17.010000228881836,5211.625,2062.139892578125,2.0160000324249268
2015-01-09,91.94000244140625,1216.0,48.36000061035156,17.549999237060547,5216.4619140625,2044.81005859375,1.9709999561309814
2015-01-12,91.9800033569336,1232.699951171875,46.06999969482422,19.600000381469727,5187.7314453125,2028.260009765625,1.9119999408721924
2015-01-13,92.30999755859375,1234.300048828125,45.88999938964844,20.559999465942383,5214.15576171875,2023.030029296875,1.8899999856948853
2015-01-14,92.16000366210938,1234.4000244140625,48.47999954223633,21.479999542236328,5159.46728515625,2011.27001953125,1.8370000123977661
2015-01-15,92.3499984741211,1264.699951171875,46.25,22.389999389648438,5188.51025390625,1992.6700439453125,1.774999976158142
2015-01-16,92.5199966430664,1276.9000244140625,48.689998626708984,20.950000762939453,5148.1787109375,2019.4200439453125,1.815000057220459
2015-01-19,,,,,5151.892578125,,
2015-01-20,93.05000305175781,1294.199951171875,46.38999938964844,19.889999389648438,5165.888671875,2022.550048828125,1.8070000410079956
2015-01-21,92.9000015258789,1293.699951171875,47.779998779296875,18.850000381469727,5215.06298828125,2032.1199951171875,1.8530000448226929
2015-01-22,94.23999786376953,1300.699951171875,46.310001373291016,16.399999618530273,5252.978515625,2063.14990234375,1.8960000276565552
2015-01-23,95.0,1292.5999755859375,45.59000015258789,16.65999984741211,5323.67724609375,2051.820068359375,1.8170000314712524
2015-01-26,94.80000305175781,1279.4000244140625,45.150001525878906,15.520000457763672,5259.81884765625,2057.090087890625,1.8279999494552612
2015-01-27,94.0199966430664,1291.699951171875,46.22999954223633,17.219999313354492,5276.94384765625,2029.550048828125,1.8250000476837158
2015-01-28,94.47000122070312,1285.9000244140625,44.45000076293945,20.440000534057617,5268.64697265625,2002.1600341796875,1.7239999771118164
2015-01-29,94.77999877929688,1254.5999755859375,44.529998779296875,18.760000228881836,5262.5126953125,2021.25,1.7510000467300415
2015-01-30,94.80000305175781,1278.5,48.2400016784668,20.969999313354492,5289.19775390625,1994.989990234375,1.6749999523162842
2015-02-02,94.5,1276.199951171875,49.56999969482422,19.43000030517578,5276.03076171875,2020.8499755859375,1.6729999780654907
2015-02-03,93.5999984741211,1259.699951171875,53.04999923706055,17.329999923706055,5291.51171875,2050.030029296875,1.7799999713897705
2015-02-04,93.98999786376953,1263.800048828125,48.45000076293945,18.329999923706055,5315.0771484375,2041.510009765625,1.7970000505447388
2015-02-05,94.69999694824219,1262.0,50.47999954223633,16.850000381469727,5279.689453125,2062.52001953125,1.815000057220459
2015-02-06,94.69999694824219,1233.9000244140625,51.689998626708984,17.290000915527344,5342.30712890625,2055.469970703125,1.937999963760376
2015-02-09,94.44999694824219,1240.800048828125,52.86000061035156,18.549999237060547,5348.26220703125,2046.739990234375,1.9479999542236328
2015-02-10,94.76000213623047,1231.5999755859375,50.02000045776367,17.229999542236328,5321.2666015625,2068.590087890625,1.9910000562667847
2015-02-11,94.98999786376953,1219.0,48.84000015258789,16.959999084472656,5336.3115234375,2068.530029296875,1.9880000352859497
2015-02-12,94.08999633789062,1220.0999755859375,51.209999084472656,15.34000015258789,5343.203125,2088.47998046875,1.9859999418258667
2015-02-13,94.19999694824219,1226.5,52.779998779296875,14.6899995803833,5373.95556640625,2096.989990234375,2.0209999084472656
2015-02-16,,,,,5325.28759765625,,
2015-02-17,94.05999755859375,1208.0999755859375,53.529998779296875,15.800000190734863,5337.29345703125,2100.340087890625,2.1449999809265137
2015-02-18,94.19999694824219,1199.699951171875,52.13999938964844,15.449999809265137,5390.23974609375,2099.679931640625,2.065999984741211
2015-02-19,94.4000015258789,1207.0999755859375,51.15999984741211,15.289999961853027,,2097.449951171875,2.11299991607666
2015-02-20,94.25,1204.4000244140625,50.34000015258789,14.300000190734863,5399.8935546875,2110.300048828125,2.132999897003174
2015-02-23,94.56999969482422,1200.300048828125,49.45000076293945,14.5600004196167,5403.06640625,2109.659912109375,2.059000015258789
2015-02-24,94.48999786376953,1196.9000244140625,49.279998779296875,13.6899995803833,5417.10302734375,2115.47998046875,1.9880000352859497
2015-02-25,94.20999908447266,1201.0,50.9900016784668,13.84000015258789,5444.89599609375,2113.860107421875,1.968999981880188
2015-02-26,95.29000091552734,1209.5999755859375,48.16999816894531,13.90999984741211,5451.2099609375,2110.739990234375,2.0160000324249268
2015-02-27,95.25,1212.5999755859375,49.7599983215332,13.34000015258789,5450.08203125,2104.5,2.002000093460083
2015-03-02,95.45999908447266,1207.699951171875,49.59000015258789,13.039999961853027,5477.61767578125,2117.389892578125,2.0840001106262207
2015-03-03,95.37999725341797,1204.0,50.52000045776367,13.859999656677246,5474.40576171875,2107.780029296875,2.121999979019165
2015-03-04,95.97000122070312,1200.5999755859375,51.529998779296875,14.229999542236328,5447.84716796875,2098.530029296875,2.122999906539917
2015-03-05,96.37999725341797,1195.9000244140625,50.7599983215332,14.039999961853027,5450.73486328125,2101.0400390625,2.111999988555908
2015-03-06,97.62000274658203,1164.0999755859375,49.61000061035156,15.199999809265137,5514.57275390625,2071.260009765625,2.240000009536743
2015-03-09,97.58999633789062,1166.4000244140625,50.0,15.0600004196167,5444.421875,2079.429931640625,2.194999933242798
2015-03-10,98.62000274658203,1160.0999755859375,48.290000915527344,16.690000534057617,5462.7158203125,2044.1600341796875,2.125999927520752
2015-03-11,99.80000305175781,1150.699951171875,48.16999816894531,16.8700008392334,5419.35498046875,2040.239990234375,2.1089999675750732
2015-03-12,99.1500015258789,1152.0999755859375,47.04999923706055,15.420000076293945,5439.6201171875,2065.949951171875,2.0959999561309814
2015-03-13,100.33000183105469,1152.5999755859375,44.84000015258789,16.0,5426.2548828125,2053.39990234375,2.111999988555908
2015-03-16,99.5999984741211,1153.300048828125,43.880001068115234,15.609999656677246,5435.05908203125,2081.18994140625,2.0980000495910645
2015-03-17,99.58999633789062,1148.300048828125,43.459999084472656,15.65999984741211,5438.94091796875,2074.280029296875,2.058000087738037
2015-03-18,98.55000305175781,1151.4000244140625,44.65999984741211,13.970000267028809,5412.9404296875,2099.5,1.9509999752044678
2015-03-19,99.0999984741211,1169.0999755859375,43.959999084472656,14.069999694824219,5453.64208984375,2089.27001953125,1.9769999980926514
2015-03-20,97.91000366210938,1184.800048828125,45.720001220703125,13.020000457763672,5442.85302734375,2108.10009765625,1.9299999475479126
2015-03-23,97.02999877929688,1188.0,47.45000076293945,13.40999984741211,5436.88623046875,2104.419921875,1.9149999618530273
2015-03-24,97.19000244140625,1191.699951171875,47.5099983215332,13.619999885559082,5447.43603515625,2091.5,1.878000020980835
2015-03-25,96.9800033569336,1197.300048828125,49.209999084472656,15.4399995803833,5405.2783203125,2061.050048828125,1.9199999570846558
2015-03-26,97.44000244140625,1205.0999755859375,51.43000030517578,15.800000190734863,5368.59033203125,2056.14990234375,2.006999969482422
2015-03-27,97.29000091552734,1199.800048828125,48.869998931884766,15.069999694824219,5396.64404296875,2061.02001953125,1.9479999542236328
2015-03-30,97.9800033569336,1184.800048828125,48.68000030517578,14.510000228881836,5438.44384765625,2086.239990234375,1.9630000591278076
2015-03-31,98.36000061035156,1183.0999755859375,47.599998474121094,15.289999961853027,5518.4599609375,2067.889892578125,1.934000015258789
2015-04-01,98.19000244140625,1208.0999755859375,50.09000015258789,15.109999656677246,5466.65478515625,2059.68994140625,1.8680000305175781
2015-04-02,97.44000244140625,1200.9000244140625,49.13999938964844,14.670000076293945,5456.18701171875,2066.9599609375,1.9040000438690186
2015-04-06,97.11000061035156,1218.5999755859375,52.13999938964844,14.739999771118164,5479.8173828125,2080.6201171875,1.9040000438690186
2015-04-07,97.83000183105469,1210.5999755859375,53.97999954223633,14.779999732971191,5523.07470703125,2076.330078125,1.8930000066757202
2015-04-08,98.06999969482422,1203.0999755859375,50.41999816894531,13.979999542236328,5486.3701171875,2081.89990234375,1.8949999809265137
2015-04-09,99.16000366210938,1193.5999755859375,50.790000915527344,13.09000015258789,5500.68603515625,2091.179931640625,1.9579999446868896
2015-04-10,99.38999938964844,1204.5999755859375,51.63999938964844,12.579999923706055,5491.1259765625,2102.06005859375,1.9509999752044678
2015-04-13,99.48999786376953,1199.300048828125,51.90999984741211,13.9399995803833,5447.197265625,2092.429931640625,1.9390000104904175
2015-04-14,98.76000213623047,1192.800048828125,53.290000915527344,13.670000076293945,5418.89599609375,2095.840087890625,1.9040000438690186
2015-04-15,98.33000183105469,1201.5,56.38999938964844,12.84000015258789,5414.33642578125,2106.6298828125,1.899999976158142
2015-04-16,97.41999816894531,1198.0,56.709999084472656,12.600000381469727,5420.52197265625,2104.989990234375,1.878000020980835
2015-04-17,97.5199966430664,1202.9000244140625,55.7400016784668,13.890000343322754,5410.43359375,2081.179931640625,1.850000023841858
2015-04-20,97.94000244140625,1193.5,56.380001068115234,13.300000190734863,5400.5927734375,2100.39990234375,1.8949999809265137
2015-04-21,97.9800033569336,1202.9000244140625,55.2599983215332,13.25,5460.36083984375,2097.2900390625,1.9160000085830688
2015-04-22,98.0199966430664,1186.9000244140625,56.15999984741211,12.710000038146973,5436.9072265625,2107.9599609375,1.972000002861023
2015-04-23,97.27999877929688,1194.4000244140625,57.7400016784668,12.479999542236328,5435.9970703125,2112.929931640625,1.9470000267028809
2015-04-24,96.91999816894531,1175.199951171875,57.150001525878906,12.289999961853027,5435.14306640625,2117.68994140625,1.9170000553131104
2015-04-27,96.7699966430664,1203.300048828125,56.9900016784668,13.119999885559082,5245.24169921875,2108.919921875,1.9240000247955322
2015-04-28,96.08999633789062,1214.0,57.060001373291016,12.40999984741211,5241.95361328125,2114.760009765625,1.9730000495910645
2015-04-29,95.12000274658203,1209.800048828125,58.58000183105469,13.390000343322754,5105.36376953125,2106.85009765625,2.0350000858306885
2015-04-30,94.5999984741211,1182.4000244140625,59.630001068115234,14.550000190734863,5086.22705078125,2085.510009765625,2.0460000038146973
2015-05-01,95.30000305175781,1174.5,59.150001525878906,12.699999809265137,,2108.2900390625,2.117000102996826
2015-05-04,95.4800033569336,1186.800048828125,58.93000030517578,12.850000381469727,5140.93701171875,2114.489990234375,2.134999990463257
2015-05-05,95.12999725341797,1193.199951171875,60.400001525878906,14.3100004196167,5160.107421875,2089.4599609375,2.1760001182556152
2015-05-06,94.12999725341797,1190.300048828125,60.93000030517578,15.149999618530273,5184.74853515625,2080.14990234375,2.240000009536743
2015-05-07,94.62000274658203,1182.4000244140625,58.939998626708984,15.130000114440918,5150.28564453125,2088.0,2.184000015258789
2015-05-08,94.79000091552734,1189.0999755859375,59.38999938964844,12.859999656677246,5182.01123046875,2116.10009765625,2.1500000953674316
2015-05-11,95.01000213623047,1183.199951171875,59.25,13.850000381469727,5172.2802734375,2105.330078125,2.2739999294281006
2015-05-12,94.52999877929688,1192.5999755859375,60.75,13.859999656677246,5205.4091796875,2099.1201171875,2.259999990463257
2015-05-13,93.62000274658203,1218.4000244140625,60.5,13.760000228881836,5245.9287109375,2098.47998046875,2.2820000648498535
2015-05-14,93.36000061035156,1225.4000244140625,59.880001068115234,12.739999771118164,,2121.10009765625,2.239000082015991
2015-05-15,93.13999938964844,1225.5,59.689998626708984,12.380000114440918,5226.892578125,2122.72998046875,2.1410000324249268
2015-05-18,94.19000244140625,1227.800048828125,59.43000030517578,12.729999542236328,5237.607421875,2129.199951171875,2.2279999256134033
2015-05-19,95.2699966430664,1206.9000244140625,57.2599983215332,12.850000381469727,5269.166015625,2127.830078125,2.26200008392334
2015-05-20,95.44999694824219,1208.9000244140625,58.97999954223633,12.880000114440918,5292.54296875,2125.85009765625,2.250999927520752
2015-05-21,95.26000213623047,1204.4000244140625,60.720001220703125,12.109999656677246,5313.0009765625,2130.820068359375,2.184999942779541
2015-05-22,96.01000213623047,1204.300048828125,59.720001220703125,12.130000114440918,5314.94580078125,2126.06005859375,2.2149999141693115
2015-05-25,,,,,5288.15576171875,,
2015-05-26,97.30000305175781,1187.199951171875,58.029998779296875,14.0600004196167,5320.693359375,2104.199951171875,2.13700008392334
2015-05-27,97.37000274658203,1185.9000244140625,57.5099983215332,13.270000457763672,5253.18359375,2123.47998046875,2.134999990463257
2015-05-28,96.97000122070312,1188.0999755859375,57.68000030517578,13.3100004196167,5237.197265625,2120.7900390625,2.130000114440918
2015-05-29,96.91000366210938,1189.4000244140625,60.29999923706055,13.84000015258789,5216.17578125,2107.389892578125,2.0950000286102295
2015-06-01,97.38999938964844,1188.300048828125,60.20000076293945,13.970000267028809,5213.61279296875,2111.72998046875,2.191999912261963
2015-06-02,95.83999633789062,1194.0999755859375,61.2599983215332,14.239999771118164,,2109.60009765625,2.2660000324249268
2015-06-03,95.47000122070312,1184.699951171875,59.63999938964844,13.65999984741211,5130.29931640625,2114.070068359375,2.365999937057495
2015-06-04,95.45999908447266,1174.9000244140625,58.0,14.710000038146973,5095.62255859375,2095.840087890625,2.306999921798706
2015-06-05,96.30999755859375,1167.800048828125,59.130001068115234,14.210000038146973,5100.373046875,2092.830078125,2.4019999504089355
2015-06-08,95.30000305175781,1173.199951171875,58.13999938964844,15.289999961853027,5014.79736328125,2079.280029296875,2.38100004196167
2015-06-09,95.16999816894531,1177.300048828125,60.13999938964844,14.470000267028809,4899.69140625,2080.14990234375,2.4170000553131104
2015-06-10,94.6500015258789,1186.0999755859375,61.43000030517578,13.220000267028809,4933.365234375,2105.199951171875,2.4779999256134033
2015-06-11,94.9800033569336,1179.9000244140625,60.77000045776367,12.850000381469727,4928.62060546875,2108.860107421875,2.382999897003174
2015-06-12,94.97000122070312,1178.800048828125,59.959999084472656,13.779999732971191,4935.625,2094.110107421875,2.384999990463257
2015-06-15,94.80999755859375,1185.300048828125,59.52000045776367,15.390000343322754,4837.60546875,2084.429931640625,2.3580000400543213
2015-06-16,95.0,1180.5,59.970001220703125,14.8100004196167,4872.4091796875,2096.2900390625,2.318000078201294
2015-06-17,94.30000305175781,1176.4000244140625,59.91999816894531,14.5,4945.56005859375,2100.43994140625,2.305999994277954
2015-06-18,94.04000091552734,1201.5,60.45000076293945,13.1899995803833,4945.30615234375,2121.239990234375,2.3510000705718994
2015-06-19,94.08999633789062,1201.5,59.61000061035156,13.960000038146973,4984.81201171875,2109.989990234375,2.2669999599456787
2015-06-22,94.33000183105469,1183.699951171875,59.68000030517578,12.739999771118164,4959.05859375,2122.85009765625,2.359999895095825
2015-06-23,95.43000030517578,1176.199951171875,61.0099983215332,12.109999656677246,4937.4560546875,2124.199951171875,2.4089999198913574
2015-06-24,95.26000213623047,1172.5999755859375,60.27000045776367,13.260000228881836,4953.3232421875,2108.580078125,2.371000051498413
2015-06-25,95.19000244140625,1171.5,59.70000076293945,14.010000228881836,4919.8505859375,2102.31005859375,2.3929998874664307
2015-06-26,95.47000122070312,1172.9000244140625,59.630001068115234,14.020000457763672,4922.8134765625,2101.489990234375,2.4760000705718994
2015-06-29,94.79000091552734,1178.5,58.33000183105469,18.850000381469727,4882.38818359375,2057.639892578125,2.3310000896453857
2015-06-30,95.48999786376953,1171.5,59.470001220703125,18.229999542236328,4910.466796875,2063.110107421875,2.3350000381469727
2015-07-01,96.30999755859375,1169.0,56.959999084472656,16.09000015258789,4903.87158203125,2077.419921875,2.4179999828338623
2015-07-02,96.11000061035156,1163.0,56.93000030517578,16.790000915527344,4944.587890625,2076.780029296875,2.3929998874664307
2015-07-03,,,,,4982.71630859375,,
2015-07-06,96.30000305175781,1172.9000244140625,52.529998779296875,17.010000228881836,4916.5498046875,2068.760009765625,2.2780001163482666
2015-07-07,96.87000274658203,1152.4000244140625,52.33000183105469,16.09000015258789,4905.8583984375,2081.340087890625,2.2309999465942383
2015-07-08,96.29000091552734,1163.300048828125,51.650001525878906,19.65999984741211,4871.380859375,2046.6800537109375,2.2060000896453857
2015-07-09,96.61000061035156,1159.0,52.779998779296875,19.969999313354492,4838.095703125,2051.31005859375,2.3010001182556152
2015-07-10,96.02999877929688,1157.699951171875,52.7400016784668,16.829999923706055,4858.84521484375,2076.6201171875,2.4170000553131104
2015-07-13,96.86000061035156,1155.199951171875,52.20000076293945,13.899999618530273,4893.7265625,2099.60009765625,2.430000066757202
2015-07-14,96.63999938964844,1153.300048828125,53.040000915527344,13.369999885559082,4901.6162109375,2108.949951171875,2.3989999294281006
2015-07-15,97.12999725341797,1147.199951171875,51.40999984741211,13.229999542236328,4869.65966796875,2107.39990234375,2.3499999046325684
2015-07-16,97.66000366210938,1143.800048828125,50.90999984741211,12.109999656677246,,2124.2900390625,2.3519999980926514
2015-07-17,97.86000061035156,1131.800048828125,50.88999938964844,11.949999809265137,,2126.639892578125,2.3489999771118164
2015-07-20,98.02999877929688,1106.699951171875,50.150001525878906,12.25,,2128.280029296875,2.371999979019165
2015-07-21,97.33000183105469,1103.4000244140625,50.36000061035156,12.220000267028809,,2119.2099609375,2.3399999141693115
2015-07-22,97.5999984741211,1091.4000244140625,49.189998626708984,12.119999885559082,4906.49755859375,2114.14990234375,2.322000026702881
2015-07-23,97.12000274658203,1094.0,48.45000076293945,12.640000343322754,4902.654296875,2102.14990234375,2.2769999504089355
2015-07-24,97.23999786376953,1085.5999755859375,48.13999938964844,13.739999771118164,4856.40625,2079.64990234375,2.2709999084472656
2015-07-27,96.5,1096.5,47.38999938964844,15.600000381469727,4771.099609375,2067.639892578125,2.2279999256134033
2015-07-28,96.7699966430664,1096.300048828125,47.97999954223633,13.4399995803833,4714.57275390625,2093.25,2.25
2015-07-29,96.9800033569336,1092.699951171875,48.790000915527344,12.5,4720.9375,2108.570068359375,2.2790000438690186
2015-07-30,97.55999755859375,1088.4000244140625,48.52000045776367,12.130000114440918,4712.30908203125,2108.6298828125,2.2679998874664307
2015-07-31,97.37000274658203,1094.9000244140625,47.119998931884766,12.119999885559082,4802.341796875,2103.840087890625,2.2049999237060547
2015-08-03,97.48999786376953,1089.4000244140625,45.16999816894531,12.5600004196167,4799.9951171875,2098.0400390625,2.1500000953674316
2015-08-04,97.93000030517578,1090.699951171875,45.7400016784668,13.0,4780.9013671875,2093.320068359375,2.2109999656677246
2015-08-05,97.95999908447266,1085.699951171875,45.150001525878906,12.510000228881836,4850.34326171875,2099.840087890625,2.2679998874664307
2015-08-06,97.83000183105469,1090.199951171875,44.65999984741211,13.770000457763672,4806.376953125,2083.56005859375,2.2339999675750732
2015-08-07,97.55999755859375,1094.0999755859375,43.869998931884766,13.390000343322754,4770.11767578125,2077.570068359375,2.174999952316284
2015-08-10,97.16000366210938,1104.199951171875,44.959999084472656,12.229999542236328,4748.7646484375,2104.179931640625,2.23799991607666
2015-08-11,97.29000091552734,1107.5999755859375,43.08000183105469,13.710000038146973,4622.4111328125,2084.070068359375,2.13700008392334
2015-08-12,96.26000213623047,1123.199951171875,43.29999923706055,13.609999656677246,4479.31689453125,2086.050048828125,2.130000114440918
2015-08-13,96.44999694824219,1115.699951171875,42.22999954223633,13.489999771118164,4584.0712890625,2083.389892578125,2.188999891281128
2015-08-14,96.56999969482422,1112.9000244140625,42.5,12.829999923706055,4585.21240234375,2091.5400390625,2.196000099182129
2015-08-17,96.81999969482422,1118.5999755859375,41.869998931884766,13.020000457763672,,2102.43994140625,2.1500000953674316
2015-08-18,96.97000122070312,1117.0999755859375,42.619998931884766,13.789999961853027,4510.302734375,2096.919921875,2.196000099182129
2015-08-19,96.45999908447266,1128.0999755859375,40.79999923706055,15.25,4484.06787109375,2079.610107421875,2.128999948501587
2015-08-20,95.75,1153.0,41.13999938964844,19.139999389648438,4441.73828125,2035.72998046875,2.0840001106262207
2015-08-21,94.83000183105469,1159.5999755859375,40.45000076293945,28.030000686645508,4335.78466796875,1970.8900146484375,2.053999900817871
2015-08-24,93.30999755859375,1153.4000244140625,38.2400016784668,40.7400016784668,4163.56689453125,1893.2099609375,1.996999979019165
2015-08-25,94.52999877929688,1138.199951171875,39.310001373291016,36.02000045776367,4228.3359375,1867.6099853515625,2.132999897003174
2015-08-26,95.0999984741211,1124.5999755859375,38.599998474121094,30.31999969482422,4237.56787109375,1940.510009765625,2.171999931335449
2015-08-27,95.61000061035156,1122.4000244140625,42.560001373291016,26.100000381469727,4430.45947265625,1987.6600341796875,2.1679999828338623
2015-08-28,96.11000061035156,1133.0999755859375,45.220001220703125,26.049999237060547,4446.0283203125,1988.8699951171875,2.186000108718872
2015-08-31,95.94999694824219,1131.5999755859375,49.20000076293945,28.43000030517578,4509.431640625,1972.1800537109375,2.200000047683716
2015-09-01,95.44999694824219,1138.699951171875,45.40999984741211,31.399999618530273,4412.28759765625,1913.8499755859375,2.171999931335449
2015-09-02,95.83000183105469,1132.5,46.25,26.09000015258789,4401.1220703125,1948.8599853515625,2.193000078201294
2015-09-03,96.41000366210938,1123.699951171875,46.75,25.610000610351562,4432.93798828125,1951.1300048828125,2.1679999828338623
2015-09-04,96.2300033569336,1120.5999755859375,46.04999923706055,27.799999237060547,4415.1708984375,1921.219970703125,2.128000020980835
2015-09-07,,,,,4301.1982421875,,
2015-09-08,95.87999725341797,1120.4000244140625,45.939998626708984,24.899999618530273,4318.42236328125,1969.4100341796875,2.194000005722046
2015-09-09,96.01000213623047,1102.199951171875,44.150001525878906,26.229999542236328,4347.107421875,1942.0400390625,2.180999994277954
2015-09-10,95.45999908447266,1109.5,45.91999816894531,24.3700008392334,4343.09228515625,1952.2900390625,2.2219998836517334
2015-09-11,95.19000244140625,1103.5,44.630001068115234,23.200000762939453,4360.2978515625,1961.050048828125,2.183000087738037
2015-09-14,95.25,1107.699951171875,44.0,24.25,4390.2021484375,1953.030029296875,2.180000066757202
2015-09-15,95.61000061035156,1102.800048828125,44.59000015258789,22.540000915527344,4346.99072265625,1978.0899658203125,2.2809998989105225
2015-09-16,95.41999816894531,1119.199951171875,47.150001525878906,21.350000381469727,4332.3447265625,1995.31005859375,2.302999973297119
2015-09-17,94.55000305175781,1117.300048828125,46.900001525878906,21.139999389648438,4378.2138671875,1990.199951171875,2.2170000076293945
2015-09-18,94.86000061035156,1138.0999755859375,44.68000030517578,22.280000686645508,4380.14892578125,1958.030029296875,2.130000114440918
2015-09-21,95.88999938964844,1133.0999755859375,46.68000030517578,20.139999389648438,4375.91162109375,1966.969970703125,2.2139999866485596
2015-09-22,96.27999877929688,1125.0,45.83000183105469,22.440000534057617,4343.875,1942.739990234375,2.125
2015-09-23,96.06999969482422,1131.5999755859375,44.47999954223633,22.1299991607666,4244.26171875,1938.760009765625,2.1440000534057617
2015-09-24,95.98999786376953,1153.800048828125,44.90999984741211,23.469999313354492,,1932.239990234375,2.119999885559082
2015-09-25,96.2699966430664,1146.0,45.70000076293945,23.6200008392334,4209.27490234375,1931.3399658203125,2.1679999828338623
2015-09-28,96.02999877929688,1132.0,44.43000030517578,27.6299991607666,4120.34228515625,1881.77001953125,2.0950000286102295
2015-09-29,95.88999938964844,1127.0999755859375,45.22999954223633,26.829999923706055,4178.24560546875,1884.0899658203125,2.053999900817871
2015-09-30,96.3499984741211,1115.5,45.09000015258789,24.5,4223.744140625,1920.030029296875,2.059999942779541
2015-10-01,96.19000244140625,1114.199951171875,44.7400016784668,22.549999237060547,4254.71044921875,1923.8199462890625,2.0420000553131104
2015-10-02,95.83000183105469,1137.0999755859375,45.540000915527344,20.940000534057617,4207.634765625,1951.3599853515625,1.9889999628067017
2015-10-05,96.11000061035156,1138.0999755859375,46.2599983215332,19.540000915527344,4343.5322265625,1987.050048828125,2.055999994277954
2015-10-06,95.45999908447266,1146.800048828125,48.529998779296875,19.399999618530273,4445.60791015625,1979.9200439453125,2.0350000858306885
2015-10-07,95.5,1149.0,47.810001373291016,18.399999618530273,4486.95751953125,1995.8299560546875,2.062000036239624
2015-10-08,95.31999969482422,1144.699951171875,49.43000030517578,17.420000076293945,4491.2578125,2013.4300537109375,2.1080000400543213
2015-10-09,94.80999755859375,1156.300048828125,49.630001068115234,17.079999923706055,4589.16552734375,2014.8900146484375,2.0989999771118164
2015-10-12,94.83999633789062,1164.9000244140625,47.099998474121094,16.170000076293945,4630.52685546875,2017.4599609375,2.0899999141693115
2015-10-13,94.76000213623047,1165.800048828125,46.65999984741211,17.670000076293945,4482.90185546875,2003.68994140625,2.055000066757202
2015-10-14,93.93000030517578,1180.0999755859375,46.63999938964844,18.030000686645508,,1994.239990234375,1.9809999465942383
2015-10-15,94.37000274658203,1187.9000244140625,46.380001068115234,16.049999237060547,4507.01953125,2023.8599853515625,2.0230000019073486
2015-10-16,94.54000091552734,1183.5999755859375,47.2599983215332,15.050000190734863,4521.70556640625,2033.1099853515625,2.0230000019073486
2015-10-19,94.95999908447266,1173.300048828125,45.88999938964844,14.979999542236328,4569.66650390625,2033.6600341796875,2.0280001163482666
2015-10-20,94.8499984741211,1178.0,45.54999923706055,15.75,4585.6455078125,2030.77001953125,2.071000099182129
2015-10-21,95.05000305175781,1167.5999755859375,45.20000076293945,16.700000762939453,4605.046875,2018.93994140625,2.0299999713897705
2015-10-22,96.33999633789062,1166.5999755859375,45.380001068115234,14.449999809265137,4584.38330078125,2052.510009765625,2.0250000953674316
2015-10-23,97.06999969482422,1163.300048828125,44.599998474121094,14.460000038146973,4652.96484375,2075.14990234375,2.0829999446868896
2015-10-26,96.86000061035156,1167.0,43.97999954223633,15.289999961853027,4691.5283203125,2071.179931640625,2.058000087738037
2015-10-27,96.91000366210938,1166.800048828125,43.20000076293945,15.430000305175781,4673.87646484375,2065.889892578125,2.0280001163482666
2015-10-28,97.77999877929688,1177.0999755859375,45.939998626708984,14.329999923706055,4608.560546875,2090.35009765625,2.0920000076293945
2015-10-29,97.27999877929688,1147.199951171875,46.060001373291016,14.609999656677246,4471.8466796875,2089.409912109375,2.1730000972747803
2015-10-30,96.94999694824219,1141.5,46.59000015258789,15.069999694824219,4455.0068359375,2079.360107421875,2.1510000228881836
2015-11-02,96.93000030517578,1135.800048828125,46.13999938964844,14.149999618530273,4464.78515625,2104.050048828125,2.187000036239624
2015-11-03,97.16000366210938,1114.199951171875,47.900001525878906,14.539999961853027,4532.9091796875,2109.7900390625,2.2200000286102295
2015-11-04,97.94999694824219,1106.5,46.31999969482422,15.510000228881836,4612.38525390625,2102.31005859375,2.2300000190734863
2015-11-05,97.94000244140625,1104.4000244140625,45.20000076293945,15.050000190734863,4577.0546875,2099.929931640625,2.244999885559082
2015-11-06,99.16000366210938,1087.5999755859375,44.290000915527344,14.329999923706055,4566.3740234375,2099.199951171875,2.3329999446868896
2015-11-09,98.9800033569336,1087.9000244140625,43.869998931884766,16.520000457763672,4499.33154296875,2078.580078125,2.3420000076293945
2015-11-10,99.29000091552734,1088.199951171875,44.209999084472656,15.289999961853027,4450.88037109375,2081.719970703125,2.322000026702881
2015-11-11,99.01000213623047,1084.699951171875,42.93000030517578,16.059999465942383,4451.416015625,2075.0,2.3380000591278076
2015-11-12,98.6500015258789,1080.800048828125,41.75,18.3700008392334,4462.05126953125,2045.969970703125,2.319000005722046
2015-11-13,98.98999786376953,1080.800048828125,40.7400016784668,20.079999923706055,4472.66357421875,2023.0400390625,2.2799999713897705
2015-11-16,99.44000244140625,1083.699951171875,41.7400016784668,18.15999984741211,4442.00732421875,2053.18994140625,2.2730000019073486
2015-11-17,99.62999725341797,1068.699951171875,40.66999816894531,18.84000015258789,4500.771484375,2050.43994140625,2.260999917984009
2015-11-18,99.6500015258789,1068.800048828125,40.75,16.850000381469727,4497.73486328125,2083.580078125,2.2690000534057617
2015-11-19,98.98999786376953,1078.0,40.540000915527344,16.989999771118164,4518.76416015625,2081.239990234375,2.247999906539917
2015-11-20,99.56999969482422,1076.4000244140625,40.38999938964844,15.470000267028809,4561.15673828125,2089.169921875,2.26200008392334
2015-11-23,99.80000305175781,1066.800048828125,41.75,15.619999885559082,4540.88916015625,2086.590087890625,2.25
2015-11-24,99.52999877929688,1074.300048828125,42.869998931884766,15.930000305175781,4545.201171875,2089.139892578125,2.243000030517578
2015-11-25,99.80000305175781,1070.5,43.040000915527344,15.1899995803833,4585.3671875,2088.8701171875,2.2320001125335693
2015-11-26,,,,,4596.87841796875,,
2015-11-27,100.0199966430664,1056.199951171875,41.709999084472656,15.119999885559082,4560.3828125,2090.110107421875,2.2249999046325684
2015-11-30,100.16999816894531,1065.800048828125,41.650001525878906,16.1299991607666,4446.28515625,2080.409912109375,2.2179999351501465
2015-12-01,99.80000305175781,1063.800048828125,41.849998474121094,14.670000076293945,4557.49072265625,2102.6298828125,2.1549999713897705
2015-12-02,99.98999786376953,1054.199951171875,39.939998626708984,15.90999984741211,4545.68603515625,2079.510009765625,2.177999973297119
2015-12-03,97.62000274658203,1061.699951171875,41.08000183105469,18.110000610351562,4537.205078125,2049.6201171875,2.3299999237060547
2015-12-04,98.3499984741211,1084.5,39.970001220703125,14.8100004196167,4508.27685546875,2091.68994140625,2.2750000953674316
2015-12-07,98.66000366210938,1076.4000244140625,37.650001525878906,15.84000015258789,4521.2158203125,2077.070068359375,2.2249999046325684
2015-12-08,98.47000122070312,1076.300048828125,37.5099983215332,17.600000381469727,4464.00830078125,2063.590087890625,2.23799991607666
2015-12-09,97.3499984741211,1077.5999755859375,37.15999984741211,19.610000610351562,,2047.6199951171875,2.2079999446868896
2015-12-10,97.94000244140625,1073.0999755859375,36.7599983215332,19.34000015258789,4466.03564453125,2052.22998046875,2.239000082015991
2015-12-11,97.56999969482422,1076.9000244140625,35.619998931884766,24.389999389648438,4393.35107421875,2012.3699951171875,2.1389999389648438
2015-12-14,97.5999984741211,1064.699951171875,36.310001373291016,22.729999542236328,4374.0205078125,2021.93994140625,2.2249999046325684
2015-12-15,98.22000122070312,1062.9000244140625,37.349998474121094,20.950000762939453,4409.00048828125,2043.4100341796875,2.2679998874664307
2015-12-16,97.87000274658203,1078.0,35.52000045776367,17.860000610351562,4483.27880859375,2073.070068359375,2.2869999408721924
2015-12-17,99.2699966430664,1050.800048828125,34.95000076293945,18.940000534057617,4555.78662109375,2041.8900146484375,2.23799991607666
2015-12-18,98.69999694824219,1066.199951171875,34.72999954223633,20.700000762939453,4468.4794921875,2005.550048828125,2.1989998817443848
2015-12-21,98.45999908447266,1081.9000244140625,34.7400016784668,18.700000762939453,4490.505859375,2021.1500244140625,2.197000026702881
2015-12-22,98.23999786376953,1074.800048828125,36.13999938964844,16.600000381469727,4517.392578125,2038.969970703125,2.239000082015991
2015-12-23,98.33999633789062,1069.4000244140625,37.5,15.569999694824219,4522.4775390625,2064.2900390625,2.2639999389648438
2015-12-24,97.9800033569336,1077.199951171875,38.099998474121094,15.739999771118164,,2060.989990234375,2.243000030517578
2015-12-28,97.91999816894531,1070.5,36.810001373291016,16.90999984741211,4557.177734375,2056.5,2.2249999046325684
2015-12-29,98.0999984741211,1077.5,37.869998931884766,16.079999923706055,4569.18310546875,2078.360107421875,2.306999921798706
2015-12-30,98.2699966430664,1060.0999755859375,36.599998474121094,17.290000915527344,4592.8291015625,2063.360107421875,2.302999973297119
2015-12-31,98.62999725341797,1060.300048828125,37.040000915527344,18.209999084472656,,2043.93994140625,2.2690000534057617
2016-01-04,98.87000274658203,1075.0999755859375,36.7599983215332,20.700000762939453,4525.74267578125,2012.6600341796875,2.244999885559082
2016-01-05,99.4000015258789,1078.4000244140625,35.970001220703125,19.34000015258789,4557.64453125,2016.7099609375,2.247999906539917
2016-01-06,99.18000030517578,1091.9000244140625,33.970001220703125,20.59000015258789,4608.80224609375,1990.260009765625,2.177000045776367
2016-01-07,98.22000122070312,1107.699951171875,33.27000045776367,24.989999771118164,4530.271484375,1943.0899658203125,2.1530001163482666
2016-01-08,98.54000091552734,1097.800048828125,33.15999984741211,27.010000228881836,4546.111328125,1922.030029296875,2.130000114440918
2016-01-11,98.7300033569336,1096.5,31.40999984741211,24.299999237060547,4465.30908203125,1923.6700439453125,2.1579999923706055
2016-01-12,98.97000122070312,1085.5999755859375,30.440000534057617,22.469999313354492,4512.3515625,1938.6800537109375,2.1019999980926514
2016-01-13,98.93000030517578,1087.5,30.479999542236328,25.219999313354492,4537.00244140625,1890.280029296875,2.065999984741211
2016-01-14,99.08999633789062,1073.9000244140625,31.200000762939453,23.950000762939453,4513.005859375,1921.8399658203125,2.0980000495910645
2016-01-15,98.95999908447266,1091.5,29.420000076293945,27.020000457763672,4523.7998046875,1880.3299560546875,2.0329999923706055
2016-01-18,99.12000274658203,,,,4481.1015625,,
2016-01-19,98.98999786376953,1089.9000244140625,28.459999084472656,26.049999237060547,4491.5615234375,1881.3299560546875,2.0350000858306885
2016-01-20,99.08999633789062,1107.0999755859375,26.549999237060547,27.59000015258789,4427.8125,1859.3299560546875,1.9839999675750732
2016-01-21,99.05999755859375,1099.0999755859375,29.530000686645508,26.690000534057617,4413.9541015625,1868.989990234375,2.0190000534057617
2016-01-22,99.56999969482422,1097.199951171875,32.189998626708984,22.34000015258789,4456.57080078125,1906.9000244140625,2.0480000972747803
2016-01-25,99.36000061035156,1106.199951171875,30.34000015258789,24.149999618530273,4505.61279296875,1877.0799560546875,2.0220000743865967
2016-01-26,99.36000061035156,1121.699951171875,31.450000762939453,22.5,4510.29248046875,1903.6300048828125,1.99399995803833
2016-01-27,98.9000015258789,1116.0999755859375,32.29999923706055,23.110000610351562,4583.44921875,1882.949951171875,2.000999927520752
2016-01-28,98.51000213623047,1115.5999755859375,33.220001220703125,22.420000076293945,4602.650390625,1893.3599853515625,1.9850000143051147
2016-01-29,99.61000061035156,1116.4000244140625,33.619998931884766,20.200000762939453,4614.9833984375,1940.239990234375,1.930999994277954
2016-02-01,99.0,1127.9000244140625,31.6200008392334,19.979999542236328,4624.45458984375,1939.3800048828125,1.965999960899353
2016-02-02,98.87000274658203,1127.300048828125,29.8799991607666,21.979999542236328,4587.25634765625,1903.030029296875,1.8639999628067017
2016-02-03,97.29000091552734,1141.300048828125,32.279998779296875,21.649999618530273,4595.92919921875,1912.530029296875,1.88100004196167
2016-02-04,96.47000122070312,1157.5999755859375,31.719999313354492,21.84000015258789,4665.6357421875,1915.449951171875,1.8639999628067017
2016-02-05,97.02999877929688,1157.800048828125,30.889999389648438,23.3799991607666,4798.7587890625,1880.050048828125,1.8480000495910645
2016-02-08,96.56999969482422,1197.9000244140625,29.690000534057617,26.0,,1853.43994140625,1.7350000143051147
2016-02-09,96.06999969482422,1198.699951171875,27.940000534057617,26.540000915527344,4768.439453125,1852.2099609375,1.7289999723434448
2016-02-10,95.88999938964844,1194.699951171875,27.450000762939453,26.290000915527344,4732.29833984375,1851.8599853515625,1.7050000429153442
2016-02-11,95.55999755859375,1247.9000244140625,26.209999084472656,28.139999389648438,4775.67431640625,1829.0799560546875,1.6440000534057617
2016-02-12,95.9800033569336,1239.0999755859375,29.440000534057617,25.399999618530273,4714.2099609375,1864.780029296875,1.7480000257492065
2016-02-15,,,,,4740.54150390625,,
2016-02-16,96.87000274658203,1207.9000244140625,29.040000915527344,24.110000610351562,4744.8193359375,1895.5799560546875,1.777999997138977
2016-02-17,96.79000091552734,1211.0999755859375,30.65999984741211,22.309999465942383,4765.3212890625,1926.8199462890625,1.819000005722046
2016-02-18,96.94999694824219,1226.0999755859375,30.770000457763672,21.639999389648438,4778.6083984375,1917.8299560546875,1.7589999437332153
2016-02-19,96.5999984741211,1230.4000244140625,29.639999389648438,20.530000686645508,4697.376953125,1917.780029296875,1.7480000257492065
2016-02-22,97.37999725341797,1209.5,31.479999542236328,19.3799991607666,4708.43701171875,1945.5,1.7660000324249268
2016-02-23,97.4800033569336,1222.300048828125,31.8700008392334,20.979999542236328,4653.873046875,1921.27001953125,1.7450000047683716
2016-02-24,97.45999908447266,1238.699951171875,32.150001525878906,20.719999313354492,4657.541015625,1929.800048828125,1.7419999837875366
2016-02-25,97.29000091552734,1238.199951171875,33.06999969482422,19.110000610351562,4658.14208984375,1951.699951171875,1.6970000267028809
2016-02-26,98.1500015258789,1219.800048828125,32.779998779296875,19.809999465942383,4732.96435546875,1948.050048828125,1.7619999647140503
2016-02-29,98.20999908447266,1233.9000244140625,33.75,20.549999237060547,4770.7705078125,1932.22998046875,1.7400000095367432
2016-03-01,98.3499984741211,1230.300048828125,34.400001525878906,17.700000762939453,4779.79931640625,1978.3499755859375,1.8339999914169312
2016-03-02,98.20999908447266,1241.0999755859375,34.65999984741211,17.09000015258789,4836.00732421875,1986.449951171875,1.8480000495910645
2016-03-03,97.56999969482422,1257.4000244140625,34.56999969482422,16.700000762939453,4843.85009765625,1993.4000244140625,1.8300000429153442
2016-03-04,97.33999633789062,1269.9000244140625,35.91999816894531,16.860000610351562,4850.69384765625,1999.989990234375,1.8830000162124634
2016-03-07,97.06999969482422,1263.199951171875,37.900001525878906,17.350000381469727,4831.38720703125,2001.760009765625,1.9019999504089355
2016-03-08,97.20999908447266,1262.0999755859375,36.5,18.670000076293945,4810.85498046875,1979.260009765625,1.8320000171661377
2016-03-09,97.16999816894531,1256.5999755859375,38.290000915527344,18.34000015258789,,1989.260009765625,1.8919999599456787
2016-03-10,96.06999969482422,1272.0,37.84000015258789,18.049999237060547,4793.01611328125,1989.5699462890625,1.9290000200271606
2016-03-11,96.16999816894531,1258.699951171875,38.5,16.5,4813.59130859375,2022.18994140625,1.9769999980926514
2016-03-14,96.62000274658203,1244.4000244140625,37.18000030517578,16.920000076293945,4877.3408203125,2019.6400146484375,1.9630000591278076
2016-03-15,96.62999725341797,1230.4000244140625,36.34000015258789,16.84000015258789,4849.591796875,2015.9300537109375,1.9589999914169312
2016-03-16,95.88999938964844,1229.300048828125,38.459999084472656,14.989999771118164,4861.251953125,2027.219970703125,1.937999963760376
2016-03-17,94.76000213623047,1264.5,40.20000076293945,14.4399995803833,4885.498046875,2040.5899658203125,1.902999997138977
2016-03-18,94.98999786376953,1253.800048828125,39.439998626708984,14.020000457763672,4885.51806640625,2049.580078125,1.871000051498413
2016-03-21,95.29000091552734,1243.800048828125,39.90999984741211,13.789999961853027,4884.97314453125,2051.60009765625,1.9229999780654907
2016-03-22,95.6500015258789,1248.199951171875,41.45000076293945,14.170000076293945,4855.91796875,2049.800048828125,1.934999942779541
2016-03-23,96.05000305175781,1223.699951171875,39.790000915527344,14.9399995803833,4853.98681640625,2036.7099609375,1.875
2016-03-24,96.13999938964844,1221.4000244140625,39.459999084472656,14.739999771118164,4826.8994140625,2035.93994140625,1.899999976158142
2016-03-28,95.94000244140625,1219.9000244140625,39.38999938964844,15.239999771118164,4773.4404296875,2037.050048828125,1.8700000047683716
2016-03-29,95.16000366210938,1235.5999755859375,38.279998779296875,13.819999694824219,4781.111328125,2055.010009765625,1.8140000104904175
2016-03-30,94.83999633789062,1226.9000244140625,38.31999969482422,13.5600004196167,4816.46728515625,2063.949951171875,1.8300000429153442
2016-03-31,94.58999633789062,1234.199951171875,38.34000015258789,13.949999809265137,4845.18212890625,2059.739990234375,1.7860000133514404
2016-04-01,94.62000274658203,1222.199951171875,36.790000915527344,13.100000381469727,4842.9970703125,2072.780029296875,1.7920000553131104
2016-04-04,94.51000213623047,1218.0,35.70000076293945,14.119999885559082,4849.98681640625,2066.1298828125,1.7790000438690186
2016-04-05,94.62999725341797,1228.4000244140625,35.88999938964844,15.420000076293945,4857.8828125,2045.1700439453125,1.7269999980926514
2016-04-06,94.43000030517578,1222.5,37.75,14.09000015258789,4868.04052734375,2066.659912109375,1.7549999952316284
2016-04-07,94.4800033569336,1236.199951171875,37.2599983215332,16.15999984741211,4867.095703125,2041.9100341796875,1.690999984741211
2016-04-08,94.23999786376953,1242.5,39.720001220703125,15.359999656677246,4846.51513671875,2047.5999755859375,1.7200000286102295
2016-04-11,93.94999694824219,1256.699951171875,40.36000061035156,16.260000228881836,4786.78759765625,2041.989990234375,1.7239999771118164
2016-04-12,93.95999908447266,1259.4000244140625,42.16999816894531,14.850000381469727,4829.38525390625,2061.719970703125,1.781000018119812
2016-04-13,94.73999786376953,1246.800048828125,41.7599983215332,13.84000015258789,4852.81591796875,2082.419921875,1.7619999647140503
2016-04-14,94.9000015258789,1225.0,41.5,13.720000267028809,4814.65869140625,2082.780029296875,1.781000018119812
2016-04-15,94.69999694824219,1233.0999755859375,40.36000061035156,13.619999885559082,4823.38037109375,2080.72998046875,1.7519999742507935
2016-04-18,94.48999786376953,1233.5999755859375,39.779998779296875,13.350000381469727,4865.34521484375,2094.340087890625,1.7730000019073486
2016-04-19,93.9800033569336,1253.0,41.08000183105469,13.239999771118164,4881.740234375,2100.800048828125,1.7829999923706055
2016-04-20,94.48999786376953,1253.199951171875,42.630001068115234,13.279999732971191,4876.40625,2102.39990234375,1.8539999723434448
2016-04-21,94.5999984741211,1249.0,43.18000030517578,13.949999809265137,4902.89892578125,2091.47998046875,1.8700000047683716
2016-04-22,95.12000274658203,1228.699951171875,43.72999954223633,13.220000267028809,4914.54541015625,2091.580078125,1.8880000114440918
2016-04-25,94.83999633789062,1238.9000244140625,42.63999938964844,14.079999923706055,4878.671875,2087.7900390625,1.9019999504089355
2016-04-26,94.56999969482422,1242.199951171875,44.040000915527344,13.960000038146973,4813.9052734375,2091.699951171875,1.930999994277954
2016-04-27,94.38999938964844,1249.199951171875,45.33000183105469,13.770000457763672,4845.46923828125,2095.14990234375,1.8600000143051147
2016-04-28,93.76000213623047,1265.5,46.029998779296875,15.220000267028809,4848.201171875,2075.81005859375,1.8380000591278076
2016-04-29,93.08000183105469,1289.199951171875,45.91999816894531,15.699999809265137,4838.39453125,2065.300048828125,1.819000005722046
2016-05-02,92.62999725341797,1294.699951171875,44.779998779296875,14.680000305175781,4808.1318359375,2081.429931640625,1.8650000095367432
2016-05-03,92.94000244140625,1290.699951171875,43.650001525878906,15.600000381469727,4812.0771484375,2063.3701171875,1.7999999523162842
2016-05-04,93.18000030517578,1273.300048828125,43.779998779296875,16.049999237060547,4822.40771484375,2051.1201171875,1.784000039100647
2016-05-05,93.77999877929688,1271.4000244140625,44.31999969482422,15.90999984741211,,2050.6298828125,1.746999979019165
2016-05-06,93.88999938964844,1292.9000244140625,44.65999984741211,14.720000267028809,,2057.139892578125,1.7790000438690186
2016-05-09,94.1500015258789,1265.5999755859375,43.439998626708984,14.569999694824219,4749.13037109375,2058.68994140625,1.7599999904632568
2016-05-10,94.29000091552734,1263.9000244140625,44.65999984741211,13.630000114440918,4762.9296875,2084.389892578125,1.7599999904632568
2016-05-11,93.81999969482422,1274.5999755859375,46.22999954223633,14.6899995803833,4799.77685546875,2064.4599609375,1.7369999885559082
2016-05-12,94.13999938964844,1270.300048828125,46.70000076293945,14.40999984741211,4803.134765625,2064.110107421875,1.7569999694824219
2016-05-13,94.61000061035156,1271.9000244140625,46.209999084472656,15.039999961853027,4761.529296875,2046.6099853515625,1.7050000429153442
2016-05-16,94.56999969482422,1273.4000244140625,47.720001220703125,14.680000305175781,4731.37744140625,2066.659912109375,1.753000020980835
2016-05-17,94.55000305175781,1276.199951171875,48.310001373291016,15.569999694824219,4728.9716796875,2047.2099609375,1.7589999437332153
2016-05-18,95.08000183105469,1273.699951171875,48.189998626708984,15.949999809265137,4734.17236328125,2047.6300048828125,1.8799999952316284
2016-05-19,95.29000091552734,1254.199951171875,48.15999984741211,16.329999923706055,4704.03369140625,2040.0400390625,1.8450000286102295
2016-05-20,95.30999755859375,1252.4000244140625,47.75,15.199999809265137,4711.69482421875,2052.320068359375,1.8489999771118164
2016-05-23,95.2300033569336,1251.0999755859375,48.08000183105469,15.819999694824219,4743.4775390625,2048.0400390625,1.8380000591278076
2016-05-24,95.56999969482422,1228.9000244140625,48.619998931884766,14.420000076293945,4710.60205078125,2076.06005859375,1.8589999675750732
2016-05-25,95.3499984741211,1223.5,49.560001373291016,13.899999618530273,4772.79150390625,2090.5400390625,1.8700000047683716
2016-05-26,95.16999816894531,1220.0999755859375,49.47999954223633,13.430000305175781,4784.37841796875,2090.10009765625,1.8229999542236328
2016-05-27,95.5199966430664,1213.800048828125,49.33000183105469,13.119999885559082,4814.54345703125,2099.06005859375,1.8509999513626099
2016-05-30,,,,,4835.8447265625,,
2016-05-31,95.88999938964844,1214.800048828125,49.099998474121094,14.1899995803833,4796.68212890625,2096.949951171875,1.8339999914169312
2016-06-01,95.45999908447266,1211.9000244140625,49.0099983215332,14.199999809265137,4839.4794921875,2099.330078125,1.8459999561309814
2016-06-02,95.55999755859375,1209.800048828125,49.16999816894531,13.630000114440918,4833.037109375,2105.260009765625,1.8109999895095825
2016-06-03,94.02999877929688,1240.0999755859375,48.619998931884766,13.470000267028809,4853.73291015625,2099.1298828125,1.7039999961853027
2016-06-06,93.9000015258789,1244.5999755859375,49.689998626708984,13.649999618530273,4895.83447265625,2109.409912109375,1.7230000495910645
2016-06-07,93.83000183105469,1244.4000244140625,50.36000061035156,14.050000190734863,4933.796875,2112.1298828125,1.7130000591278076
2016-06-08,93.58999633789062,1259.800048828125,51.22999954223633,14.079999923706055,4915.86962890625,2119.1201171875,1.7059999704360962
2016-06-09,94.0999984741211,1270.199951171875,50.560001373291016,14.640000343322754,4876.60400390625,2115.47998046875,1.6799999475479126
2016-06-10,94.5999984741211,1273.4000244140625,49.06999969482422,17.030000686645508,4847.8671875,2096.070068359375,1.6390000581741333
2016-06-13,94.37000274658203,1284.4000244140625,48.880001068115234,20.969999313354492,4807.0390625,2079.06005859375,1.6160000562667847
2016-06-14,94.93000030517578,1285.5999755859375,48.4900016784668,20.5,4821.40234375,2075.320068359375,1.6109999418258667
2016-06-15,94.61000061035156,1285.800048828125,48.0099983215332,20.139999389648438,4814.63671875,2071.5,1.5959999561309814
2016-06-16,94.56999969482422,1296.0999755859375,46.209999084472656,19.3700008392334,4814.20361328125,2077.989990234375,1.5640000104904175
2016-06-17,94.20999908447266,1292.5,47.97999954223633,19.40999984741211,4834.955078125,2071.219970703125,1.6180000305175781
2016-06-20,93.61000061035156,1290.0,49.369998931884766,18.3700008392334,4863.341796875,2083.25,1.6699999570846558
2016-06-21,94.0199966430664,1270.5,48.849998474121094,18.479999542236328,4878.52392578125,2088.89990234375,1.6970000267028809
2016-06-22,93.72000122070312,1268.0,49.130001068115234,21.170000076293945,4896.66162109375,2085.449951171875,1.684999942779541
2016-06-23,93.52999877929688,1261.199951171875,50.11000061035156,17.25,4874.119140625,2113.320068359375,1.7389999628067017
2016-06-24,95.44999694824219,1320.0,47.63999938964844,25.760000228881836,4834.380859375,2037.4100341796875,1.5789999961853027
2016-06-27,96.54000091552734,1322.5,46.33000183105469,23.850000381469727,4835.86328125,2000.5400390625,1.4600000381469727
2016-06-28,96.25,1315.300048828125,47.849998474121094,18.75,4881.98095703125,2036.0899658203125,1.4609999656677246
2016-06-29,95.7699966430664,1323.9000244140625,49.880001068115234,16.639999389648438,4979.9111328125,2070.77001953125,1.4769999980926514
2016-06-30,96.13999938964844,1318.4000244140625,48.33000183105469,15.630000114440918,5016.4521484375,2098.860107421875,1.4880000352859497
2016-07-01,95.6500015258789,1336.699951171875,48.9900016784668,14.770000457763672,4971.3876953125,2102.949951171875,1.4559999704360962
2016-07-05,96.16999816894531,1356.4000244140625,46.599998474121094,15.579999923706055,,2088.550048828125,1.3669999837875366
2016-07-06,96.05999755859375,1364.9000244140625,47.43000030517578,14.960000038146973,,2099.72998046875,1.3849999904632568
2016-07-07,96.33000183105469,1360.0999755859375,45.13999938964844,14.760000228881836,,2097.89990234375,1.3869999647140503
2016-07-08,96.30000305175781,1356.5999755859375,45.40999984741211,13.199999809265137,,2129.89990234375,1.3660000562667847
2016-07-11,96.56999969482422,1355.0,44.7599983215332,13.539999961853027,5068.82177734375,2137.159912109375,1.434000015258789
2016-07-12,96.44000244140625,1334.0999755859375,46.79999923706055,13.550000190734863,5099.3349609375,2152.139892578125,1.5130000114440918
2016-07-13,96.22000122070312,1342.4000244140625,44.75,13.039999961853027,5133.7333984375,2152.429931640625,1.468000054359436
2016-07-14,96.08000183105469,1331.300048828125,45.68000030517578,12.819999694824219,5083.34130859375,2163.75,1.531000018119812
2016-07-15,96.58000183105469,1326.5,45.95000076293945,12.670000076293945,5109.97900390625,2161.739990234375,1.593999981880188
2016-07-18,96.55999755859375,1328.4000244140625,45.2400016784668,12.4399995803833,5127.3017578125,2166.889892578125,1.5870000123977661
2016-07-19,97.05000305175781,1331.5,44.650001525878906,11.970000267028809,5172.62841796875,2163.780029296875,1.5579999685287476
2016-07-20,97.19999694824219,1318.800048828125,44.939998626708984,11.770000457763672,5242.619140625,2173.02001953125,1.5800000429153442
2016-07-21,97.0,1330.5,44.75,12.739999771118164,5216.77001953125,2165.169921875,1.565000057220459
2016-07-22,97.47000122070312,1323.0999755859375,44.189998626708984,12.020000457763672,5197.048828125,2175.030029296875,1.5700000524520874
2016-07-25,97.29000091552734,1319.300048828125,43.130001068115234,12.869999885559082,5220.5986328125,2168.47998046875,1.5709999799728394
2016-07-26,97.16000366210938,1320.699951171875,42.91999816894531,13.050000190734863,5224.19140625,2169.179931640625,1.562999963760376
2016-07-27,97.05000305175781,1326.5999755859375,41.91999816894531,12.829999923706055,5274.15576171875,2166.580078125,1.5149999856948853
2016-07-28,96.73999786376953,1332.300048828125,41.13999938964844,12.720000267028809,5299.0068359375,2170.06005859375,1.5110000371932983
2016-07-29,95.52999877929688,1349.0,41.599998474121094,11.869999885559082,5215.791015625,2173.60009765625,1.4579999446868896
2016-08-01,95.70999908447266,1351.4000244140625,40.060001373291016,12.4399995803833,5361.36767578125,2170.840087890625,1.496000051498413
2016-08-02,95.05999755859375,1364.4000244140625,39.5099983215332,13.369999885559082,5373.11376953125,2157.030029296875,1.5369999408721924
2016-08-03,95.55999755859375,1356.0999755859375,40.83000183105469,12.859999656677246,5351.669921875,2163.7900390625,1.5420000553131104
2016-08-04,95.76000213623047,1358.800048828125,41.93000030517578,12.420000076293945,5373.6533203125,2164.25,1.503000020980835
2016-08-05,96.19000244140625,1336.4000244140625,41.79999923706055,11.390000343322754,5420.03515625,2182.8701171875,1.5820000171661377
2016-08-08,96.4000015258789,1333.4000244140625,43.02000045776367,11.5,5458.7666015625,2180.889892578125,1.5829999446868896
2016-08-09,96.18000030517578,1339.0,42.77000045776367,11.65999984741211,5440.0810546875,2181.739990234375,1.5449999570846558
2016-08-10,95.6500015258789,1344.300048828125,41.709999084472656,12.050000190734863,5423.73828125,2175.489990234375,1.5089999437332153
2016-08-11,95.86000061035156,1342.5,43.4900016784668,11.680000305175781,5418.876953125,2185.7900390625,1.5729999542236328
2016-08-12,95.72000122070312,1335.800048828125,44.4900016784668,11.550000190734863,5376.986328125,2184.050048828125,1.5149999856948853
2016-08-15,95.62999725341797,1340.300048828125,45.7400016784668,11.8100004196167,5320.353515625,2190.14990234375,1.5529999732971191
2016-08-16,94.79000091552734,1350.5,46.58000183105469,12.640000343322754,5371.63671875,2178.14990234375,1.5759999752044678
2016-08-17,94.72000122070312,1342.699951171875,46.790000915527344,12.1899995803833,,2182.219970703125,1.5609999895095825
2016-08-18,94.16000366210938,1351.199951171875,48.220001220703125,11.430000305175781,5461.23779296875,2187.02001953125,1.5360000133514404
2016-08-19,94.51000213623047,1340.4000244140625,48.52000045776367,11.34000015258789,5415.82470703125,2183.8701171875,1.5779999494552612
2016-08-22,94.5199966430664,1337.699951171875,47.04999923706055,12.270000457763672,5426.9638671875,2182.639892578125,1.5390000343322754
2016-08-23,94.54000091552734,1340.5999755859375,48.099998474121094,12.380000114440918,5416.9296875,2186.89990234375,1.5529999732971191
2016-08-24,94.79000091552734,1324.4000244140625,46.77000045776367,13.449999809265137,5403.78173828125,2175.43994140625,1.559000015258789
2016-08-25,94.7699966430664,1320.0999755859375,47.33000183105469,13.630000114440918,5453.904296875,2172.469970703125,1.5770000219345093
2016-08-26,95.56999969482422,1321.5,47.63999938964844,13.649999618530273,5438.619140625,2169.0400390625,1.6349999904632568
2016-08-29,95.58000183105469,1322.9000244140625,46.97999954223633,12.9399995803833,5370.5546875,2180.3798828125,1.565999984741211
2016-08-30,96.05000305175781,1311.699951171875,46.349998474121094,13.119999885559082,5362.107421875,2176.1201171875,1.5700000524520874
2016-08-31,96.0199966430664,1306.9000244140625,44.70000076293945,13.420000076293945,5385.87255859375,2170.949951171875,1.5679999589920044
2016-09-01,95.6500015258789,1312.199951171875,43.15999984741211,13.479999542236328,5334.33935546875,2170.860107421875,1.5700000524520874
2016-09-02,95.87999725341797,1322.0999755859375,44.439998626708984,11.979999542236328,5353.2529296875,2179.97998046875,1.5959999561309814
2016-09-05,,,,,5356.74560546875,,
2016-09-06,94.81999969482422,1349.4000244140625,44.83000183105469,12.020000457763672,5371.88671875,2186.47998046875,1.5429999828338623
2016-09-07,94.95999908447266,1344.300048828125,45.5,11.9399995803833,5381.14453125,2186.159912109375,1.5410000085830688
2016-09-08,95.02999877929688,1336.800048828125,47.619998931884766,12.510000228881836,5370.86865234375,2181.300048828125,1.6160000562667847
2016-09-09,95.33999633789062,1330.0999755859375,45.880001068115234,17.5,5281.7109375,2127.81005859375,1.6720000505447388
2016-09-12,95.0999984741211,1321.0,46.290000915527344,15.15999984741211,,2159.0400390625,1.6720000505447388
2016-09-13,95.62999725341797,1319.0,44.900001525878906,17.850000381469727,5215.36376953125,2127.02001953125,1.7339999675750732
2016-09-14,95.33000183105469,1321.5,43.58000183105469,18.139999389648438,5145.837890625,2125.77001953125,1.6890000104904175
2016-09-15,95.29000091552734,1313.5,43.90999984741211,16.299999237060547,5265.61376953125,2147.260009765625,1.7029999494552612
2016-09-16,96.11000061035156,1305.800048828125,43.029998779296875,15.369999885559082,5267.56396484375,2139.159912109375,1.7009999752044678
2016-09-19,95.83999633789062,1313.5,43.29999923706055,15.529999732971191,5321.63330078125,2139.1201171875,1.6959999799728394
2016-09-20,96.0199966430664,1313.699951171875,43.439998626708984,15.920000076293945,5302.287109375,2139.760009765625,1.687999963760376
2016-09-21,95.66000366210938,1326.9000244140625,45.34000015258789,13.300000190734863,5342.3837890625,2163.1201171875,1.6679999828338623
2016-09-22,95.44999694824219,1340.4000244140625,46.31999969482422,12.020000457763672,5380.052734375,2177.179931640625,1.6319999694824219
2016-09-23,95.4800033569336,1337.199951171875,44.47999954223633,12.289999961853027,5388.69873046875,2164.68994140625,1.6150000095367432
2016-09-26,95.30999755859375,1339.699951171875,45.93000030517578,14.5,5351.93115234375,2146.10009765625,1.5889999866485596
2016-09-27,95.44000244140625,1325.9000244140625,44.66999816894531,13.100000381469727,5419.39306640625,2159.929931640625,1.555999994277954
2016-09-28,95.43000030517578,1319.4000244140625,47.04999923706055,12.390000343322754,5425.1259765625,2171.3701171875,1.5670000314712524
2016-09-29,95.54000091552734,1321.699951171875,47.83000183105469,14.020000457763672,5431.7451171875,2151.1298828125,1.5570000410079956
2016-09-30,95.45999908447266,1313.300048828125,48.2400016784668,13.289999961853027,5364.59521484375,2168.27001953125,1.6080000400543213
2016-10-03,95.75,1309.0,48.810001373291016,13.569999694824219,5463.70263671875,2161.199951171875,1.621999979019165
2016-10-04,96.12000274658203,1266.300048828125,48.689998626708984,13.630000114440918,5472.103515625,2150.489990234375,1.6829999685287476
2016-10-05,96.12999725341797,1265.199951171875,49.83000183105469,12.989999771118164,5420.43701171875,2159.72998046875,1.715999960899353
2016-10-06,96.66000366210938,1249.800048828125,50.439998626708984,12.84000015258789,5409.1337890625,2160.77001953125,1.7419999837875366
2016-10-07,96.5199966430664,1248.9000244140625,49.810001373291016,13.479999542236328,5376.939453125,2153.739990234375,1.7359999418258667
2016-10-10,,,,13.380000114440918,5360.61962890625,2163.659912109375,1.7230000495910645
2016-10-11,97.69999694824219,1253.0,50.790000915527344,15.359999656677246,5381.78759765625,2136.72998046875,1.7589999437332153
2016-10-12,97.97000122070312,1251.0999755859375,50.18000030517578,15.90999984741211,5364.40185546875,2139.179931640625,1.777999997138977
2016-10-13,97.5199966430664,1255.0,50.439998626708984,16.690000534057617,5340.19189453125,2132.550048828125,1.7380000352859497
2016-10-14,98.0199966430664,1253.0999755859375,50.349998474121094,16.1200008392334,5399.67431640625,2132.97998046875,1.7940000295639038
2016-10-17,97.88999938964844,1254.4000244140625,49.939998626708984,16.209999084472656,5410.0927734375,2126.5,1.7660000324249268
2016-10-18,97.9000015258789,1260.800048828125,50.290000915527344,15.279999732971191,5429.83642578125,2139.60009765625,1.7489999532699585
2016-10-19,97.87000274658203,1267.9000244140625,51.599998474121094,14.40999984741211,5409.07763671875,2144.2900390625,1.7519999742507935
2016-10-20,98.31999969482422,1265.5999755859375,50.43000030517578,13.75,5403.529296875,2141.340087890625,1.746999979019165
2016-10-21,98.69999694824219,1265.9000244140625,50.849998474121094,13.34000015258789,5409.08251953125,2141.159912109375,1.7400000095367432
2016-10-24,98.66999816894531,1262.0,50.52000045776367,13.020000457763672,5420.83740234375,2151.330078125,1.7630000114440918
2016-10-25,98.72000122070312,1271.9000244140625,49.959999084472656,13.460000038146973,5397.66064453125,2143.159912109375,1.7580000162124634
2016-10-26,98.62999725341797,1264.800048828125,49.18000030517578,14.239999771118164,5399.5888671875,2139.429931640625,1.7899999618530273
2016-10-27,98.88999938964844,1267.9000244140625,49.720001220703125,15.359999656677246,5416.8359375,2133.0400390625,1.843000054359436
2016-10-28,98.3499984741211,1275.5,48.70000076293945,16.190000534057617,5410.26904296875,2126.409912109375,1.8450000286102295
2016-10-31,98.44999694824219,1271.5,46.86000061035156,17.059999465942383,5422.5419921875,2126.14990234375,1.8339999914169312
2016-11-01,97.69999694824219,1286.4000244140625,46.66999816894531,18.559999465942383,5416.0068359375,2111.719970703125,1.8200000524520874
2016-11-02,97.4000015258789,1306.800048828125,45.34000015258789,19.31999969482422,5405.455078125,2097.93994140625,1.7990000247955322
2016-11-03,97.16000366210938,1302.0999755859375,44.65999984741211,22.079999923706055,5329.501953125,2088.659912109375,1.812000036239624
2016-11-04,97.06999969482422,1303.300048828125,44.06999969482422,22.510000228881836,5362.66015625,2085.179931640625,1.7829999923706055
2016-11-07,97.77999877929688,1278.300048828125,44.88999938964844,18.709999084472656,5386.2080078125,2131.52001953125,1.8279999494552612
2016-11-08,97.86000061035156,1273.4000244140625,44.97999954223633,18.739999771118164,5470.68115234375,2139.56005859375,1.8619999885559082
2016-11-09,98.5,1272.5999755859375,45.27000045776367,14.380000114440918,5414.32080078125,2163.260009765625,2.072000026702881
2016-11-10,98.79000091552734,1265.5,44.65999984741211,14.739999771118164,5450.30615234375,2167.47998046875,2.117000102996826
2016-11-11,,,,14.170000076293945,5231.97119140625,2164.449951171875,
2016-11-14,100.11000061035156,1221.199951171875,43.31999969482422,14.479999542236328,5115.73876953125,2164.199951171875,2.2219998836517334
2016-11-15,100.19000244140625,1224.0,45.810001373291016,13.369999885559082,5078.5009765625,2180.389892578125,2.23799991607666
2016-11-16,100.41000366210938,1223.4000244140625,45.56999969482422,13.720000267028809,5185.46484375,2176.93994140625,2.2230000495910645
2016-11-17,100.88999938964844,1216.5,45.41999816894531,13.350000381469727,5193.01513671875,2187.1201171875,2.2760000228881836
2016-11-18,101.20999908447266,1208.5,45.689998626708984,12.850000381469727,5170.10888671875,2181.89990234375,2.3350000381469727
2016-11-21,101.05000305175781,1209.5999755859375,47.4900016784668,12.420000076293945,5148.31884765625,2198.179931640625,2.3389999866485596
2016-11-22,101.04000091552734,1211.0,48.029998779296875,12.40999984741211,5204.673828125,2202.93994140625,2.321000099182129
2016-11-23,101.69999694824219,1189.0999755859375,47.959999084472656,12.430000305175781,5211.99609375,2204.719970703125,2.3570001125335693
2016-11-24,,,,,5107.623046875,,
2016-11-25,101.48999786376953,1178.199951171875,46.060001373291016,12.34000015258789,5122.10400390625,2213.35009765625,2.371999979019165
2016-11-28,101.33000183105469,1190.5999755859375,47.08000183105469,13.149999618530273,5114.57177734375,2201.719970703125,2.319999933242798
2016-11-29,100.93000030517578,1187.9000244140625,45.22999954223633,12.899999618530273,5136.6669921875,2204.659912109375,2.302000045776367
2016-11-30,101.5,1170.800048828125,49.439998626708984,13.329999923706055,5148.91015625,2198.81005859375,2.368000030517578
2016-12-01,101.04000091552734,1166.9000244140625,51.060001373291016,14.069999694824219,5198.7548828125,2191.080078125,2.440999984741211
2016-12-02,100.7699966430664,1175.0999755859375,51.68000030517578,14.119999885559082,5245.9560546875,2191.949951171875,2.390000104904175
2016-12-05,100.13999938964844,1174.0,51.790000915527344,12.140000343322754,5268.30810546875,2204.7099609375,2.38700008392334
2016-12-06,100.48999786376953,1167.5999755859375,50.93000030517578,11.789999961853027,5272.96484375,2212.22998046875,2.3959999084472656
2016-12-07,100.2300033569336,1175.0,49.77000045776367,12.220000267028809,5265.3681640625,2241.35009765625,2.3469998836517334
2016-12-08,101.06999969482422,1169.800048828125,50.84000015258789,12.640000343322754,5303.73388671875,2246.18994140625,2.38700008392334
2016-12-09,101.56999969482422,1159.4000244140625,51.5,11.75,5308.1259765625,2259.530029296875,2.4639999866485596
2016-12-12,100.95999908447266,1163.5,52.83000183105469,12.640000343322754,,2256.9599609375,2.4790000915527344
2016-12-13,101.02999877929688,1156.699951171875,52.97999954223633,12.720000267028809,5293.619140625,2271.719970703125,2.4809999465942383
2016-12-14,102.0,1161.300048828125,51.040000915527344,13.1899995803833,5262.81689453125,2253.280029296875,2.5250000953674316
2016-12-15,103.12999725341797,1127.800048828125,50.900001525878906,12.789999961853027,5254.36181640625,2262.030029296875,2.5799999237060547
2016-12-16,102.94999694824219,1135.300048828125,51.900001525878906,12.199999809265137,5231.65185546875,2258.070068359375,2.5969998836517334
2016-12-19,103.13999938964844,1140.5,52.119998931884766,11.710000038146973,5191.912109375,2262.530029296875,2.5420000553131104
2016-12-20,103.29000091552734,1131.5,52.22999954223633,11.449999809265137,5162.47705078125,2270.760009765625,2.568000078201294
2016-12-21,103.0199966430664,1131.0999755859375,52.4900016784668,11.270000457763672,5111.39208984375,2265.179931640625,2.5460000038146973
2016-12-22,103.08999633789062,1128.800048828125,52.95000076293945,11.430000305175781,5042.8701171875,2260.9599609375,2.552999973297119
2016-12-23,103.01000213623047,1131.9000244140625,53.02000045776367,11.4399995803833,5027.7041015625,2263.7900390625,2.5429999828338623
2016-12-27,103.0199966430664,1137.300048828125,53.900001525878906,11.989999771118164,5102.9541015625,2268.8798828125,2.562999963760376
2016-12-28,103.26000213623047,1139.4000244140625,54.060001373291016,12.949999809265137,5209.44482421875,2249.919921875,2.50600004196167
2016-12-29,102.68000030517578,1156.4000244140625,53.77000045776367,13.369999885559082,5302.56591796875,2249.260009765625,2.4769999980926514
2016-12-30,102.38999938964844,1150.0,53.720001220703125,14.039999961853027,5296.7109375,2238.830078125,2.446000099182129
2017-01-03,103.20999908447266,1160.4000244140625,52.33000183105469,12.850000381469727,5275.97119140625,2257.830078125,2.450000047683716
2017-01-04,102.69999694824219,1163.800048828125,53.2599983215332,11.850000381469727,5301.18310546875,2270.75,2.4519999027252197
2017-01-05,101.5199966430664,1179.699951171875,53.7599983215332,11.670000076293945,5325.50390625,2269.0,2.368000030517578
2017-01-06,102.22000122070312,1171.9000244140625,53.9900016784668,11.319999694824219,5347.02197265625,2276.97998046875,2.4179999828338623
2017-01-09,101.93000030517578,1183.5,51.959999084472656,11.5600004196167,5316.36376953125,2268.89990234375,2.375999927520752
2017-01-10,102.01000213623047,1184.199951171875,50.81999969482422,11.489999771118164,5309.923828125,2268.89990234375,2.378999948501587
2017-01-11,101.77999877929688,1195.5999755859375,52.25,11.260000228881836,5301.23681640625,2275.320068359375,2.369999885559082
2017-01-12,101.3499984741211,1198.9000244140625,53.0099983215332,11.539999961853027,5292.75,2270.43994140625,2.3610000610351562
2017-01-13,101.18000030517578,1195.300048828125,52.369998931884766,11.229999542236328,5272.98291015625,2274.639892578125,2.380000114440918
2017-01-16,,,,,5270.01123046875,,
2017-01-17,100.33000183105469,1212.0,52.47999954223633,11.869999885559082,5266.93798828125,2267.889892578125,2.3269999027252197
2017-01-18,100.93000030517578,1211.300048828125,51.08000183105469,12.479999542236328,5294.7841796875,2271.889892578125,2.3889999389648438
2017-01-19,101.1500015258789,1200.9000244140625,51.369998931884766,12.779999732971191,5298.9482421875,2263.68994140625,2.4590001106262207
2017-01-20,100.73999786376953,1204.300048828125,52.41999816894531,11.539999961853027,5254.31103515625,2271.31005859375,2.4670000076293945
2017-01-23,100.16000366210938,1215.0,52.75,11.770000457763672,5250.9677734375,2265.199951171875,2.4030001163482666
2017-01-24,100.3499984741211,1210.300048828125,53.18000030517578,11.069999694824219,5292.087890625,2280.070068359375,2.4709999561309814
2017-01-25,100.02999877929688,1197.300048828125,52.75,10.8100004196167,5293.7822265625,2298.3701171875,2.5230000019073486
2017-01-26,100.37999725341797,1189.5,53.779998779296875,10.630000114440918,5317.6328125,2296.679931640625,2.507999897003174
2017-01-27,100.52999877929688,1188.0999755859375,53.16999816894531,10.579999923706055,5312.83984375,2294.68994140625,2.4809999465942383
2017-01-30,100.43000030517578,1193.199951171875,52.630001068115234,11.880000114440918,5302.662109375,2280.89990234375,2.4830000400543213
2017-01-31,99.51000213623047,1208.5999755859375,52.810001373291016,11.989999771118164,5294.10302734375,2278.8701171875,2.4509999752044678
2017-02-01,99.63999938964844,1205.5999755859375,53.880001068115234,11.8100004196167,5327.1611328125,2279.550048828125,2.4739999771118164
2017-02-02,99.8499984741211,1216.699951171875,53.540000915527344,11.930000305175781,5353.712890625,2280.85009765625,2.4700000286102295
2017-02-03,99.87000274658203,1218.5,53.83000183105469,10.970000267028809,5360.76708984375,2297.419921875,2.490999937057495
2017-02-06,99.91000366210938,1230.0,53.0099983215332,11.369999885559082,5395.9951171875,2292.56005859375,2.4130001068115234
2017-02-07,100.26000213623047,1234.199951171875,52.16999816894531,11.289999961853027,5381.47509765625,2293.080078125,2.3889999389648438
2017-02-08,100.27999877929688,1237.5999755859375,52.34000015258789,11.449999809265137,5361.087890625,2294.669921875,2.3510000705718994
2017-02-09,100.6500015258789,1235.0999755859375,53.0,10.880000114440918,5372.0771484375,2307.8701171875,2.3949999809265137
2017-02-10,100.80000305175781,1234.4000244140625,53.86000061035156,10.850000381469727,5371.6689453125,2316.10009765625,2.4089999198913574
2017-02-13,100.95999908447266,1224.4000244140625,52.93000030517578,11.069999694824219,5409.55615234375,2328.25,2.434000015258789
2017-02-14,101.25,1223.9000244140625,53.20000076293945,10.739999771118164,5380.669921875,2337.580078125,2.4700000286102295
2017-02-15,101.18000030517578,1231.699951171875,53.11000061035156,11.970000267028809,,2349.25,2.502000093460083
2017-02-16,100.44000244140625,1240.0,53.36000061035156,11.760000228881836,5377.998046875,2347.219970703125,2.450000047683716
2017-02-17,100.94999694824219,1237.5999755859375,53.400001525878906,11.489999771118164,5350.93212890625,2351.159912109375,2.424999952316284
2017-02-20,,,,,5359.2880859375,,
2017-02-21,101.37000274658203,1237.5,54.060001373291016,11.569999694824219,5340.990234375,2365.3798828125,2.427000045776367
2017-02-22,101.33000183105469,1232.0,53.59000015258789,11.739999771118164,5358.68310546875,2362.820068359375,2.4179999828338623
2017-02-23,101.05000305175781,1250.199951171875,54.45000076293945,11.710000038146973,5372.748046875,2363.81005859375,2.388000011444092
2017-02-24,101.08999633789062,1256.9000244140625,53.9900016784668,11.470000267028809,5385.90576171875,2367.340087890625,2.316999912261963
2017-02-27,101.12999725341797,1257.4000244140625,54.04999923706055,12.09000015258789,5382.8740234375,2369.75,2.36899995803833
2017-02-28,101.12000274658203,1252.5999755859375,54.0099983215332,12.920000076293945,5386.69189453125,2363.639892578125,2.3580000400543213
2017-03-01,101.77999877929688,1248.9000244140625,53.83000183105469,12.539999961853027,5363.05615234375,2395.9599609375,2.4630000591278076
2017-03-02,102.19999694824219,1231.9000244140625,52.61000061035156,11.8100004196167,5408.25390625,2381.919921875,2.489000082015991
2017-03-03,101.54000091552734,1225.5,53.33000183105469,10.960000038146973,5391.21484375,2383.1201171875,2.492000102996826
2017-03-06,101.63999938964844,1224.5,53.20000076293945,11.239999771118164,5409.81689453125,2375.31005859375,2.49399995803833
2017-03-07,101.80999755859375,1215.0999755859375,53.13999938964844,11.449999809265137,5402.615234375,2368.389892578125,2.510999917984009
2017-03-08,102.06999969482422,1208.5,50.279998779296875,11.859999656677246,5393.76416015625,2362.97998046875,2.552000045776367
2017-03-09,101.8499984741211,1202.4000244140625,49.279998779296875,12.300000190734863,5402.38623046875,2364.8701171875,2.5980000495910645
2017-03-10,101.25,1200.699951171875,48.4900016784668,11.65999984741211,5390.6767578125,2372.60009765625,2.5820000171661377
2017-03-13,101.37999725341797,1202.4000244140625,48.400001525878906,11.350000381469727,5409.3720703125,2373.469970703125,2.6080000400543213
2017-03-14,101.69999694824219,1201.9000244140625,47.720001220703125,12.300000190734863,5431.5849609375,2365.449951171875,2.5950000286102295
2017-03-15,100.73999786376953,1200.0999755859375,48.86000061035156,11.630000114440918,5432.380859375,2385.260009765625,2.507999897003174
2017-03-16,100.2699966430664,1226.5,48.75,11.210000038146973,5518.2412109375,2381.3798828125,2.5220000743865967
2017-03-17,100.30000305175781,1229.800048828125,48.779998779296875,11.279999732971191,5540.43212890625,2378.25,2.500999927520752
2017-03-20,100.41000366210938,1233.5999755859375,48.220001220703125,11.34000015258789,5533.9921875,2373.469970703125,2.4730000495910645
2017-03-21,99.80999755859375,1246.0999755859375,47.34000015258789,12.470000267028809,5543.0927734375,2344.02001953125,2.436000108718872
2017-03-22,99.68000030517578,1249.300048828125,48.040000915527344,12.8100004196167,5534.0927734375,2348.449951171875,2.3959999084472656
2017-03-23,99.76000213623047,1246.9000244140625,47.70000076293945,13.119999885559082,5563.7587890625,2345.9599609375,2.4179999828338623
2017-03-24,99.62999725341797,1248.199951171875,47.970001220703125,12.960000038146973,5567.1337890625,2343.97998046875,2.4000000953674316
2017-03-27,99.16999816894531,1255.4000244140625,47.72999954223633,12.5,5541.2021484375,2341.590087890625,2.372999906539917
2017-03-28,99.70999908447266,1255.300048828125,48.369998931884766,11.529999732971191,,2358.570068359375,2.4089999198913574
2017-03-29,100.0,1253.4000244140625,49.5099983215332,11.420000076293945,5592.509765625,2361.1298828125,2.385999917984009
2017-03-30,100.41000366210938,1245.0,50.349998474121094,11.539999961853027,5592.9521484375,2368.06005859375,2.4159998893737793
2017-03-31,100.3499984741211,1247.300048828125,50.599998474121094,12.369999885559082,5568.10595703125,2362.719970703125,2.3959999084472656
2017-04-03,100.54000091552734,1250.800048828125,50.2400016784668,12.380000114440918,5606.7890625,2358.840087890625,2.3499999046325684
2017-04-04,100.54000091552734,1255.0,51.029998779296875,11.789999961853027,5651.8232421875,2360.159912109375,2.3499999046325684
2017-04-05,100.55999755859375,1245.4000244140625,51.150001525878906,12.890000343322754,5676.97998046875,2352.949951171875,2.3570001125335693
2017-04-06,100.66999816894531,1250.300048828125,51.70000076293945,12.390000343322754,5680.23876953125,2357.489990234375,2.3429999351501465
2017-04-07,101.18000030517578,1254.300048828125,52.2400016784668,12.869999885559082,5653.48583984375,2355.5400390625,2.372999906539917
2017-04-10,101.0199966430664,1251.0999755859375,53.08000183105469,14.050000190734863,5644.298828125,2357.159912109375,2.3610000610351562
2017-04-11,100.70999908447266,1271.199951171875,53.400001525878906,15.069999694824219,5627.93310546875,2353.780029296875,2.2980000972747803
2017-04-12,100.77999877929688,1275.300048828125,53.11000061035156,15.770000457763672,5644.15478515625,2344.929931640625,2.2960000038146973
2017-04-13,100.55999755859375,1285.9000244140625,53.18000030517578,15.960000038146973,5616.544921875,2328.949951171875,2.2320001125335693
2017-04-17,100.30000305175781,1289.4000244140625,52.650001525878906,14.65999984741211,5577.48681640625,2349.010009765625,2.252000093460083
2017-04-18,99.5,1291.699951171875,52.40999984741211,14.420000076293945,5606.51708984375,2342.18994140625,2.178999900817871
2017-04-19,99.73999786376953,1281.4000244140625,50.439998626708984,14.930000305175781,,2338.169921875,2.2019999027252197
2017-04-20,99.77999877929688,1281.9000244140625,50.27000045776367,14.149999618530273,5595.30615234375,2355.840087890625,2.240999937057495
2017-04-21,99.9800033569336,1287.4000244140625,49.619998931884766,14.630000114440918,5664.47509765625,2348.68994140625,2.236999988555908
2017-04-24,99.08999633789062,1275.800048828125,49.22999954223633,10.84000015258789,,2374.14990234375,2.2730000019073486
2017-04-25,98.81999969482422,1265.5999755859375,49.560001373291016,10.760000228881836,5680.7958984375,2388.610107421875,2.3269999027252197
2017-04-26,98.95999908447266,1262.0999755859375,49.619998931884766,10.850000381469727,5726.52978515625,2387.449951171875,2.311000108718872
2017-04-27,99.08000183105469,1263.699951171875,48.970001220703125,10.359999656677246,5707.02783203125,2388.77001953125,2.2960000038146973
2017-04-28,99.05000305175781,1266.0999755859375,49.33000183105469,10.819999694824219,5685.2978515625,2384.199951171875,2.2820000648498535
2017-05-01,99.13999938964844,1253.300048828125,48.84000015258789,10.109999656677246,,2388.330078125,2.325000047683716
2017-05-02,98.9800033569336,1255.0999755859375,47.65999984741211,10.59000015258789,5675.80810546875,2391.169921875,2.2960000038146973
2017-05-03,99.20999908447266,1246.4000244140625,47.81999969482422,10.680000305175781,5647.3681640625,2388.1298828125,2.309000015258789
2017-05-04,98.76000213623047,1226.5,45.52000045776367,10.460000038146973,5669.44287109375,2389.52001953125,2.3559999465942383
2017-05-05,98.6500015258789,1224.800048828125,46.220001220703125,10.569999694824219,5683.376953125,2399.2900390625,2.3519999980926514
2017-05-08,99.1500015258789,1225.300048828125,46.43000030517578,9.770000457763672,5707.86181640625,2399.3798828125,2.375999927520752
2017-05-09,99.58999633789062,1214.300048828125,45.880001068115234,9.960000038146973,5697.05615234375,2396.919921875,2.4070000648498535
2017-05-10,99.66999816894531,1217.300048828125,47.33000183105469,10.210000038146973,5653.0078125,2399.6298828125,2.4140000343322754
2017-05-11,99.62000274658203,1222.699951171875,47.83000183105469,10.600000381469727,,2394.43994140625,2.4000000953674316
2017-05-12,99.25,1226.199951171875,47.84000015258789,10.399999618530273,5675.2158203125,2390.89990234375,2.3350000381469727
2017-05-15,98.91000366210938,1228.5999755859375,48.849998474121094,10.420000076293945,5688.8701171875,2402.320068359375,2.3380000591278076
2017-05-16,98.11000061035156,1235.0,48.65999984741211,10.649999618530273,5646.9990234375,2400.669921875,2.3289999961853027
2017-05-17,97.41999816894531,1257.5,49.06999969482422,15.59000015258789,5615.4921875,2357.030029296875,2.2160000801086426
2017-05-18,97.87999725341797,1251.699951171875,49.349998474121094,14.65999984741211,5645.451171875,2365.719970703125,2.2330000400543213
2017-05-19,97.1500015258789,1252.699951171875,50.33000183105469,12.039999961853027,5791.8837890625,2381.72998046875,2.244999885559082
2017-05-22,96.9800033569336,1260.699951171875,50.72999954223633,10.930000305175781,5749.44482421875,2394.02001953125,2.253999948501587
2017-05-23,97.3499984741211,1254.800048828125,51.470001220703125,10.720000267028809,5730.61279296875,2398.419921875,2.2850000858306885
2017-05-24,97.23999786376953,1252.4000244140625,51.36000061035156,10.020000457763672,5703.43310546875,2404.389892578125,2.2660000324249268
2017-05-25,97.25,1255.800048828125,48.900001525878906,9.989999771118164,,2415.070068359375,2.255000114440918
2017-05-26,97.4000015258789,1267.5999755859375,49.79999923706055,9.8100004196167,5716.81494140625,2415.820068359375,2.25
2017-05-29,,,,,5712.3310546875,,
2017-05-30,97.27999877929688,1262.0999755859375,49.65999984741211,10.380000114440918,5693.39111328125,2412.909912109375,2.2170000076293945
2017-05-31,96.91999816894531,1272.0,48.31999969482422,10.40999984741211,5738.15478515625,2411.800048828125,2.196000099182129
2017-06-01,97.19999694824219,1267.0,48.36000061035156,9.890000343322754,,2430.06005859375,2.2170000076293945
2017-06-02,96.72000122070312,1276.800048828125,47.65999984741211,9.75,5742.44580078125,2439.070068359375,2.1589999198913574
2017-06-05,96.80000305175781,1279.300048828125,47.400001525878906,10.069999694824219,5748.23486328125,2436.10009765625,2.181999921798706
2017-06-06,96.63999938964844,1294.4000244140625,48.189998626708984,10.449999809265137,5707.8310546875,2429.330078125,2.1470000743865967
2017-06-07,96.75,1290.0999755859375,45.720001220703125,10.390000343322754,5717.3251953125,2433.139892578125,2.177999973297119
2017-06-08,96.91999816894531,1276.300048828125,45.63999938964844,10.15999984741211,5702.921875,2433.7900390625,2.194000005722046
2017-06-09,97.2699966430664,1268.5,45.83000183105469,10.699999809265137,5675.52294921875,2431.77001953125,2.1989998817443848
2017-06-12,97.13999938964844,1266.0999755859375,46.08000183105469,11.460000038146973,5691.43603515625,2429.389892578125,2.2130000591278076
2017-06-13,96.9800033569336,1265.800048828125,46.459999084472656,10.420000076293945,5707.64501953125,2440.35009765625,2.2070000171661377
2017-06-14,96.94000244140625,1272.800048828125,44.72999954223633,10.640000343322754,5792.89697265625,2437.919921875,2.138000011444092
2017-06-15,97.43000030517578,1252.199951171875,44.459999084472656,10.899999618530273,5776.283203125,2432.4599609375,2.1619999408721924
2017-06-16,97.16000366210938,1254.0,44.7400016784668,10.380000114440918,5723.63623046875,2433.14990234375,2.1570000648498535
2017-06-19,97.52999877929688,1244.199951171875,44.20000076293945,10.369999885559082,5741.9091796875,2453.4599609375,2.190000057220459
2017-06-20,97.75,1241.0,43.22999954223633,10.859999656677246,5791.90380859375,2437.030029296875,2.1530001163482666
2017-06-21,97.55999755859375,1243.4000244140625,42.529998779296875,10.75,5818.5517578125,2435.610107421875,2.1549999713897705
2017-06-22,97.54000091552734,1247.5999755859375,42.7400016784668,10.479999542236328,5829.7080078125,2434.5,2.1530001163482666
2017-06-23,97.30000305175781,1256.199951171875,43.0099983215332,10.020000457763672,,2438.300048828125,2.1440000534057617
2017-06-26,97.43000030517578,1246.300048828125,43.380001068115234,9.899999618530273,,2439.070068359375,2.13700008392334
2017-06-27,96.47000122070312,1246.4000244140625,44.2400016784668,11.0600004196167,,2419.3798828125,2.197999954223633
2017-06-28,96.05000305175781,1248.0,44.7400016784668,10.029999732971191,,2440.68994140625,2.2209999561309814
2017-06-29,95.62999725341797,1244.199951171875,44.93000030517578,11.4399995803833,,2419.699951171875,2.2669999599456787
2017-06-30,95.66000366210938,1240.699951171875,46.040000915527344,11.180000305175781,,2423.409912109375,2.302000045776367
2017-07-03,96.19999694824219,1217.9000244140625,47.06999969482422,11.220000267028809,5910.23681640625,2429.010009765625,2.3459999561309814
2017-07-04,,,,,5865.36376953125,,
2017-07-05,96.29000091552734,1220.4000244140625,45.130001068115234,11.069999694824219,5825.05419921875,2432.5400390625,2.3340001106262207
2017-07-06,95.81999969482422,1222.199951171875,45.52000045776367,12.539999961853027,5849.5751953125,2409.75,2.369999885559082
2017-07-07,96.01000213623047,1208.5999755859375,44.22999954223633,11.1899995803833,5814.79296875,2425.179931640625,2.3929998874664307
2017-07-10,96.05000305175781,1212.0999755859375,44.400001525878906,11.109999656677246,5771.505859375,2427.429931640625,2.371000051498413
2017-07-11,95.73999786376953,1213.5999755859375,45.040000915527344,10.890000343322754,5773.326171875,2425.530029296875,2.361999988555908
2017-07-12,95.79000091552734,1218.0999755859375,45.4900016784668,10.300000190734863,5819.1318359375,2443.25,2.3269999027252197
2017-07-13,95.7300033569336,1216.300048828125,46.08000183105469,9.899999618530273,5830.0439453125,2447.830078125,2.3480000495910645
2017-07-14,95.11000061035156,1226.5999755859375,46.540000915527344,9.510000228881836,5831.794921875,2459.27001953125,2.319000005722046
2017-07-17,95.12999725341797,1232.800048828125,46.02000045776367,9.819999694824219,5841.27978515625,2459.139892578125,2.309000015258789
2017-07-18,94.66000366210938,1241.0999755859375,46.400001525878906,9.890000343322754,5822.35205078125,2460.610107421875,2.263000011444092
2017-07-19,94.80000305175781,1241.199951171875,47.119998931884766,9.789999961853027,5806.68994140625,2473.830078125,2.2679998874664307
2017-07-20,94.2699966430664,1244.800048828125,46.790000915527344,9.579999923706055,5825.2080078125,2473.449951171875,2.2660000324249268
2017-07-21,93.94000244140625,1254.300048828125,45.77000045776367,9.359999656677246,5765.423828125,2472.5400390625,2.2320001125335693
2017-07-24,93.9800033569336,1253.9000244140625,46.34000015258789,9.430000305175781,5801.5869140625,2469.909912109375,2.253999948501587
2017-07-25,94.05000305175781,1251.699951171875,47.88999938964844,9.430000305175781,5813.53515625,2477.1298828125,2.3259999752044678
2017-07-26,93.66999816894531,1249.0,48.75,9.600000381469727,5800.2060546875,2477.830078125,2.2820000648498535
2017-07-27,93.86000061035156,1259.5999755859375,49.040000915527344,10.109999656677246,5819.744140625,2475.419921875,2.309999942779541
2017-07-28,93.26000213623047,1268.4000244140625,49.709999084472656,10.289999961853027,5831.02685546875,2472.10009765625,2.2890000343322754
2017-07-31,92.86000061035156,1266.5999755859375,50.16999816894531,10.260000228881836,5840.93896484375,2470.300048828125,2.2920000553131104
2017-08-01,93.02999877929688,1272.5999755859375,49.15999984741211,10.09000015258789,5805.205078125,2476.35009765625,2.250999927520752
2017-08-02,92.83000183105469,1271.800048828125,49.59000015258789,10.279999732971191,5824.2490234375,2477.570068359375,2.26200008392334
2017-08-03,92.80999755859375,1267.800048828125,49.029998779296875,10.4399995803833,5780.576171875,2472.159912109375,2.2279999256134033
2017-08-04,93.54000091552734,1258.300048828125,49.58000183105469,10.029999732971191,5777.48193359375,2476.830078125,2.2669999599456787
2017-08-07,93.43000030517578,1258.199951171875,49.38999938964844,9.930000305175781,5749.2919921875,2480.909912109375,2.256999969482422
2017-08-08,93.63999938964844,1256.4000244140625,49.16999816894531,10.960000038146973,5810.56298828125,2474.919921875,2.2829999923706055
2017-08-09,93.5199966430664,1273.0,49.560001373291016,11.109999656677246,5824.0068359375,2474.02001953125,2.240999937057495
2017-08-10,93.4000015258789,1283.699951171875,48.59000015258789,16.040000915527344,5825.94580078125,2438.2099609375,2.2119998931884766
2017-08-11,93.06999969482422,1287.699951171875,48.81999969482422,15.510000228881836,5766.13818359375,2441.320068359375,2.188999891281128
2017-08-14,93.45999908447266,1284.199951171875,47.59000015258789,12.329999923706055,5801.48779296875,2465.840087890625,2.2190001010894775
2017-08-15,93.8499984741211,1273.699951171875,47.54999923706055,12.039999961853027,5835.041015625,2464.610107421875,2.2660000324249268
2017-08-16,93.48999786376953,1276.9000244140625,46.779998779296875,11.739999771118164,5891.94921875,2468.110107421875,2.2260000705718994
2017-08-17,93.62000274658203,1286.4000244140625,47.09000015258789,15.550000190734863,,2430.010009765625,2.1989998817443848
2017-08-18,93.43000030517578,1285.699951171875,48.5099983215332,14.260000228881836,5893.8408203125,2425.550048828125,2.194000005722046
2017-08-21,93.0999984741211,1290.800048828125,47.369998931884766,13.1899995803833,5861.00390625,2428.3701171875,2.180000066757202
2017-08-22,93.55000305175781,1285.0999755859375,47.63999938964844,11.350000381469727,5880.296875,2452.510009765625,2.2149999141693115
2017-08-23,93.1500015258789,1288.9000244140625,48.40999984741211,12.25,5914.02392578125,2444.0400390625,2.1710000038146973
2017-08-24,93.27999877929688,1286.5,47.43000030517578,12.229999542236328,5894.1171875,2438.969970703125,2.194000005722046
2017-08-25,92.73999786376953,1292.5,47.869998931884766,11.279999732971191,5915.36279296875,2443.050048828125,2.1689999103546143
2017-08-28,92.20999908447266,1309.699951171875,46.56999969482422,11.319999694824219,5903.3408203125,2444.239990234375,2.1589999198913574
2017-08-29,92.3499984741211,1313.0999755859375,46.439998626708984,11.699999809265137,5888.2119140625,2446.300048828125,2.135999917984009
2017-08-30,92.87999725341797,1308.0999755859375,45.959999084472656,11.220000267028809,5872.505859375,2457.590087890625,2.1429998874664307
2017-08-31,92.66999816894531,1316.199951171875,47.22999954223633,10.59000015258789,5864.05908203125,2471.64990234375,2.121000051498413
2017-09-01,92.80999755859375,1324.5,47.290000915527344,10.130000114440918,,2476.550048828125,2.1570000648498535
2017-09-04,,,,,5813.7412109375,,
2017-09-05,92.30999755859375,1339.199951171875,48.65999984741211,12.229999542236328,5829.97900390625,2457.85009765625,2.069999933242798
2017-09-06,92.29000091552734,1333.9000244140625,49.15999984741211,11.630000114440918,5824.13818359375,2465.5400390625,2.1080000400543213
2017-09-07,91.52999877929688,1345.0999755859375,49.09000015258789,11.550000190734863,5832.31103515625,2465.10009765625,2.061000108718872
2017-09-08,91.33000183105469,1346.0,47.47999954223633,12.119999885559082,5857.119140625,2461.429931640625,2.061000108718872
2017-09-11,91.86000061035156,1331.0,48.06999969482422,10.729999542236328,5871.880859375,2488.110107421875,2.125
2017-09-12,91.91000366210938,1328.0,48.22999954223633,10.579999923706055,5872.376953125,2496.47998046875,2.1710000038146973
2017-09-13,92.5199966430664,1323.4000244140625,49.29999923706055,10.5,5845.73388671875,2498.3701171875,2.194999933242798
2017-09-14,92.12000274658203,1324.699951171875,49.88999938964844,10.4399995803833,5852.001953125,2495.6201171875,2.197000026702881
2017-09-15,91.87000274658203,1320.4000244140625,49.88999938964844,10.170000076293945,5872.39208984375,2500.22998046875,2.2019999027252197
2017-09-18,92.05000305175781,1306.300048828125,49.90999984741211,10.149999618530273,5884.61083984375,2503.8701171875,2.2290000915527344
2017-09-19,91.79000091552734,1306.199951171875,49.47999954223633,10.180000305175781,5901.326171875,2506.64990234375,2.243000030517578
2017-09-20,92.51000213623047,1312.0,50.40999984741211,9.779999732971191,5906.5732421875,2508.239990234375,2.2769999504089355
2017-09-21,92.26000213623047,1290.5999755859375,50.54999923706055,9.670000076293945,,2500.60009765625,2.2780001163482666
2017-09-22,92.16999816894531,1293.300048828125,50.65999984741211,9.59000015258789,5911.7080078125,2502.219970703125,2.26200008392334
2017-09-25,92.6500015258789,1306.800048828125,52.220001220703125,10.210000038146973,5894.61181640625,2496.659912109375,2.2200000286102295
2017-09-26,92.97000122070312,1297.0,51.880001068115234,10.170000076293945,5863.9619140625,2496.840087890625,2.2290000915527344
2017-09-27,93.36000061035156,1283.4000244140625,52.13999938964844,9.869999885559082,5863.02685546875,2507.0400390625,2.309000015258789
2017-09-28,93.08999633789062,1285.5,51.560001373291016,9.550000190734863,5841.046875,2510.06005859375,2.309000015258789
2017-09-29,93.08000183105469,1281.5,51.66999816894531,9.510000228881836,5900.85400390625,2519.360107421875,2.3259999752044678
2017-10-02,93.55999755859375,1272.699951171875,50.58000183105469,9.449999809265137,5914.02978515625,2529.1201171875,2.3369998931884766
2017-10-03,93.56999969482422,1271.5,50.41999816894531,9.510000228881836,5939.453125,2534.580078125,2.3340001106262207
2017-10-04,93.45999908447266,1273.699951171875,49.97999954223633,9.630000114440918,5951.47509765625,2537.739990234375,2.3299999237060547
2017-10-05,93.95999908447266,1269.9000244140625,50.790000915527344,9.1899995803833,5901.90576171875,2552.070068359375,2.3499999046325684
2017-10-06,93.80000305175781,1271.5999755859375,49.290000915527344,9.649999618530273,5905.3779296875,2549.330078125,2.369999885559082
2017-10-09,93.73999786376953,1281.800048828125,49.58000183105469,10.329999923706055,5914.93310546875,2544.72998046875,2.3610000610351562
2017-10-10,93.29000091552734,1290.5999755859375,50.91999816894531,10.079999923706055,5905.76220703125,2550.639892578125,2.3450000286102295
2017-10-11,92.95999908447266,1285.800048828125,51.29999923706055,9.850000381469727,5882.787109375,2555.239990234375,2.3450000286102295
2017-10-12,93.12000274658203,1293.300048828125,50.599998474121094,9.90999984741211,5926.2041015625,2550.929931640625,2.322999954223633
2017-10-13,93.08999633789062,1301.5,51.45000076293945,9.609999656677246,5924.1240234375,2553.169921875,2.2799999713897705
2017-10-16,93.27999877929688,1299.9000244140625,51.869998931884766,9.90999984741211,5949.701171875,2557.639892578125,2.306999921798706
2017-10-17,93.48999786376953,1283.0,51.880001068115234,10.3100004196167,5947.330078125,2559.360107421875,2.2980000972747803
2017-10-18,93.36000061035156,1279.9000244140625,52.040000915527344,10.069999694824219,5929.201171875,2561.260009765625,2.3389999866485596
2017-10-19,93.2699966430664,1286.9000244140625,51.290000915527344,10.050000190734863,5910.52978515625,2562.10009765625,2.321000099182129
2017-10-20,93.69999694824219,1277.4000244140625,51.470001220703125,9.970000267028809,5929.548828125,2575.2099609375,2.38100004196167
2017-10-23,93.94000244140625,1277.699951171875,51.900001525878906,11.069999694824219,5950.02587890625,2564.97998046875,2.375999927520752
2017-10-24,93.95999908447266,1275.0,52.470001220703125,11.15999984741211,5952.076171875,2569.1298828125,2.4059998989105225
2017-10-25,93.70999908447266,1275.4000244140625,52.18000030517578,11.229999542236328,6025.43408203125,2557.14990234375,2.444000005722046
2017-10-26,94.61000061035156,1266.300048828125,52.63999938964844,11.300000190734863,5995.84716796875,2560.39990234375,2.4519999027252197
2017-10-27,94.91999816894531,1268.5,53.900001525878906,9.800000190734863,5975.28076171875,2581.070068359375,2.427999973297119
2017-10-30,94.48999786376953,1274.0999755859375,54.150001525878906,10.5,5974.0771484375,2572.830078125,2.369999885559082
2017-10-31,94.55000305175781,1267.0,54.380001068115234,10.180000305175781,6005.7841796875,2575.260009765625,2.375999927520752
2017-11-01,94.81999969482422,1274.0999755859375,54.29999923706055,10.199999809265137,6038.14599609375,2579.360107421875,2.375999927520752
2017-11-02,94.69000244140625,1274.9000244140625,54.540000915527344,9.930000305175781,6031.10693359375,2579.85009765625,2.3469998836517334
2017-11-03,94.94000244140625,1266.5,55.63999938964844,9.140000343322754,6039.541015625,2587.840087890625,2.3429999351501465
2017-11-06,94.72000122070312,1279.4000244140625,57.349998474121094,9.399999618530273,6050.8232421875,2591.1298828125,2.319999933242798
2017-11-07,94.91000366210938,1273.699951171875,57.20000076293945,9.890000343322754,6060.453125,2590.639892578125,2.306999921798706
2017-11-08,94.87000274658203,1281.5999755859375,56.810001373291016,9.779999732971191,6049.3837890625,2594.3798828125,2.325000047683716
2017-11-09,94.44000244140625,1285.5999755859375,57.16999816894531,10.5,6042.4599609375,2584.6201171875,2.3310000896453857
2017-11-10,94.38999938964844,1272.4000244140625,56.7400016784668,11.289999961853027,6021.828125,2582.300048828125,2.4000000953674316
2017-11-13,94.48999786376953,1277.300048828125,56.7599983215332,11.5,6021.4560546875,2584.840087890625,2.4000000953674316
2017-11-14,93.83000183105469,1281.5,55.70000076293945,11.59000015258789,5988.2919921875,2578.8701171875,2.38100004196167
2017-11-15,93.80999755859375,1276.5,55.33000183105469,13.130000114440918,5972.31103515625,2564.6201171875,2.3350000381469727
2017-11-16,93.93000030517578,1277.4000244140625,55.13999938964844,11.760000228881836,6037.9072265625,2585.639892578125,2.3610000610351562
2017-11-17,93.66000366210938,1295.800048828125,56.54999923706055,11.430000305175781,6051.73193359375,2578.85009765625,2.3540000915527344
2017-11-20,94.08000183105469,1274.5999755859375,56.09000015258789,10.649999618530273,6053.2822265625,2582.139892578125,2.371999979019165
2017-11-21,93.94999694824219,1281.0999755859375,56.83000183105469,9.729999542236328,6031.86181640625,2599.030029296875,2.36299991607666
2017-11-22,93.22000122070312,1291.5999755859375,58.02000045776367,9.880000114440918,6069.78515625,2597.080078125,2.322000026702881
2017-11-23,,,,,6063.2451171875,,
2017-11-24,92.76000213623047,1286.699951171875,58.95000076293945,9.670000076293945,6067.14208984375,2602.419921875,2.3399999141693115
2017-11-27,92.9000015258789,1293.800048828125,58.11000061035156,9.869999885559082,6064.5888671875,2601.419921875,2.328000068664551
2017-11-28,93.26000213623047,1294.699951171875,57.9900016784668,10.029999732971191,6070.7158203125,2627.0400390625,2.3380000591278076
2017-11-29,93.26000213623047,1282.0999755859375,57.29999923706055,10.699999809265137,6061.3671875,2626.070068359375,2.375999927520752
2017-11-30,93.01000213623047,1273.199951171875,57.400001525878906,11.279999732971191,5952.13818359375,2647.580078125,2.4170000553131104
2017-12-01,92.9000015258789,1278.800048828125,58.36000061035156,11.430000305175781,5952.13818359375,2642.219970703125,2.361999988555908
2017-12-04,93.19000244140625,1274.300048828125,57.470001220703125,11.680000305175781,5998.19482421875,2639.43994140625,2.378999948501587
2017-12-05,93.37999725341797,1261.5999755859375,57.619998931884766,11.329999923706055,6000.47412109375,2629.570068359375,2.3559999465942383
2017-12-06,93.61000061035156,1262.800048828125,55.959999084472656,11.020000457763672,6035.5078125,2629.27001953125,2.3299999237060547
2017-12-07,93.80000305175781,1249.800048828125,56.689998626708984,10.15999984741211,6006.8349609375,2636.97998046875,2.375999927520752
2017-12-08,93.9000015258789,1245.199951171875,57.36000061035156,9.579999923706055,6030.9580078125,2651.5,2.382999897003174
2017-12-11,93.87000274658203,1243.699951171875,57.9900016784668,9.34000015258789,6026.6328125,2659.989990234375,2.384999990463257
2017-12-12,94.0999984741211,1238.5,57.13999938964844,9.920000076293945,6032.37109375,2664.110107421875,2.4030001163482666
2017-12-13,93.43000030517578,1245.4000244140625,56.599998474121094,10.180000305175781,6054.60400390625,2662.85009765625,2.3489999771118164
2017-12-14,93.48999786376953,1253.800048828125,57.040000915527344,10.489999771118164,6113.65283203125,2652.010009765625,2.3459999561309814
2017-12-15,93.93000030517578,1254.300048828125,57.29999923706055,9.420000076293945,6119.4189453125,2675.81005859375,2.3550000190734863
2017-12-18,93.69999694824219,1262.199951171875,57.15999984741211,9.529999732971191,6133.962890625,2690.159912109375,2.3919999599456787
2017-12-19,93.47000122070312,1260.699951171875,57.459999084472656,10.029999732971191,6167.666015625,2681.469970703125,2.4630000591278076
2017-12-20,93.3499984741211,1266.0999755859375,58.09000015258789,9.720000267028809,6109.48193359375,2679.25,2.496999979019165
2017-12-21,93.27999877929688,1267.300048828125,58.36000061035156,9.619999885559082,6183.39111328125,2684.570068359375,2.4809999465942383
2017-12-22,93.3499984741211,1275.4000244140625,58.470001220703125,9.899999618530273,6221.01318359375,2683.340087890625,2.484999895095825
2017-12-26,93.26000213623047,1284.0999755859375,59.970001220703125,10.25,,2680.5,2.4670000076293945
2017-12-27,93.02999877929688,1287.0,59.63999938964844,10.470000267028809,6277.1650390625,2682.6201171875,2.4140000343322754
2017-12-28,92.5999984741211,1294.0999755859375,59.84000015258789,10.180000305175781,6314.0458984375,2687.5400390625,2.431999921798706
2017-12-29,92.12000274658203,1306.300048828125,60.41999816894531,11.039999961853027,6355.65380859375,2673.610107421875,2.4049999713897705
2018-01-02,91.8499984741211,1313.699951171875,60.369998931884766,9.770000457763672,6339.23779296875,2695.81005859375,2.4649999141693115
2018-01-03,92.16000366210938,1316.199951171875,61.630001068115234,9.149999618530273,6251.47900390625,2713.06005859375,2.447000026702881
2018-01-04,91.8499984741211,1319.4000244140625,62.0099983215332,9.220000267028809,6292.32080078125,2723.989990234375,2.453000068664551
2018-01-05,91.94999694824219,1320.300048828125,61.439998626708984,9.220000267028809,6353.73779296875,2743.14990234375,2.4760000705718994
2018-01-08,92.33000183105469,1318.5999755859375,61.72999954223633,9.520000457763672,6385.40380859375,2747.7099609375,2.4800000190734863
2018-01-09,92.52999877929688,1311.699951171875,62.959999084472656,10.079999923706055,6373.14404296875,2751.2900390625,2.5460000038146973
2018-01-10,92.33000183105469,1317.4000244140625,63.56999969482422,9.819999694824219,6371.173828125,2748.22998046875,2.549999952316284
2018-01-11,91.8499984741211,1320.5999755859375,63.79999923706055,9.880000114440918,6386.3388671875,2767.56005859375,2.5309998989105225
2018-01-12,90.97000122070312,1333.4000244140625,64.30000305175781,10.15999984741211,6370.06494140625,2786.239990234375,2.552000045776367
2018-01-15,,,,,6382.19482421875,,
2018-01-16,90.38999938964844,1335.4000244140625,63.72999954223633,11.65999984741211,6429.69189453125,2776.419921875,2.5439999103546143
2018-01-17,90.54000091552734,1338.0,63.970001220703125,11.90999984741211,6444.51806640625,2802.56005859375,2.578000068664551
2018-01-18,90.5,1326.0,63.95000076293945,12.220000267028809,6472.666015625,2798.030029296875,2.6110000610351562
2018-01-19,90.56999969482422,1331.9000244140625,63.369998931884766,11.270000457763672,6490.89599609375,2810.300048828125,2.63700008392334
2018-01-22,90.4000015258789,1330.9000244140625,63.4900016784668,11.029999732971191,6500.52880859375,2832.969970703125,2.6649999618530273
2018-01-23,90.12000274658203,1335.699951171875,64.47000122070312,11.100000381469727,6635.333984375,2839.1298828125,2.624000072479248
2018-01-24,89.20999908447266,1355.9000244140625,65.61000061035156,11.470000267028809,6615.4921875,2837.5400390625,2.6540000438690186
2018-01-25,89.38999938964844,1362.4000244140625,65.51000213623047,11.579999923706055,6615.328125,2839.25,2.621000051498413
2018-01-26,89.06999969482422,1351.5999755859375,66.13999938964844,11.079999923706055,6660.6181640625,2872.8701171875,2.6619999408721924
2018-01-29,89.30999755859375,,65.55999755859375,13.84000015258789,6680.619140625,2853.530029296875,2.6989998817443848
2018-01-30,89.19000244140625,1335.4000244140625,64.5,14.789999961853027,6575.4921875,2822.429931640625,2.7260000705718994
2018-01-31,89.12999725341797,1339.0,64.7300033569336,13.539999961853027,6605.630859375,2823.81005859375,2.7200000286102295
2018-02-01,88.66999816894531,1344.300048828125,65.80000305175781,13.470000267028809,6598.458984375,2821.97998046875,2.7730000019073486
2018-02-02,89.19999694824219,1333.699951171875,65.44999694824219,17.309999465942383,6628.81982421875,2762.1298828125,2.8540000915527344
2018-02-05,89.55000305175781,1333.0,64.1500015258789,37.31999969482422,6589.6748046875,2648.93994140625,2.7939999103546143
2018-02-06,89.58999633789062,1326.0999755859375,63.38999938964844,29.979999542236328,6478.54296875,2695.139892578125,2.7679998874664307
2018-02-07,90.26000213623047,1311.5999755859375,61.790000915527344,27.729999542236328,6534.869140625,2681.659912109375,2.8440001010894775
2018-02-08,90.2300033569336,1316.9000244140625,61.150001525878906,33.459999084472656,6544.6337890625,2581.0,2.8510000705718994
2018-02-09,90.44000244140625,1313.0999755859375,59.20000076293945,29.059999465942383,6505.52294921875,2619.550048828125,2.8289999961853027
2018-02-12,90.20999908447266,1324.199951171875,59.290000915527344,25.610000610351562,6523.4541015625,2656.0,2.8570001125335693
2018-02-13,89.69999694824219,1328.0999755859375,59.189998626708984,24.969999313354492,6578.17822265625,2662.93994140625,2.8399999141693115
2018-02-14,89.12000274658203,1355.5,60.599998474121094,19.260000228881836,6594.40087890625,2698.6298828125,2.9130001068115234
2018-02-15,88.58999633789062,1352.0999755859375,61.34000015258789,19.1299991607666,6591.58203125,2731.199951171875,2.8910000324249268
2018-02-16,89.0999984741211,1353.199951171875,61.68000030517578,19.459999084472656,,2732.219970703125,2.877000093460083
2018-02-19,,,,,6689.287109375,,
2018-02-20,89.72000122070312,1328.800048828125,61.900001525878906,20.600000381469727,6662.8759765625,2716.260009765625,2.8929998874664307
2018-02-21,90.08000183105469,1330.0,61.68000030517578,20.020000457763672,6643.39990234375,2701.330078125,2.943000078201294
2018-02-22,89.75,1330.5999755859375,62.77000045776367,18.719999313354492,6593.06005859375,2703.9599609375,2.9170000553131104
2018-02-23,89.87999725341797,1328.199951171875,63.54999923706055,16.489999771118164,6619.80419921875,2747.300048828125,2.871000051498413
2018-02-26,89.81999969482422,1330.699951171875,63.90999984741211,15.800000190734863,6554.6728515625,2779.60009765625,2.8589999675750732
2018-02-27,90.36000061035156,1315.5,63.0099983215332,18.59000015258789,6598.92578125,2744.280029296875,2.9079999923706055
2018-02-28,90.61000061035156,1315.5,61.63999938964844,19.850000381469727,6597.2177734375,2713.830078125,2.868000030517578
2018-03-01,90.31999969482422,1302.9000244140625,60.9900016784668,22.469999313354492,6606.05322265625,2677.669921875,2.803999900817871
2018-03-02,89.94000244140625,1321.0999755859375,61.25,19.59000015258789,6582.31591796875,2691.25,2.8570001125335693
2018-03-05,90.08000183105469,1318.0999755859375,62.56999969482422,18.729999542236328,6550.5927734375,2720.93994140625,2.88100004196167
2018-03-06,89.62000274658203,1333.5999755859375,62.599998474121094,18.360000610351562,6500.11083984375,2728.1201171875,2.877000093460083
2018-03-07,89.63999938964844,1326.0,61.150001525878906,17.760000228881836,6368.26708984375,2726.800048828125,2.882999897003174
2018-03-08,90.12000274658203,1319.9000244140625,60.119998931884766,16.540000915527344,6443.02099609375,2738.969970703125,2.865999937057495
2018-03-09,90.08999633789062,1322.4000244140625,62.040000915527344,14.640000343322754,6433.32177734375,2786.570068359375,2.8940000534057617
2018-03-12,89.9000015258789,1319.4000244140625,61.36000061035156,15.779999732971191,6500.68603515625,2783.02001953125,2.869999885559082
2018-03-13,89.66000366210938,1325.9000244140625,60.709999084472656,16.350000381469727,6412.84619140625,2765.31005859375,2.8480000495910645
2018-03-14,89.69999694824219,1324.4000244140625,60.959999084472656,17.229999542236328,6382.623046875,2749.47998046875,2.816999912261963
2018-03-15,90.13999938964844,1316.800048828125,61.189998626708984,16.59000015258789,6321.90380859375,2747.330078125,2.8259999752044678
2018-03-16,90.2300033569336,1311.300048828125,62.34000015258789,15.800000190734863,6304.9521484375,2752.010009765625,2.8480000495910645
2018-03-19,89.9000015258789,1316.800048828125,62.060001373291016,19.020000457763672,6289.57177734375,2712.919921875,2.8450000286102295
2018-03-20,90.37000274658203,1311.0999755859375,63.400001525878906,18.200000762939453,6243.5771484375,2716.93994140625,2.878999948501587
2018-03-21,89.77999877929688,1320.699951171875,65.16999816894531,17.860000610351562,6312.8310546875,2711.929931640625,2.9070000648498535
2018-03-22,89.86000061035156,1326.5999755859375,64.30000305175781,23.34000015258789,6254.07421875,2643.68994140625,2.8320000171661377
2018-03-23,89.44000244140625,1349.300048828125,65.87999725341797,24.8700008392334,6210.6982421875,2588.260009765625,2.8299999237060547
2018-03-26,89.02999877929688,1354.4000244140625,65.55000305175781,21.030000686645508,6200.171875,2658.550048828125,2.8429999351501465
2018-03-27,89.37000274658203,1341.300048828125,65.25,22.5,6209.35009765625,2612.6201171875,2.7860000133514404
2018-03-28,90.05999755859375,1324.199951171875,64.37999725341797,22.8700008392334,6140.8369140625,2605.0,2.7750000953674316
2018-03-29,90.1500015258789,1322.800048828125,64.94000244140625,19.969999313354492,6188.98681640625,2640.8701171875,2.740999937057495
2018-04-02,90.05000305175781,1342.0999755859375,63.0099983215332,23.6200008392334,6240.57080078125,2581.8798828125,2.7320001125335693
2018-04-03,90.19999694824219,1332.800048828125,63.5099983215332,21.100000381469727,6229.01318359375,2614.449951171875,2.7839999198913574
2018-04-04,90.13999938964844,1335.800048828125,63.369998931884766,20.059999465942383,6157.09619140625,2644.68994140625,2.7880001068115234
2018-04-05,90.45999908447266,1324.300048828125,63.540000915527344,18.940000534057617,6183.22705078125,2662.840087890625,2.8320000171661377
2018-04-06,90.11000061035156,1331.9000244140625,62.060001373291016,21.489999771118164,6175.0517578125,2604.469970703125,2.7750000953674316
2018-04-09,89.83999633789062,1336.300048828125,63.41999816894531,21.770000457763672,6246.130859375,2613.159912109375,2.7860000133514404
2018-04-10,89.58999633789062,1342.0,65.51000213623047,20.469999313354492,6325.81787109375,2656.8701171875,2.796999931335449
2018-04-11,89.56999969482422,1356.5,66.81999969482422,20.239999771118164,6360.93212890625,2642.18994140625,2.7899999618530273
2018-04-12,89.75,1338.4000244140625,67.06999969482422,18.489999771118164,6310.8017578125,2663.989990234375,2.8340001106262207
2018-04-13,89.80000305175781,1344.800048828125,67.38999938964844,17.40999984741211,6270.3271484375,2656.300048828125,2.8289999961853027
2018-04-16,89.43000030517578,1347.5,66.22000122070312,16.559999465942383,6286.748046875,2677.840087890625,2.8320000171661377
2018-04-17,89.5199966430664,1347.199951171875,66.5199966430664,15.25,6285.76220703125,2706.389892578125,2.813999891281128
2018-04-18,89.62000274658203,1351.199951171875,68.47000122070312,15.600000381469727,6320.0048828125,2708.639892578125,2.867000102996826
2018-04-19,89.94000244140625,1346.800048828125,68.29000091552734,15.960000038146973,6355.90087890625,2693.1298828125,2.9140000343322754
2018-04-20,90.31999969482422,1336.699951171875,68.37999725341797,16.8799991607666,6337.69482421875,2670.139892578125,2.9509999752044678
2018-04-23,90.94000244140625,1322.5,68.63999938964844,16.34000015258789,6308.14794921875,2670.2900390625,2.9730000495910645
2018-04-24,90.7699966430664,1331.4000244140625,67.69999694824219,18.020000457763672,6229.634765625,2634.56005859375,2.9830000400543213
2018-04-25,91.16999816894531,1321.199951171875,68.05000305175781,17.84000015258789,6079.85009765625,2639.39990234375,3.0239999294281006
2018-04-26,91.55999755859375,1316.300048828125,68.19000244140625,16.239999771118164,5909.1982421875,2666.93994140625,2.990000009536743
2018-04-27,91.54000091552734,1320.300048828125,68.0999984741211,15.40999984741211,5919.23779296875,2669.909912109375,2.9570000171661377
2018-04-30,91.83999633789062,1316.199951171875,68.56999969482422,15.930000305175781,5994.59521484375,2648.050048828125,2.936000108718872
2018-05-01,92.44999694824219,1303.800048828125,67.25,15.489999771118164,,2654.800048828125,2.9760000705718994
2018-05-02,92.51000213623047,1302.5999755859375,67.93000030517578,15.970000267028809,6012.23779296875,2635.669921875,2.9639999866485596
2018-05-03,92.41000366210938,1310.699951171875,68.43000030517578,15.899999618530273,5858.73193359375,2629.72998046875,2.946000099182129
2018-05-04,92.56999969482422,1312.699951171875,69.72000122070312,14.770000457763672,5792.34521484375,2663.419921875,2.944000005722046
2018-05-07,92.75,1312.199951171875,70.7300033569336,14.75,5885.09814453125,2672.6298828125,2.950000047683716
2018-05-08,93.12000274658203,1312.0,69.05999755859375,14.710000038146973,5774.7158203125,2671.919921875,2.9690001010894775
2018-05-09,93.04000091552734,1311.300048828125,71.13999938964844,13.420000076293945,5907.93798828125,2697.7900390625,3.003999948501587
2018-05-10,92.6500015258789,1320.800048828125,71.36000061035156,13.229999542236328,,2723.070068359375,2.9709999561309814
2018-05-11,92.54000091552734,1319.0,70.69999694824219,12.649999618530273,5956.83203125,2727.719970703125,2.9709999561309814
2018-05-14,92.58999633789062,1316.5,70.95999908447266,12.930000305175781,5947.15478515625,2730.1298828125,2.994999885559082
2018-05-15,93.22000122070312,1288.9000244140625,71.30999755859375,14.630000114440918,5838.1162109375,2711.449951171875,3.0799999237060547
2018-05-16,93.38999938964844,1290.199951171875,71.48999786376953,13.420000076293945,5841.4638671875,2722.4599609375,3.0950000286102295
2018-05-17,93.47000122070312,1288.199951171875,71.48999786376953,13.430000305175781,5815.919921875,2720.1298828125,3.1089999675750732
2018-05-18,93.63999938964844,1290.199951171875,71.27999877929688,13.420000076293945,5783.31005859375,2712.969970703125,3.066999912261963
2018-05-21,93.68000030517578,1290.199951171875,72.23999786376953,13.079999923706055,5733.85400390625,2733.010009765625,3.065000057220459
2018-05-22,93.61000061035156,1291.699951171875,72.12999725341797,13.220000267028809,5751.119140625,2724.43994140625,3.065000057220459
2018-05-23,94.01000213623047,1289.300048828125,71.83999633789062,12.579999923706055,5792.0009765625,2733.2900390625,3.003000020980835
2018-05-24,93.77999877929688,1303.699951171875,70.70999908447266,12.529999732971191,5946.5380859375,2727.760009765625,2.9809999465942383
2018-05-25,94.19000244140625,1303.300048828125,67.87999725341797,13.220000267028809,5975.7421875,2721.330078125,2.930999994277954
2018-05-28,,,,,6068.3251953125,,
2018-05-29,94.83000183105469,1298.699951171875,66.7300033569336,17.020000457763672,,2689.860107421875,2.7679998874664307
2018-05-30,94.1500015258789,1301.5,68.20999908447266,14.9399995803833,6011.05517578125,2724.010009765625,2.8420000076293945
2018-05-31,93.98999786376953,1300.0999755859375,67.04000091552734,15.430000305175781,5983.5869140625,2705.27001953125,2.822000026702881
2018-06-01,94.19000244140625,1294.800048828125,65.80999755859375,13.460000038146973,,2734.6201171875,2.8949999809265137
2018-06-04,94.0199966430664,1293.0999755859375,64.75,12.739999771118164,6014.81884765625,2746.8701171875,2.937000036239624
2018-06-05,93.88999938964844,1297.5,65.5199966430664,12.399999618530273,6088.7900390625,2748.800048828125,2.9189999103546143
2018-06-06,93.66000366210938,1297.0999755859375,64.7300033569336,11.640000343322754,6069.712890625,2772.35009765625,2.9749999046325684
2018-06-07,93.4000015258789,1298.699951171875,65.94999694824219,12.130000114440918,6106.6982421875,2770.3701171875,2.933000087738037
2018-06-08,93.55000305175781,1298.0999755859375,65.73999786376953,12.180000305175781,5993.626953125,2779.030029296875,2.937000036239624
2018-06-11,93.58000183105469,1298.9000244140625,66.0999984741211,12.350000381469727,,2782.0,2.9570000171661377
2018-06-12,93.80000305175781,1295.0999755859375,66.36000061035156,12.34000015258789,,2786.85009765625,2.9570000171661377
2018-06-13,93.70999908447266,1296.9000244140625,66.63999938964844,12.9399995803833,,2775.6298828125,2.9769999980926514
2018-06-14,94.7699966430664,1304.0,66.88999938964844,12.119999885559082,,2782.489990234375,2.946000099182129
2018-06-15,94.79000091552734,1274.5999755859375,65.05999755859375,11.979999542236328,,2779.659912109375,2.9240000247955322
2018-06-18,94.75,1276.199951171875,65.8499984741211,12.3100004196167,,2773.75,2.9260001182556152
2018-06-19,95.08999633789062,1275.5999755859375,65.06999969482422,13.350000381469727,,2762.590087890625,2.8929998874664307
2018-06-20,95.05999755859375,1271.199951171875,66.22000122070312,12.789999961853027,5884.0390625,2767.320068359375,2.927999973297119
2018-06-21,94.87000274658203,1267.199951171875,65.54000091552734,14.640000343322754,5822.3330078125,2749.760009765625,2.8970000743865967
2018-06-22,94.5199966430664,1267.4000244140625,68.58000183105469,13.770000457763672,5821.81201171875,2754.8798828125,2.9000000953674316
2018-06-25,94.27999877929688,1265.5999755859375,68.08000183105469,17.329999923706055,5859.0830078125,2717.070068359375,2.875
2018-06-26,94.68000030517578,1256.5999755859375,70.52999877929688,15.920000076293945,5825.64892578125,2723.06005859375,2.880000114440918
2018-06-27,95.29000091552734,1252.800048828125,72.76000213623047,17.90999984741211,5787.5517578125,2699.6298828125,2.8269999027252197
2018-06-28,95.38999938964844,1247.800048828125,73.44999694824219,16.850000381469727,5667.31884765625,2716.31005859375,2.8469998836517334
2018-06-29,94.62999725341797,1251.300048828125,74.1500015258789,16.09000015258789,5799.23681640625,2718.3701171875,2.8489999771118164
2018-07-02,94.87000274658203,1239.800048828125,73.94000244140625,15.600000381469727,5746.77001953125,2726.7099609375,2.865999937057495
2018-07-03,94.58999633789062,1251.5999755859375,74.13999938964844,16.139999389648438,5633.93701171875,2713.219970703125,2.8380000591278076
2018-07-04,,,,,5733.63916015625,,
2018-07-05,94.47000122070312,1257.300048828125,72.94000244140625,14.970000267028809,5739.33203125,2736.610107421875,2.8399999141693115
2018-07-06,94.04000091552734,1254.300048828125,73.80000305175781,13.369999885559082,5694.912109375,2759.820068359375,2.8310000896453857
2018-07-09,94.08000183105469,1258.0999755859375,73.8499984741211,12.6899995803833,5807.375,2784.169921875,2.859999895095825
2018-07-10,94.11000061035156,1253.800048828125,74.11000061035156,12.640000343322754,5881.759765625,2793.840087890625,2.872999906539917
2018-07-11,94.72000122070312,1242.800048828125,70.37999725341797,13.630000114440918,5893.35888671875,2774.02001953125,2.8420000076293945
2018-07-12,94.80999755859375,1245.0,70.33000183105469,12.579999923706055,5907.8720703125,2798.2900390625,2.8529999256134033
2018-07-13,94.75,1239.5999755859375,71.01000213623047,12.180000305175781,5944.07421875,2801.31005859375,2.8310000896453857
2018-07-16,94.51000213623047,1238.0999755859375,68.05999755859375,12.829999923706055,5905.158203125,2798.429931640625,2.8580000400543213
2018-07-17,94.97000122070312,1225.699951171875,68.08000183105469,12.0600004196167,5861.5078125,2809.550048828125,2.864000082015991
2018-07-18,95.08000183105469,1226.300048828125,68.76000213623047,12.100000381469727,5890.73095703125,2815.6201171875,2.875
2018-07-19,95.16999816894531,1222.4000244140625,69.45999908447266,12.869999885559082,5871.0771484375,2804.489990234375,2.8469998836517334
2018-07-20,94.45999908447266,1229.5,70.45999908447266,12.859999656677246,5872.7841796875,2801.830078125,2.8949999809265137
2018-07-23,94.66999816894531,1224.0,67.88999938964844,12.619999885559082,5915.7958984375,2806.97998046875,2.9649999141693115
2018-07-24,94.61000061035156,1223.9000244140625,68.5199966430664,12.40999984741211,5931.841796875,2820.39990234375,2.9489998817443848
2018-07-25,94.36000061035156,1231.4000244140625,69.30000305175781,12.289999961853027,5933.88916015625,2846.070068359375,2.936000108718872
2018-07-26,94.75,1225.300048828125,69.61000061035156,12.140000343322754,5946.13623046875,2837.43994140625,2.9749999046325684
2018-07-27,94.68000030517578,1222.5999755859375,68.69000244140625,13.029999732971191,5989.13623046875,2818.820068359375,2.9600000381469727
2018-07-30,94.36000061035156,1221.300048828125,70.12999725341797,14.260000228881836,6027.93603515625,2802.60009765625,2.9749999046325684
2018-07-31,94.48999786376953,1223.699951171875,68.76000213623047,12.829999923706055,5936.44287109375,2816.2900390625,2.9639999866485596
2018-08-01,94.62000274658203,1217.9000244140625,67.66000366210938,13.149999618530273,6033.4189453125,2813.360107421875,3.003000020980835
2018-08-02,95.16999816894531,1210.5999755859375,68.95999908447266,12.1899995803833,6011.72314453125,2827.219970703125,2.9860000610351562
2018-08-03,95.13999938964844,1214.199951171875,68.48999786376953,11.640000343322754,6007.5380859375,2840.35009765625,2.953000068664551
2018-08-06,95.36000061035156,1208.5999755859375,69.01000213623047,11.270000457763672,6101.130859375,2850.39990234375,2.937999963760376
2018-08-07,95.22000122070312,1209.5999755859375,69.16999816894531,10.930000305175781,6091.25,2858.449951171875,2.9730000495910645
2018-08-08,95.0999984741211,1212.5999755859375,66.94000244140625,10.850000381469727,6094.8291015625,2857.699951171875,2.9709999561309814
2018-08-09,95.5,1211.9000244140625,66.80999755859375,11.270000457763672,6065.255859375,2853.580078125,2.934999942779541
2018-08-10,96.36000061035156,1211.0999755859375,67.62999725341797,13.15999984741211,6077.1728515625,2833.280029296875,2.8570001125335693
2018-08-13,96.38999938964844,1191.300048828125,67.19999694824219,14.779999732971191,5861.24609375,2821.929931640625,2.877000093460083
2018-08-14,96.7300033569336,1193.0,67.04000091552734,13.3100004196167,5769.873046875,2839.9599609375,2.8949999809265137
2018-08-15,96.69999694824219,1177.5,65.01000213623047,14.640000343322754,5816.58984375,2818.3701171875,2.8519999980926514
2018-08-16,96.6500015258789,1176.199951171875,65.45999908447266,13.449999809265137,5783.7978515625,2840.68994140625,2.871000051498413
2018-08-17,96.0999984741211,1176.5,65.91000366210938,12.640000343322754,,2850.1298828125,2.872999906539917
2018-08-20,95.9000015258789,1186.800048828125,66.43000030517578,12.489999771118164,5892.19189453125,2857.050048828125,2.822999954223633
2018-08-21,95.26000213623047,1192.5999755859375,67.3499984741211,12.859999656677246,5944.30078125,2862.9599609375,2.8440001010894775
2018-08-22,95.1500015258789,1196.300048828125,67.86000061035156,12.25,,2861.820068359375,2.822999954223633
2018-08-23,95.62000274658203,1187.0,67.83000183105469,12.40999984741211,5982.98486328125,2856.97998046875,2.821000099182129
2018-08-24,95.1500015258789,1206.300048828125,68.72000122070312,11.989999771118164,5968.75,2874.68994140625,2.8259999752044678
2018-08-27,94.77999877929688,1209.0,68.87000274658203,12.15999984741211,6025.9677734375,2896.739990234375,2.8480000495910645
2018-08-28,94.72000122070312,1207.4000244140625,68.52999877929688,12.5,6042.64990234375,2897.52001953125,2.884000062942505
2018-08-29,94.5999984741211,1204.5,69.51000213623047,12.25,6065.14892578125,2914.0400390625,2.884000062942505
2018-08-30,94.72000122070312,1197.699951171875,70.25,13.529999732971191,6018.9638671875,2901.1298828125,2.859999895095825
2018-08-31,95.13999938964844,1200.300048828125,69.80000305175781,12.859999656677246,6018.4599609375,2901.52001953125,2.8529999256134033
2018-09-03,,,,,5967.5791015625,,
2018-09-04,95.41999816894531,1192.699951171875,69.87000274658203,13.15999984741211,5905.30078125,2896.719970703125,2.9019999504089355
2018-09-05,95.12999725341797,1194.9000244140625,68.72000122070312,13.90999984741211,5683.5009765625,2888.60009765625,2.9019999504089355
2018-09-06,95.0199966430664,1197.9000244140625,67.7699966430664,14.649999618530273,5776.09521484375,2878.050048828125,2.878999948501587
2018-09-07,95.37000274658203,1193.5999755859375,67.75,14.880000114440918,5851.46484375,2871.679931640625,2.941999912261963
2018-09-10,95.1500015258789,1193.0,67.54000091552734,14.15999984741211,5831.1171875,2877.1298828125,2.937000036239624
2018-09-11,95.05999755859375,1195.4000244140625,69.25,13.220000267028809,,2887.889892578125,2.9769999980926514
2018-09-12,94.80000305175781,1204.699951171875,70.37000274658203,13.140000343322754,5798.15087890625,2888.919921875,2.9630000591278076
2018-09-13,94.54000091552734,1202.0,68.58999633789062,12.369999885559082,5858.27392578125,2904.179931640625,2.9630000591278076
2018-09-14,94.9800033569336,1195.0,68.98999786376953,12.069999694824219,5931.28076171875,2904.97998046875,2.99399995803833
2018-09-17,94.51000213623047,1199.699951171875,68.91000366210938,13.680000305175781,5824.2568359375,2888.800048828125,3.000999927520752
2018-09-18,94.62000274658203,1196.800048828125,69.8499984741211,12.789999961853027,5811.7900390625,2904.31005859375,3.0480000972747803
2018-09-19,94.55000305175781,1202.199951171875,71.12000274658203,11.75,5873.59716796875,2907.949951171875,3.0829999446868896
2018-09-20,93.91000366210938,1206.199951171875,70.80000305175781,11.800000190734863,5931.26611328125,2930.75,3.078000068664551
2018-09-21,94.22000122070312,1196.199951171875,70.77999877929688,11.680000305175781,5957.744140625,2929.669921875,3.068000078201294
2018-09-24,94.26000213623047,1199.300048828125,72.08000183105469,12.199999809265137,5882.22021484375,2919.3701171875,3.078000068664551
2018-09-25,94.12999725341797,1200.0,72.27999877929688,12.420000076293945,5874.298828125,2915.56005859375,3.1019999980926514
2018-09-26,94.19000244140625,1194.0,71.56999969482422,12.890000343322754,5873.27099609375,2905.969970703125,3.061000108718872
2018-09-27,95.0,1182.300048828125,72.12000274658203,12.40999984741211,5929.2158203125,2914.0,3.055999994277954
2018-09-28,95.19000244140625,1191.5,73.25,12.119999885559082,5976.55322265625,2913.97998046875,3.055999994277954
2018-10-01,95.30000305175781,1187.0999755859375,75.30000305175781,12.0,5944.60107421875,2924.590087890625,3.0799999237060547
2018-10-02,95.51000213623047,1202.4000244140625,75.2300033569336,12.050000190734863,5875.619140625,2923.429931640625,3.055999994277954
2018-10-03,95.76000213623047,1198.300048828125,76.41000366210938,11.609999656677246,5867.73681640625,2925.510009765625,3.1610000133514404
2018-10-04,95.75,1197.199951171875,74.33000183105469,14.220000267028809,5756.619140625,2901.610107421875,3.197000026702881
2018-10-05,95.62000274658203,1201.199951171875,74.33999633789062,14.819999694824219,5731.93505859375,2885.570068359375,3.2249999046325684
2018-10-08,95.7699966430664,1184.4000244140625,74.29000091552734,15.6899995803833,5761.0732421875,2884.429931640625,3.2330000400543213
2018-10-09,95.68000030517578,1187.199951171875,74.95999908447266,15.949999809265137,5796.7900390625,2880.340087890625,3.2079999446868896
2018-10-10,95.51000213623047,1189.300048828125,73.16999816894531,22.959999084472656,5820.66796875,2785.679931640625,3.2249999046325684
2018-10-11,95.0199966430664,1223.5,70.97000122070312,24.979999542236328,5702.82177734375,2728.3701171875,3.132999897003174
2018-10-12,95.22000122070312,1218.0999755859375,71.33999633789062,21.309999465942383,5756.490234375,2767.1298828125,3.1410000324249268
2018-10-15,95.06999969482422,1226.4000244140625,71.77999877929688,21.299999237060547,5727.255859375,2750.7900390625,3.1630001068115234
2018-10-16,95.05000305175781,1227.300048828125,71.91999816894531,17.6200008392334,5800.81689453125,2809.919921875,3.1559998989105225
2018-10-17,95.58000183105469,1223.699951171875,69.75,17.399999618530273,5868.6201171875,2809.2099609375,3.178999900817871
2018-10-18,95.9000015258789,1226.5,68.6500015258789,20.059999465942383,5845.2421875,2768.780029296875,3.174999952316284
2018-10-19,95.70999908447266,1225.300048828125,69.12000274658203,19.889999389648438,5837.291015625,2767.780029296875,3.197999954223633
2018-10-22,96.01000213623047,1221.199951171875,69.16999816894531,19.639999389648438,5840.43505859375,2755.8798828125,3.196000099182129
2018-10-23,95.95999908447266,1233.4000244140625,66.43000030517578,20.709999084472656,5797.89111328125,2740.68994140625,3.1659998893737793
2018-10-24,96.43000030517578,1227.800048828125,66.81999969482422,25.229999542236328,5709.4169921875,2656.10009765625,3.124000072479248
2018-10-25,96.68000030517578,1229.0999755859375,67.33000183105469,24.219999313354492,5754.96484375,2705.570068359375,3.135999917984009
2018-10-26,96.36000061035156,1232.5,67.58999633789062,24.15999984741211,5784.9208984375,2658.68994140625,3.0769999027252197
2018-10-29,96.58000183105469,1224.5,67.04000091552734,24.700000762939453,5754.60693359375,2641.25,3.0869998931884766
2018-10-30,97.01000213623047,1222.5999755859375,66.18000030517578,23.350000381469727,5789.10009765625,2682.6298828125,3.109999895095825
2018-10-31,97.12999725341797,1212.300048828125,65.30999755859375,21.229999542236328,5831.64990234375,2711.739990234375,3.1589999198913574
2018-11-01,96.27999877929688,1236.0,63.689998626708984,19.34000015258789,5835.919921875,2740.3701171875,3.1440000534057617
2018-11-02,96.54000091552734,1230.9000244140625,63.13999938964844,19.510000228881836,5906.2919921875,2723.06005859375,3.2139999866485596
2018-11-05,96.3499984741211,1229.800048828125,63.099998474121094,19.959999084472656,5920.59423828125,2738.31005859375,3.2009999752044678
2018-11-06,96.31999969482422,1223.800048828125,62.209999084472656,19.90999984741211,5923.93017578125,2755.449951171875,3.2139999866485596
2018-11-07,96.0,1226.199951171875,61.66999816894531,16.360000610351562,5939.88623046875,2813.889892578125,3.2130000591278076
2018-11-08,96.63999938964844,1222.9000244140625,60.66999816894531,16.719999313354492,5976.80615234375,2806.830078125,3.2339999675750732
2018-11-09,96.91000366210938,1206.4000244140625,60.189998626708984,17.360000610351562,5874.15380859375,2781.010009765625,3.188999891281128
2018-11-12,97.54000091552734,1201.300048828125,59.93000030517578,20.450000762939453,5777.05322265625,2726.219970703125,3.186000108718872
2018-11-13,97.30000305175781,1199.199951171875,55.689998626708984,20.020000457763672,5835.1982421875,2722.179931640625,3.1449999809265137
2018-11-14,96.80000305175781,1207.9000244140625,56.25,21.25,5858.29296875,2701.580078125,3.119999885559082
2018-11-15,96.93000030517578,1212.800048828125,56.459999084472656,19.979999542236328,5955.73583984375,2730.199951171875,3.118000030517578
2018-11-16,96.47000122070312,1220.800048828125,56.459999084472656,18.139999389648438,6012.35009765625,2736.27001953125,3.0739998817443848
2018-11-19,96.19000244140625,1223.0999755859375,56.7599983215332,20.100000381469727,6005.296875,2690.72998046875,3.056999921798706
2018-11-20,96.80999755859375,1219.0,53.43000030517578,22.479999542236328,,2641.889892578125,3.0480000972747803
2018-11-21,96.70999908447266,1225.800048828125,54.630001068115234,20.799999237060547,5948.0517578125,2649.929931640625,3.061000108718872
2018-11-22,,,,,5990.81005859375,,
2018-11-23,96.91999816894531,1221.0,50.41999816894531,21.520000457763672,6006.2021484375,2632.56005859375,3.053999900817871
2018-11-26,97.06999969482422,1220.199951171875,51.630001068115234,18.899999618530273,6022.77783203125,2673.449951171875,3.072000026702881
2018-11-27,97.37000274658203,1211.199951171875,51.560001373291016,19.020000457763672,6013.5888671875,2682.169921875,3.055000066757202
2018-11-28,96.79000091552734,1221.4000244140625,50.290000915527344,18.489999771118164,5991.24609375,2743.7900390625,3.0439999103546143
2018-11-29,96.77999877929688,1224.0999755859375,51.45000076293945,18.790000915527344,6107.16796875,2737.800048828125,3.0350000858306885
2018-11-30,97.2699966430664,1220.199951171875,50.93000030517578,18.06999969482422,6056.1240234375,2760.169921875,3.013000011444092
2018-12-03,97.04000091552734,1233.9000244140625,52.95000076293945,16.440000534057617,6118.31982421875,2790.3701171875,2.992000102996826
2018-12-04,96.97000122070312,1241.0999755859375,53.25,20.739999771118164,6152.85986328125,2700.06005859375,2.9240000247955322
2018-12-05,,,,,6133.1201171875,,
2018-12-06,96.80999755859375,1238.0999755859375,51.4900016784668,21.190000534057617,6115.4931640625,2695.949951171875,2.875999927520752
2018-12-07,96.51000213623047,1246.800048828125,52.61000061035156,23.229999542236328,6126.35595703125,2633.080078125,2.8499999046325684
2018-12-10,97.22000122070312,1243.699951171875,51.0,22.639999389648438,6111.35986328125,2637.719970703125,2.8559999465942383
2018-12-11,97.38999938964844,1241.9000244140625,51.650001525878906,21.760000228881836,6076.5869140625,2636.780029296875,2.878999948501587
2018-12-12,97.04000091552734,1244.4000244140625,51.150001525878906,21.459999084472656,6115.5771484375,2651.070068359375,2.9059998989105225
2018-12-13,97.05999755859375,1242.699951171875,52.58000183105469,20.649999618530273,6177.72021484375,2650.5400390625,2.9110000133514404
2018-12-14,97.44000244140625,1237.0,51.20000076293945,21.6299991607666,6169.8427734375,2599.949951171875,2.8910000324249268
2018-12-17,97.0999984741211,1247.4000244140625,49.880001068115234,24.520000457763672,6089.30517578125,2545.93994140625,2.8570001125335693
2018-12-18,97.13999938964844,1249.199951171875,46.2400016784668,25.579999923706055,6081.8671875,2546.159912109375,2.825000047683716
2018-12-19,97.04000091552734,1252.0999755859375,47.20000076293945,25.579999923706055,6176.09423828125,2506.9599609375,2.7780001163482666
2018-12-20,96.27999877929688,1263.5999755859375,45.880001068115234,28.3799991607666,6147.8759765625,2467.419921875,2.7890000343322754
2018-12-21,96.95999908447266,1253.800048828125,45.59000015258789,30.110000610351562,6163.59619140625,2416.6201171875,2.7920000553131104
2018-12-24,96.55000305175781,1267.5,42.529998779296875,36.06999969482422,,2351.10009765625,2.749000072479248
2018-12-26,97.05000305175781,1269.199951171875,46.220001220703125,30.40999984741211,6127.85009765625,2467.699951171875,2.796999931335449
2018-12-27,96.4800033569336,1277.300048828125,44.61000061035156,29.959999084472656,6190.64306640625,2488.830078125,2.743000030517578
2018-12-28,96.38999938964844,1279.9000244140625,45.33000183105469,28.34000015258789,6194.498046875,2485.739990234375,2.7360000610351562
2018-12-31,96.16999816894531,1278.300048828125,45.40999984741211,25.420000076293945,,2506.85009765625,2.686000108718872
2019-01-02,96.81999969482422,1281.0,46.540000915527344,23.219999313354492,6181.1748046875,2510.030029296875,2.6610000133514404
2019-01-03,96.30999755859375,1291.800048828125,47.09000015258789,25.450000762939453,6221.009765625,2447.889892578125,2.553999900817871
2019-01-04,96.19000244140625,1282.699951171875,47.959999084472656,21.3799991607666,6274.5400390625,2531.93994140625,2.6589999198913574
2019-01-07,95.70999908447266,1286.800048828125,48.52000045776367,21.399999618530273,6287.22412109375,2549.68994140625,2.681999921798706
2019-01-08,95.9000015258789,1283.199951171875,49.779998779296875,20.469999313354492,6262.84716796875,2574.409912109375,2.7160000801086426
2019-01-09,95.22000122070312,1289.300048828125,52.36000061035156,19.979999542236328,6272.23779296875,2584.9599609375,2.7279999256134033
2019-01-10,95.54000091552734,1284.699951171875,52.59000015258789,19.5,6328.7138671875,2596.639892578125,2.7309999465942383
2019-01-11,95.66999816894531,1287.0999755859375,51.59000015258789,18.190000534057617,6361.46484375,2596.260009765625,2.7009999752044678
2019-01-14,95.58999633789062,1289.0999755859375,50.5099983215332,19.06999969482422,6336.1162109375,2582.610107421875,2.7100000381469727
2019-01-15,95.97000122070312,1286.199951171875,52.11000061035156,18.600000381469727,6408.7841796875,2610.300048828125,2.7109999656677246
2019-01-16,96.05999755859375,1291.5999755859375,52.310001373291016,19.040000915527344,6413.35986328125,2616.10009765625,2.7309999465942383
2019-01-17,96.06999969482422,1291.0,52.06999969482422,18.059999465942383,6423.77978515625,2635.9599609375,2.749000072479248
2019-01-18,96.33999633789062,1281.300048828125,53.79999923706055,17.799999237060547,6448.15576171875,2670.7099609375,2.7839999198913574
2019-01-21,,,,,6450.833984375,,
2019-01-22,96.30000305175781,1282.5,52.56999969482422,20.799999237060547,6468.56201171875,2632.89990234375,2.7300000190734863
2019-01-23,96.12000274658203,1283.0999755859375,52.619998931884766,19.520000457763672,6451.169921875,2638.699951171875,2.755000114440918
2019-01-24,96.5999984741211,1279.0999755859375,53.130001068115234,18.889999389648438,6466.65478515625,2642.330078125,2.7119998931884766
2019-01-25,95.79000091552734,1297.4000244140625,53.689998626708984,17.420000076293945,6482.8427734375,2664.760009765625,2.753000020980835
2019-01-28,95.75,1302.4000244140625,51.9900016784668,18.8700008392334,6458.7119140625,2643.85009765625,2.74399995803833
2019-01-29,95.81999969482422,1308.199951171875,53.310001373291016,19.1299991607666,6436.47998046875,2640.0,2.7119998931884766
2019-01-30,95.33999633789062,1309.9000244140625,54.22999954223633,17.65999984741211,6464.18896484375,2681.050048828125,2.694999933242798
2019-01-31,95.58000183105469,1319.699951171875,53.790000915527344,16.56999969482422,6532.96923828125,2704.10009765625,2.634999990463257
2019-02-01,95.58000183105469,1316.9000244140625,55.2599983215332,16.139999389648438,6538.63818359375,2706.530029296875,2.690999984741211
2019-02-04,95.8499984741211,1314.300048828125,54.560001373291016,15.729999542236328,6481.451171875,2724.8701171875,2.7239999771118164
2019-02-05,96.0999984741211,1314.199951171875,53.65999984741211,15.569999694824219,,2737.699951171875,2.7019999027252197
2019-02-06,96.41999816894531,1309.5,54.0099983215332,15.380000114440918,6547.876953125,2731.610107421875,2.7019999027252197
2019-02-07,96.51000213623047,1309.4000244140625,52.63999938964844,16.3700008392334,6536.45703125,2706.050048828125,2.6519999504089355
2019-02-08,96.63999938964844,1313.699951171875,52.720001220703125,15.720000267028809,6521.6630859375,2707.8798828125,2.631999969482422
2019-02-11,97.05999755859375,1307.0,52.40999984741211,15.970000267028809,6495.001953125,2709.800048828125,2.6610000133514404
2019-02-12,96.70999908447266,1309.199951171875,53.099998474121094,15.430000305175781,6426.3251953125,2744.72998046875,2.684000015258789
2019-02-13,97.12999725341797,1310.800048828125,53.900001525878906,15.649999618530273,6419.1162109375,2753.030029296875,2.7079999446868896
2019-02-14,96.9800033569336,1309.800048828125,54.40999984741211,16.219999313354492,6420.01806640625,2745.72998046875,2.6570000648498535
2019-02-15,96.91999816894531,1318.0999755859375,55.59000015258789,14.90999984741211,6389.0849609375,2775.60009765625,2.6659998893737793
2019-02-18,,,,,6497.81494140625,,
2019-02-19,96.5199966430664,1340.0999755859375,56.09000015258789,14.880000114440918,6494.6669921875,2779.760009765625,2.6470000743865967
2019-02-20,96.44999694824219,1343.300048828125,56.91999816894531,14.020000457763672,6512.7841796875,2784.699951171875,2.6540000438690186
2019-02-21,96.61000061035156,1323.5,56.959999084472656,14.460000038146973,6537.76611328125,2774.8798828125,2.687999963760376
2019-02-22,96.51000213623047,1329.199951171875,57.2599983215332,13.510000228881836,6501.3779296875,2792.669921875,2.6549999713897705
2019-02-25,96.41000366210938,1325.9000244140625,55.47999954223633,14.850000381469727,6525.35791015625,2796.110107421875,2.6730000972747803
2019-02-26,96.0,1325.0999755859375,55.5,15.170000076293945,6540.9501953125,2793.89990234375,2.635999917984009
2019-02-27,96.1500015258789,1317.699951171875,56.939998626708984,14.699999809265137,6525.68310546875,2792.3798828125,2.693000078201294
2019-02-28,96.16000366210938,1312.800048828125,57.220001220703125,14.779999732971191,6443.34814453125,2784.489990234375,2.7109999656677246
2019-03-01,96.52999877929688,1296.4000244140625,55.79999923706055,13.569999694824219,6499.8837890625,2803.68994140625,2.755000114440918
2019-03-04,96.68000030517578,1284.800048828125,56.59000015258789,14.630000114440918,6488.419921875,2792.81005859375,2.7219998836517334
2019-03-05,96.8499984741211,1282.0,56.560001373291016,14.739999771118164,6441.27978515625,2789.64990234375,2.7219998836517334
2019-03-06,96.87000274658203,1284.9000244140625,56.220001220703125,15.739999771118164,6457.9560546875,2771.449951171875,2.691999912261963
2019-03-07,97.66999816894531,1283.800048828125,56.65999984741211,16.59000015258789,,2748.929931640625,2.635999917984009
2019-03-08,97.37000274658203,1297.0,56.06999969482422,16.049999237060547,6383.06787109375,2743.070068359375,2.625
2019-03-11,97.22000122070312,1288.800048828125,56.790000915527344,14.329999923706055,6366.43408203125,2783.300048828125,2.6429998874664307
2019-03-12,96.94000244140625,1296.300048828125,56.869998931884766,13.770000457763672,6353.77392578125,2791.52001953125,2.6050000190734863
2019-03-13,96.55000305175781,1307.5,58.2599983215332,13.40999984741211,6377.5751953125,2810.919921875,2.6110000610351562
2019-03-14,96.79000091552734,1293.4000244140625,58.61000061035156,13.5,6413.26611328125,2808.47998046875,2.630000114440918
2019-03-15,96.5999984741211,1301.800048828125,58.52000045776367,12.880000114440918,6461.18310546875,2822.47998046875,2.5929999351501465
2019-03-18,96.5199966430664,1300.300048828125,59.09000015258789,13.100000381469727,6509.44677734375,2832.93994140625,2.6019999980926514
2019-03-19,96.37999725341797,1305.0,59.029998779296875,13.5600004196167,6480.27587890625,2832.570068359375,2.614000082015991
2019-03-20,95.76000213623047,1300.5,59.83000183105469,13.90999984741211,6482.7099609375,2824.22998046875,2.5350000858306885
2019-03-21,96.5,1306.0999755859375,59.97999954223633,13.630000114440918,6501.77587890625,2854.8798828125,2.5369999408721924
2019-03-22,96.6500015258789,1311.5999755859375,59.040000915527344,16.479999542236328,6525.27392578125,2800.7099609375,2.4549999237060547
2019-03-25,96.56999969482422,1321.9000244140625,58.81999969482422,16.329999923706055,6411.2509765625,2798.360107421875,2.4200000762939453
2019-03-26,96.73999786376953,1314.300048828125,59.939998626708984,14.680000305175781,6469.9990234375,2818.4599609375,2.4140000343322754
2019-03-27,96.7699966430664,1309.9000244140625,59.40999984741211,15.149999618530273,6444.73779296875,2805.3701171875,2.374000072479248
2019-03-28,97.19999694824219,1289.800048828125,59.29999923706055,14.430000305175781,6480.7880859375,2815.43994140625,2.3889999389648438
2019-03-29,97.27999877929688,1293.0,60.13999938964844,13.710000038146973,6468.7548828125,2834.39990234375,2.4140000343322754
2019-04-01,97.25,1288.4000244140625,61.59000015258789,13.399999618530273,6452.61083984375,2867.18994140625,2.496999979019165
2019-04-02,97.36000061035156,1290.0,62.58000183105469,13.359999656677246,6476.06591796875,2867.239990234375,2.4809999465942383
2019-04-03,97.08999633789062,1289.9000244140625,62.459999084472656,13.739999771118164,,2873.39990234375,2.5169999599456787
2019-04-04,97.30999755859375,1289.0,62.099998474121094,13.579999923706055,6494.6298828125,2879.389892578125,2.51200008392334
2019-04-05,97.4000015258789,1290.4000244140625,63.08000183105469,12.819999694824219,6474.01806640625,2892.739990234375,2.500999927520752
2019-04-08,97.05000305175781,1297.0999755859375,64.4000015258789,13.180000305175781,6425.73388671875,2895.77001953125,2.5190000534057617
2019-04-09,97.01000213623047,1303.5,63.97999954223633,14.279999732971191,6484.34814453125,2878.199951171875,2.499000072479248
2019-04-10,96.94999694824219,1309.0999755859375,64.61000061035156,13.300000190734863,6478.326171875,2888.2099609375,2.4769999980926514
2019-04-11,97.18000030517578,1288.5999755859375,63.58000183105469,13.020000457763672,6410.166015625,2888.320068359375,2.503999948501587
2019-04-12,96.97000122070312,1290.5999755859375,63.88999938964844,12.010000228881836,6405.8662109375,2907.409912109375,2.559999942779541
2019-04-15,96.94000244140625,1286.800048828125,63.400001525878906,12.319999694824219,6435.15087890625,2905.580078125,2.552999973297119
2019-04-16,97.04000091552734,1272.5999755859375,64.05000305175781,12.180000305175781,6481.541015625,2907.06005859375,2.5920000076293945
2019-04-17,97.01000213623047,1272.199951171875,63.7599983215332,12.600000381469727,,2900.449951171875,2.5920000076293945
2019-04-18,97.47000122070312,1271.9000244140625,64.0,12.09000015258789,6507.22119140625,2905.030029296875,2.559999942779541
2019-04-22,97.27999877929688,1273.5,65.69999694824219,12.420000076293945,6414.7431640625,2907.969970703125,2.5899999141693115
2019-04-23,97.56999969482422,1269.300048828125,66.30000305175781,12.279999732971191,6462.82177734375,2933.679931640625,2.569999933242798
2019-04-24,98.0999984741211,1275.5,65.88999938964844,13.140000343322754,6447.884765625,2927.25,2.5220000743865967
2019-04-25,98.19999694824219,1275.800048828125,65.20999908447266,13.25,6372.787109375,2926.169921875,2.5339999198913574
2019-04-26,98.01000213623047,1284.9000244140625,63.29999923706055,12.729999542236328,6401.080078125,2939.8798828125,2.505000114440918
2019-04-29,97.86000061035156,1278.5999755859375,63.5,13.109999656677246,6425.89501953125,2943.030029296875,2.5360000133514404
2019-04-30,97.4800033569336,1282.800048828125,63.90999984741211,13.119999885559082,6455.35205078125,2945.830078125,2.509000062942505
2019-05-01,97.69000244140625,1281.4000244140625,63.599998474121094,14.800000190734863,,2923.72998046875,2.510999917984009
2019-05-02,97.83000183105469,1269.699951171875,61.810001373291016,14.420000076293945,6374.421875,2917.52001953125,2.552000045776367
2019-05-03,97.5199966430664,1279.199951171875,61.939998626708984,12.869999885559082,6319.458984375,2945.639892578125,2.5309998989105225
2019-05-06,97.5199966430664,1281.699951171875,62.25,15.4399995803833,6256.35205078125,2932.469970703125,2.5
2019-05-07,97.62999725341797,1283.5,61.400001525878906,19.31999969482422,6297.31787109375,2884.050048828125,2.447999954223633
2019-05-08,97.62000274658203,1279.4000244140625,62.119998931884766,19.399999618530273,6270.2021484375,2879.419921875,2.4820001125335693
2019-05-09,97.37000274658203,1283.5,61.70000076293945,19.100000381469727,6198.80419921875,2870.719970703125,2.4570000171661377
2019-05-10,97.33000183105469,1285.699951171875,61.65999984741211,16.040000915527344,6209.1181640625,2881.39990234375,2.4549999237060547
2019-05-13,97.31999969482422,1300.0999755859375,61.040000915527344,20.549999237060547,6135.39599609375,2811.8701171875,2.4049999713897705
2019-05-14,97.52999877929688,1294.699951171875,61.779998779296875,18.059999465942383,6071.2021484375,2834.409912109375,2.4189999103546143
2019-05-15,97.56999969482422,1296.300048828125,62.02000045776367,16.440000534057617,5980.884765625,2850.9599609375,2.378999948501587
2019-05-16,97.83999633789062,1285.0,62.869998931884766,15.289999961853027,5895.73779296875,2876.320068359375,2.4049999713897705
2019-05-17,98.0,1274.5,62.7599983215332,15.960000038146973,5826.8681640625,2859.530029296875,2.3929998874664307
2019-05-20,97.93000030517578,1276.0999755859375,63.099998474121094,16.309999465942383,5907.12109375,2840.22998046875,2.4159998893737793
2019-05-21,98.05999755859375,1272.0,62.9900016784668,14.949999809265137,5951.3720703125,2864.360107421875,2.4260001182556152
2019-05-22,98.11000061035156,1273.5999755859375,61.41999816894531,14.75,5939.63623046875,2856.27001953125,2.3929998874664307
2019-05-23,97.8499984741211,1284.800048828125,57.90999984741211,16.920000076293945,6032.69580078125,2822.239990234375,2.2960000038146973
2019-05-24,97.61000061035156,1283.0,58.630001068115234,15.850000381469727,6057.35302734375,2826.06005859375,2.3239998817443848
2019-05-27,,,,,6098.97412109375,,
2019-05-28,97.95999908447266,1276.5,59.13999938964844,17.5,6033.14208984375,2802.389892578125,2.2679998874664307
2019-05-29,98.13999938964844,1280.5999755859375,58.810001373291016,17.899999618530273,6104.10595703125,2783.02001953125,2.2360000610351562
2019-05-30,98.13999938964844,1287.0999755859375,56.59000015258789,17.299999237060547,,2788.860107421875,2.2269999980926514
2019-05-31,97.75,1305.800048828125,53.5,18.709999084472656,6209.1171875,2752.06005859375,2.1419999599456787
2019-06-03,97.13999938964844,1322.699951171875,53.25,18.860000610351562,,2744.449951171875,2.0810000896453857
2019-06-04,97.06999969482422,1323.4000244140625,53.47999954223633,16.969999313354492,,2803.27001953125,2.11899995803833
2019-06-05,97.37000274658203,1328.300048828125,51.68000030517578,16.09000015258789,,2826.14990234375,2.122999906539917
2019-06-06,97.02999877929688,1337.5999755859375,52.59000015258789,15.930000305175781,,2843.489990234375,2.124000072479248
2019-06-07,96.61000061035156,1341.199951171875,53.9900016784668,16.299999237060547,,2873.340087890625,2.0840001106262207
2019-06-10,96.76000213623047,1324.699951171875,53.2599983215332,15.9399995803833,6289.60986328125,2886.72998046875,2.1429998874664307
2019-06-11,96.69000244140625,1326.4000244140625,53.27000045776367,15.989999771118164,6305.9921875,2885.719970703125,2.140000104904175
2019-06-12,97.0,1331.9000244140625,51.13999938964844,15.90999984741211,6276.1767578125,2879.840087890625,2.127000093460083
2019-06-13,97.01000213623047,1339.199951171875,52.279998779296875,15.819999694824219,6273.08203125,2891.639892578125,2.0910000801086426
2019-06-14,97.56999969482422,1340.0999755859375,52.5099983215332,15.279999732971191,6250.26513671875,2886.97998046875,2.0929999351501465
2019-06-17,97.55999755859375,1338.699951171875,51.93000030517578,15.350000381469727,6190.52490234375,2889.669921875,2.0859999656677246
2019-06-18,97.63999938964844,1346.5999755859375,53.900001525878906,15.149999618530273,6257.330078125,2917.75,2.059999942779541
2019-06-19,97.12000274658203,1344.5999755859375,53.7599983215332,14.329999923706055,6339.26220703125,2926.4599609375,2.0290000438690186
2019-06-20,96.62999725341797,1392.9000244140625,56.650001525878906,14.75,6335.6982421875,2954.179931640625,2.000999927520752
2019-06-21,96.22000122070312,1396.199951171875,57.43000030517578,15.399999618530273,6315.43603515625,2950.4599609375,2.068000078201294
2019-06-24,95.9800033569336,1414.300048828125,57.900001525878906,15.260000228881836,6288.46484375,2945.35009765625,2.0209999084472656
2019-06-25,96.16000366210938,1414.9000244140625,57.83000183105469,16.280000686645508,6320.44482421875,2917.3798828125,1.99399995803833
2019-06-26,96.20999908447266,1411.5999755859375,59.380001068115234,16.209999084472656,6310.48876953125,2913.780029296875,2.0490000247955322
2019-06-27,96.19000244140625,1408.4000244140625,59.43000030517578,15.819999694824219,6352.7099609375,2924.919921875,2.005000114440918
2019-06-28,96.12999725341797,1409.699951171875,58.470001220703125,15.079999923706055,6358.62890625,2941.760009765625,2.0
2019-07-01,96.83999633789062,1385.5999755859375,59.09000015258789,14.0600004196167,6379.68798828125,2964.330078125,2.0339999198913574
2019-07-02,96.7300033569336,1404.5999755859375,56.25,12.930000305175781,6384.89794921875,2973.010009765625,1.9759999513626099
2019-07-03,96.7699966430664,1417.699951171875,57.34000015258789,12.569999694824219,6362.6220703125,2995.820068359375,1.9529999494552612
2019-07-04,,,,,6375.966796875,,
2019-07-05,97.25,1396.699951171875,57.5099983215332,13.279999732971191,6373.47705078125,2990.409912109375,2.0480000972747803
2019-07-08,97.37999725341797,1397.0,57.65999984741211,13.960000038146973,6351.8271484375,2975.949951171875,2.0339999198913574
2019-07-09,97.48999786376953,1397.5,57.83000183105469,14.09000015258789,6388.3232421875,2979.6298828125,2.053999900817871
2019-07-10,97.0999984741211,1410.0999755859375,60.43000030517578,13.029999732971191,6410.68310546875,2993.070068359375,2.061000108718872
2019-07-11,97.05000305175781,1404.300048828125,60.20000076293945,12.930000305175781,6417.06591796875,2999.909912109375,2.119999885559082
2019-07-12,96.80999755859375,1409.9000244140625,60.209999084472656,12.390000343322754,6373.34521484375,3013.77001953125,2.1059999465942383
2019-07-15,96.93000030517578,1411.4000244140625,59.58000183105469,12.680000305175781,6418.23388671875,3014.300048828125,2.0920000076293945
2019-07-16,97.4000015258789,1409.199951171875,57.619998931884766,12.859999656677246,6401.8798828125,3004.0400390625,2.121999979019165
2019-07-17,97.22000122070312,1421.300048828125,56.779998779296875,13.970000267028809,6394.60888671875,2984.419921875,2.061000108718872
2019-07-18,96.79000091552734,1426.0999755859375,55.29999923706055,13.529999732971191,6403.2939453125,2995.110107421875,2.0380001068115234
2019-07-19,97.1500015258789,1425.0999755859375,55.630001068115234,14.449999809265137,6456.5390625,2976.610107421875,2.0480000972747803
2019-07-22,97.26000213623047,1425.300048828125,56.220001220703125,13.529999732971191,6433.546875,2985.030029296875,2.0429999828338623
2019-07-23,97.70999908447266,1420.0999755859375,56.77000045776367,12.609999656677246,6403.81005859375,3005.469970703125,2.0739998817443848
2019-07-24,97.7300033569336,1422.800048828125,55.880001068115234,12.069999694824219,6384.98681640625,3019.56005859375,2.049999952316284
2019-07-25,97.81999969482422,1413.9000244140625,56.02000045776367,12.739999771118164,6401.365234375,3003.669921875,2.0739998817443848
2019-07-26,98.01000213623047,1418.5,56.20000076293945,12.15999984741211,6325.23681640625,3025.860107421875,2.0810000896453857
2019-07-29,98.04000091552734,1419.5999755859375,56.869998931884766,12.829999923706055,6299.03515625,3020.969970703125,2.055000066757202
2019-07-30,98.05000305175781,1429.699951171875,58.04999923706055,13.9399995803833,6376.99609375,3013.179931640625,2.061000108718872
2019-07-31,98.5199966430664,1426.0999755859375,58.58000183105469,16.1200008392334,6390.5048828125,2980.3798828125,2.0209999084472656
2019-08-01,98.38999938964844,1420.9000244140625,53.95000076293945,17.8700008392334,6381.5419921875,2953.56005859375,1.8940000534057617
2019-08-02,98.0999984741211,1445.5999755859375,55.65999984741211,17.610000610351562,6340.18017578125,2932.050048828125,1.8550000190734863
2019-08-05,97.5,1464.5999755859375,54.689998626708984,24.59000015258789,6175.703125,2844.739990234375,1.7350000143051147
2019-08-06,97.62999725341797,1472.4000244140625,53.630001068115234,20.170000076293945,6119.47119140625,2881.77001953125,1.7389999628067017
2019-08-07,97.54000091552734,1507.300048828125,51.09000015258789,19.489999771118164,6204.19482421875,2883.97998046875,1.684000015258789
2019-08-08,97.62000274658203,1497.699951171875,52.540000915527344,16.90999984741211,6274.6708984375,2938.090087890625,1.715999960899353
2019-08-09,97.48999786376953,1496.5999755859375,54.5,17.969999313354492,6282.1318359375,2918.64990234375,1.7339999675750732
2019-08-12,97.37999725341797,1505.300048828125,54.93000030517578,21.09000015258789,6250.59521484375,2882.699951171875,1.6390000581741333
2019-08-13,97.80999755859375,1502.199951171875,57.099998474121094,17.520000457763672,6210.9619140625,2926.320068359375,1.6799999475479126
2019-08-14,97.98999786376953,1515.9000244140625,55.22999954223633,22.100000381469727,6267.3349609375,2840.60009765625,1.5809999704360962
2019-08-15,98.13999938964844,1519.5999755859375,54.470001220703125,21.18000030517578,6257.5859375,2847.60009765625,1.5290000438690186
2019-08-16,98.13999938964844,1512.5,54.869998931884766,18.469999313354492,6286.6572265625,2888.679931640625,1.5390000343322754
2019-08-19,98.3499984741211,1500.4000244140625,56.209999084472656,16.8799991607666,6296.71484375,2923.64990234375,1.5980000495910645
2019-08-20,98.19000244140625,1504.5999755859375,56.34000015258789,17.5,6295.73779296875,2900.510009765625,1.5609999895095825
2019-08-21,98.30000305175781,1504.5999755859375,55.68000030517578,15.800000190734863,6252.966796875,2924.429931640625,1.5770000219345093
2019-08-22,98.16999816894531,1497.300048828125,55.349998474121094,16.68000030517578,6239.2451171875,2922.949951171875,1.6100000143051147
2019-08-23,97.63999938964844,1526.5999755859375,54.16999816894531,19.8700008392334,6255.59716796875,2847.110107421875,1.527999997138977
2019-08-26,98.08000183105469,1526.300048828125,53.63999938964844,19.31999969482422,6214.509765625,2878.3798828125,1.5449999570846558
2019-08-27,98.0,1541.0,54.93000030517578,20.309999465942383,6278.1708984375,2869.159912109375,1.4900000095367432
2019-08-28,98.20999908447266,1537.800048828125,55.779998779296875,19.350000381469727,6281.64599609375,2887.93994140625,1.465999960899353
2019-08-29,98.51000213623047,1526.5,56.709999084472656,17.8799991607666,6289.119140625,2924.580078125,1.5160000324249268
2019-08-30,98.91999816894531,1519.0999755859375,55.099998474121094,18.979999542236328,6328.47021484375,2926.4599609375,1.50600004196167
2019-09-02,,,,,6290.5458984375,,
2019-09-03,98.94999694824219,1545.9000244140625,53.939998626708984,19.65999984741211,6261.58984375,2906.27001953125,1.465999960899353
2019-09-04,98.44999694824219,1550.300048828125,56.2599983215332,17.329999923706055,6269.6640625,2937.780029296875,1.4589999914169312
2019-09-05,98.41000366210938,1515.4000244140625,56.29999923706055,16.270000457763672,6306.80322265625,2976.0,1.565000057220459
2019-09-06,98.38999938964844,1506.199951171875,56.52000045776367,15.0,6308.9501953125,2978.7099609375,1.5499999523162842
2019-09-09,98.27999877929688,1502.199951171875,57.849998474121094,15.270000457763672,6326.212890625,2978.429931640625,1.621999979019165
2019-09-10,98.33000183105469,1490.300048828125,57.400001525878906,15.199999809265137,6336.6728515625,2979.389892578125,1.7020000219345093
2019-09-11,98.6500015258789,1494.4000244140625,55.75,14.609999656677246,6381.9541015625,3000.929931640625,1.7330000400543213
2019-09-12,98.30999755859375,1498.699951171875,55.09000015258789,14.220000267028809,6342.173828125,3009.570068359375,1.7910000085830688
2019-09-13,98.26000213623047,1490.9000244140625,54.849998474121094,13.739999771118164,6334.8427734375,3007.389892578125,1.902999997138977
2019-09-16,98.6500015258789,1503.0999755859375,62.900001525878906,14.670000076293945,6219.43505859375,2997.9599609375,1.840999960899353
2019-09-17,98.26000213623047,1505.0999755859375,59.34000015258789,14.4399995803833,6236.68994140625,3005.699951171875,1.812000036239624
2019-09-18,98.5999984741211,1507.5,58.11000061035156,13.949999809265137,6276.6328125,3006.72998046875,1.7860000133514404
2019-09-19,98.2699966430664,1498.4000244140625,58.130001068115234,14.050000190734863,6244.47021484375,3006.7900390625,1.7740000486373901
2019-09-20,98.51000213623047,1507.300048828125,58.09000015258789,15.319999694824219,6231.47314453125,2992.070068359375,1.7549999952316284
2019-09-23,98.5999984741211,1523.699951171875,58.63999938964844,14.90999984741211,6206.19921875,2991.780029296875,1.7079999446868896
2019-09-24,98.33999633789062,1532.0999755859375,57.290000915527344,17.049999237060547,6137.60791015625,2966.60009765625,1.6349999904632568
2019-09-25,99.04000091552734,1504.5999755859375,56.4900016784668,15.960000038146973,6146.40380859375,2984.8701171875,1.7319999933242798
2019-09-26,99.20999908447266,1507.5,56.40999984741211,16.06999969482422,6230.333984375,2977.6201171875,1.684999942779541
2019-09-27,99.11000061035156,1499.0999755859375,55.90999984741211,17.219999313354492,6196.88916015625,2961.7900390625,1.6749999523162842
2019-09-30,99.37999725341797,1465.699951171875,54.06999969482422,16.239999771118164,6169.10205078125,2976.739990234375,1.6749999523162842
2019-10-01,99.12999725341797,1482.0,53.619998931884766,18.559999465942383,6138.25,2940.25,1.6440000534057617
2019-10-02,99.04000091552734,1501.0,52.63999938964844,20.559999465942383,6055.4248046875,2887.610107421875,1.5959999561309814
2019-10-03,98.86000061035156,1507.0999755859375,52.45000076293945,19.1200008392334,6038.52880859375,2910.6298828125,1.5360000133514404
2019-10-04,98.80999755859375,1506.199951171875,52.810001373291016,17.040000915527344,6061.251953125,2952.010009765625,1.5149999856948853
2019-10-07,98.98999786376953,1497.699951171875,52.75,17.860000610351562,6000.58203125,2938.7900390625,1.5529999732971191
2019-10-08,99.13999938964844,1497.199951171875,52.630001068115234,20.280000686645508,6039.60107421875,2893.06005859375,1.5369999408721924
2019-10-09,99.12000274658203,1506.0999755859375,52.59000015258789,18.639999389648438,6029.16015625,2919.39990234375,1.5889999866485596
2019-10-10,98.70999908447266,1494.800048828125,53.54999923706055,17.56999969482422,6023.64111328125,2938.1298828125,1.6579999923706055
2019-10-11,98.30000305175781,1482.699951171875,54.70000076293945,15.579999923706055,6105.7998046875,2970.27001953125,1.7519999742507935
2019-10-14,98.44999694824219,1491.699951171875,53.59000015258789,14.569999694824219,6126.876953125,2966.14990234375,1.7330000400543213
2019-10-15,98.29000091552734,1477.5999755859375,52.810001373291016,13.539999961853027,6158.166015625,2995.679931640625,1.7710000276565552
2019-10-16,98.01000213623047,1488.0,53.36000061035156,13.680000305175781,6169.591796875,2989.68994140625,1.7480000257492065
2019-10-17,97.61000061035156,1492.300048828125,53.93000030517578,13.789999961853027,6181.01416015625,2997.949951171875,1.7569999694824219
2019-10-18,97.27999877929688,1488.199951171875,53.779998779296875,14.25,6191.94677734375,2986.199951171875,1.746999979019165
2019-10-21,97.33000183105469,1482.4000244140625,53.310001373291016,14.0,6198.98681640625,3006.719970703125,1.7920000553131104
2019-10-22,97.52999877929688,1481.699951171875,54.15999984741211,14.460000038146973,6225.4970703125,2995.989990234375,1.7680000066757202
2019-10-23,97.47000122070312,1489.9000244140625,55.970001220703125,14.010000228881836,6257.80615234375,3004.52001953125,1.7589999437332153
2019-10-24,97.62999725341797,1498.9000244140625,56.22999954223633,13.710000038146973,6339.64697265625,3010.2900390625,1.7660000324249268
2019-10-25,97.83000183105469,1499.5,56.65999984741211,12.649999618530273,6252.34521484375,3022.550048828125,1.8009999990463257
2019-10-28,97.76000213623047,1490.0,55.810001373291016,13.109999656677246,6265.3837890625,3039.419921875,1.8530000448226929
2019-10-29,97.69000244140625,1487.0,55.540000915527344,13.199999809265137,6281.13818359375,3036.889892578125,1.8350000381469727
2019-10-30,97.6500015258789,1493.199951171875,55.060001373291016,12.329999923706055,6295.7470703125,3046.77001953125,1.7979999780654907
2019-10-31,97.3499984741211,1511.4000244140625,54.18000030517578,13.220000267028809,6228.31689453125,3037.56005859375,1.690999984741211
2019-11-01,97.23999786376953,1508.0,56.20000076293945,12.300000190734863,6207.19091796875,3066.909912109375,1.7280000448226929
2019-11-04,97.51000213623047,1508.0,56.540000915527344,12.829999923706055,6180.34423828125,3078.27001953125,1.7860000133514404
2019-11-05,97.9800033569336,1480.800048828125,57.22999954223633,13.100000381469727,6264.15185546875,3074.6201171875,1.8660000562667847
2019-11-06,97.94999694824219,1490.199951171875,56.349998474121094,12.619999885559082,6217.544921875,3076.780029296875,1.8140000104904175
2019-11-07,98.13999938964844,1464.199951171875,57.150001525878906,12.729999542236328,6165.6240234375,3085.179931640625,1.9259999990463257
2019-11-08,98.3499984741211,1461.300048828125,57.2400016784668,12.069999694824219,6177.98583984375,3093.080078125,1.9329999685287476
2019-11-11,98.19999694824219,1455.5,56.86000061035156,12.6899995803833,6148.740234375,3087.010009765625,1.9429999589920044
2019-11-12,98.30999755859375,1452.0999755859375,56.79999923706055,12.680000305175781,6180.9921875,3091.840087890625,1.909000039100647
2019-11-13,98.37000274658203,1461.699951171875,57.119998931884766,13.0,6142.5009765625,3094.0400390625,1.8700000047683716
2019-11-14,98.16000366210938,1471.800048828125,56.77000045776367,13.050000190734863,6098.9501953125,3096.6298828125,1.815000057220459
2019-11-15,98.0,1467.300048828125,57.720001220703125,12.050000190734863,6128.34521484375,3120.4599609375,1.8339999914169312
2019-11-18,97.79000091552734,1470.9000244140625,57.04999923706055,12.460000038146973,6122.625,3122.030029296875,1.8079999685287476
2019-11-19,97.86000061035156,1473.300048828125,55.209999084472656,12.859999656677246,6152.08984375,3120.179931640625,1.7860000133514404
2019-11-20,97.93000030517578,1473.300048828125,57.11000061035156,12.779999732971191,6155.10888671875,3108.4599609375,1.7380000352859497
2019-11-21,97.98999786376953,1463.0999755859375,58.58000183105469,13.130000114440918,6117.36376953125,3103.5400390625,1.7719999551773071
2019-11-22,98.2699966430664,1463.0999755859375,57.77000045776367,12.34000015258789,6100.2421875,3110.2900390625,1.7740000486373901
2019-11-25,98.31999969482422,1456.5999755859375,58.0099983215332,11.869999885559082,6070.76220703125,3133.639892578125,1.7640000581741333
2019-11-26,98.25,1459.800048828125,58.40999984741211,11.539999961853027,6026.18798828125,3140.52001953125,1.7400000095367432
2019-11-27,98.41000366210938,1453.4000244140625,58.11000061035156,11.75,6023.0390625,3153.6298828125,1.7669999599456787
2019-11-28,,,,,5953.06005859375,,
2019-11-29,98.2699966430664,1465.5999755859375,55.16999816894531,12.619999885559082,6011.830078125,3140.97998046875,1.7760000228881836
2019-12-02,97.86000061035156,1462.300048828125,55.959999084472656,14.90999984741211,6130.05517578125,3113.8701171875,1.8359999656677246
2019-12-03,97.73999786376953,1478.199951171875,56.099998474121094,15.960000038146973,6133.89599609375,3093.199951171875,1.7089999914169312
2019-12-04,97.6500015258789,1474.0,58.43000030517578,14.800000190734863,6112.87890625,3112.760009765625,1.781000018119812
2019-12-05,97.41000366210938,1476.9000244140625,58.43000030517578,14.520000457763672,6152.1171875,3117.429931640625,1.7970000505447388
2019-12-06,97.69999694824219,1459.0999755859375,59.20000076293945,13.619999885559082,6186.8681640625,3145.909912109375,1.8420000076293945
2019-12-09,97.63999938964844,1459.300048828125,59.02000045776367,15.859999656677246,6193.791015625,3135.9599609375,1.8289999961853027
2019-12-10,97.41000366210938,1462.5999755859375,59.2400016784668,15.680000305175781,6183.5048828125,3132.52001953125,1.8329999446868896
2019-12-11,97.16000366210938,1469.4000244140625,58.7599983215332,14.989999771118164,6180.09912109375,3141.6298828125,1.7899999618530273
2019-12-12,97.4000015258789,1466.699951171875,59.18000030517578,13.9399995803833,6139.39697265625,3168.570068359375,1.8969999551773071
2019-12-13,97.16999816894531,1475.5999755859375,60.06999969482422,12.630000114440918,6197.31787109375,3168.800048828125,1.819000005722046
2019-12-16,97.06999969482422,1475.0,60.209999084472656,12.140000343322754,6211.591796875,3191.449951171875,1.8919999599456787
2019-12-17,97.20999908447266,1474.5999755859375,60.939998626708984,12.289999961853027,6244.35205078125,3192.52001953125,1.8890000581741333
2019-12-18,97.41000366210938,1472.5999755859375,60.93000030517578,12.579999923706055,6287.25,3191.139892578125,1.9240000247955322
2019-12-19,97.41999816894531,1478.199951171875,61.220001220703125,12.5,6249.93017578125,3205.3701171875,1.9079999923706055
2019-12-20,97.70999908447266,1474.699951171875,60.439998626708984,12.510000228881836,6284.3720703125,3221.219970703125,1.9170000553131104
2019-12-23,97.66000366210938,1482.5,60.52000045776367,12.609999656677246,6305.91015625,3224.010009765625,1.934999942779541
2019-12-24,97.6500015258789,1499.0999755859375,61.11000061035156,12.670000076293945,,3223.3798828125,1.909999966621399
2019-12-26,97.58999633789062,1509.300048828125,61.68000030517578,12.649999618530273,6319.44287109375,3239.909912109375,1.9049999713897705
2019-12-27,96.91999816894531,1513.800048828125,61.720001220703125,13.430000305175781,6329.31396484375,3240.02001953125,1.8739999532699585
2019-12-30,96.73999786376953,1514.5,61.68000030517578,14.819999694824219,6299.5390625,3221.2900390625,1.8949999809265137
2019-12-31,96.38999938964844,1519.5,61.060001373291016,13.779999732971191,,3230.780029296875,1.9190000295639038
2020-01-02,96.8499984741211,1524.5,61.18000030517578,12.470000267028809,6283.5810546875,3257.85009765625,1.8819999694824219
2020-01-03,96.83999633789062,1549.199951171875,63.04999923706055,14.020000457763672,6323.4658203125,3234.85009765625,1.7879999876022339
2020-01-06,96.66999816894531,1566.199951171875,63.27000045776367,13.850000381469727,6257.40283203125,3246.280029296875,1.8109999895095825
2020-01-07,96.9800033569336,1571.800048828125,62.70000076293945,13.789999961853027,6279.34619140625,3237.179931640625,1.8270000219345093
2020-01-08,97.30000305175781,1557.4000244140625,59.61000061035156,13.449999809265137,6225.68603515625,3253.050048828125,1.8739999532699585
2020-01-09,97.44999694824219,1551.699951171875,59.560001373291016,12.539999961853027,6274.4931640625,3274.699951171875,1.8580000400543213
2020-01-10,97.36000061035156,1557.5,59.040000915527344,12.5600004196167,6274.94091796875,3265.35009765625,1.8250000476837158
2020-01-13,97.3499984741211,1548.4000244140625,58.08000183105469,12.319999694824219,6296.56689453125,3288.1298828125,1.8480000495910645
2020-01-14,97.37000274658203,1542.4000244140625,58.22999954223633,12.390000343322754,6325.40576171875,3283.14990234375,1.8179999589920044
2020-01-15,97.2300033569336,1552.0999755859375,57.810001373291016,12.420000076293945,6283.365234375,3289.2900390625,1.7879999876022339
2020-01-16,97.31999969482422,1549.0,58.52000045776367,12.319999694824219,6286.0478515625,3316.81005859375,1.809000015258789
2020-01-17,97.61000061035156,1558.800048828125,58.540000915527344,12.100000381469727,6291.6572265625,3329.6201171875,1.8359999656677246
2020-01-20,,,,,6245.04296875,,
2020-01-21,97.52999877929688,1556.4000244140625,58.34000015258789,12.850000381469727,6238.15283203125,3320.7900390625,1.7690000534057617
2020-01-22,97.52999877929688,1555.300048828125,56.7400016784668,12.90999984741211,6233.453125,3321.75,1.7690000534057617
2020-01-23,97.69000244140625,1564.5999755859375,55.59000015258789,12.979999542236328,6249.2099609375,3325.5400390625,1.7400000095367432
2020-01-24,97.8499984741211,1571.0999755859375,54.189998626708984,14.5600004196167,6244.10888671875,3295.469970703125,1.680999994277954
2020-01-27,97.95999908447266,1576.800048828125,53.13999938964844,18.229999542236328,6133.2080078125,3243.6298828125,1.6050000190734863
2020-01-28,98.0199966430664,1569.199951171875,53.47999954223633,16.280000686645508,6111.18408203125,3276.239990234375,1.6410000324249268
2020-01-29,97.98999786376953,1569.800048828125,53.33000183105469,16.389999389648438,6113.044921875,3273.39990234375,1.593999981880188
2020-01-30,97.87000274658203,1583.5,52.13999938964844,15.489999771118164,6057.59619140625,3283.659912109375,1.5579999685287476
2020-01-31,97.38999938964844,1582.9000244140625,51.560001373291016,18.84000015258789,5940.0478515625,3225.52001953125,1.5199999809265137
2020-02-03,97.80000305175781,1577.199951171875,50.11000061035156,17.969999313354492,5884.169921875,3248.919921875,1.5199999809265137
2020-02-04,97.95999908447266,1550.4000244140625,49.61000061035156,16.049999237060547,5922.3388671875,3297.590087890625,1.6030000448226929
2020-02-05,98.2699966430664,1557.800048828125,50.75,15.149999618530273,5978.509765625,3334.68994140625,1.6490000486373901
2020-02-06,98.5,1565.0999755859375,50.95000076293945,14.960000038146973,5987.14501953125,3345.780029296875,1.6440000534057617
2020-02-07,98.68000030517578,1568.5999755859375,50.31999969482422,15.470000267028809,5999.60693359375,3327.7099609375,1.5779999494552612
2020-02-10,98.83000183105469,1574.699951171875,49.56999969482422,15.039999961853027,5952.0830078125,3352.090087890625,1.5470000505447388
2020-02-11,98.72000122070312,1565.5999755859375,49.939998626708984,15.180000305175781,5954.39697265625,3357.75,1.590000033378601
2020-02-12,99.05000305175781,1567.4000244140625,51.16999816894531,13.739999771118164,5913.0810546875,3379.449951171875,1.6299999952316284
2020-02-13,99.06999969482422,1575.0999755859375,51.41999816894531,14.149999618530273,5871.9541015625,3373.93994140625,1.6169999837875366
2020-02-14,99.12000274658203,1582.699951171875,52.04999923706055,13.680000305175781,5866.94482421875,3380.159912109375,1.5880000591278076
2020-02-17,,,,,5867.52294921875,,
2020-02-18,99.45999908447266,1600.0,52.04999923706055,14.829999923706055,5886.9619140625,3370.2900390625,1.555999994277954
2020-02-19,99.5999984741211,1607.5,53.290000915527344,14.380000114440918,5928.791015625,3386.14990234375,1.5700000524520874
2020-02-20,99.87000274658203,1616.5999755859375,53.779998779296875,15.5600004196167,5942.48681640625,3373.22998046875,1.524999976158142
2020-02-21,99.26000213623047,1644.5999755859375,53.380001068115234,17.079999923706055,5882.2548828125,3337.75,1.4709999561309814
2020-02-24,99.29000091552734,1672.4000244140625,51.43000030517578,25.030000686645508,5807.0498046875,3225.889892578125,1.3769999742507935
2020-02-25,98.97000122070312,1646.9000244140625,49.900001525878906,27.850000381469727,5787.13818359375,3128.2099609375,1.3300000429153442
2020-02-26,99.0,1640.0,48.72999954223633,27.559999465942383,5688.9208984375,3116.389892578125,1.309999942779541
2020-02-27,98.44000244140625,1640.0,47.09000015258789,39.15999984741211,5535.69384765625,2978.760009765625,1.2990000247955322
2020-02-28,98.12999725341797,1564.0999755859375,44.7599983215332,40.11000061035156,5452.7041015625,2954.219970703125,1.1269999742507935
2020-03-02,97.36000061035156,1592.300048828125,46.75,33.41999816894531,5361.24609375,3090.22998046875,1.0880000591278076
2020-03-03,97.1500015258789,1642.0999755859375,47.18000030517578,36.81999969482422,5518.6279296875,3003.3701171875,1.0099999904632568
2020-03-04,97.33999633789062,1641.0999755859375,46.779998779296875,31.989999771118164,5650.13623046875,3130.1201171875,0.9919999837875366
2020-03-05,96.81999969482422,1666.4000244140625,45.900001525878906,39.619998931884766,5638.1298828125,3023.93994140625,0.9259999990463257
2020-03-06,95.94999694824219,1670.800048828125,41.279998779296875,41.939998626708984,5498.5400390625,2972.3701171875,0.7059999704360962
2020-03-09,94.9000015258789,1674.5,31.1299991607666,54.459999084472656,5136.80908203125,2746.56005859375,0.49900001287460327
2020-03-10,96.41000366210938,1659.0999755859375,34.36000061035156,47.29999923706055,5220.826171875,2882.22998046875,0.7480000257492065
2020-03-11,96.51000213623047,1641.4000244140625,32.97999954223633,53.900001525878906,5154.10498046875,2741.3798828125,0.8199999928474426
2020-03-12,97.47000122070312,1589.300048828125,31.5,75.47000122070312,4895.748046875,2480.639892578125,0.8489999771118164
2020-03-13,98.75,1515.699951171875,31.729999542236328,57.83000183105469,4907.57080078125,2711.02001953125,0.9509999752044678
2020-03-16,98.08999633789062,1485.9000244140625,28.700000762939453,82.69000244140625,4690.6572265625,2386.1298828125,0.7279999852180481
2020-03-17,99.58000183105469,1524.9000244140625,26.950000762939453,75.91000366210938,4456.7490234375,2529.18994140625,0.996999979019165
2020-03-18,101.16000366210938,1477.300048828125,20.3700008392334,76.44999694824219,4330.673828125,2398.10009765625,1.2660000324249268
2020-03-19,102.76000213623047,1478.5999755859375,25.219999313354492,72.0,4105.421875,2409.389892578125,1.11899995803833
2020-03-20,102.81999969482422,1484.0,22.43000030517578,66.04000091552734,4194.94384765625,2304.919921875,0.9380000233650208
2020-03-23,102.48999786376953,1567.0,23.360000610351562,61.59000015258789,3989.51708984375,2237.39990234375,0.7639999985694885
2020-03-24,101.73999786376953,1660.199951171875,24.010000228881836,61.66999816894531,3937.632080078125,2447.330078125,0.8159999847412109
2020-03-25,101.05000305175781,1632.300048828125,24.489999771118164,63.95000076293945,,2475.56005859375,0.8579999804496765
2020-03-26,99.41999816894531,1650.0999755859375,22.600000381469727,61.0,4338.90380859375,2630.070068359375,0.8109999895095825
2020-03-27,98.37000274658203,1623.9000244140625,21.510000228881836,65.54000091552734,4545.57080078125,2541.469970703125,0.7490000128746033
2020-03-30,99.18000030517578,1622.0,20.09000015258789,57.08000183105469,4414.5,2626.64990234375,0.6700000166893005
2020-03-31,99.05000305175781,1583.4000244140625,20.479999542236328,53.540000915527344,4538.93017578125,2584.590087890625,0.6980000138282776
2020-04-01,99.66999816894531,1578.199951171875,20.309999465942383,57.060001373291016,4466.037109375,2470.5,0.6349999904632568
2020-04-02,100.18000030517578,1625.699951171875,25.31999969482422,50.90999984741211,4531.68505859375,2526.89990234375,0.6269999742507935
2020-04-03,100.58000183105469,1633.699951171875,28.34000015258789,46.79999923706055,4623.42919921875,2488.64990234375,0.5870000123977661
2020-04-06,100.69000244140625,1677.0,26.079999923706055,45.2400016784668,4811.8271484375,2663.679931640625,0.6759999990463257
2020-04-07,99.9800033569336,1664.800048828125,23.6299991607666,46.70000076293945,4778.63916015625,2659.409912109375,0.7360000014305115
2020-04-08,100.12000274658203,1665.4000244140625,25.09000015258789,43.349998474121094,4626.69482421875,2749.97998046875,0.7639999985694885
2020-04-09,99.5199966430664,1736.199951171875,22.760000228881836,41.66999816894531,4649.0791015625,2789.820068359375,0.7289999723434448
2020-04-13,99.3499984741211,1744.800048828125,22.40999984741211,41.16999816894531,4623.89404296875,2761.6298828125,0.7490000128746033
2020-04-14,98.88999938964844,1756.699951171875,20.110000610351562,37.7599983215332,4706.4912109375,2846.06005859375,0.7519999742507935
2020-04-15,99.45999908447266,1727.199951171875,19.8700008392334,40.84000015258789,4625.90478515625,2783.360107421875,0.6380000114440918
2020-04-16,100.02999877929688,1720.4000244140625,19.8700008392334,40.11000061035156,4480.60693359375,2799.550048828125,0.609000027179718
2020-04-17,99.77999877929688,1689.199951171875,18.270000457763672,38.150001525878906,4634.82080078125,2874.56005859375,0.6539999842643738
2020-04-20,99.95999908447266,1701.5999755859375,-37.630001068115234,43.83000183105469,4575.90478515625,2823.159912109375,0.6259999871253967
2020-04-21,100.26000213623047,1678.199951171875,10.010000228881836,45.40999984741211,4501.9189453125,2736.56005859375,0.5709999799728394
2020-04-22,100.38999938964844,1728.699951171875,13.779999732971191,41.97999954223633,4567.56201171875,2799.31005859375,0.6190000176429749
2020-04-23,100.43000030517578,1733.300048828125,16.5,41.380001068115234,4593.55419921875,2797.800048828125,0.6129999756813049
2020-04-24,100.37999725341797,1723.5,16.940000534057617,35.93000030517578,4496.06396484375,2836.739990234375,0.5960000157356262
2020-04-27,100.04000091552734,1711.9000244140625,12.779999732971191,33.290000915527344,4513.14111328125,2878.47998046875,0.656000018119812
2020-04-28,99.87000274658203,1710.5,12.34000015258789,33.56999969482422,4529.55419921875,2863.389892578125,0.6100000143051147
2020-04-29,99.56999969482422,1703.4000244140625,15.0600004196167,31.229999542236328,4567.3232421875,2939.510009765625,0.6269999742507935
2020-04-30,99.0199966430664,1684.199951171875,18.84000015258789,34.150001525878906,4716.40283203125,2912.429931640625,0.621999979019165
2020-05-01,98.80000305175781,1694.5,19.780000686645508,37.189998626708984,,2830.7099609375,0.6420000195503235
2020-05-04,99.4800033569336,1706.9000244140625,20.389999389648438,35.970001220703125,4605.48681640625,2842.739990234375,0.6370000243186951
2020-05-05,99.70999908447266,1704.4000244140625,24.559999465942383,33.61000061035156,4630.1328125,2868.43994140625,0.6570000052452087
2020-05-06,100.08999633789062,1684.199951171875,23.989999771118164,34.119998931884766,4608.7900390625,2848.419921875,0.7110000252723694
2020-05-07,99.88999938964844,1721.800048828125,23.549999237060547,31.440000534057617,,2881.18994140625,0.6309999823570251
2020-05-08,99.7300033569336,1709.9000244140625,24.739999771118164,27.979999542236328,4597.43017578125,2929.800048828125,0.6819999814033508
2020-05-11,100.23999786376953,1695.300048828125,24.139999389648438,27.56999969482422,4639.10498046875,2930.18994140625,0.7260000109672546
2020-05-12,99.93000030517578,1704.4000244140625,25.780000686645508,33.040000915527344,4588.73388671875,2870.1201171875,0.6779999732971191
2020-05-13,100.23999786376953,1713.9000244140625,25.290000915527344,35.279998779296875,4554.35888671875,2820.0,0.6489999890327454
2020-05-14,100.47000122070312,1738.0999755859375,27.559999465942383,32.61000061035156,4513.833984375,2852.5,0.6190000176429749
2020-05-15,100.4000015258789,1753.4000244140625,29.43000030517578,31.889999389648438,4507.60693359375,2863.699951171875,0.6399999856948853
2020-05-18,99.66999816894531,1731.800048828125,31.81999969482422,29.299999237060547,4511.05810546875,2953.909912109375,0.7440000176429749
2020-05-19,99.37000274658203,1744.199951171875,32.5,30.530000686645508,4548.65576171875,2922.93994140625,0.7110000252723694
2020-05-20,99.12000274658203,1750.5999755859375,33.4900016784668,27.989999771118164,4545.9521484375,2971.610107421875,0.6800000071525574
2020-05-21,99.37000274658203,1720.5,33.91999816894531,29.530000686645508,,2948.510009765625,0.6769999861717224
2020-05-22,99.86000061035156,1734.5999755859375,33.25,28.15999984741211,,2955.449951171875,0.6570000052452087
2020-05-26,98.91000366210938,1704.800048828125,34.349998474121094,28.010000228881836,4626.798828125,2991.77001953125,0.6980000138282776
2020-05-27,99.05999755859375,1710.300048828125,32.810001373291016,27.6200008392334,4641.55517578125,3036.1298828125,0.6800000071525574
2020-05-28,98.37999725341797,1713.300048828125,33.709999084472656,28.59000015258789,4716.18505859375,3029.72998046875,0.7049999833106995
2020-05-29,98.33999633789062,1736.9000244140625,35.4900016784668,27.510000228881836,4753.61181640625,3044.31005859375,0.6480000019073486
2020-06-01,97.83000183105469,1737.800048828125,35.439998626708984,28.229999542236328,,3055.72998046875,0.6620000004768372
2020-06-02,97.66999816894531,1725.199951171875,36.810001373291016,26.84000015258789,4847.5068359375,3080.820068359375,0.6800000071525574
2020-06-03,97.27999877929688,1697.800048828125,37.290000915527344,25.65999984741211,4941.005859375,3122.8701171875,0.7609999775886536
2020-06-04,96.68000030517578,1718.9000244140625,37.40999984741211,25.809999465942383,4916.7041015625,3112.35009765625,0.8199999928474426
2020-06-05,96.94000244140625,1676.199951171875,39.54999923706055,24.520000457763672,4947.7822265625,3193.929931640625,0.9039999842643738
2020-06-08,96.62000274658203,1698.300048828125,38.189998626708984,25.809999465942383,5070.56103515625,3232.389892578125,0.8840000033378601
2020-06-09,96.31999969482422,1714.699951171875,38.939998626708984,27.56999969482422,5035.05517578125,3207.179931640625,0.8289999961853027
2020-06-10,95.95999908447266,1713.300048828125,39.599998474121094,27.56999969482422,4920.68212890625,3190.139892578125,0.7480000257492065
2020-06-11,96.7300033569336,1732.0,36.34000015258789,40.790000915527344,4854.75390625,3002.10009765625,0.652999997138977
2020-06-12,97.31999969482422,1729.300048828125,36.2599983215332,36.09000015258789,4880.35888671875,3041.31005859375,0.6990000009536743
2020-06-15,96.68000030517578,1720.300048828125,37.119998931884766,34.400001525878906,4816.3359375,3066.590087890625,0.7020000219345093
2020-06-16,96.95999908447266,1729.5999755859375,38.380001068115234,33.66999816894531,4986.4580078125,3124.739990234375,0.7559999823570251
2020-06-17,97.16000366210938,1729.199951171875,37.959999084472656,33.470001220703125,4987.77587890625,3113.489990234375,0.7329999804496765
2020-06-18,97.41999816894531,1724.800048828125,38.84000015258789,32.939998626708984,4925.248046875,3115.340087890625,0.6940000057220459
2020-06-19,97.62000274658203,1745.9000244140625,39.75,35.119998931884766,4942.27490234375,3097.739990234375,0.6970000267028809
2020-06-22,97.04000091552734,1756.699951171875,40.459999084472656,31.770000457763672,4918.8310546875,3117.860107421875,0.7039999961853027
2020-06-23,96.69000244140625,1772.0999755859375,40.369998931884766,31.3700008392334,4879.1328125,3131.2900390625,0.7089999914169312
2020-06-24,97.1500015258789,1765.800048828125,38.0099983215332,33.84000015258789,4964.73486328125,3050.330078125,0.6840000152587891
2020-06-25,97.43000030517578,1762.0999755859375,38.720001220703125,32.220001220703125,4896.72998046875,3083.760009765625,0.6740000247955322
2020-06-26,97.5,1772.5,38.4900016784668,34.72999954223633,4904.087890625,3009.050048828125,0.6359999775886536
2020-06-29,97.54000091552734,1774.800048828125,39.70000076293945,31.780000686645508,4901.81787109375,3053.239990234375,0.6359999775886536
2020-06-30,97.38999938964844,1793.0,39.27000045776367,30.43000030517578,4905.39208984375,3100.2900390625,0.652999997138977
2020-07-01,97.19999694824219,1773.199951171875,39.81999969482422,28.6200008392334,4914.38818359375,3115.860107421875,0.6819999814033508
2020-07-02,97.31999969482422,1784.0,40.650001525878906,27.68000030517578,4966.77978515625,3130.010009765625,0.6690000295639038
2020-07-03,,,,,4973.7939453125,,
2020-07-06,96.79000091552734,1788.5,40.630001068115234,27.940000534057617,4988.8662109375,3179.719970703125,0.6840000152587891
2020-07-07,96.87999725341797,1804.199951171875,40.619998931884766,29.43000030517578,4987.08203125,3145.320068359375,0.6499999761581421
2020-07-08,96.43000030517578,1815.5,40.900001525878906,28.079999923706055,5076.173828125,3169.93994140625,0.652999997138977
2020-07-09,96.69999694824219,1799.199951171875,39.619998931884766,29.260000228881836,5052.7939453125,3152.050048828125,0.6050000190734863
2020-07-10,96.6500015258789,1798.199951171875,40.54999923706055,27.290000915527344,5031.255859375,3185.0400390625,0.6330000162124634
2020-07-13,96.45999908447266,1811.0,40.099998474121094,32.189998626708984,5064.44677734375,3155.219970703125,0.6399999856948853
2020-07-14,96.26000213623047,1810.5999755859375,40.290000915527344,29.520000457763672,5079.1220703125,3197.52001953125,0.6150000095367432
2020-07-15,96.08000183105469,1811.4000244140625,41.20000076293945,27.760000228881836,5075.7978515625,3226.56005859375,0.6299999952316284
2020-07-16,96.3499984741211,1798.699951171875,40.75,28.0,5098.3740234375,3215.570068359375,0.6119999885559082
2020-07-17,95.94000244140625,1808.300048828125,40.59000015258789,25.68000030517578,5079.5849609375,3224.72998046875,0.628000020980835
2020-07-20,95.83000183105469,1815.9000244140625,40.810001373291016,24.459999084472656,5051.10595703125,3251.840087890625,0.6200000047683716
2020-07-21,95.12000274658203,1842.4000244140625,41.959999084472656,24.84000015258789,5114.708984375,3257.300048828125,0.6069999933242798
2020-07-22,94.97000122070312,1864.0999755859375,41.900001525878906,24.31999969482422,5110.18701171875,3276.02001953125,0.5950000286102295
2020-07-23,94.69000244140625,1889.0999755859375,41.06999969482422,26.079999923706055,5145.009765625,3235.659912109375,0.5820000171661377
2020-07-24,94.44000244140625,1897.300048828125,41.290000915527344,25.84000015258789,5082.9912109375,3215.6298828125,0.5889999866485596
2020-07-27,93.66999816894531,1931.0,41.599998474121094,24.739999771118164,5116.666015625,3239.409912109375,0.609000027179718
2020-07-28,93.76000213623047,1944.699951171875,41.040000915527344,25.440000534057617,5112.98876953125,3218.43994140625,0.5809999704360962
2020-07-29,93.26000213623047,1953.5,41.27000045776367,24.100000381469727,5149.6298828125,3258.43994140625,0.5789999961853027
2020-07-30,93.0199966430664,1942.300048828125,39.91999816894531,24.760000228881836,5149.626953125,3246.219970703125,0.5410000085830688
2020-07-31,93.48999786376953,1962.800048828125,40.27000045776367,24.459999084472656,,3271.1201171875,0.5360000133514404
2020-08-03,93.5,1966.0,41.0099983215332,24.280000686645508,5006.22314453125,3294.610107421875,0.5630000233650208
2020-08-04,93.37999725341797,2001.199951171875,41.70000076293945,23.760000228881836,5075.001953125,3306.510009765625,0.5149999856948853
2020-08-05,92.83000183105469,2031.0999755859375,42.189998626708984,22.989999771118164,5127.05078125,3327.77001953125,0.5429999828338623
2020-08-06,92.79000091552734,2051.5,41.95000076293945,22.649999618530273,5178.27197265625,3349.159912109375,0.5360000133514404
2020-08-07,93.44000244140625,2010.0999755859375,41.220001220703125,22.209999084472656,5143.89306640625,3351.280029296875,0.5619999766349792
2020-08-10,93.58000183105469,2024.4000244140625,41.939998626708984,22.1299991607666,5157.833984375,3360.469970703125,0.5740000009536743
2020-08-11,93.62999725341797,1932.5999755859375,41.61000061035156,24.030000686645508,5190.169921875,3333.68994140625,0.6579999923706055
2020-08-12,93.44000244140625,1934.9000244140625,42.66999816894531,22.280000686645508,5233.4521484375,3380.35009765625,0.6700000166893005
2020-08-13,93.33999633789062,1956.699951171875,42.2400016784668,22.1299991607666,5239.25,3373.429931640625,0.7160000205039978
2020-08-14,93.0999984741211,1937.0,42.0099983215332,22.049999237060547,5247.68994140625,3372.85009765625,0.7089999914169312
2020-08-17,92.8499984741211,1985.0,42.88999938964844,21.350000381469727,,3381.989990234375,0.6830000281333923
2020-08-18,92.2699966430664,1999.4000244140625,42.88999938964844,21.510000228881836,5295.173828125,3389.780029296875,0.6690000295639038
2020-08-19,92.88999938964844,1958.699951171875,42.93000030517578,22.540000915527344,5272.81005859375,3374.85009765625,0.675000011920929
2020-08-20,92.79000091552734,1933.800048828125,42.58000183105469,22.719999313354492,,3385.510009765625,0.6439999938011169
2020-08-21,93.25,1934.5999755859375,42.34000015258789,22.540000915527344,,3397.159912109375,0.6399999856948853
2020-08-24,93.30000305175781,1927.699951171875,42.619998931884766,22.3700008392334,5277.041015625,3431.280029296875,0.6460000276565552
2020-08-25,93.0199966430664,1911.800048828125,43.349998474121094,22.030000686645508,5338.88818359375,3443.6201171875,0.6819999814033508
2020-08-26,93.01000213623047,1940.699951171875,43.38999938964844,23.270000457763672,5340.328125,3478.72998046875,0.6869999766349792
2020-08-27,93.01000213623047,1921.5999755859375,43.040000915527344,24.469999313354492,5371.47216796875,3484.550048828125,0.7459999918937683
2020-08-28,92.37000274658203,1964.5999755859375,42.970001220703125,22.959999084472656,5346.6591796875,3508.010009765625,0.7289999723434448
2020-08-31,92.13999938964844,1967.5999755859375,42.61000061035156,26.40999984741211,5238.48681640625,3500.31005859375,0.6930000185966492
2020-09-01,92.33999633789062,1968.199951171875,42.7599983215332,26.1200008392334,5310.67919921875,3526.64990234375,0.671999990940094
2020-09-02,92.8499984741211,1934.4000244140625,41.5099983215332,26.56999969482422,5311.97021484375,3580.840087890625,0.6510000228881836
2020-09-03,92.73999786376953,1927.5999755859375,41.369998931884766,33.599998474121094,5280.81298828125,3455.06005859375,0.621999979019165
2020-09-04,92.72000122070312,1923.9000244140625,39.77000045776367,30.75,5239.85107421875,3426.9599609375,0.7210000157356262
2020-09-07,,,,,5230.19580078125,,
2020-09-08,93.4800033569336,1933.0,36.7599983215332,31.459999084472656,5244.07177734375,3331.840087890625,0.6840000152587891
2020-09-09,93.26000213623047,1944.699951171875,38.04999923706055,28.809999465942383,5149.3759765625,3398.9599609375,0.703000009059906
2020-09-10,93.33999633789062,1954.199951171875,37.29999923706055,29.709999084472656,4891.4609375,3339.18994140625,0.6850000023841858
2020-09-11,93.33000183105469,1937.800048828125,37.33000183105469,26.8700008392334,5016.7119140625,3340.969970703125,0.6690000295639038
2020-09-14,93.06999969482422,1953.0999755859375,37.2599983215332,25.850000381469727,5161.828125,3383.5400390625,0.6710000038146973
2020-09-15,93.05000305175781,1956.300048828125,38.279998779296875,25.59000015258789,5100.865234375,3401.199951171875,0.6790000200271606
2020-09-16,93.20999908447266,1960.199951171875,40.15999984741211,26.040000915527344,5058.48193359375,3385.489990234375,0.6869999766349792
2020-09-17,92.97000122070312,1940.0,40.970001220703125,26.459999084472656,5038.40087890625,3357.010009765625,0.6840000152587891
2020-09-18,92.93000030517578,1952.0999755859375,41.11000061035156,25.829999923706055,5059.22314453125,3319.469970703125,0.6940000057220459
2020-09-21,93.54000091552734,1901.199951171875,39.310001373291016,27.780000686645508,4999.35986328125,3281.06005859375,0.6710000038146973
2020-09-22,93.98999786376953,1898.5999755859375,39.599998474121094,26.860000610351562,4934.0927734375,3315.570068359375,0.6639999747276306
2020-09-23,94.38999938964844,1859.9000244140625,39.93000030517578,28.579999923706055,4917.955078125,3236.919921875,0.6759999990463257
2020-09-24,94.3499984741211,1868.300048828125,40.310001373291016,28.510000228881836,4842.755859375,3246.590087890625,0.6660000085830688
2020-09-25,94.58000183105469,1857.699951171875,40.25,26.3799991607666,4945.791015625,3298.4599609375,0.6589999794960022
2020-09-28,94.26000213623047,1872.800048828125,40.599998474121094,26.190000534057617,4906.5478515625,3351.60009765625,0.6629999876022339
2020-09-29,93.88999938964844,1894.300048828125,39.290000915527344,26.270000457763672,4879.09814453125,3335.469970703125,0.6449999809265137
2020-09-30,93.88999938964844,1887.5,40.220001220703125,26.3700008392334,4870.0390625,3363.0,0.6769999861717224
2020-10-01,93.70999908447266,1908.4000244140625,38.720001220703125,26.700000762939453,4970.09423828125,3380.800048828125,0.6769999861717224
2020-10-02,93.83999633789062,1900.199951171875,37.04999923706055,27.6299991607666,4926.73388671875,3348.419921875,0.6959999799728394
2020-10-05,93.51000213623047,1912.5,39.220001220703125,27.959999084472656,4958.76904296875,3408.60009765625,0.7620000243186951
2020-10-06,93.83000183105469,1901.0999755859375,40.66999816894531,29.479999542236328,4999.22119140625,3360.969970703125,0.7419999837875366
2020-10-07,93.62999725341797,1883.5999755859375,39.95000076293945,28.059999465942383,5004.3271484375,3419.43994140625,0.7850000262260437
2020-10-08,93.61000061035156,1888.5999755859375,41.189998626708984,26.360000610351562,5039.14208984375,3446.830078125,0.7649999856948853
2020-10-09,93.05999755859375,1919.5,40.599998474121094,25.0,5053.6630859375,3477.139892578125,0.7749999761581421
2020-10-12,93.06999969482422,1922.5,39.43000030517578,25.06999969482422,5093.09912109375,3534.219970703125,0.7770000100135803
2020-10-13,93.52999877929688,1888.5,40.20000076293945,26.06999969482422,5132.57177734375,3511.929931640625,0.7269999980926514
2020-10-14,93.37999725341797,1901.300048828125,41.040000915527344,26.399999618530273,5176.09912109375,3488.669921875,0.722000002861023
2020-10-15,93.86000061035156,1903.199951171875,40.959999084472656,26.969999313354492,5105.14990234375,3483.340087890625,0.7310000061988831
2020-10-16,93.68000030517578,1900.800048828125,40.880001068115234,27.40999984741211,5103.4140625,3483.81005859375,0.7440000176429749
2020-10-19,93.43000030517578,1906.4000244140625,40.83000183105469,29.18000030517578,5126.330078125,3426.919921875,0.7609999775886536
2020-10-20,93.06999969482422,1910.4000244140625,41.459999084472656,29.350000381469727,5099.83984375,3443.1201171875,0.796999990940094
2020-10-21,92.61000061035156,1924.5999755859375,40.029998779296875,28.649999618530273,5096.44580078125,3435.56005859375,0.8159999847412109
2020-10-22,92.94999694824219,1901.0999755859375,40.63999938964844,28.110000610351562,5091.81591796875,3453.489990234375,0.8479999899864197
2020-10-23,92.7699966430664,1902.0,39.849998474121094,27.549999237060547,5112.18798828125,3465.389892578125,0.8410000205039978
2020-10-26,93.05000305175781,1902.699951171875,38.560001373291016,32.459999084472656,5144.048828125,3400.969970703125,0.8009999990463257
2020-10-27,92.94000244140625,1908.800048828125,39.56999969482422,33.349998474121094,5128.22509765625,3390.679931640625,0.777999997138977
2020-10-28,93.41000366210938,1876.199951171875,37.38999938964844,40.279998779296875,,3271.030029296875,0.781000018119812
2020-10-29,93.95999908447266,1865.5999755859375,36.16999816894531,37.59000015258789,,3310.110107421875,0.8349999785423279
2020-10-30,94.04000091552734,1877.4000244140625,35.790000915527344,38.02000045776367,,3269.9599609375,0.8600000143051147
2020-11-02,94.05000305175781,1890.4000244140625,36.810001373291016,37.130001068115234,5115.1279296875,3310.239990234375,0.8489999771118164
2020-11-03,93.55000305175781,1908.5,37.65999984741211,35.54999923706055,5159.4521484375,3369.159912109375,0.8820000290870667
2020-11-04,93.41000366210938,1894.5999755859375,39.150001525878906,29.56999969482422,5105.19921875,3443.43994140625,0.7680000066757202
2020-11-05,92.52999877929688,1945.300048828125,38.790000915527344,27.579999923706055,5260.326171875,3510.449951171875,0.7760000228881836
2020-11-06,92.2300033569336,1950.300048828125,37.13999938964844,24.860000610351562,5335.52880859375,3509.43994140625,0.8199999928474426
2020-11-09,92.7300033569336,1853.199951171875,40.290000915527344,25.75,5356.0048828125,3550.5,0.9580000042915344
2020-11-10,92.75,1875.4000244140625,41.36000061035156,24.799999237060547,5462.73876953125,3545.530029296875,0.972000002861023
2020-11-11,93.04000091552734,1860.699951171875,41.45000076293945,23.450000762939453,5509.51318359375,3572.659912109375,0.9580000042915344
2020-11-12,92.95999908447266,1872.5999755859375,41.119998931884766,25.350000381469727,5458.60205078125,3537.010009765625,0.8849999904632568
2020-11-13,92.76000213623047,1885.699951171875,40.130001068115234,23.100000381469727,5461.05810546875,3585.14990234375,0.8930000066757202
2020-11-16,92.56999969482422,1887.300048828125,41.34000015258789,22.450000762939453,5494.8720703125,3626.909912109375,0.906000018119812
2020-11-17,92.41999816894531,1884.5,41.43000030517578,22.709999084472656,5529.93994140625,3609.530029296875,0.871999979019165
2020-11-18,92.31999969482422,1873.5,41.81999969482422,23.84000015258789,5557.51806640625,3567.7900390625,0.8820000290870667
2020-11-19,92.29000091552734,1861.0999755859375,41.7400016784668,23.110000610351562,5594.05908203125,3581.8701171875,0.8539999723434448
2020-11-20,92.38999938964844,1872.5999755859375,42.150001525878906,23.700000762939453,5571.65576171875,3557.5400390625,0.8289999961853027
2020-11-23,92.51000213623047,1837.800048828125,43.060001373291016,22.65999984741211,5652.76416015625,3577.590087890625,0.8569999933242798
2020-11-24,92.2300033569336,1804.800048828125,44.90999984741211,21.639999389648438,5701.02880859375,3635.409912109375,0.8820000290870667
2020-11-25,91.98999786376953,1805.699951171875,45.709999084472656,21.25,5679.2470703125,3629.64990234375,0.878000020980835
2020-11-26,,,,,5759.916015625,,
2020-11-27,91.79000091552734,1781.9000244140625,45.529998779296875,20.84000015258789,5783.3349609375,3638.35009765625,0.8420000076293945
2020-11-30,91.87000274658203,1775.699951171875,45.34000015258789,20.56999969482422,5612.4150390625,3621.6298828125,0.843999981880188
2020-12-01,91.30999755859375,1814.0999755859375,44.54999923706055,20.770000457763672,5724.7421875,3662.449951171875,0.9340000152587891
2020-12-02,91.12000274658203,1825.699951171875,45.279998779296875,21.170000076293945,5813.98681640625,3669.010009765625,0.9480000138282776
2020-12-03,90.70999908447266,1836.800048828125,45.63999938964844,21.280000686645508,5822.94189453125,3666.719970703125,0.9200000166893005
2020-12-04,90.69999694824219,1835.9000244140625,46.2599983215332,20.790000915527344,5810.48291015625,3699.1201171875,0.968999981880188
2020-12-07,90.79000091552734,1861.800048828125,45.7599983215332,21.299999237060547,5930.7587890625,3691.9599609375,0.9279999732971191
2020-12-08,90.97000122070312,1870.800048828125,45.599998474121094,20.68000030517578,5944.4091796875,3702.25,0.9129999876022339
2020-12-09,91.08999633789062,1834.5999755859375,45.52000045776367,22.270000457763672,,3672.820068359375,0.9409999847412109
2020-12-10,90.79000091552734,1833.5999755859375,46.779998779296875,22.520000457763672,5933.6982421875,3668.10009765625,0.9079999923706055
2020-12-11,90.9800033569336,1839.800048828125,46.56999969482422,23.309999465942383,5938.3291015625,3663.4599609375,0.8930000066757202
2020-12-14,90.70999908447266,1828.699951171875,46.9900016784668,24.719999313354492,6012.51611328125,3647.489990234375,0.8920000195503235
2020-12-15,90.47000122070312,1852.300048828125,47.619998931884766,22.889999389648438,6010.1279296875,3694.6201171875,0.9229999780654907
2020-12-16,90.44999694824219,1856.0999755859375,47.81999969482422,22.5,6118.40185546875,3701.169921875,0.9200000166893005
2020-12-17,89.81999969482422,1887.199951171875,48.36000061035156,21.93000030517578,6113.3818359375,3722.47998046875,0.9300000071525574
2020-12-18,90.0199966430664,1885.699951171875,49.099998474121094,21.56999969482422,6104.32421875,3709.409912109375,0.9480000138282776
2020-12-21,90.04000091552734,1879.199951171875,47.7400016784668,25.15999984741211,6165.6240234375,3694.919921875,0.9409999847412109
2020-12-22,90.6500015258789,1866.5999755859375,47.02000045776367,24.229999542236328,6023.2890625,3687.260009765625,0.9179999828338623
2020-12-23,90.41000366210938,1874.699951171875,48.119998931884766,23.309999465942383,6008.708984375,3690.010009765625,0.9549999833106995
2020-12-24,90.33000183105469,1879.9000244140625,48.22999954223633,21.530000686645508,,3703.06005859375,0.9279999732971191
2020-12-28,90.33999633789062,1877.199951171875,47.619998931884766,21.700000762939453,6093.55419921875,3735.360107421875,0.9330000281333923
2020-12-29,90.01000213623047,1879.699951171875,48.0,23.079999923706055,6036.173828125,3727.0400390625,0.9350000023841858
2020-12-30,89.62999725341797,1891.0,48.400001525878906,22.770000457763672,5979.0732421875,3732.0400390625,0.9259999990463257
2020-12-31,89.94000244140625,1893.0999755859375,48.52000045776367,22.75,,3756.070068359375,0.9169999957084656
2021-01-04,89.87999725341797,1944.699951171875,47.619998931884766,26.969999313354492,6104.89794921875,3700.64990234375,0.9169999957084656
2021-01-05,89.44000244140625,1952.699951171875,49.93000030517578,25.34000015258789,6137.3427734375,3726.860107421875,0.9549999833106995
2021-01-06,89.52999877929688,1906.9000244140625,50.630001068115234,25.06999969482422,6065.68212890625,3748.139892578125,1.0420000553131104
2021-01-07,89.83000183105469,1912.300048828125,50.83000183105469,22.3700008392334,6153.6328125,3803.7900390625,1.0709999799728394
2021-01-08,90.0999984741211,1834.0999755859375,52.2400016784668,21.559999465942383,6257.8349609375,3824.679931640625,1.1050000190734863
2021-01-11,90.54000091552734,1849.5999755859375,52.25,24.079999923706055,6382.93701171875,3799.610107421875,1.1319999694824219
2021-01-12,90.05000305175781,1842.9000244140625,53.209999084472656,23.329999923706055,6395.6689453125,3801.18994140625,1.1380000114440918
2021-01-13,90.31999969482422,1853.5999755859375,52.90999984741211,22.209999084472656,6435.205078125,3809.840087890625,1.0880000591278076
2021-01-14,90.23999786376953,1850.300048828125,53.56999969482422,23.25,6428.31494140625,3795.5400390625,1.128999948501587
2021-01-15,90.77999877929688,1829.300048828125,52.36000061035156,24.34000015258789,6373.412109375,3768.25,1.097000002861023
2021-01-18,,,,,6389.833984375,,
2021-01-19,90.5,1839.5,52.97999954223633,23.239999771118164,6321.85595703125,3798.909912109375,1.0920000076293945
2021-01-20,90.47000122070312,1865.9000244140625,53.2400016784668,21.579999923706055,6429.7578125,3851.85009765625,1.090000033378601
2021-01-21,90.12999725341797,1865.300048828125,53.130001068115234,21.31999969482422,6413.89208984375,3853.070068359375,1.1089999675750732
2021-01-22,90.23999786376953,1855.699951171875,52.27000045776367,21.90999984741211,6307.126953125,3841.469970703125,1.090999960899353
2021-01-25,90.38999938964844,1854.9000244140625,52.77000045776367,23.190000534057617,6258.57177734375,3855.360107421875,1.0399999618530273
2021-01-26,90.16999816894531,1850.699951171875,52.61000061035156,23.020000457763672,6140.1708984375,3849.6201171875,1.0399999618530273
2021-01-27,90.6500015258789,1844.9000244140625,52.849998474121094,37.209999084472656,6109.16796875,3750.77001953125,1.0140000581741333
2021-01-28,90.45999908447266,1837.9000244140625,52.34000015258789,30.209999084472656,5979.38720703125,3787.3798828125,1.0570000410079956
2021-01-29,90.58000183105469,1847.300048828125,52.20000076293945,33.09000015258789,5862.35205078125,3714.239990234375,1.093000054359436
2021-02-01,91.0199966430664,1860.800048828125,53.54999923706055,30.239999771118164,6067.544921875,3773.860107421875,1.0770000219345093
2021-02-02,91.19999694824219,1830.5,54.7599983215332,25.559999465942383,6043.8408203125,3826.31005859375,1.1050000190734863
2021-02-03,91.12000274658203,1832.199951171875,55.689998626708984,22.90999984741211,6077.7451171875,3830.169921875,1.13100004196167
2021-02-04,91.52999877929688,1788.9000244140625,56.22999954223633,21.770000457763672,6107.2158203125,3871.739990234375,1.1390000581741333
2021-02-05,91.04000091552734,1810.9000244140625,56.849998474121094,20.8700008392334,6151.72900390625,3886.830078125,1.1699999570846558
2021-02-08,90.93000030517578,1831.9000244140625,57.970001220703125,21.239999771118164,6208.8662109375,3915.590087890625,1.159999966621399
2021-02-09,90.44000244140625,1835.300048828125,58.36000061035156,21.6299991607666,6181.671875,3911.22998046875,1.156999945640564
2021-02-10,90.37000274658203,1840.5999755859375,58.68000030517578,21.989999771118164,6201.828125,3909.8798828125,1.1330000162124634
2021-02-11,90.41999816894531,1824.9000244140625,58.2400016784668,21.25,6222.52099609375,3916.3798828125,1.1579999923706055
2021-02-12,90.4800033569336,1821.5999755859375,59.470001220703125,19.969999313354492,,3934.830078125,1.2000000476837158
2021-02-15,,,,,6270.32421875,,
2021-02-16,90.51000213623047,1797.199951171875,60.04999923706055,21.459999084472656,6292.39599609375,3932.590087890625,1.2990000247955322
2021-02-17,90.94999694824219,1771.0999755859375,61.13999938964844,21.5,6227.72802734375,3931.330078125,1.3009999990463257
2021-02-18,90.58999633789062,1773.4000244140625,60.52000045776367,22.489999771118164,6200.30810546875,3913.969970703125,1.2869999408721924
2021-02-19,90.36000061035156,1775.800048828125,59.2400016784668,22.049999237060547,6231.93212890625,3906.7099609375,1.3450000286102295
2021-02-22,90.01000213623047,1806.699951171875,61.4900016784668,23.450000762939453,6255.31201171875,3876.5,1.3700000047683716
2021-02-23,90.16999816894531,1804.4000244140625,61.66999816894531,23.110000610351562,6272.80712890625,3881.3701171875,1.3619999885559082
2021-02-24,90.18000030517578,1796.4000244140625,63.220001220703125,21.34000015258789,6251.05419921875,3925.429931640625,1.3890000581741333
2021-02-25,90.12999725341797,1774.4000244140625,63.529998779296875,28.889999389648438,6289.64599609375,3829.340087890625,1.5180000066757202
2021-02-26,90.93000030517578,1728.0999755859375,61.5,27.950000762939453,6241.7958984375,3811.14990234375,1.4600000381469727
2021-03-01,91.04000091552734,1722.5,60.63999938964844,23.350000381469727,6338.51318359375,3901.820068359375,1.4459999799728394
2021-03-02,90.79000091552734,1733.0999755859375,59.75,24.100000381469727,6359.205078125,3870.2900390625,1.4149999618530273
2021-03-03,90.94999694824219,1715.300048828125,61.279998779296875,26.670000076293945,6376.7568359375,3819.719970703125,1.4700000286102295
2021-03-04,91.62999725341797,1700.199951171875,63.83000183105469,28.56999969482422,6290.798828125,3768.469970703125,1.5499999523162842
2021-03-05,91.9800033569336,1698.0,66.08999633789062,24.65999984741211,6258.7490234375,3841.93994140625,1.5540000200271606
2021-03-08,92.30999755859375,1677.699951171875,65.05000305175781,25.469999313354492,6248.46484375,3821.35009765625,1.5959999561309814
2021-03-09,91.95999908447266,1716.5999755859375,64.01000213623047,24.030000686645508,6199.64697265625,3875.43994140625,1.5460000038146973
2021-03-10,91.79000091552734,1721.5,64.44000244140625,22.559999465942383,6264.67919921875,3898.81005859375,1.5199999809265137
2021-03-11,91.41999816894531,1722.300048828125,66.0199966430664,21.90999984741211,,3939.340087890625,1.5269999504089355
2021-03-12,91.68000030517578,1719.5,65.61000061035156,20.690000534057617,6358.208984375,3943.340087890625,1.6349999904632568
2021-03-15,91.83000183105469,1728.9000244140625,65.38999938964844,20.030000686645508,6324.2587890625,3968.93994140625,1.6069999933242798
2021-03-16,91.87000274658203,1730.5999755859375,64.80000305175781,19.790000915527344,6309.69921875,3962.7099609375,1.621000051498413
2021-03-17,91.4000015258789,1726.800048828125,64.5999984741211,19.229999542236328,6277.22802734375,3974.1201171875,1.6410000324249268
2021-03-18,91.8499984741211,1732.199951171875,60.0,21.579999923706055,6347.8291015625,3915.4599609375,1.7300000190734863
2021-03-19,91.91999816894531,1741.4000244140625,61.41999816894531,20.950000762939453,6356.16015625,3913.10009765625,1.7319999933242798
2021-03-22,91.80000305175781,1737.800048828125,61.54999923706055,18.8799991607666,6301.130859375,3940.590087890625,1.684000015258789
2021-03-23,92.33999633789062,1724.699951171875,57.7599983215332,20.299999237060547,6252.7119140625,3910.52001953125,1.6380000114440918
2021-03-24,92.52999877929688,1732.9000244140625,61.18000030517578,21.200000762939453,6156.14013671875,3889.139892578125,1.6139999628067017
2021-03-25,92.87999725341797,1724.9000244140625,58.560001373291016,19.809999465942383,6122.8759765625,3909.52001953125,1.6139999628067017
2021-03-26,92.7699966430664,1732.199951171875,60.970001220703125,18.860000610351562,6195.56201171875,3974.5400390625,1.659999966621399
2021-03-29,92.94000244140625,1712.0999755859375,61.560001373291016,20.739999771118164,6166.81787109375,3971.090087890625,1.7209999561309814
2021-03-30,93.30000305175781,1683.9000244140625,60.54999923706055,19.610000610351562,6071.44189453125,3958.550048828125,1.7259999513626099
2021-03-31,93.2300033569336,1713.800048828125,59.15999984741211,19.399999618530273,5985.52197265625,3972.889892578125,1.746000051498413
2021-04-01,92.93000030517578,1726.5,61.45000076293945,17.329999923706055,6011.4560546875,4019.8701171875,1.6790000200271606
2021-04-05,92.5999984741211,1727.0,58.650001525878906,17.90999984741211,5970.2861328125,4077.909912109375,1.7200000286102295
2021-04-06,92.33999633789062,1741.5,59.33000183105469,18.1200008392334,6002.77001953125,4073.93994140625,1.656000018119812
2021-04-07,92.45999908447266,1740.0999755859375,59.77000045776367,17.15999984741211,6036.6162109375,4079.949951171875,1.652999997138977
2021-04-08,92.05999755859375,1756.800048828125,59.599998474121094,16.950000762939453,6071.72412109375,4097.169921875,1.6319999694824219
2021-04-09,92.16000366210938,1743.300048828125,59.31999969482422,16.690000534057617,6070.208984375,4128.7998046875,1.6660000085830688
2021-04-12,92.13999938964844,1731.199951171875,59.70000076293945,16.90999984741211,5948.56884765625,4127.990234375,1.6749999523162842
2021-04-13,91.8499984741211,1746.199951171875,60.18000030517578,16.649999618530273,5927.43505859375,4141.58984375,1.6230000257492065
2021-04-14,91.69000244140625,1734.9000244140625,63.150001525878906,16.989999771118164,6050.27587890625,4124.66015625,1.6380000114440918
2021-04-15,91.66999816894531,1765.4000244140625,63.459999084472656,16.56999969482422,6079.5009765625,4170.419921875,1.5299999713897705
2021-04-16,91.55999755859375,1779.0,63.130001068115234,16.25,6086.2578125,4185.47021484375,1.5729999542236328
2021-04-19,91.06999969482422,1769.4000244140625,63.380001068115234,17.290000915527344,6052.5400390625,4163.259765625,1.6009999513626099
2021-04-20,91.23999786376953,1777.300048828125,62.439998626708984,18.68000030517578,6038.32177734375,4134.93994140625,1.562000036239624
2021-04-21,91.16000366210938,1792.300048828125,61.349998474121094,17.5,5993.2421875,4173.419921875,1.5640000104904175
2021-04-22,91.33000183105469,1781.199951171875,61.43000030517578,18.709999084472656,5994.18408203125,4134.97998046875,1.5540000200271606
2021-04-23,90.86000061035156,1777.0,62.13999938964844,17.329999923706055,6016.86376953125,4180.169921875,1.5670000314712524
2021-04-26,90.80999755859375,1779.199951171875,61.90999984741211,17.639999389648438,5964.82080078125,4187.6201171875,1.5700000524520874
2021-04-27,90.91000366210938,1778.0,62.939998626708984,17.559999465942383,5959.62109375,4186.72021484375,1.621999979019165
2021-04-28,90.61000061035156,1773.199951171875,63.86000061035156,17.280000686645508,5974.47900390625,4183.18017578125,1.6200000047683716
2021-04-29,90.61000061035156,1768.0999755859375,65.01000213623047,17.610000610351562,6012.9609375,4211.47021484375,1.6399999856948853
2021-04-30,91.27999877929688,1767.300048828125,63.58000183105469,18.610000610351562,5995.6162109375,4181.169921875,1.63100004196167
2021-05-03,90.94999694824219,1791.4000244140625,64.48999786376953,18.309999465942383,5952.59716796875,4192.66015625,1.6069999933242798
2021-05-04,91.29000091552734,1775.800048828125,65.69000244140625,19.479999542236328,5963.81982421875,4164.66015625,1.5920000076293945
2021-05-05,91.30999755859375,1784.0999755859375,65.62999725341797,19.149999618530273,5975.9111328125,4167.58984375,1.5839999914169312
2021-05-06,90.94999694824219,1815.5,64.70999908447266,18.389999389648438,5970.240234375,4201.6201171875,1.5609999895095825
2021-05-07,90.2300033569336,1831.0999755859375,64.9000015258789,16.690000534057617,5928.30908203125,4232.60009765625,1.5770000219345093
2021-05-10,90.20999908447266,1837.5,64.91999816894531,19.65999984741211,5975.787109375,4188.43017578125,1.6019999980926514
2021-05-11,90.13999938964844,1835.9000244140625,65.27999877929688,21.84000015258789,5938.35107421875,4152.10009765625,1.6239999532699585
2021-05-12,90.70999908447266,1822.5999755859375,66.08000183105469,27.59000015258789,,4063.0400390625,1.6950000524520874
2021-05-13,90.75,1823.800048828125,63.81999969482422,23.1299991607666,,4112.5,1.6679999828338623
2021-05-14,90.31999969482422,1837.9000244140625,65.37000274658203,18.809999465942383,,4173.85009765625,1.6349999904632568
2021-05-17,90.22000122070312,1867.5,66.2699966430664,19.719999313354492,5833.85986328125,4163.2900390625,1.6399999856948853
2021-05-18,89.75,1867.800048828125,65.48999786376953,21.34000015258789,5834.39404296875,4127.830078125,1.6419999599456787
2021-05-19,90.19000244140625,1881.300048828125,63.36000061035156,22.18000030517578,5760.583984375,4115.68017578125,1.6829999685287476
2021-05-20,89.80999755859375,1881.800048828125,62.04999923706055,20.670000076293945,5797.59716796875,4159.1201171875,1.6339999437332153
2021-05-21,90.0199966430664,1876.699951171875,63.58000183105469,20.149999618530273,5773.1201171875,4155.85986328125,1.6319999694824219
2021-05-24,89.83000183105469,1884.5999755859375,66.05000305175781,18.399999618530273,5763.6318359375,4197.0498046875,1.6080000400543213
2021-05-25,89.63999938964844,1898.0999755859375,66.06999969482422,18.84000015258789,5815.83984375,4188.1298828125,1.5640000104904175
2021-05-26,90.04000091552734,1901.300048828125,66.20999908447266,17.360000610351562,,4195.990234375,1.5740000009536743
2021-05-27,89.97000122070312,1895.699951171875,66.8499984741211,16.739999771118164,5841.828125,4200.8798828125,1.6100000143051147
2021-05-28,90.02999877929688,1902.5,66.31999969482422,16.760000228881836,5848.6162109375,4204.10986328125,1.5809999704360962
2021-05-31,,,,,5947.462890625,,
2021-06-01,89.83000183105469,1902.9000244140625,67.72000122070312,17.899999618530273,,4202.0400390625,1.6150000095367432
2021-06-02,89.9000015258789,1907.5,68.83000183105469,17.479999542236328,6031.578125,4208.1201171875,1.590999960899353
2021-06-03,90.5,1871.199951171875,68.80999755859375,18.040000915527344,6091.51318359375,4192.85009765625,1.625
2021-06-04,90.13999938964844,1889.800048828125,69.62000274658203,16.420000076293945,6065.166015625,4229.89013671875,1.559999942779541
2021-06-07,89.94999694824219,1896.800048828125,69.2300033569336,16.420000076293945,6069.93505859375,4226.52001953125,1.569000005722046
2021-06-08,90.08000183105469,1892.199951171875,70.05000305175781,17.06999969482422,5999.369140625,4227.259765625,1.527999997138977
2021-06-09,90.12000274658203,1893.199951171875,69.95999908447266,17.889999389648438,6047.47509765625,4219.5498046875,1.4889999628067017
2021-06-10,90.08000183105469,1894.199951171875,70.29000091552734,16.100000381469727,6107.5380859375,4239.18017578125,1.4589999914169312
2021-06-11,90.55999755859375,1877.4000244140625,70.91000366210938,15.649999618530273,6095.4970703125,4247.43994140625,1.4620000123977661
2021-06-14,90.5199966430664,1864.0,70.87999725341797,16.389999389648438,6080.3837890625,4255.14990234375,1.5010000467300415
2021-06-15,90.54000091552734,1854.5,72.12000274658203,17.020000457763672,6089.0380859375,4246.58984375,1.4989999532699585
2021-06-16,91.12999725341797,1859.5,72.1500015258789,18.149999618530273,6078.56787109375,4223.7001953125,1.569000005722046
2021-06-17,91.88999938964844,1773.800048828125,71.04000091552734,17.75,6068.44677734375,4221.85986328125,1.5110000371932983
2021-06-18,92.2300033569336,1767.9000244140625,71.63999938964844,20.700000762939453,6007.1201171875,4166.4501953125,1.4500000476837158
2021-06-21,91.86000061035156,1781.800048828125,73.66000366210938,17.889999389648438,5996.2529296875,4224.7900390625,1.4839999675750732
2021-06-22,91.7300033569336,1776.300048828125,73.05999755859375,16.65999984741211,6087.841796875,4246.43994140625,1.472000002861023
2021-06-23,91.80000305175781,1782.300048828125,73.08000183105469,16.31999969482422,6034.54296875,4241.83984375,1.4869999885559082
2021-06-24,91.81999969482422,1775.5999755859375,73.30000305175781,15.970000267028809,6012.05615234375,4266.490234375,1.4869999885559082
2021-06-25,91.80999755859375,1776.5999755859375,74.05000305175781,15.619999885559082,6022.39892578125,4280.7001953125,1.5360000133514404
2021-06-28,91.87999725341797,1779.5999755859375,72.91000366210938,15.760000228881836,5939.47119140625,4290.60986328125,1.4780000448226929
2021-06-29,92.05000305175781,1762.800048828125,72.9800033569336,16.020000457763672,5949.0498046875,4291.7998046875,1.4800000190734863
2021-06-30,92.44000244140625,1770.800048828125,73.47000122070312,15.829999923706055,5985.48876953125,4297.5,1.4429999589920044
2021-07-01,92.5999984741211,1775.9000244140625,75.2300033569336,15.479999542236328,6005.9580078125,4319.93994140625,1.4800000190734863
2021-07-02,92.2300033569336,1782.5999755859375,75.16000366210938,15.069999694824219,6023.0078125,4352.33984375,1.430999994277954
2021-07-05,,,,,6005.60888671875,,
2021-07-06,92.55000305175781,1793.5,73.37000274658203,16.440000534057617,6047.11083984375,4343.5400390625,1.3700000047683716
2021-07-07,92.63999938964844,1801.5,72.19999694824219,16.200000762939453,6044.037109375,4358.1298828125,1.3209999799728394
2021-07-08,92.36000061035156,1799.5999755859375,72.94000244140625,19.0,6039.89599609375,4320.81982421875,1.2879999876022339
2021-07-09,92.12999725341797,1810.0,74.55999755859375,16.18000030517578,6039.84423828125,4369.5498046875,1.3559999465942383
2021-07-12,92.2300033569336,1805.5,74.0999984741211,16.170000076293945,6078.56787109375,4384.6298828125,1.3630000352859497
2021-07-13,92.75,1809.4000244140625,75.25,17.1200008392334,6012.0322265625,4369.2099609375,1.4149999618530273
2021-07-14,92.41000366210938,1824.300048828125,73.12999725341797,16.329999923706055,5979.21484375,4374.2998046875,1.3559999465942383
2021-07-15,92.62000274658203,1828.4000244140625,71.6500015258789,17.010000228881836,6046.75390625,4360.02978515625,1.2970000505447388
2021-07-16,92.69000244140625,1814.5,71.80999755859375,18.450000762939453,6072.509765625,4327.16015625,1.2999999523162842
2021-07-19,92.88999938964844,1808.699951171875,66.41999816894531,22.5,6017.39404296875,4258.490234375,1.180999994277954
2021-07-20,92.97000122070312,1810.9000244140625,67.41999816894531,19.729999542236328,,4323.06005859375,1.2089999914169312
2021-07-21,92.75,1802.9000244140625,70.30000305175781,17.90999984741211,6029.97607421875,4358.68994140625,1.2799999713897705
2021-07-22,92.81999969482422,1805.0,71.91000366210938,17.690000534057617,6137.546875,4367.47998046875,1.2649999856948853
2021-07-23,92.91000366210938,1801.4000244140625,72.06999969482422,17.200000762939453,6101.68994140625,4411.7900390625,1.2860000133514404
2021-07-26,92.6500015258789,1798.699951171875,71.91000366210938,17.579999923706055,6106.39404296875,4422.2998046875,1.2760000228881836
2021-07-27,92.43000030517578,1799.5,71.6500015258789,19.360000610351562,6097.048828125,4401.4599609375,1.2339999675750732
2021-07-28,92.31999969482422,1799.5,72.38999938964844,18.309999465942383,6088.52294921875,4400.64013671875,1.2610000371932983
2021-07-29,91.86000061035156,1831.199951171875,73.62000274658203,17.700000762939453,6120.72705078125,4419.14990234375,1.2690000534057617
2021-07-30,92.16999816894531,1812.5999755859375,73.94999694824219,18.239999771118164,6070.0390625,4395.259765625,1.2389999628067017
2021-08-02,92.05000305175781,1818.0999755859375,71.26000213623047,19.459999084472656,6096.54296875,4387.16015625,1.1740000247955322
2021-08-03,92.08000183105469,1810.0999755859375,70.55999755859375,18.040000915527344,6130.57080078125,4423.14990234375,1.1759999990463257
2021-08-04,92.2699966430664,1810.5,68.1500015258789,17.969999313354492,6159.03515625,4402.66015625,1.184000015258789
2021-08-05,92.23999786376953,1805.0999755859375,69.08999633789062,17.280000686645508,6205.4169921875,4429.10009765625,1.2170000076293945
2021-08-06,92.80000305175781,1760.0,68.27999877929688,16.149999618530273,6203.43115234375,4436.52001953125,1.2899999618530273
2021-08-09,92.94999694824219,1723.4000244140625,66.4800033569336,16.719999313354492,6127.4560546875,4432.35009765625,1.3170000314712524
2021-08-10,93.05999755859375,1728.800048828125,68.29000091552734,16.790000915527344,6088.408203125,4436.75,1.3420000076293945
2021-08-11,92.91000366210938,1750.4000244140625,69.25,16.170000076293945,,4442.41015625,1.3289999961853027
2021-08-12,93.04000091552734,1749.0,69.08999633789062,15.59000015258789,6139.65185546875,4460.830078125,1.3669999837875366
2021-08-13,92.5199966430664,1775.199951171875,68.44000244140625,15.449999809265137,6139.4921875,4468.0,1.2970000505447388
2021-08-16,92.62999725341797,1786.9000244140625,67.29000091552734,16.1200008392334,6087.9130859375,4479.7099609375,1.2569999694824219
2021-08-17,93.12999725341797,1785.0,66.58999633789062,17.90999984741211,,4448.080078125,1.2580000162124634
2021-08-18,93.13999938964844,1781.5999755859375,65.45999908447266,21.56999969482422,6118.14990234375,4400.27001953125,1.2730000019073486
2021-08-19,93.56999969482422,1780.199951171875,63.689998626708984,21.670000076293945,5992.32177734375,4405.7998046875,1.2419999837875366
2021-08-20,93.5,1781.0,62.31999969482422,18.559999465942383,6030.77197265625,4441.669921875,1.2599999904632568
2021-08-23,92.95999908447266,1803.199951171875,65.63999938964844,17.149999618530273,6109.828125,4479.52978515625,1.2549999952316284
2021-08-24,92.88999938964844,1805.5999755859375,67.54000091552734,17.219999313354492,6089.4970703125,4486.22998046875,1.2899999618530273
2021-08-25,92.83000183105469,1788.199951171875,68.36000061035156,16.790000915527344,6113.240234375,4496.18994140625,1.3420000076293945
2021-08-26,93.05999755859375,1792.199951171875,67.41999816894531,18.84000015258789,6058.080078125,4470.0,1.3420000076293945
2021-08-27,92.69000244140625,1816.5999755859375,68.73999786376953,16.389999389648438,6041.3662109375,4509.3701171875,1.312000036239624
2021-08-30,92.6500015258789,1809.0,69.20999908447266,16.190000534057617,6144.90185546875,4528.7900390625,1.284999966621399
2021-08-31,92.62999725341797,1815.0,68.5,16.479999542236328,6150.298828125,4522.68017578125,1.3040000200271606
2021-09-01,92.44999694824219,1813.0999755859375,68.58999633789062,16.110000610351562,6090.93310546875,4524.08984375,1.3020000457763672
2021-09-02,92.2300033569336,1808.699951171875,69.98999786376953,16.40999984741211,6078.22900390625,4536.9501953125,1.2940000295639038
2021-09-03,92.04000091552734,1830.9000244140625,69.29000091552734,16.40999984741211,6126.9208984375,4535.43017578125,1.3220000267028809
2021-09-06,,,,,6126.93798828125,,
2021-09-07,92.5199966430664,1795.9000244140625,68.3499984741211,18.139999389648438,6112.39990234375,4520.02978515625,1.3700000047683716
2021-09-08,92.6500015258789,1790.699951171875,69.30000305175781,17.959999084472656,6026.02001953125,4514.06982421875,1.3339999914169312
2021-09-09,92.4800033569336,1797.4000244140625,68.13999938964844,18.799999237060547,6068.21923828125,4493.27978515625,1.2990000247955322
2021-09-10,92.58000183105469,1789.5999755859375,69.72000122070312,20.950000762939453,6094.873046875,4458.580078125,1.340999960899353
2021-09-13,92.62000274658203,1792.0,70.44999694824219,19.3700008392334,6088.1572265625,4468.72998046875,1.3240000009536743
2021-09-14,92.6500015258789,1804.699951171875,70.45999908447266,19.459999084472656,6129.09521484375,4443.0498046875,1.2769999504089355
2021-09-15,92.48999786376953,1792.4000244140625,72.61000061035156,18.18000030517578,6110.22900390625,4480.7001953125,1.3040000200271606
2021-09-16,92.86000061035156,1754.5999755859375,72.61000061035156,18.690000534057617,6109.94189453125,4473.75,1.3309999704360962
2021-09-17,93.19999694824219,1749.4000244140625,71.97000122070312,20.809999465942383,6133.24609375,4432.990234375,1.3700000047683716
2021-09-20,93.23999786376953,1761.800048828125,70.29000091552734,25.709999084472656,6076.31494140625,4357.72998046875,1.309000015258789
2021-09-21,93.19999694824219,1776.0,70.55999755859375,24.360000610351562,6060.7568359375,4354.18994140625,1.3240000009536743
2021-09-22,93.45999908447266,1776.699951171875,72.2300033569336,20.8700008392334,6108.26513671875,4395.64013671875,1.3359999656677246
2021-09-23,93.0999984741211,1747.699951171875,73.30000305175781,18.6299991607666,6142.7119140625,4448.97998046875,1.409999966621399
2021-09-24,93.33000183105469,1749.699951171875,73.9800033569336,17.75,6144.81494140625,4455.47998046875,1.4600000381469727
2021-09-27,93.37999725341797,1750.0,75.44999694824219,18.760000228881836,6122.4951171875,4443.10986328125,1.4839999675750732
2021-09-28,93.7699966430664,1735.800048828125,75.29000091552734,23.25,6113.11181640625,4352.6298828125,1.534000039100647
2021-09-29,94.33999633789062,1721.5,74.83000183105469,22.559999465942383,6162.55419921875,4359.4599609375,1.5410000085830688
2021-09-30,94.25,1755.300048828125,75.02999877929688,23.139999389648438,6286.94287109375,4307.5400390625,1.5290000438690186
2021-10-01,94.04000091552734,1757.0,75.87999725341797,21.100000381469727,6228.84521484375,4357.0400390625,1.4789999723434448
2021-10-04,93.80999755859375,1766.199951171875,77.62000274658203,22.959999084472656,6342.68603515625,4300.4599609375,1.4809999465942383
2021-10-05,93.9800033569336,1759.5999755859375,78.93000030517578,21.299999237060547,6288.048828125,4345.72021484375,1.5290000438690186
2021-10-06,94.2699966430664,1760.5,77.43000030517578,21.0,6417.3232421875,4363.5498046875,1.5240000486373901
2021-10-07,94.22000122070312,1757.9000244140625,78.30000305175781,19.540000915527344,6416.39599609375,4399.759765625,1.5709999799728394
2021-10-08,94.06999969482422,1756.300048828125,79.3499984741211,18.770000457763672,6481.76904296875,4391.33984375,1.6050000190734863
2021-10-11,94.31999969482422,1754.5999755859375,80.5199966430664,20.0,6459.69677734375,4361.18994140625,1.6139999628067017
2021-10-12,94.5199966430664,1758.300048828125,80.63999938964844,19.850000381469727,6486.26708984375,4350.64990234375,1.5800000429153442
2021-10-13,94.08000183105469,1793.699951171875,80.44000244140625,18.639999389648438,6536.90380859375,4363.7998046875,1.5490000247955322
2021-10-14,93.95999908447266,1796.699951171875,81.30999755859375,16.860000610351562,6626.11376953125,4438.259765625,1.5190000534057617
2021-10-15,93.94000244140625,1767.199951171875,82.27999877929688,16.299999237060547,6633.337890625,4471.3701171875,1.5759999752044678
2021-10-18,93.94999694824219,1764.800048828125,82.44000244140625,16.309999465942383,6658.76806640625,4486.4599609375,1.5839999914169312
2021-10-19,93.79000091552734,1769.699951171875,82.95999908447266,15.699999809265137,6655.998046875,4519.6298828125,1.6349999904632568
2021-10-20,93.55999755859375,1784.0999755859375,83.87000274658203,15.489999771118164,,4536.18994140625,1.6360000371932983
2021-10-21,93.7699966430664,1781.199951171875,82.5,15.010000228881836,6632.97216796875,4549.77978515625,1.6759999990463257
2021-10-22,93.61000061035156,1795.5,83.76000213623047,15.430000305175781,6643.73779296875,4544.89990234375,1.6549999713897705
2021-10-25,93.80999755859375,1806.0,83.76000213623047,15.239999771118164,6625.69677734375,4566.47998046875,1.6349999904632568
2021-10-26,93.94999694824219,1792.699951171875,84.6500015258789,15.979999542236328,6656.93701171875,4574.7900390625,1.61899995803833
2021-10-27,93.86000061035156,1797.9000244140625,82.66000366210938,16.979999542236328,6602.208984375,4551.68017578125,1.5290000438690186
2021-10-28,93.3499984741211,1801.5999755859375,82.80999755859375,16.530000686645508,6524.076171875,4596.419921875,1.5679999589920044
2021-10-29,94.12000274658203,1783.0,83.56999969482422,16.260000228881836,6591.34619140625,4605.3798828125,1.5570000410079956
2021-11-01,93.87999725341797,1795.0999755859375,84.05000305175781,16.40999984741211,6552.88916015625,4613.669921875,1.5750000476837158
2021-11-02,94.08999633789062,1788.699951171875,83.91000366210938,16.030000686645508,6493.27490234375,4630.64990234375,1.5490000247955322
2021-11-03,93.86000061035156,1763.5999755859375,80.86000061035156,15.100000381469727,6552.1298828125,4660.56982421875,1.5789999961853027
2021-11-04,94.3499984741211,1793.0,78.80999755859375,15.4399995803833,6586.44287109375,4680.06005859375,1.5240000486373901
2021-11-05,94.31999969482422,1816.4000244140625,81.2699966430664,16.479999542236328,6581.78515625,4697.52978515625,1.4529999494552612
2021-11-08,94.05000305175781,1827.4000244140625,81.93000030517578,17.219999313354492,6632.296875,4701.7001953125,1.496999979019165
2021-11-09,93.95999908447266,1830.199951171875,84.1500015258789,17.780000686645508,6669.9248046875,4685.25,1.4320000410079956
2021-11-10,94.8499984741211,1847.5999755859375,81.33999633789062,18.729999542236328,6683.14501953125,4646.7099609375,1.559999942779541
2021-11-11,95.18000030517578,1863.199951171875,81.58999633789062,17.65999984741211,6691.341796875,4649.27001953125,1.559999942779541
2021-11-12,95.12999725341797,1867.9000244140625,80.79000091552734,16.290000915527344,6651.05419921875,4682.85009765625,1.5820000171661377
2021-11-15,95.41000366210938,1866.0999755859375,80.87999725341797,16.489999771118164,6616.02880859375,4682.7998046875,1.6230000257492065
2021-11-16,95.91999816894531,1853.5999755859375,80.76000213623047,16.3700008392334,6651.20703125,4700.89990234375,1.6339999437332153
2021-11-17,95.83000183105469,1869.699951171875,78.36000061035156,17.110000610351562,6675.80419921875,4688.669921875,1.6039999723434448
2021-11-18,95.54000091552734,1861.0,79.01000213623047,17.59000015258789,6636.46923828125,4704.5400390625,1.5889999866485596
2021-11-19,96.06999969482422,1851.199951171875,76.0999984741211,17.90999984741211,6720.26318359375,4697.9599609375,1.5360000133514404
2021-11-22,96.5,1806.0,76.75,19.170000076293945,6723.38623046875,4682.93994140625,1.625
2021-11-23,96.48999786376953,1783.5,78.5,19.3799991607666,6677.8759765625,4690.7001953125,1.6670000553131104
2021-11-24,96.83999633789062,1784.0999755859375,78.38999938964844,18.579999923706055,6683.27685546875,4701.4599609375,1.6449999809265137
2021-11-25,,,,,6699.34619140625,,
2021-11-26,96.08999633789062,1785.300048828125,68.1500015258789,28.6200008392334,6561.55322265625,4594.6201171875,1.4819999933242798
2021-11-29,96.33999633789062,1782.300048828125,69.94999694824219,22.959999084472656,6608.2900390625,4655.27001953125,1.5299999713897705
2021-11-30,95.98999786376953,1773.5999755859375,66.18000030517578,27.190000534057617,6533.93212890625,4567.0,1.4429999589920044
2021-12-01,96.05000305175781,1781.5999755859375,65.56999969482422,31.1200008392334,6507.6767578125,4513.0400390625,1.434000015258789
2021-12-02,96.12999725341797,1760.699951171875,66.5,27.950000762939453,6583.81982421875,4577.10009765625,1.4479999542236328
2021-12-03,96.12000274658203,1782.0,66.26000213623047,30.670000076293945,6538.505859375,4538.43017578125,1.343000054359436
2021-12-06,96.29000091552734,1777.5,69.48999786376953,27.18000030517578,6547.1162109375,4591.669921875,1.434000015258789
2021-12-07,96.37000274658203,1782.5999755859375,72.05000305175781,21.889999389648438,6602.56884765625,4686.75,1.4800000190734863
2021-12-08,95.88999938964844,1783.4000244140625,72.36000061035156,19.899999618530273,6603.7978515625,4701.2099609375,1.5089999437332153
2021-12-09,96.2699966430664,1774.5999755859375,70.94000244140625,21.579999923706055,6643.93212890625,4667.4501953125,1.4869999885559082
2021-12-10,96.05000305175781,1782.9000244140625,71.66999816894531,18.690000534057617,6652.921875,4712.02001953125,1.4889999628067017
2021-12-13,96.31999969482422,1786.300048828125,71.29000091552734,20.309999465942383,6662.87109375,4668.97021484375,1.4240000247955322
2021-12-14,96.56999969482422,1770.4000244140625,70.7300033569336,21.889999389648438,6615.63720703125,4634.08984375,1.437999963760376
2021-12-15,96.51000213623047,1762.5999755859375,70.87000274658203,19.290000915527344,6626.2568359375,4709.85009765625,1.4630000591278076
2021-12-16,96.04000091552734,1796.5999755859375,72.37999725341797,20.56999969482422,6594.7978515625,4668.669921875,1.4220000505447388
2021-12-17,96.56999969482422,1803.800048828125,70.86000061035156,21.56999969482422,6601.93212890625,4620.64013671875,1.4019999504089355
2021-12-20,96.55000305175781,1793.699951171875,68.2300033569336,22.8700008392334,6547.11181640625,4568.02001953125,1.4190000295639038
2021-12-21,96.48999786376953,1787.9000244140625,71.12000274658203,21.010000228881836,6554.30908203125,4649.22998046875,1.4869999885559082
2021-12-22,96.08000183105469,1801.5999755859375,72.76000213623047,18.6299991607666,6529.5927734375,4696.56005859375,1.4570000171661377
2021-12-23,96.0199966430664,1811.199951171875,73.79000091552734,17.959999084472656,6555.55078125,4725.7900390625,1.4930000305175781
2021-12-24,,,,,6562.89990234375,,
2021-12-27,96.08999633789062,1808.0999755859375,75.56999969482422,17.68000030517578,6575.44384765625,4791.18994140625,1.4809999465942383
2021-12-28,96.19999694824219,1810.199951171875,75.9800033569336,17.540000915527344,6598.3427734375,4786.35009765625,1.4809999465942383
2021-12-29,95.93000030517578,1805.0999755859375,76.55999755859375,16.950000762939453,6600.6767578125,4793.06005859375,1.5429999828338623
2021-12-30,95.97000122070312,1812.699951171875,76.98999786376953,17.329999923706055,6581.48193359375,4778.72998046875,1.5149999856948853
2021-12-31,95.66999816894531,1827.5,75.20999908447266,17.219999313354492,,4766.18017578125,1.5119999647140503
2022-01-03,96.23999786376953,1799.4000244140625,76.08000183105469,16.600000381469727,6665.30810546875,4796.56005859375,1.628000020980835
2022-01-04,96.29000091552734,1814.0,76.98999786376953,16.90999984741211,6695.373046875,4793.5400390625,1.6679999828338623
2022-01-05,96.19000244140625,1824.5999755859375,77.8499984741211,19.729999542236328,6662.298828125,4700.580078125,1.7050000429153442
2022-01-06,96.25,1788.699951171875,79.45999908447266,19.610000610351562,6653.35107421875,4696.0498046875,1.7330000400543213
2022-01-07,95.73999786376953,1797.0,78.9000015258789,18.760000228881836,6701.31591796875,4677.02978515625,1.7710000276565552
2022-01-10,95.98999786376953,1798.4000244140625,78.2300033569336,19.399999618530273,6691.1240234375,4670.2900390625,1.7799999713897705
2022-01-11,95.62000274658203,1818.5999755859375,81.22000122070312,18.40999984741211,6647.97021484375,4713.06982421875,1.746000051498413
2022-01-12,95.0,1827.199951171875,82.63999938964844,17.6200008392334,6647.06494140625,4726.35009765625,1.725000023841858
2022-01-13,94.79000091552734,1821.199951171875,82.12000274658203,20.309999465942383,6658.35595703125,4659.02978515625,1.7109999656677246
2022-01-14,95.16999816894531,1816.5,83.81999969482422,19.190000534057617,6693.40087890625,4662.85009765625,1.7719999551773071
2022-01-17,,,,,6645.0478515625,,
2022-01-18,95.7300033569336,1812.300048828125,85.43000030517578,22.790000915527344,6614.05908203125,4577.10986328125,1.8650000095367432
2022-01-19,95.51000213623047,1843.0999755859375,86.95999908447266,23.850000381469727,6591.98095703125,4532.759765625,1.8270000219345093
2022-01-20,95.73999786376953,1842.5,86.9000015258789,25.59000015258789,6626.87109375,4482.72998046875,1.8329999446868896
2022-01-21,95.63999938964844,1831.800048828125,85.13999938964844,28.850000381469727,6726.373046875,4397.93994140625,1.746999979019165
2022-01-24,95.91999816894531,1841.699951171875,83.30999755859375,29.899999618530273,6655.166015625,4410.1298828125,1.7350000143051147
2022-01-25,95.94999694824219,1852.699951171875,85.5999984741211,31.15999984741211,6568.1728515625,4356.4501953125,1.7829999923706055
2022-01-26,96.48999786376953,1829.9000244140625,87.3499984741211,31.959999084472656,6600.81884765625,4349.93017578125,1.8480000495910645
2022-01-27,97.26000213623047,1793.300048828125,86.61000061035156,30.489999771118164,6611.1611328125,4326.509765625,1.8070000410079956
2022-01-28,97.2699966430664,1784.9000244140625,86.81999969482422,27.65999984741211,6645.51123046875,4431.85009765625,1.781999945640564
2022-01-31,96.54000091552734,1795.0,88.1500015258789,24.829999923706055,6631.15087890625,4515.5498046875,1.781999945640564
2022-02-01,96.38999938964844,1800.300048828125,88.19999694824219,21.959999084472656,,4546.5400390625,1.7999999523162842
2022-02-02,95.94000244140625,1809.199951171875,88.26000213623047,22.09000015258789,6707.65185546875,4589.3798828125,1.7660000324249268
2022-02-03,95.37999725341797,1803.0,90.2699966430664,24.350000381469727,6683.85107421875,4477.43994140625,1.8270000219345093
2022-02-04,95.4800033569336,1806.5999755859375,92.30999755859375,23.219999313354492,6731.39111328125,4500.52978515625,1.9299999475479126
2022-02-07,95.4000015258789,1820.5999755859375,91.31999969482422,22.860000610351562,6804.93701171875,4483.8701171875,1.9160000085830688
2022-02-08,95.63999938964844,1826.5999755859375,89.36000061035156,21.440000534057617,6789.52197265625,4521.5400390625,1.9539999961853027
2022-02-09,95.48999786376953,1835.199951171875,89.66000366210938,19.959999084472656,6834.60595703125,4587.18017578125,1.9290000200271606
2022-02-10,95.55000305175781,1836.199951171875,89.87999725341797,23.90999984741211,6823.64208984375,4504.080078125,2.0309998989105225
2022-02-11,96.08000183105469,1840.800048828125,93.0999984741211,27.360000610351562,6815.60693359375,4418.64013671875,1.9550000429153442
2022-02-14,96.37000274658203,1868.0,95.45999908447266,28.329999923706055,6734.48583984375,4401.669921875,1.996000051498413
2022-02-15,95.98999786376953,1854.800048828125,92.06999969482422,25.700000762939453,6807.4970703125,4471.06982421875,2.0450000762939453
2022-02-16,95.69999694824219,1870.199951171875,93.66000366210938,24.290000915527344,6850.1982421875,4475.009765625,2.046999931335449
2022-02-17,95.80000305175781,1900.699951171875,91.76000213623047,28.110000610351562,6835.1171875,4380.259765625,1.972000002861023
2022-02-18,96.04000091552734,1898.5999755859375,91.06999969482422,27.75,6892.81787109375,4348.8701171875,1.9320000410079956
2022-02-21,,,,,6902.96484375,,
2022-02-22,96.02999877929688,1906.0999755859375,92.3499984741211,28.809999465942383,6861.994140625,4304.759765625,1.9479999542236328
2022-02-23,96.19000244140625,1909.199951171875,92.0999984741211,31.020000457763672,6920.05615234375,4225.5,1.9769999980926514
2022-02-24,97.13999938964844,1925.0999755859375,92.80999755859375,30.31999969482422,6817.81982421875,4288.7001953125,1.968999981880188
2022-02-25,96.62000274658203,1886.5,91.58999633789062,27.59000015258789,6888.1708984375,4384.64990234375,1.9859999418258667
2022-02-28,96.70999908447266,1899.4000244140625,95.72000122070312,30.149999618530273,,4373.93994140625,1.8389999866485596
2022-03-01,97.41000366210938,1942.4000244140625,103.41000366210938,33.31999969482422,6921.44091796875,4306.259765625,1.7070000171661377
2022-03-02,97.38999938964844,1920.9000244140625,110.5999984741211,30.739999771118164,6868.40185546875,4386.5400390625,1.8650000095367432
2022-03-03,97.79000091552734,1934.4000244140625,107.66999816894531,30.479999542236328,,4363.490234375,1.843999981880188
2022-03-04,98.6500015258789,1965.0999755859375,115.68000030517578,31.979999542236328,6928.328125,4328.8701171875,1.7239999771118164
2022-03-07,99.29000091552734,1993.9000244140625,119.4000015258789,36.45000076293945,6869.06591796875,4201.08984375,1.7510000467300415
2022-03-08,99.05999755859375,2040.0999755859375,123.69999694824219,35.130001068115234,6814.18310546875,4170.7001953125,1.871999979019165
2022-03-09,97.97000122070312,1985.9000244140625,108.69999694824219,32.45000076293945,6864.44091796875,4277.8798828125,1.9479999542236328
2022-03-10,98.51000213623047,1998.0999755859375,106.0199966430664,30.229999542236328,6924.0078125,4259.52001953125,2.010999917984009
2022-03-11,99.12000274658203,1982.699951171875,109.33000183105469,30.75,6922.60205078125,4204.31005859375,2.003999948501587
2022-03-14,99.05999755859375,1959.5999755859375,103.01000213623047,31.770000457763672,6952.2041015625,4173.10986328125,2.140000104904175
2022-03-15,99.06999969482422,1928.5,96.44000244140625,29.829999923706055,6918.18505859375,4262.4501953125,2.1600000858306885
2022-03-16,98.37999725341797,1908.0,95.04000091552734,26.670000076293945,6992.39501953125,4357.85986328125,2.187999963760376
2022-03-17,98.01000213623047,1942.0999755859375,102.9800033569336,25.670000076293945,6964.384765625,4411.669921875,2.191999912261963
2022-03-18,98.2300033569336,1928.199951171875,104.69999694824219,23.8700008392334,6954.96484375,4463.1201171875,2.1480000019073486
2022-03-21,98.5,1928.5999755859375,112.12000274658203,23.530000686645508,6955.18115234375,4461.18017578125,2.315000057220459
2022-03-22,98.48999786376953,1920.699951171875,111.76000213623047,22.940000534057617,7000.82177734375,4511.60986328125,2.372999906539917
2022-03-23,98.62000274658203,1936.5999755859375,114.93000030517578,23.56999969482422,6996.115234375,4456.240234375,2.321000099182129
2022-03-24,98.79000091552734,1961.5999755859375,112.33999633789062,21.670000076293945,7049.68505859375,4520.16015625,2.3410000801086426
2022-03-25,98.80999755859375,1953.800048828125,113.9000015258789,20.809999465942383,7002.5322265625,4543.06005859375,2.492000102996826
2022-03-28,99.08999633789062,1939.5999755859375,105.95999908447266,19.6299991607666,7049.60302734375,4575.52001953125,2.4769999980926514
2022-03-29,98.4000015258789,1912.0,104.23999786376953,18.899999618530273,7011.68896484375,4631.60009765625,2.4000000953674316
2022-03-30,97.79000091552734,1933.5,107.81999969482422,19.329999923706055,7053.18994140625,4602.4501953125,2.3580000400543213
2022-03-31,98.30999755859375,1949.199951171875,100.27999877929688,20.559999465942383,7071.44189453125,4530.41015625,2.3269999027252197
2022-04-01,98.62999725341797,1919.0999755859375,99.2699966430664,19.6299991607666,7078.759765625,4545.85986328125,2.377000093460083
2022-04-04,98.98999786376953,1929.199951171875,103.27999877929688,18.56999969482422,7116.2177734375,4582.64013671875,2.4119999408721924
2022-04-05,99.47000122070312,1922.9000244140625,101.95999908447266,21.030000686645508,7148.298828125,4525.1201171875,2.555999994277954
2022-04-06,99.5999984741211,1918.4000244140625,96.2300033569336,22.100000381469727,7104.2158203125,4481.14990234375,2.6089999675750732
2022-04-07,99.75,1933.800048828125,96.02999877929688,21.549999237060547,7127.3671875,4500.2099609375,2.6519999504089355
2022-04-08,99.80000305175781,1941.5999755859375,98.26000213623047,21.15999984741211,7210.8349609375,4488.27978515625,2.7130000591278076
2022-04-11,99.93000030517578,1944.300048828125,94.29000091552734,24.3700008392334,7203.7939453125,4412.52978515625,2.7799999713897705
2022-04-12,100.29000091552734,1972.0999755859375,100.5999984741211,24.260000228881836,7214.78076171875,4397.4501953125,2.7249999046325684
2022-04-13,99.87999725341797,1981.0,104.25,21.81999969482422,7262.77685546875,4446.58984375,2.687000036239624
2022-04-14,100.31999969482422,1970.9000244140625,106.94999694824219,22.700000762939453,7235.5322265625,4392.58984375,2.828000068664551
2022-04-18,100.77999877929688,1982.9000244140625,108.20999908447266,22.170000076293945,7275.2890625,4391.68994140625,2.861999988555908
2022-04-19,100.95999908447266,1955.699951171875,102.55999755859375,21.3700008392334,7199.23193359375,4462.2099609375,2.9130001068115234
2022-04-20,100.38999938964844,1952.300048828125,102.75,20.31999969482422,7227.36181640625,4459.4501953125,2.8399999141693115
2022-04-21,100.58000183105469,1944.9000244140625,103.79000091552734,22.68000030517578,7276.19287109375,4393.66015625,2.9170000553131104
2022-04-22,101.22000122070312,1931.0,102.06999969482422,28.209999084472656,7225.60595703125,4271.77978515625,2.9059998989105225
2022-04-25,101.75,1893.199951171875,98.54000091552734,27.020000457763672,7215.97900390625,4296.1201171875,2.8259999752044678
2022-04-26,102.30000305175781,1901.4000244140625,101.69999694824219,33.52000045776367,7232.15283203125,4175.2001953125,2.7720000743865967
2022-04-27,102.94999694824219,1885.9000244140625,102.0199966430664,31.600000381469727,7196.76416015625,4183.9599609375,2.818000078201294
2022-04-28,103.62000274658203,1888.699951171875,105.36000061035156,29.989999771118164,7228.9140625,4287.5,2.86299991607666
2022-04-29,102.95999908447266,1909.300048828125,104.69000244140625,33.400001525878906,,4131.93017578125,2.88700008392334
2022-05-02,103.73999786376953,1861.800048828125,105.16999816894531,32.34000015258789,,4155.3798828125,2.996000051498413
2022-05-03,103.47000122070312,1868.800048828125,102.41000366210938,29.25,,4175.47998046875,2.9600000381469727
2022-05-04,102.58999633789062,1867.0,107.80999755859375,25.420000076293945,,4300.169921875,2.9170000553131104
2022-05-05,103.75,1874.0,108.26000213623047,31.200000762939453,,4146.8701171875,3.065999984741211
2022-05-06,103.66000366210938,1881.199951171875,109.7699966430664,30.190000534057617,,4123.33984375,3.122999906539917
2022-05-09,103.6500015258789,1857.0999755859375,103.08999633789062,34.75,6909.7509765625,3991.239990234375,3.0789999961853027
2022-05-10,103.91999816894531,1839.9000244140625,99.76000213623047,32.9900016784668,6819.7939453125,4001.050048828125,2.993000030517578
2022-05-11,103.8499984741211,1852.5999755859375,105.70999908447266,32.560001373291016,6816.203125,3935.179931640625,2.9210000038146973
2022-05-12,104.8499984741211,1823.800048828125,106.12999725341797,31.770000457763672,6599.83984375,3930.080078125,2.816999912261963
2022-05-13,104.55999755859375,1807.4000244140625,110.48999786376953,28.8700008392334,6597.9931640625,4023.889892578125,2.934999942779541
2022-05-16,104.19000244140625,1813.5,114.19999694824219,27.469999313354492,,4008.010009765625,2.877000093460083
2022-05-17,103.36000061035156,1818.199951171875,112.4000015258789,26.100000381469727,6644.466796875,4088.85009765625,2.9679999351501465
2022-05-18,103.80999755859375,1815.9000244140625,109.58999633789062,30.959999084472656,6793.4140625,3923.679931640625,2.885999917984009
2022-05-19,102.72000122070312,1841.199951171875,112.20999908447266,29.350000381469727,6823.3349609375,3900.7900390625,2.8550000190734863
2022-05-20,103.1500015258789,1841.800048828125,113.2300033569336,29.43000030517578,6918.14404296875,3901.360107421875,2.7869999408721924
2022-05-23,102.08000183105469,1847.800048828125,110.29000091552734,28.479999542236328,6840.77490234375,3973.75,2.8589999675750732
2022-05-24,101.86000061035156,1865.0999755859375,109.7699966430664,29.450000762939453,6914.14111328125,3941.47998046875,2.759999990463257
2022-05-25,102.05999755859375,1846.199951171875,110.33000183105469,28.3700008392334,6883.50390625,3978.72998046875,2.749000072479248
2022-05-26,101.83000183105469,1847.4000244140625,114.08999633789062,27.5,,4057.840087890625,2.75600004196167
2022-05-27,101.66999816894531,1851.300048828125,115.06999969482422,25.719999313354492,7026.255859375,4158.240234375,2.743000030517578
2022-05-30,,,,,7037.56494140625,,
2022-05-31,101.75,1842.699951171875,114.66999816894531,26.190000534057617,7148.97021484375,4132.14990234375,2.8440001010894775
2022-06-01,102.55000305175781,1843.300048828125,115.26000213623047,25.690000534057617,,4101.22998046875,2.930999994277954
2022-06-02,101.7699966430664,1866.5,116.87000274658203,24.719999313354492,7148.72314453125,4176.81982421875,2.9130001068115234
2022-06-03,102.13999938964844,1845.4000244140625,118.87000274658203,24.790000915527344,7182.9609375,4108.5400390625,2.9570000171661377
2022-06-06,102.44000244140625,1839.199951171875,118.5,25.06999969482422,7096.58203125,4121.43017578125,3.0380001068115234
2022-06-07,102.31999969482422,1847.5,119.41000366210938,24.020000457763672,7141.044921875,4160.68017578125,2.9719998836517334
2022-06-08,102.54000091552734,1851.9000244140625,122.11000061035156,23.959999084472656,7193.31396484375,4115.77001953125,3.0290000438690186
2022-06-09,103.22000122070312,1848.800048828125,121.51000213623047,26.09000015258789,7182.830078125,4017.820068359375,3.0439999103546143
2022-06-10,104.1500015258789,1871.5,120.66999816894531,27.75,7086.64794921875,3900.860107421875,3.1559998989105225
2022-06-13,105.08000183105469,1828.0,120.93000030517578,34.02000045776367,6995.44189453125,3749.6298828125,3.365999937057495
2022-06-14,105.5199966430664,1809.5,118.93000030517578,32.689998626708984,7049.8818359375,3735.47998046875,3.4830000400543213
2022-06-15,105.16000366210938,1815.300048828125,115.30999755859375,29.6200008392334,7007.0498046875,3789.989990234375,3.3949999809265137
2022-06-16,103.62999725341797,1845.699951171875,117.58999633789062,32.95000076293945,7050.326171875,3666.77001953125,3.306999921798706
2022-06-17,104.69999694824219,1835.5999755859375,109.55999755859375,31.1299991607666,6936.966796875,3674.840087890625,3.239000082015991
2022-06-20,,,,,6976.376953125,,
2022-06-21,104.44000244140625,1834.5999755859375,110.6500015258789,30.190000534057617,7044.07080078125,3764.7900390625,3.306999921798706
2022-06-22,104.19999694824219,1834.300048828125,106.19000244140625,28.950000762939453,6984.31103515625,3759.889892578125,3.1559998989105225
2022-06-23,104.43000030517578,1825.699951171875,104.2699966430664,29.049999237060547,6998.26708984375,3795.72998046875,3.068000078201294
2022-06-24,104.19000244140625,1826.5,107.62000274658203,27.229999542236328,7042.93701171875,3911.739990234375,3.125
2022-06-27,103.94000244140625,1820.9000244140625,109.56999969482422,26.950000762939453,7016.05517578125,3900.110107421875,3.194000005722046
2022-06-28,104.51000213623047,1817.5,111.76000213623047,28.360000610351562,6996.4560546875,3821.550048828125,3.2060000896453857
2022-06-29,105.11000061035156,1813.699951171875,109.77999877929688,28.15999984741211,6942.35107421875,3818.830078125,3.0929999351501465
2022-06-30,104.69000244140625,1804.0999755859375,105.76000213623047,28.709999084472656,6911.58203125,3785.3798828125,2.9719998836517334
2022-07-01,105.13999938964844,1798.9000244140625,108.43000030517578,26.700000762939453,6794.328125,3825.330078125,2.8889999389648438
2022-07-04,,,,,6639.171875,,
2022-07-05,106.5,1761.800048828125,99.5,27.540000915527344,6703.26611328125,3831.389892578125,2.809000015258789
2022-07-06,107.0999984741211,1734.9000244140625,98.52999877929688,26.729999542236328,6646.41015625,3845.080078125,2.9130001068115234
2022-07-07,107.12999725341797,1737.9000244140625,102.7300033569336,26.079999923706055,6652.5869140625,3902.6201171875,3.007999897003174
2022-07-08,107.01000213623047,1740.5999755859375,104.79000091552734,24.639999389648438,6740.21923828125,3899.3798828125,3.1010000705718994
2022-07-11,108.0199966430664,1730.0,104.08999633789062,26.170000076293945,6722.14501953125,3854.429931640625,2.990999937057495
2022-07-12,108.06999969482422,1723.300048828125,95.83999633789062,27.290000915527344,6718.2939453125,3818.800048828125,2.9579999446868896
2022-07-13,107.95999908447266,1734.199951171875,96.30000305175781,26.81999969482422,6640.990234375,3801.780029296875,2.9040000438690186
2022-07-14,108.54000091552734,1704.5,95.77999877929688,26.399999618530273,6690.0869140625,3790.3798828125,2.9600000381469727
2022-07-15,108.05999755859375,1702.4000244140625,97.58999633789062,24.229999542236328,6651.90478515625,3863.159912109375,2.930000066757202
2022-07-18,107.37000274658203,1709.199951171875,102.5999984741211,25.299999237060547,6659.2529296875,3830.85009765625,2.9600000381469727
2022-07-19,106.68000030517578,1710.0,104.22000122070312,24.5,6736.091796875,3936.68994140625,3.0190000534057617
2022-07-20,107.08000183105469,1699.5,102.26000213623047,23.8799991607666,6874.7431640625,3959.89990234375,3.0360000133514404
2022-07-21,106.91000366210938,1712.699951171875,96.3499984741211,23.110000610351562,6864.130859375,3998.949951171875,2.9100000858306885
2022-07-22,106.7300033569336,1727.0999755859375,94.69999694824219,23.030000686645508,6886.9619140625,3961.6298828125,2.7829999923706055
2022-07-25,106.4800033569336,1719.0,96.69999694824219,23.360000610351562,6858.4072265625,3966.840087890625,2.819999933242798
2022-07-26,107.19000244140625,1717.699951171875,94.9800033569336,24.690000534057617,6871.537109375,3921.050048828125,2.7869999408721924
2022-07-27,106.44999694824219,1719.0999755859375,97.26000213623047,23.239999771118164,6898.2158203125,4023.610107421875,2.7339999675750732
2022-07-28,106.3499984741211,1750.300048828125,96.41999816894531,22.329999923706055,6956.81689453125,4072.429931640625,2.680999994277954
2022-07-29,105.9000015258789,1762.9000244140625,98.62000274658203,21.329999923706055,6951.123046875,4130.2900390625,2.6419999599456787
2022-08-01,105.44999694824219,1769.0,93.88999938964844,22.84000015258789,6968.783203125,4118.6298828125,2.6059999465942383
2022-08-02,106.23999786376953,1771.0999755859375,94.41999816894531,23.93000030517578,6988.1572265625,4091.18994140625,2.740999937057495
2022-08-03,106.51000213623047,1758.0,90.66000366210938,21.950000762939453,7046.634765625,4155.169921875,2.747999906539917
2022-08-04,105.69000244140625,1788.5,88.54000091552734,21.440000534057617,7057.34814453125,4151.93994140625,2.6760001182556152
2022-08-05,106.62000274658203,1772.9000244140625,89.01000213623047,21.149999618530273,7084.65478515625,4145.18994140625,2.8399999141693115
2022-08-08,106.44000244140625,1786.800048828125,90.76000213623047,21.290000915527344,7086.84912109375,4140.06005859375,2.765000104904175
2022-08-09,106.37000274658203,1794.0,90.5,21.770000457763672,7102.8798828125,4122.47021484375,2.796999931335449
2022-08-10,105.19999694824219,1795.5999755859375,91.93000030517578,19.739999771118164,7086.23583984375,4210.240234375,2.7860000133514404
2022-08-11,105.08999633789062,1789.699951171875,94.33999633789062,20.200000762939453,7160.384765625,4207.27001953125,2.888000011444092
2022-08-12,105.62999725341797,1798.5999755859375,92.08999633789062,19.530000686645508,7129.27685546875,4280.14990234375,2.8489999771118164
2022-08-15,106.55000305175781,1781.4000244140625,89.41000366210938,19.950000762939453,7093.27587890625,4297.14013671875,2.7909998893737793
2022-08-16,106.5,1773.199951171875,86.52999877929688,19.690000534057617,7133.453125,4305.2001953125,2.8239998817443848
2022-08-17,106.56999969482422,1760.300048828125,88.11000061035156,19.899999618530273,,4274.0400390625,2.8929998874664307
2022-08-18,107.4800033569336,1755.300048828125,90.5,19.559999465942383,7186.55810546875,4283.740234375,2.880000114440918
2022-08-19,108.16999816894531,1747.5999755859375,90.7699966430664,20.600000381469727,7172.43408203125,4228.47998046875,2.989000082015991
2022-08-22,109.05000305175781,1734.0,90.2300033569336,23.799999237060547,7107.98291015625,4137.990234375,3.0369999408721924
2022-08-23,108.62000274658203,1746.800048828125,93.73999786376953,24.110000610351562,7163.26513671875,4128.72998046875,3.053999900817871
2022-08-24,108.68000030517578,1747.800048828125,94.88999938964844,22.81999969482422,7194.7060546875,4140.77001953125,3.1059999465942383
2022-08-25,108.47000122070312,1757.699951171875,92.5199966430664,21.780000686645508,7174.2080078125,4199.1201171875,3.0260000228881836
2022-08-26,108.80000305175781,1736.0999755859375,93.05999755859375,25.559999465942383,7135.248046875,4057.659912109375,3.0350000858306885
2022-08-29,108.83999633789062,1736.5999755859375,97.01000213623047,26.209999084472656,7132.044921875,4030.610107421875,3.109999895095825
2022-08-30,108.7699966430664,1723.199951171875,91.63999938964844,26.209999084472656,7159.47314453125,3986.159912109375,3.109999895095825
2022-08-31,108.69999694824219,1712.800048828125,89.55000305175781,25.8700008392334,7178.58984375,3955.0,3.132999897003174
2022-09-01,109.69000244140625,1696.5999755859375,86.61000061035156,25.559999465942383,7153.10400390625,3966.85009765625,3.265000104904175
2022-09-02,109.52999877929688,1709.800048828125,86.87000274658203,25.469999313354492,7177.17919921875,3924.260009765625,3.193000078201294
2022-09-05,,,,,7231.8828125,,
2022-09-06,110.20999908447266,1700.4000244140625,86.87999725341797,26.90999984741211,7233.15478515625,3908.18994140625,3.3399999141693115
2022-09-07,109.83999633789062,1715.300048828125,81.94000244140625,24.639999389648438,7186.7568359375,3979.8701171875,3.265000104904175
2022-09-08,109.70999908447266,1708.0,83.54000091552734,23.610000610351562,7232.01708984375,4006.179931640625,3.2920000553131104
2022-09-09,109.0,1716.199951171875,86.79000091552734,22.790000915527344,7242.65576171875,4067.360107421875,3.321000099182129
2022-09-12,108.33000183105469,1728.0999755859375,87.77999877929688,23.8700008392334,7254.4638671875,4110.41015625,3.361999988555908
2022-09-13,109.81999969482422,1705.0,87.30999755859375,27.270000457763672,7318.01611328125,3932.68994140625,3.421999931335449
2022-09-14,109.66000366210938,1696.5,88.4800033569336,26.15999984741211,7278.078125,3946.010009765625,3.4119999408721924
2022-09-15,109.73999786376953,1665.4000244140625,85.0999984741211,26.270000457763672,7305.60107421875,3901.35009765625,3.4590001106262207
2022-09-16,109.76000213623047,1671.699951171875,85.11000061035156,26.299999237060547,7168.8701171875,3873.330078125,3.447999954223633
2022-09-19,109.73999786376953,1666.199951171875,85.7300033569336,25.760000228881836,7195.48779296875,3899.889892578125,3.490000009536743
2022-09-20,110.22000122070312,1659.699951171875,84.44999694824219,27.15999984741211,7196.951171875,3855.929931640625,3.571000099182129
2022-09-21,110.63999938964844,1664.5999755859375,82.94000244140625,27.989999771118164,7188.31396484375,3789.929931640625,3.509999990463257
2022-09-22,111.3499984741211,1670.800048828125,83.48999786376953,27.350000381469727,7218.90576171875,3757.989990234375,3.7079999446868896
2022-09-23,113.19000244140625,1645.300048828125,78.73999786376953,29.920000076293945,7178.5830078125,3693.22998046875,3.697000026702881
2022-09-26,114.0999984741211,1623.300048828125,76.70999908447266,32.2599983215332,7127.5029296875,3655.0400390625,3.878000020980835
2022-09-27,114.11000061035156,1626.699951171875,78.5,32.599998474121094,7112.44921875,3647.2900390625,3.9639999866485596
2022-09-28,112.5999984741211,1660.4000244140625,82.1500015258789,30.18000030517578,7077.03076171875,3719.0400390625,3.7049999237060547
2022-09-29,112.25,1658.5,81.2300033569336,31.84000015258789,7036.1982421875,3640.469970703125,3.746999979019165
2022-09-30,112.12000274658203,1662.4000244140625,79.48999786376953,31.6200008392334,7040.7978515625,3585.6201171875,3.803999900817871
2022-10-03,111.75,1692.9000244140625,83.62999725341797,30.100000381469727,7009.7177734375,3678.429931640625,3.6510000228881836
2022-10-04,110.06999969482422,1721.0999755859375,86.5199966430664,29.06999969482422,7072.255859375,3790.929931640625,3.617000102996826
2022-10-05,111.06999969482422,1711.4000244140625,87.76000213623047,28.549999237060547,7075.384765625,3783.280029296875,3.759000062942505
2022-10-06,112.26000213623047,1711.699951171875,88.44999694824219,30.520000457763672,7076.623046875,3744.52001953125,3.8259999752044678
2022-10-07,112.80000305175781,1700.5,92.63999938964844,31.360000610351562,7026.783203125,3639.659912109375,3.882999897003174
2022-10-10,113.13999938964844,1667.300048828125,91.12999725341797,32.45000076293945,6994.39501953125,3612.389892578125,3.888000011444092
2022-10-11,113.22000122070312,1678.699951171875,89.3499984741211,33.630001068115234,6939.14501953125,3588.840087890625,3.938999891281128
2022-10-12,113.31999969482422,1670.300048828125,87.2699966430664,33.56999969482422,6909.208984375,3577.030029296875,3.9019999504089355
2022-10-13,112.36000061035156,1670.0,89.11000061035156,31.940000534057617,6880.625,3669.909912109375,3.9519999027252197
2022-10-14,113.30999755859375,1641.699951171875,85.61000061035156,32.02000045776367,6814.52978515625,3583.070068359375,4.010000228881836
2022-10-17,112.04000091552734,1657.0,85.45999908447266,31.3700008392334,6831.115234375,3677.949951171875,4.014999866485596
2022-10-18,112.12999725341797,1649.0,82.81999969482422,30.5,6834.494140625,3719.97998046875,3.997999906539917
2022-10-19,112.9800033569336,1627.5,85.55000305175781,30.760000228881836,6860.416015625,3695.159912109375,4.126999855041504
2022-10-20,112.87999725341797,1630.800048828125,85.9800033569336,29.979999542236328,6980.65185546875,3665.780029296875,4.22599983215332
2022-10-21,112.01000213623047,1651.0,85.05000305175781,29.690000534057617,7017.77099609375,3752.75,4.2129998207092285
2022-10-24,111.98999786376953,1648.699951171875,84.58000183105469,29.850000381469727,7053.0439453125,3797.340087890625,4.234000205993652
2022-10-25,110.94999694824219,1652.800048828125,85.31999969482422,28.459999084472656,7048.3798828125,3859.110107421875,4.107999801635742
2022-10-26,109.69999694824219,1664.0,87.91000366210938,27.280000686645508,7043.93896484375,3830.60009765625,4.014999866485596
2022-10-27,110.58999633789062,1660.699951171875,89.08000183105469,27.389999389648438,7091.76123046875,3807.300048828125,3.937000036239624
2022-10-28,110.66999816894531,1639.5999755859375,87.9000015258789,25.75,7056.0400390625,3901.06005859375,4.010000228881836
2022-10-31,111.52999877929688,1635.9000244140625,86.52999877929688,25.8799991607666,7098.89013671875,3871.97998046875,4.077000141143799
2022-11-01,111.4800033569336,1645.0,88.37000274658203,25.809999465942383,7052.30322265625,3856.10009765625,4.052000045776367
2022-11-02,111.3499984741211,1645.699951171875,90.0,25.860000610351562,7015.68994140625,3759.68994140625,4.059000015258789
2022-11-03,112.93000030517578,1627.300048828125,88.16999816894531,25.299999237060547,7034.5732421875,3719.889892578125,4.124000072479248
2022-11-04,110.87999725341797,1672.5,92.61000061035156,24.549999237060547,7045.52685546875,3770.550048828125,4.156000137329102
2022-11-07,110.12000274658203,1676.5,91.79000091552734,24.350000381469727,7102.39599609375,3806.800048828125,4.214000225067139
2022-11-08,109.62000274658203,1712.0999755859375,88.91000366210938,25.540000915527344,7050.1259765625,3828.110107421875,4.125999927520752
2022-11-09,110.55000305175781,1710.0999755859375,85.83000183105469,26.09000015258789,7070.083984375,3748.570068359375,4.151000022888184
2022-11-10,108.20999908447266,1750.300048828125,86.47000122070312,23.530000686645508,6966.8369140625,3956.3701171875,3.8289999961853027
2022-11-11,106.29000091552734,1766.0,88.95999908447266,22.520000457763672,7089.2060546875,3992.929931640625,3.812999963760376
2022-11-14,106.66000366210938,1773.5999755859375,85.87000274658203,23.729999542236328,7019.39208984375,3957.25,3.865000009536743
2022-11-15,106.4000015258789,1773.800048828125,86.91999816894531,24.540000915527344,7035.5,3991.72998046875,3.7990000247955322
2022-11-16,106.27999877929688,1773.0,85.58999633789062,24.110000610351562,7014.3837890625,3958.7900390625,3.691999912261963
2022-11-17,106.69000244140625,1760.800048828125,81.63999938964844,23.93000030517578,7044.98583984375,3946.56005859375,3.7750000953674316
2022-11-18,106.93000030517578,1751.9000244140625,80.08000183105469,23.1200008392334,7082.18115234375,3965.340087890625,3.818000078201294
2022-11-21,107.83999633789062,1737.4000244140625,79.7300033569336,22.360000610351562,7063.2470703125,3949.93994140625,3.825000047683716
2022-11-22,107.22000122070312,1738.300048828125,80.94999694824219,21.290000915527344,7030.587890625,4003.580078125,3.757999897003174
2022-11-23,106.08000183105469,1744.9000244140625,77.94000244140625,20.350000381469727,7054.123046875,4027.260009765625,3.7060000896453857
2022-11-24,,,,,7080.51513671875,,
2022-11-25,105.95999908447266,1753.300048828125,76.27999877929688,20.5,7053.14990234375,4026.1201171875,3.690999984741211
2022-11-28,106.68000030517578,1740.0999755859375,77.23999786376953,22.209999084472656,7017.35791015625,3963.93994140625,3.703000068664551
2022-11-29,106.81999969482422,1748.4000244140625,78.19999694824219,21.889999389648438,7012.06884765625,3957.6298828125,3.747999906539917
2022-11-30,105.94999694824219,1746.0,80.55000305175781,20.579999923706055,7081.31298828125,4080.110107421875,3.703000068664551
2022-12-01,104.7300033569336,1801.0999755859375,81.22000122070312,19.84000015258789,7020.80322265625,4076.570068359375,3.5290000438690186
2022-12-02,104.55000305175781,1795.9000244140625,79.9800033569336,19.059999465942383,7019.63916015625,4071.699951171875,3.50600004196167
2022-12-05,105.29000091552734,1767.4000244140625,76.93000030517578,20.75,6987.328125,3998.840087890625,3.5989999771118164
2022-12-06,105.58000183105469,1769.300048828125,74.25,22.170000076293945,6892.56982421875,3941.260009765625,3.513000011444092
2022-12-07,105.0999984741211,1785.5,72.01000213623047,22.68000030517578,6818.751953125,3933.919921875,3.4079999923706055
2022-12-08,104.7699966430664,1788.699951171875,71.45999908447266,22.290000915527344,6804.22705078125,3963.510009765625,3.490999937057495
2022-12-09,104.80999755859375,1798.0999755859375,71.0199966430664,22.829999923706055,6715.1181640625,3934.3798828125,3.566999912261963
2022-12-12,105.12999725341797,1780.5,73.16999816894531,25.0,6734.4521484375,3990.56005859375,3.6110000610351562
2022-12-13,103.9800033569336,1813.9000244140625,75.38999938964844,22.549999237060547,6810.31591796875,4019.64990234375,3.500999927520752
2022-12-14,103.7699966430664,1807.5,77.27999877929688,21.139999389648438,6801.7490234375,3995.320068359375,3.503000020980835
2022-12-15,104.55999755859375,1777.199951171875,76.11000061035156,22.829999923706055,6751.85986328125,3895.75,3.450000047683716
2022-12-16,104.69999694824219,1790.0,74.29000091552734,22.6200008392334,6812.19287109375,3852.360107421875,3.4820001125335693
2022-12-19,104.72000122070312,1787.699951171875,75.19000244140625,22.420000076293945,6779.6982421875,3817.659912109375,3.5810000896453857
2022-12-20,103.97000122070312,1815.9000244140625,76.08999633789062,21.479999542236328,6768.31591796875,3821.6201171875,3.684000015258789
2022-12-21,104.16000366210938,1815.9000244140625,78.29000091552734,20.06999969482422,6820.6630859375,3878.43994140625,3.684000015258789
2022-12-22,104.43000030517578,1787.0,77.48999786376953,21.969999313354492,6824.43212890625,3822.389892578125,3.6689999103546143
2022-12-23,104.30999755859375,1795.9000244140625,79.55999755859375,20.8700008392334,6800.6728515625,3844.820068359375,3.750999927520752
2022-12-26,,,,,6835.80810546875,,
2022-12-27,104.18000030517578,1814.800048828125,79.52999877929688,21.649999618530273,6923.02685546875,3829.25,3.859999895095825
2022-12-28,104.45999908447266,1807.9000244140625,78.95999908447266,22.139999389648438,6850.52001953125,3783.219970703125,3.88700008392334
2022-12-29,103.83999633789062,1819.5,78.4000015258789,21.440000534057617,6860.0771484375,3849.280029296875,3.8350000381469727
2022-12-30,103.5199966430664,1819.699951171875,80.26000213623047,21.670000076293945,6850.619140625,3839.5,3.878999948501587
2023-01-02,,,,,6850.98388671875,,
2023-01-03,104.5199966430664,1839.699951171875,76.93000030517578,22.899999618530273,6888.7578125,3824.139892578125,3.7929999828338623
2023-01-04,104.25,1852.800048828125,72.83999633789062,22.010000228881836,6813.23876953125,3852.969970703125,3.7090001106262207
2023-01-05,105.04000091552734,1834.800048828125,73.66999816894531,22.459999084472656,6653.8408203125,3808.10009765625,3.7200000286102295
2023-01-06,103.87999725341797,1864.199951171875,73.7699966430664,21.1299991607666,6684.55810546875,3895.080078125,3.569000005722046
2023-01-09,103.0,1872.699951171875,74.62999725341797,21.969999313354492,6688.26513671875,3892.090087890625,3.5169999599456787
2023-01-10,103.23999786376953,1871.5999755859375,75.12000274658203,20.579999923706055,6622.4990234375,3919.25,3.621000051498413
2023-01-11,103.19000244140625,1874.5999755859375,77.41000366210938,21.09000015258789,6584.453125,3969.610107421875,3.553999900817871
2023-01-12,102.25,1895.5,78.38999938964844,18.829999923706055,6629.93408203125,3983.169921875,3.4489998817443848
2023-01-13,102.19999694824219,1918.4000244140625,79.86000061035156,18.350000381469727,6641.830078125,3999.090087890625,3.510999917984009
2023-01-16,,,,,6688.05712890625,,
2023-01-17,102.38999938964844,1907.199951171875,80.18000030517578,19.360000610351562,6767.33984375,3990.969970703125,3.5350000858306885
2023-01-18,102.36000061035156,1904.4000244140625,79.4800033569336,20.34000015258789,6765.7861328125,3928.860107421875,3.375
2023-01-19,102.05999755859375,1922.0999755859375,80.33000183105469,20.520000457763672,6819.9072265625,3898.85009765625,3.3970000743865967
2023-01-20,102.01000213623047,1926.4000244140625,81.30999755859375,19.850000381469727,6874.93115234375,3972.610107421875,3.4839999675750732
2023-01-23,102.13999938964844,1927.0999755859375,81.62000274658203,19.809999465942383,,4019.81005859375,3.5250000953674316
2023-01-24,101.91999816894531,1933.9000244140625,80.12999725341797,19.200000762939453,6860.85400390625,4016.949951171875,3.4690001010894775
2023-01-25,101.63999938964844,1941.199951171875,80.1500015258789,19.079999923706055,6829.93017578125,4016.219970703125,3.4619998931884766
2023-01-26,101.83999633789062,1929.0999755859375,81.01000213623047,18.729999542236328,6864.81787109375,4060.429931640625,3.493000030517578
2023-01-27,101.93000030517578,1928.5999755859375,79.68000030517578,18.510000228881836,6898.98095703125,4070.56005859375,3.5179998874664307
2023-01-30,102.27999877929688,1922.9000244140625,77.9000015258789,19.940000534057617,6872.48095703125,4017.77001953125,3.5510001182556152
2023-01-31,102.0999984741211,1929.5,78.87000274658203,19.399999618530273,6839.341796875,4076.60009765625,3.5290000438690186
2023-02-01,101.22000122070312,1927.800048828125,76.41000366210938,17.8700008392334,6862.2578125,4119.2099609375,3.3970000743865967
2023-02-02,101.75,1916.300048828125,75.87999725341797,18.729999542236328,6890.57177734375,4179.759765625,3.3959999084472656
2023-02-03,102.91999816894531,1862.9000244140625,73.38999938964844,18.329999923706055,6911.73193359375,4136.47998046875,3.5320000648498535
2023-02-06,103.62000274658203,1866.199951171875,74.11000061035156,19.43000030517578,6873.791015625,4111.080078125,3.634000062942505
2023-02-07,103.43000030517578,1871.699951171875,77.13999938964844,18.65999984741211,6935.30078125,4164.0,3.6740000247955322
2023-02-08,103.41000366210938,1877.4000244140625,78.47000122070312,19.6299991607666,6940.1240234375,4117.85986328125,3.6530001163482666
2023-02-09,103.22000122070312,1866.199951171875,78.05999755859375,20.709999084472656,6897.365234375,4081.5,3.683000087738037
2023-02-10,103.62999725341797,1862.800048828125,79.72000122070312,20.530000686645508,6880.3291015625,4090.4599609375,3.74399995803833
2023-02-13,103.3499984741211,1851.9000244140625,80.13999938964844,20.34000015258789,6900.14013671875,4137.2900390625,3.7170000076293945
2023-02-14,103.2300033569336,1854.0,79.05999755859375,18.90999984741211,6941.85498046875,4136.1298828125,3.760999917984009
2023-02-15,103.91999816894531,1834.199951171875,78.58999633789062,18.229999542236328,6914.5380859375,4147.60009765625,3.809000015258789
2023-02-16,103.86000061035156,1842.0,78.48999786376953,20.170000076293945,6895.6640625,4090.409912109375,3.8429999351501465
2023-02-17,103.86000061035156,1840.4000244140625,76.33999633789062,20.020000457763672,6895.7138671875,4079.090087890625,3.828000068664551
2023-02-20,,,,,6894.716796875,,
2023-02-21,104.18000030517578,1833.0,76.16000366210938,22.8700008392334,6873.40478515625,3997.340087890625,3.9549999237060547
2023-02-22,104.58999633789062,1832.0,73.94999694824219,22.290000915527344,6809.9677734375,3991.050048828125,3.9230000972747803
2023-02-23,104.5999984741211,1818.0,75.38999938964844,21.139999389648438,6839.4541015625,4012.320068359375,3.878999948501587
2023-02-24,105.20999908447266,1808.800048828125,76.31999969482422,21.670000076293945,6856.576171875,3970.0400390625,3.9489998817443848
2023-02-27,104.66999816894531,1817.0,75.68000030517578,20.950000762939453,6854.77685546875,3982.239990234375,3.921999931335449
2023-02-28,104.87000274658203,1828.9000244140625,77.05000305175781,20.700000762939453,6843.23876953125,3970.14990234375,3.9159998893737793
2023-03-01,104.4800033569336,1837.699951171875,77.69000244140625,20.579999923706055,6844.93603515625,3951.389892578125,3.99399995803833
2023-03-02,105.02999877929688,1833.5,78.16000366210938,19.59000015258789,6857.4150390625,3981.35009765625,4.072999954223633
2023-03-03,104.5199966430664,1847.699951171875,79.68000030517578,18.489999771118164,6813.63623046875,4045.639892578125,3.9639999866485596
2023-03-06,104.3499984741211,1847.9000244140625,80.45999908447266,18.610000610351562,6807.0009765625,4048.419921875,3.9830000400543213
2023-03-07,105.62000274658203,1813.9000244140625,77.58000183105469,19.59000015258789,6766.7578125,3986.3701171875,3.9749999046325684
2023-03-08,105.66000366210938,1812.699951171875,76.66000366210938,19.110000610351562,6776.3701171875,3992.010009765625,3.9760000705718994
2023-03-09,105.30999755859375,1829.300048828125,75.72000122070312,22.610000610351562,6799.794921875,3918.320068359375,3.924999952316284
2023-03-10,104.58000183105469,1862.0,76.68000030517578,24.799999237060547,6765.3017578125,3861.590087890625,3.694999933242798
2023-03-13,103.5999984741211,1911.699951171875,74.80000305175781,26.520000457763672,6786.955078125,3855.760009765625,3.515000104904175
2023-03-14,103.5999984741211,1906.199951171875,71.33000183105469,23.729999542236328,6641.81396484375,3919.2900390625,3.638000011444092
2023-03-15,104.6500015258789,1926.5999755859375,67.61000061035156,26.139999389648438,6628.13720703125,3891.929931640625,3.492000102996826
2023-03-16,104.41999816894531,1919.0,68.3499984741211,22.989999771118164,6565.72802734375,3960.280029296875,3.5850000381469727
2023-03-17,103.70999908447266,1969.800048828125,66.73999786376953,25.510000228881836,6678.23681640625,3916.639892578125,3.3949999809265137
2023-03-20,103.27999877929688,1979.199951171875,67.63999938964844,24.149999618530273,6612.490234375,3951.570068359375,3.4809999465942383
2023-03-21,103.26000213623047,1938.0,69.33000183105469,21.3799991607666,6691.61083984375,4002.8701171875,3.6059999465942383
2023-03-22,102.3499984741211,1946.800048828125,70.9000015258789,22.260000228881836,,3936.969970703125,3.5
2023-03-23,102.52999877929688,1993.800048828125,69.95999908447266,22.610000610351562,,3948.719970703125,3.4059998989105225
2023-03-24,103.12000274658203,1982.0999755859375,69.26000213623047,21.739999771118164,6762.25390625,3970.989990234375,3.380000114440918
2023-03-27,102.86000061035156,1952.4000244140625,72.80999755859375,20.600000381469727,6708.93310546875,3977.530029296875,3.5280001163482666
2023-03-28,102.43000030517578,1972.4000244140625,73.19999694824219,19.969999313354492,6760.328125,3971.27001953125,3.563999891281128
2023-03-29,102.63999938964844,1966.0999755859375,72.97000122070312,19.1200008392334,6839.43603515625,4027.81005859375,3.565999984741211
2023-03-30,102.13999938964844,1980.300048828125,74.37000274658203,19.020000457763672,6808.951171875,4050.830078125,3.5510001182556152
2023-03-31,102.51000213623047,1969.0,75.66999816894531,18.700000762939453,6805.27685546875,4109.31005859375,3.49399995803833
2023-04-03,102.08999633789062,1983.9000244140625,80.41999816894531,18.549999237060547,6827.1748046875,4124.509765625,3.430000066757202
2023-04-04,101.58999633789062,2022.199951171875,80.70999908447266,19.0,6833.17822265625,4100.60009765625,3.3369998931884766
2023-04-05,101.8499984741211,2020.9000244140625,80.61000061035156,19.079999923706055,6819.6748046875,4090.3798828125,3.2869999408721924
2023-04-06,101.81999969482422,2011.9000244140625,80.69999694824219,18.399999618530273,6792.76513671875,4105.02001953125,3.2880001068115234
2023-04-10,102.58000183105469,1989.0999755859375,79.73999786376953,18.969999313354492,6771.23486328125,4109.10986328125,3.4149999618530273
2023-04-11,102.19999694824219,2004.800048828125,81.52999877929688,19.100000381469727,6811.31396484375,4108.93994140625,3.434000015258789
2023-04-12,101.5,2010.9000244140625,83.26000213623047,19.09000015258789,6798.9638671875,4091.949951171875,3.4210000038146973
2023-04-13,101.01000213623047,2041.300048828125,82.16000366210938,17.799999237060547,6785.59814453125,4146.22021484375,3.4519999027252197
2023-04-14,101.55000305175781,2002.199951171875,82.5199966430664,17.06999969482422,6818.57421875,4137.64013671875,3.5220000743865967
2023-04-17,102.0999984741211,1994.199951171875,80.83000183105469,16.950000762939453,6787.58203125,4151.31982421875,3.5910000801086426
2023-04-18,101.75,2007.4000244140625,80.86000061035156,16.829999923706055,6821.80712890625,4154.8701171875,3.572000026702881
2023-04-19,101.97000122070312,1995.199951171875,79.16000366210938,16.459999084472656,,4154.52001953125,3.6019999980926514
2023-04-20,101.83999633789062,2007.5999755859375,77.29000091552734,17.170000076293945,,4129.7900390625,3.5450000762939453
2023-04-21,101.81999969482422,1979.5,77.87000274658203,16.770000457763672,,4133.52001953125,3.569999933242798
2023-04-24,101.3499984741211,1989.0999755859375,78.76000213623047,16.889999389648438,,4137.0400390625,3.515000104904175
2023-04-25,101.86000061035156,1994.0,77.06999969482422,18.760000228881836,,4071.6298828125,3.3959999084472656
2023-04-26,101.47000122070312,1985.699951171875,74.30000305175781,18.84000015258789,6910.14697265625,4055.989990234375,3.431999921798706
2023-04-27,101.5,1989.9000244140625,74.76000213623047,17.030000686645508,6945.47705078125,4135.35009765625,3.5280001163482666
2023-04-28,101.66999816894531,1990.0999755859375,76.77999877929688,15.779999732971191,6915.7158203125,4169.47998046875,3.4519999027252197
2023-05-01,102.1500015258789,1983.4000244140625,75.66000366210938,16.079999923706055,,4167.8701171875,3.5739998817443848
2023-05-02,101.95999908447266,2014.300048828125,71.66000366210938,17.780000686645508,6863.3017578125,4119.580078125,3.438999891281128
2023-05-03,101.33999633789062,2028.5999755859375,68.5999984741211,18.34000015258789,6812.72216796875,4090.75,3.4030001163482666
2023-05-04,101.4000015258789,2048.0,68.55999755859375,20.09000015258789,6844.02685546875,4061.219970703125,3.3510000705718994
2023-05-05,101.20999908447266,2017.4000244140625,71.33999633789062,17.190000534057617,6787.630859375,4136.25,3.446000099182129
2023-05-08,101.37000274658203,2026.300048828125,73.16000366210938,16.979999542236328,6769.630859375,4138.1201171875,3.5209999084472656
2023-05-09,101.63999938964844,2036.199951171875,73.70999908447266,17.709999084472656,6779.97998046875,4119.169921875,3.5209999084472656
2023-05-10,101.4800033569336,2030.5,72.55999755859375,16.940000534057617,6811.90478515625,4137.64013671875,3.438999891281128
2023-05-11,102.05999755859375,2014.699951171875,70.87000274658203,16.93000030517578,6755.93798828125,4130.6201171875,3.3970000743865967
2023-05-12,102.68000030517578,2014.5,70.04000091552734,17.030000686645508,6707.76318359375,4124.080078125,3.4630000591278076
2023-05-15,102.43000030517578,2018.0,71.11000061035156,17.1200008392334,6711.740234375,4136.27978515625,3.507999897003174
2023-05-16,102.55999755859375,1988.4000244140625,70.86000061035156,17.989999771118164,6676.56396484375,4109.89990234375,3.5490000247955322
2023-05-17,102.87999725341797,1980.699951171875,72.83000183105469,16.8700008392334,6663.11376953125,4158.77001953125,3.5810000896453857
2023-05-18,103.58000183105469,1956.5,71.86000061035156,16.049999237060547,,4198.0498046875,3.6480000019073486
2023-05-19,103.19999694824219,1978.699951171875,71.55000305175781,16.809999465942383,6700.56103515625,4191.97998046875,3.691999912261963
2023-05-22,103.19999694824219,1974.800048828125,71.98999786376953,17.209999084472656,6729.64697265625,4192.6298828125,3.7190001010894775
2023-05-23,103.48999786376953,1972.4000244140625,72.91000366210938,18.530000686645508,6736.68408203125,4145.580078125,3.697999954223633
2023-05-24,103.88999938964844,1962.800048828125,74.33999633789062,20.030000686645508,6745.80419921875,4115.240234375,3.7190001010894775
2023-05-25,104.20999908447266,1943.0999755859375,71.83000183105469,19.139999389648438,6704.23095703125,4151.27978515625,3.813999891281128
2023-05-26,104.20999908447266,1944.0999755859375,72.66999816894531,17.950000762939453,6687.0009765625,4205.4501953125,3.809999942779541
2023-05-29,,,,,6681.10205078125,,
2023-05-30,104.16999816894531,1958.0,69.45999908447266,17.459999084472656,6636.4228515625,4205.52001953125,3.700000047683716
2023-05-31,104.31999969482422,1963.9000244140625,68.08999633789062,17.940000534057617,6633.26123046875,4179.830078125,3.63700008392334
2023-06-01,103.55999755859375,1978.0,70.0999984741211,15.649999618530273,,4221.02001953125,3.6080000400543213
2023-06-02,104.0199966430664,1952.4000244140625,71.73999786376953,14.600000381469727,,4282.3701171875,3.690999984741211
2023-06-05,104.0,1958.0,72.1500015258789,14.729999542236328,6633.43701171875,4273.7900390625,3.693000078201294
2023-06-06,104.12999725341797,1965.5,71.73999786376953,13.960000038146973,6618.9228515625,4283.85009765625,3.6989998817443848
2023-06-07,104.0999984741211,1942.699951171875,72.52999877929688,13.9399995803833,6619.7548828125,4267.52001953125,3.7839999198913574
2023-06-08,103.33999633789062,1963.5999755859375,71.29000091552734,13.649999618530273,6666.330078125,4293.93017578125,3.7139999866485596
2023-06-09,103.55999755859375,1962.199951171875,70.16999816894531,13.829999923706055,6694.02392578125,4298.85986328125,3.744999885559082
2023-06-12,103.62999725341797,1955.300048828125,67.12000274658203,15.010000228881836,6722.373046875,4338.93017578125,3.765000104904175
2023-06-13,103.33999633789062,1944.5999755859375,69.41999816894531,14.609999656677246,6719.01416015625,4369.009765625,3.8389999866485596
2023-06-14,103.01000213623047,1955.300048828125,68.2699966430664,13.880000114440918,6699.716796875,4372.58984375,3.7960000038146973
2023-06-15,102.12000274658203,1957.800048828125,70.62000274658203,14.5,6713.794921875,4425.83984375,3.7279999256134033
2023-06-16,102.30000305175781,1958.4000244140625,71.77999877929688,13.539999961853027,6698.546875,4409.58984375,3.7690000534057617
2023-06-19,,,,,6686.05908203125,,
2023-06-20,102.54000091552734,1935.5,70.5,13.880000114440918,6660.455078125,4388.7099609375,3.7290000915527344
2023-06-21,102.06999969482422,1933.300048828125,72.52999877929688,13.199999809265137,6702.625,4365.68994140625,3.7230000495910645
2023-06-22,102.38999938964844,1912.699951171875,69.51000213623047,12.90999984741211,6652.26123046875,4381.89013671875,3.7990000247955322
2023-06-23,102.9000015258789,1919.0999755859375,69.16000366210938,13.4399995803833,6639.73291015625,4348.330078125,3.739000082015991
2023-06-26,102.69000244140625,1923.699951171875,69.37000274658203,14.25,6664.66796875,4328.81982421875,3.7190001010894775
2023-06-27,102.48999786376953,1914.0,67.69999694824219,13.739999771118164,6661.87890625,4378.41015625,3.7679998874664307
2023-06-28,102.91000366210938,1912.300048828125,69.55999755859375,13.430000305175781,,4376.85986328125,3.7100000381469727
2023-06-29,103.33999633789062,1909.199951171875,69.86000061035156,13.539999961853027,,4396.43994140625,3.8540000915527344
2023-06-30,102.91000366210938,1921.0999755859375,70.63999938964844,13.59000015258789,,4450.3798828125,3.819000005722046
2023-07-03,102.98999786376953,1921.699951171875,69.79000091552734,13.569999694824219,6696.7158203125,4455.58984375,3.8580000400543213
2023-07-04,,,,,6681.75390625,,
2023-07-05,103.37000274658203,1919.5999755859375,71.79000091552734,14.180000305175781,6718.97705078125,4446.81982421875,3.944999933242798
2023-07-06,103.16999816894531,1908.699951171875,71.80000305175781,15.4399995803833,6757.3310546875,4411.58984375,4.040999889373779
2023-07-07,102.2699966430664,1926.199951171875,73.86000061035156,14.829999923706055,6716.458984375,4398.9501953125,4.050000190734863
2023-07-10,101.97000122070312,1925.0,72.98999786376953,15.069999694824219,6731.0380859375,4409.52978515625,4.00600004196167
2023-07-11,101.7300033569336,1931.300048828125,74.83000183105469,14.84000015258789,6796.923828125,4439.259765625,3.9800000190734863
2023-07-12,100.5199966430664,1956.199951171875,75.75,13.539999961853027,6808.208984375,4472.16015625,3.8610000610351562
2023-07-13,99.7699966430664,1959.199951171875,76.88999938964844,13.609999656677246,6810.212890625,4510.0400390625,3.760999917984009
2023-07-14,99.91000366210938,1960.0999755859375,75.41999816894531,13.34000015258789,6869.57177734375,4505.419921875,3.819000005722046
2023-07-17,99.83999633789062,1952.4000244140625,74.1500015258789,13.479999542236328,6867.14404296875,4522.7900390625,3.796999931335449
2023-07-18,99.94000244140625,1977.199951171875,75.75,13.300000190734863,6830.203125,4554.97998046875,3.7890000343322754
2023-07-19,100.27999877929688,1977.5,75.3499984741211,13.760000228881836,,4565.72021484375,3.742000102996826
2023-07-20,100.87999725341797,1968.300048828125,75.62999725341797,13.989999771118164,6864.18896484375,4534.8701171875,3.8540000915527344
2023-07-21,101.06999969482422,1964.300048828125,77.06999969482422,13.600000381469727,6880.8017578125,4536.33984375,3.8369998931884766
2023-07-24,101.3499984741211,1960.300048828125,78.73999786376953,13.90999984741211,6899.39599609375,4554.64013671875,3.8570001125335693
2023-07-25,101.3499984741211,1962.0999755859375,79.62999725341797,13.859999656677246,6917.7109375,4567.4599609375,3.9119999408721924
2023-07-26,100.88999938964844,1968.9000244140625,78.77999877929688,13.1899995803833,6948.27880859375,4566.75,3.8510000705718994
2023-07-27,101.7699966430664,1945.4000244140625,80.08999633789062,14.40999984741211,6896.6630859375,4537.41015625,4.01200008392334
2023-07-28,101.62000274658203,1960.4000244140625,80.58000183105469,13.329999923706055,6900.22998046875,4582.22998046875,3.9690001010894775
2023-07-31,101.86000061035156,1970.5,81.80000305175781,13.630000114440918,6931.35888671875,4588.9599609375,3.9590001106262207
2023-08-01,102.30000305175781,1940.699951171875,81.37000274658203,13.930000305175781,6886.49609375,4576.72998046875,4.051000118255615
2023-08-02,102.58999633789062,1937.4000244140625,79.48999786376953,16.09000015258789,6854.509765625,4513.39013671875,4.078000068664551
2023-08-03,102.54000091552734,1932.0,81.55000305175781,15.920000076293945,6898.0771484375,4501.89013671875,4.189000129699707
2023-08-04,102.0199966430664,1939.5999755859375,82.81999969482422,17.100000381469727,6852.841796875,4478.02978515625,4.059999942779541
2023-08-07,102.05000305175781,1933.5,81.94000244140625,15.770000457763672,6886.3662109375,4518.43994140625,4.078000068664551
2023-08-08,102.52999877929688,1924.0999755859375,82.91999816894531,15.989999771118164,6868.81298828125,4499.3798828125,4.026000022888184
2023-08-09,102.48999786376953,1915.4000244140625,84.4000015258789,15.960000038146973,6875.11181640625,4467.7099609375,4.01200008392334
2023-08-10,102.5199966430664,1914.4000244140625,82.81999969482422,15.850000381469727,6893.27587890625,4468.830078125,4.079999923706055
2023-08-11,102.83999633789062,1912.9000244140625,83.19000244140625,14.84000015258789,6879.97900390625,4464.0498046875,4.168000221252441
2023-08-14,103.19000244140625,1910.5999755859375,82.51000213623047,14.819999694824219,6910.171875,4489.72021484375,4.184000015258789
2023-08-15,103.20999908447266,1902.5,80.98999786376953,16.459999084472656,6915.10107421875,4437.85986328125,4.2210001945495605
2023-08-16,103.41999816894531,1896.0999755859375,79.37999725341797,16.780000686645508,6900.5380859375,4404.330078125,4.257999897003174
2023-08-17,103.44000244140625,1884.0999755859375,80.38999938964844,17.889999389648438,,4370.35986328125,4.308000087738037
2023-08-18,103.37999725341797,1886.0999755859375,81.25,17.299999237060547,6859.912109375,4369.7099609375,4.250999927520752
2023-08-21,103.33000183105469,1893.300048828125,80.72000122070312,17.1299991607666,6866.033203125,4399.77001953125,4.3420000076293945
2023-08-22,103.55999755859375,1896.4000244140625,80.3499984741211,16.969999313354492,6916.4501953125,4387.5498046875,4.328000068664551
2023-08-23,103.36000061035156,1918.5,78.88999938964844,15.979999542236328,6921.41015625,4436.009765625,4.197999954223633
2023-08-24,103.9800033569336,1918.199951171875,79.05000305175781,17.200000762939453,6899.39208984375,4376.31005859375,4.235000133514404
2023-08-25,104.08000183105469,1911.0999755859375,79.83000183105469,15.680000305175781,6895.44287109375,4405.7099609375,4.238999843597412
2023-08-28,104.05999755859375,1917.9000244140625,80.0999984741211,15.079999923706055,6921.72705078125,4433.31005859375,4.211999893188477
2023-08-29,103.55000305175781,1936.5,81.16000366210938,14.449999809265137,6957.8349609375,4497.6298828125,4.122000217437744
2023-08-30,103.16000366210938,1944.300048828125,81.62999725341797,13.880000114440918,6966.65576171875,4514.8701171875,4.118000030517578
2023-08-31,103.62000274658203,1938.199951171875,83.62999725341797,13.569999694824219,6953.259765625,4507.66015625,4.0929999351501465
2023-09-01,104.23999786376953,1939.800048828125,85.55000305175781,13.09000015258789,6977.65380859375,4515.77001953125,4.172999858856201
2023-09-04,,,,,6996.75,,
2023-09-05,104.80999755859375,1926.199951171875,86.69000244140625,14.010000228881836,6991.7080078125,4496.830078125,4.26800012588501
2023-09-06,104.86000061035156,1918.0999755859375,87.54000091552734,14.449999809265137,6995.953125,4465.47998046875,4.289999961853027
2023-09-07,105.05999755859375,1917.5,86.87000274658203,14.399999618530273,6954.80810546875,4451.14013671875,4.260000228881836
2023-09-08,105.08999633789062,1918.4000244140625,87.51000213623047,13.84000015258789,6924.77978515625,4457.490234375,4.257999897003174
2023-09-11,104.56999969482422,1923.300048828125,87.29000091552734,13.800000190734863,6963.39306640625,4487.4599609375,4.288000106811523
2023-09-12,104.70999908447266,1911.300048828125,88.83999633789062,14.229999542236328,6933.96923828125,4461.89990234375,4.263999938964844
2023-09-13,104.7699966430664,1909.0999755859375,88.5199966430664,13.479999542236328,6935.47607421875,4467.43994140625,4.249000072479248
2023-09-14,105.41000366210938,1910.0,90.16000366210938,12.819999694824219,6959.3330078125,4505.10009765625,4.288000106811523
2023-09-15,105.31999969482422,1923.699951171875,90.7699966430664,13.789999961853027,6982.791015625,4450.31982421875,4.322000026702881
2023-09-18,105.19999694824219,1931.5,91.4800033569336,14.0,6936.0830078125,4453.52978515625,4.318999767303467
2023-09-19,105.19999694824219,1932.0,91.19999694824219,14.109999656677246,6980.32080078125,4443.9501953125,4.364999771118164
2023-09-20,105.16000366210938,1945.5999755859375,90.27999877929688,15.140000343322754,7011.68115234375,4402.2001953125,4.348999977111816
2023-09-21,105.36000061035156,1919.199951171875,89.62999725341797,17.540000915527344,6991.4658203125,4330.0,4.480000019073486
2023-09-22,105.58000183105469,1925.4000244140625,90.02999877929688,17.200000762939453,7016.84423828125,4320.06005859375,4.438000202178955
2023-09-25,106.0,1916.5999755859375,89.68000030517578,16.899999618530273,6998.380859375,4337.43994140625,4.541999816894531
2023-09-26,106.2300033569336,1900.4000244140625,90.38999938964844,18.940000534057617,6923.7998046875,4273.52978515625,4.558000087738037
2023-09-27,106.66999816894531,1871.5999755859375,93.68000030517578,18.219999313354492,6937.828125,4274.509765625,4.625999927520752
2023-09-28,106.22000122070312,1860.4000244140625,91.70999908447266,17.34000015258789,,4299.7001953125,4.5970001220703125
2023-09-29,106.16999816894531,1848.0999755859375,90.79000091552734,17.520000457763672,6939.89208984375,4288.0498046875,4.572999954223633
2023-10-02,106.9000015258789,1830.0,88.81999969482422,17.610000610351562,6961.458984375,4288.39013671875,4.683000087738037
2023-10-03,107.0,1824.5999755859375,89.2300033569336,19.780000686645508,6940.88720703125,4229.4501953125,4.802000045776367
2023-10-04,106.80000305175781,1818.5,84.22000122070312,18.579999923706055,6886.576171875,4263.75,4.735000133514404
2023-10-05,106.33000183105469,1816.5999755859375,82.30999755859375,18.489999771118164,6874.826171875,4258.18994140625,4.7170000076293945
2023-10-06,106.04000091552734,1830.199951171875,82.79000091552734,17.450000762939453,6888.51806640625,4308.5,4.783999919891357
2023-10-09,106.08000183105469,1849.5,86.37999725341797,17.700000762939453,6891.455078125,4335.66015625,4.796999931335449
2023-10-10,105.83000183105469,1861.0,85.97000122070312,17.030000686645508,6922.18798828125,4358.240234375,4.65500020980835
2023-10-11,105.81999969482422,1872.800048828125,83.48999786376953,16.09000015258789,6931.7529296875,4376.9501953125,4.59499979019165
2023-10-12,106.56999969482422,1869.300048828125,82.91000366210938,16.690000534057617,6935.15087890625,4349.60986328125,4.711999893188477
2023-10-13,106.6500015258789,1927.4000244140625,87.69000244140625,19.31999969482422,6926.77978515625,4327.77978515625,4.629000186920166
2023-10-16,106.23999786376953,1921.0999755859375,86.66000366210938,17.209999084472656,6896.2919921875,4373.6298828125,4.711999893188477
2023-10-17,106.25,1922.699951171875,86.66000366210938,17.8799991607666,6939.615234375,4373.2001953125,4.8470001220703125
2023-10-18,106.56999969482422,1955.300048828125,88.31999969482422,19.219999313354492,6927.90576171875,4314.60009765625,4.9039998054504395
2023-10-19,106.25,1968.4000244140625,89.37000274658203,21.399999618530273,6846.4267578125,4278.0,4.98799991607666
2023-10-20,106.16000366210938,1982.5,88.75,21.709999084472656,6849.16796875,4224.16015625,4.923999786376953
2023-10-23,105.54000091552734,1976.300048828125,85.48999786376953,20.3700008392334,6741.9638671875,4217.0400390625,4.8379998207092285
2023-10-24,106.2699966430664,1975.0,83.73999786376953,18.969999313354492,6806.76220703125,4247.68017578125,4.840000152587891
2023-10-25,106.52999877929688,1984.0999755859375,85.38999938964844,20.190000534057617,6834.38818359375,4186.77001953125,4.953000068664551
2023-10-26,106.5999984741211,1987.199951171875,83.20999908447266,20.68000030517578,6714.51904296875,4137.22998046875,4.84499979019165
2023-10-27,106.55999755859375,1988.5999755859375,85.54000091552734,21.270000457763672,6758.79296875,4117.3701171875,4.84499979019165
2023-10-30,106.12000274658203,1996.199951171875,82.30999755859375,19.75,6735.89208984375,4166.81982421875,4.875
2023-10-31,106.66000366210938,1985.199951171875,81.0199966430664,18.139999389648438,6752.2109375,4193.7998046875,4.875
2023-11-01,106.87999725341797,1978.800048828125,80.44000244140625,16.8700008392334,6642.41796875,4237.85986328125,4.789000034332275
2023-11-02,106.12000274658203,1985.5999755859375,82.45999908447266,15.65999984741211,6751.38623046875,4317.77978515625,4.669000148773193
2023-11-03,105.0199966430664,1991.5,80.51000213623047,14.90999984741211,6788.85009765625,4358.33984375,4.558000087738037
2023-11-06,105.22000122070312,1981.5999755859375,80.81999969482422,14.890000343322754,6878.8359375,4365.97998046875,4.6620001792907715
2023-11-07,105.54000091552734,1966.800048828125,77.37000274658203,14.8100004196167,6843.7900390625,4378.3798828125,4.571000099182129
2023-11-08,105.58999633789062,1951.5,75.33000183105469,14.449999809265137,6804.10595703125,4382.77978515625,4.5229997634887695
2023-11-09,105.91000366210938,1964.199951171875,75.73999786376953,15.289999961853027,6838.23291015625,4347.35009765625,4.630000114440918
2023-11-10,105.86000061035156,1932.5999755859375,77.16999816894531,14.170000076293945,6809.26318359375,4415.240234375,4.627999782562256
2023-11-13,105.66000366210938,1945.5,78.26000213623047,14.760000228881836,6838.31201171875,4411.5498046875,4.631999969482422
2023-11-14,104.11000061035156,1961.800048828125,78.26000213623047,14.15999984741211,6862.05517578125,4495.7001953125,4.440999984741211
2023-11-15,104.38999938964844,1960.0999755859375,76.66000366210938,14.180000305175781,6958.205078125,4502.8798828125,4.534999847412109
2023-11-16,104.37000274658203,1983.9000244140625,72.9000015258789,14.319999694824219,6958.0078125,4508.240234375,4.445000171661377
2023-11-17,103.81999969482422,1981.5999755859375,75.88999938964844,13.800000190734863,6977.66796875,4514.02001953125,4.440999984741211
2023-11-20,103.47000122070312,1977.699951171875,77.5999984741211,13.40999984741211,6994.88818359375,4547.3798828125,4.421999931335449
2023-11-21,103.58999633789062,1999.300048828125,77.7699966430664,13.350000381469727,6961.7900390625,4538.18994140625,4.418000221252441
2023-11-22,103.91999816894531,1991.4000244140625,77.0999984741211,12.850000381469727,6906.953125,4556.6201171875,4.415999889373779
2023-11-23,,,,,7004.34423828125,,
2023-11-24,103.4000015258789,2002.199951171875,75.54000091552734,12.460000038146973,7009.630859375,4559.33984375,4.4720001220703125
2023-11-27,103.19999694824219,2011.800048828125,74.86000061035156,12.6899995803833,7013.40576171875,4550.43017578125,4.388999938964844
2023-11-28,102.75,2039.699951171875,76.41000366210938,12.6899995803833,7041.0732421875,4554.89013671875,4.335999965667725
2023-11-29,102.7699966430664,2047.0999755859375,77.86000061035156,12.979999542236328,7036.0869140625,4550.580078125,4.270999908447266
2023-11-30,103.5,2038.0999755859375,75.95999908447266,12.920000076293945,7080.7412109375,4567.7998046875,4.3520002365112305
2023-12-01,103.2699966430664,2071.0,74.06999969482422,12.630000114440918,7059.90576171875,4594.6298828125,4.22599983215332
2023-12-04,103.63999938964844,2024.0999755859375,73.04000091552734,13.079999923706055,7093.60009765625,4569.77978515625,4.288000106811523
2023-12-05,104.05000305175781,2018.5,72.31999969482422,12.850000381469727,7100.85498046875,4567.18017578125,4.171000003814697
2023-12-06,104.1500015258789,2030.5,69.37999725341797,12.970000267028809,7087.39501953125,4549.33984375,4.120999813079834
2023-12-07,103.54000091552734,2029.9000244140625,69.33999633789062,13.0600004196167,7134.623046875,4585.58984375,4.129000186920166
2023-12-08,104.01000213623047,1998.300048828125,71.2300033569336,12.350000381469727,7159.59814453125,4604.3701171875,4.244999885559082
2023-12-11,104.0999984741211,1978.0,71.31999969482422,12.630000114440918,7088.78515625,4622.43994140625,4.238999843597412
2023-12-12,103.87000274658203,1977.800048828125,68.61000061035156,12.069999694824219,7125.30712890625,4643.7001953125,4.205999851226807
2023-12-13,102.87000274658203,1982.300048828125,69.47000122070312,12.1899995803833,7075.3408203125,4707.08984375,4.0329999923706055
2023-12-14,101.95999908447266,2030.199951171875,71.58000183105469,12.479999542236328,7176.01611328125,4719.5498046875,3.930000066757202
2023-12-15,102.55000305175781,2021.0999755859375,71.43000030517578,12.279999732971191,7190.98779296875,4719.18994140625,3.927999973297119
2023-12-18,102.51000213623047,2026.300048828125,72.47000122070312,12.5600004196167,7119.52490234375,4740.56005859375,3.9539999961853027
2023-12-19,102.16999816894531,2038.4000244140625,73.44000244140625,12.529999732971191,7187.84619140625,4768.3701171875,3.921999931335449
2023-12-20,102.41000366210938,2034.5,74.22000122070312,13.670000076293945,7219.6669921875,4698.35009765625,3.877000093460083
2023-12-21,101.83999633789062,2039.0999755859375,73.88999938964844,13.649999618530273,7209.619140625,4746.75,3.8940000534057617
2023-12-22,101.69999694824219,2057.10009765625,73.55999755859375,13.029999732971191,7237.51904296875,4754.6298828125,3.9010000228881836
2023-12-26,101.47000122070312,2058.199951171875,75.56999969482422,12.989999771118164,,4774.75,3.885999917984009
2023-12-27,100.98999786376953,2081.89990234375,74.11000061035156,12.430000305175781,7245.916015625,4781.580078125,3.7890000343322754
2023-12-28,101.2300033569336,2073.89990234375,71.7699966430664,12.470000267028809,7303.88818359375,4783.35009765625,3.8499999046325684
2023-12-29,101.33000183105469,2062.39990234375,71.6500015258789,12.449999809265137,7272.796875,4769.830078125,3.865999937057495
2024-01-02,102.19999694824219,2064.39990234375,70.37999725341797,13.199999809265137,7323.587890625,4742.830078125,3.946000099182129
2024-01-03,102.45999908447266,2034.199951171875,72.69999694824219,14.039999961853027,7279.0908203125,4704.81005859375,3.9070000648498535
2024-01-04,102.41999816894531,2042.300048828125,72.19000244140625,14.130000114440918,7359.76318359375,4688.68017578125,3.990999937057495
2024-01-05,102.41000366210938,2042.4000244140625,73.80999755859375,13.350000381469727,7350.619140625,4697.240234375,4.041999816894531
2024-01-08,102.20999908447266,2026.5999755859375,70.7699966430664,13.079999923706055,7283.5751953125,4763.5400390625,4.001999855041504
2024-01-09,102.56999969482422,2026.4000244140625,72.23999786376953,12.760000228881836,7200.203125,4756.5,4.019000053405762
2024-01-10,102.36000061035156,2021.699951171875,71.37000274658203,12.6899995803833,7227.296875,4783.4501953125,4.03000020980835
2024-01-11,102.29000091552734,2014.300048828125,72.0199966430664,12.4399995803833,7219.9638671875,4780.240234375,3.9769999980926514
2024-01-12,102.4000015258789,2046.699951171875,72.68000030517578,12.699999809265137,7241.13818359375,4783.830078125,3.950000047683716
2024-01-15,,,,,7224.0009765625,,
2024-01-16,103.36000061035156,2026.0,72.4000015258789,13.84000015258789,7242.787109375,4765.97998046875,4.065999984741211
2024-01-17,103.44999694824219,2002.5999755859375,72.55999755859375,14.789999961853027,7200.634765625,4739.2099609375,4.105999946594238
2024-01-18,103.54000091552734,2018.5999755859375,74.08000183105469,14.130000114440918,7252.966796875,4780.93994140625,4.144000053405762
2024-01-19,103.29000091552734,2026.5,73.41000366210938,13.300000190734863,7227.40185546875,4839.81005859375,4.145999908447266
2024-01-22,103.33000183105469,2019.800048828125,75.19000244140625,13.1899995803833,7247.92822265625,4850.43017578125,4.093999862670898
2024-01-23,103.62000274658203,2023.699951171875,74.37000274658203,12.550000190734863,7256.22900390625,4864.60009765625,4.142000198364258
2024-01-24,103.23999786376953,2013.9000244140625,75.08999633789062,13.140000343322754,7227.8232421875,4868.5498046875,4.177999973297119
2024-01-25,103.56999969482422,2016.9000244140625,77.36000061035156,13.449999809265137,7178.0419921875,4894.16015625,4.131999969482422
2024-01-26,103.47000122070312,2016.800048828125,78.01000213623047,13.260000228881836,7137.087890625,4890.97021484375,4.159999847412109
2024-01-29,103.61000061035156,2025.199951171875,76.77999877929688,13.600000381469727,7157.1748046875,4927.93017578125,4.091000080108643
2024-01-30,103.4000015258789,2031.5,77.81999969482422,13.3100004196167,7192.2158203125,4924.97021484375,4.059000015258789
2024-01-31,103.2699966430664,2048.39990234375,75.8499984741211,14.350000381469727,7207.94091796875,4845.64990234375,3.9670000076293945
2024-02-01,103.05000305175781,2053.0,73.81999969482422,13.880000114440918,7201.69580078125,4906.18994140625,3.86299991607666
2024-02-02,103.91999816894531,2036.0999755859375,72.27999877929688,13.850000381469727,7238.78515625,4958.60986328125,4.0329999923706055
2024-02-05,104.44999694824219,2025.699951171875,72.77999877929688,13.670000076293945,7198.615234375,4942.81005859375,4.164000034332275
2024-02-06,104.18000030517578,2034.5,73.30999755859375,13.0600004196167,7247.408203125,4954.22998046875,4.090000152587891
2024-02-07,104.04000091552734,2035.199951171875,73.86000061035156,12.829999923706055,7235.15185546875,4995.06005859375,4.110000133514404
2024-02-08,104.1500015258789,2032.199951171875,76.22000122070312,12.789999961853027,,4997.91015625,4.170000076293945
2024-02-09,104.08000183105469,2023.300048828125,76.83999633789062,12.930000305175781,,5026.60986328125,4.186999797821045
2024-02-12,104.16999816894531,2018.199951171875,76.91999816894531,13.930000305175781,7297.6689453125,5021.83984375,4.171999931335449
2024-02-13,104.95999908447266,1992.9000244140625,77.87000274658203,15.850000381469727,7209.7412109375,4953.169921875,4.315999984741211
2024-02-14,104.72000122070312,1990.300048828125,76.63999938964844,14.380000114440918,,5000.6201171875,4.267000198364258
2024-02-15,104.30000305175781,2002.0999755859375,78.02999877929688,14.010000228881836,7303.28076171875,5029.72998046875,4.239999771118164
2024-02-16,104.27999877929688,2011.5,79.19000244140625,14.239999771118164,7335.544921875,5005.56982421875,4.295000076293945
2024-02-19,,,,,7296.7021484375,,
2024-02-20,104.08000183105469,2027.5,78.18000030517578,15.420000076293945,7352.60107421875,4975.509765625,4.275000095367432
2024-02-21,104.01000213623047,2022.300048828125,77.91000366210938,15.34000015258789,7349.02099609375,4981.7998046875,4.324999809265137
2024-02-22,103.95999908447266,2019.699951171875,78.61000061035156,14.539999961853027,7339.63623046875,5087.02978515625,4.327000141143799
2024-02-23,103.94000244140625,2038.5999755859375,76.48999786376953,13.75,7295.09521484375,5088.7998046875,4.260000228881836
2024-02-26,103.83000183105469,2028.5,77.58000183105469,13.739999771118164,7283.8232421875,5069.52978515625,4.298999786376953
2024-02-27,103.83000183105469,2034.0,78.87000274658203,13.430000305175781,7285.31689453125,5078.18017578125,4.315000057220459
2024-02-28,103.9800033569336,2033.0,78.54000091552734,13.84000015258789,7328.63623046875,5069.759765625,4.27400016784668
2024-02-29,104.16000366210938,2045.699951171875,78.26000213623047,13.399999618530273,7316.11083984375,5096.27001953125,4.251999855041504
2024-03-01,103.86000061035156,2086.89990234375,79.97000122070312,13.109999656677246,7311.9072265625,5137.080078125,4.179999828338623
2024-03-04,103.83000183105469,2117.699951171875,78.73999786376953,13.489999771118164,7276.7490234375,5130.9501953125,4.218999862670898
2024-03-05,103.80000305175781,2133.5,78.1500015258789,14.460000038146973,7247.4599609375,5078.64990234375,4.13700008392334
2024-03-06,103.37000274658203,2150.300048828125,79.12999725341797,14.5,7329.80078125,5104.759765625,4.104000091552734
2024-03-07,102.81999969482422,2158.0,78.93000030517578,14.4399995803833,7373.9638671875,5157.35986328125,4.0920000076293945
2024-03-08,102.73999786376953,2178.60009765625,78.01000213623047,14.739999771118164,7381.9072265625,5123.68994140625,4.089000225067139
2024-03-11,102.87000274658203,2182.5,77.93000030517578,15.220000267028809,,5117.93994140625,4.104000091552734
2024-03-12,102.95999908447266,2160.39990234375,77.55999755859375,13.84000015258789,,5175.27001953125,4.15500020980835
2024-03-13,102.79000091552734,2175.39990234375,79.72000122070312,13.75,7421.20703125,5165.31005859375,4.191999912261963
2024-03-14,103.36000061035156,2163.0,81.26000213623047,14.399999618530273,7433.31494140625,5150.47998046875,4.297999858856201
2024-03-15,103.43000030517578,2157.300048828125,81.04000091552734,14.40999984741211,7328.05419921875,5117.08984375,4.303999900817871
2024-03-18,103.58000183105469,2160.699951171875,82.72000122070312,14.329999923706055,7302.44921875,5149.419921875,4.340000152587891
2024-03-19,103.80999755859375,2156.300048828125,83.47000122070312,13.819999694824219,7336.74609375,5178.509765625,4.296999931335449
2024-03-20,103.41000366210938,2157.89990234375,81.68000030517578,13.039999961853027,7331.1279296875,5224.6201171875,4.2729997634887695
2024-03-21,104.0,2182.39990234375,81.06999969482422,12.920000076293945,7338.35302734375,5241.52978515625,4.270999908447266
2024-03-22,104.43000030517578,2158.10009765625,80.62999725341797,13.0600004196167,7350.15185546875,5234.18017578125,4.2179999351501465
2024-03-25,104.2300033569336,2174.800048828125,81.94999694824219,13.1899995803833,7377.759765625,5218.18994140625,4.252999782562256
2024-03-26,104.29000091552734,2175.60009765625,81.62000274658203,13.239999771118164,7365.6640625,5203.580078125,4.234000205993652
2024-03-27,104.3499984741211,2190.60009765625,81.3499984741211,12.779999732971191,7310.091796875,5248.490234375,4.196000099182129
2024-03-28,104.55000305175781,2217.39990234375,83.16999816894531,13.010000228881836,7288.81298828125,5254.35009765625,4.205999851226807
2024-04-01,105.0199966430664,2236.5,83.70999908447266,13.649999618530273,7205.06103515625,5243.77001953125,4.328999996185303
2024-04-02,104.81999969482422,2261.0,85.1500015258789,14.609999656677246,7236.98388671875,5205.81005859375,4.364999771118164
2024-04-03,104.25,2294.39990234375,85.43000030517578,14.329999923706055,7166.84423828125,5211.490234375,4.355000019073486
2024-04-04,104.12000274658203,2288.800048828125,86.58999633789062,16.350000381469727,7254.39892578125,5147.2099609375,4.309000015258789
2024-04-05,104.30000305175781,2325.699951171875,86.91000366210938,16.030000686645508,7286.8818359375,5204.33984375,4.377999782562256
2024-04-08,104.13999938964844,2331.699951171875,86.43000030517578,15.1899995803833,,5202.39013671875,4.423999786376953
2024-04-09,104.1500015258789,2343.5,85.2300033569336,14.979999542236328,,5209.91015625,4.366000175476074
2024-04-10,105.25,2329.60009765625,86.20999908447266,15.800000190734863,,5160.64013671875,4.559999942779541
2024-04-11,105.27999877929688,2354.800048828125,85.0199966430664,14.90999984741211,,5199.06005859375,4.576000213623047
2024-04-12,106.04000091552734,2356.199951171875,85.66000366210938,17.309999465942383,,5123.41015625,4.499000072479248
2024-04-15,106.20999908447266,2365.800048828125,85.41000366210938,19.229999542236328,,5061.81982421875,4.627999782562256
2024-04-16,106.26000213623047,2390.800048828125,85.36000061035156,18.399999618530273,7164.80712890625,5051.41015625,4.658999919891357
2024-04-17,105.94999694824219,2371.699951171875,82.69000244140625,18.209999084472656,7130.8408203125,5022.2099609375,4.585000038146973
2024-04-18,106.1500015258789,2382.300048828125,82.7300033569336,18.0,7166.81396484375,5011.1201171875,4.646999835968018
2024-04-19,106.1500015258789,2398.39990234375,83.13999938964844,18.709999084472656,7087.31689453125,4967.22998046875,4.614999771118164
2024-04-22,106.08000183105469,2332.199951171875,82.8499984741211,16.940000534057617,7073.81982421875,5010.60009765625,4.623000144958496
2024-04-23,105.69000244140625,2327.699951171875,83.36000061035156,15.6899995803833,7110.81298828125,5070.5498046875,4.5980000495910645
2024-04-24,105.86000061035156,2324.5,82.80999755859375,15.970000267028809,7174.533203125,5071.6298828125,4.6519999504089355
2024-04-25,105.5999984741211,2329.800048828125,83.56999969482422,15.369999885559082,7155.2939453125,5048.419921875,4.705999851226807
2024-04-26,105.94000244140625,2334.800048828125,83.8499984741211,15.029999732971191,7036.0751953125,5099.9599609375,4.669000148773193
2024-04-29,105.58000183105469,2345.39990234375,82.62999725341797,14.670000076293945,7155.7841796875,5116.169921875,4.613999843597412
2024-04-30,106.22000122070312,2291.39990234375,81.93000030517578,15.649999618530273,7234.19677734375,5035.68994140625,4.685999870300293
2024-05-01,105.76000213623047,2299.89990234375,79.0,15.390000343322754,,5018.39013671875,4.59499979019165
2024-05-02,105.30000305175781,2299.199951171875,78.94999694824219,14.680000305175781,7117.4248046875,5064.2001953125,4.571000099182129
2024-05-03,105.02999877929688,2299.0,78.11000061035156,13.489999771118164,7134.72412109375,5127.7900390625,4.5
2024-05-06,105.05000305175781,2321.60009765625,78.4800033569336,13.489999771118164,7135.89013671875,5180.740234375,4.488999843597412
2024-05-07,105.41000366210938,2315.199951171875,78.37999725341797,13.229999542236328,7123.61181640625,5187.7001953125,4.4629998207092285
2024-05-08,105.55000305175781,2313.60009765625,78.98999786376953,13.0,7088.794921875,5187.669921875,4.492000102996826
2024-05-09,105.2300033569336,2332.10009765625,79.26000213623047,12.6899995803833,,5214.080078125,4.448999881744385
2024-05-10,105.30999755859375,2367.300048828125,78.26000213623047,12.550000190734863,,5222.68017578125,4.504000186920166
2024-05-13,105.22000122070312,2336.10009765625,79.12000274658203,13.600000381469727,7099.26123046875,5221.419921875,4.480999946594238
2024-05-14,105.01000213623047,2353.39990234375,78.0199966430664,13.420000076293945,7083.76318359375,5246.68017578125,4.445000171661377
2024-05-15,104.3499984741211,2388.699951171875,78.62999725341797,12.449999809265137,7179.8310546875,5308.14990234375,4.355999946594238
2024-05-16,104.45999908447266,2380.0,79.2300033569336,12.420000076293945,7246.69580078125,5297.10009765625,4.376999855041504
2024-05-17,104.44999694824219,2412.199951171875,80.05999755859375,11.989999771118164,7317.23779296875,5303.27001953125,4.420000076293945
2024-05-20,104.56999969482422,2433.89990234375,79.80000305175781,12.149999618530273,7266.69091796875,5308.1298828125,4.436999797821045
2024-05-21,104.66000366210938,2421.699951171875,79.26000213623047,11.859999656677246,7186.037109375,5321.41015625,4.414000034332275
2024-05-22,104.94000244140625,2389.199951171875,77.56999969482422,12.289999961853027,7222.3818359375,5307.009765625,4.434000015258789
2024-05-23,105.11000061035156,2335.0,76.87000274658203,12.770000457763672,,5267.83984375,4.474999904632568
2024-05-24,104.72000122070312,2332.5,77.72000122070312,11.930000305175781,,5304.72021484375,4.4670000076293945
2024-05-27,,,,,7176.419921875,,
2024-05-28,104.61000061035156,2355.199951171875,79.83000183105469,12.920000076293945,7253.6259765625,5306.0400390625,4.541999816894531
2024-05-29,105.0999984741211,2340.300048828125,79.2300033569336,14.279999732971191,7140.22900390625,5266.9501953125,4.624000072479248
2024-05-30,104.72000122070312,2342.89990234375,77.91000366210938,14.470000267028809,7034.14208984375,5235.47998046875,4.553999900817871
2024-05-31,104.66999816894531,2322.89990234375,76.98999786376953,12.920000076293945,6970.73583984375,5277.509765625,4.513999938964844
2024-06-03,104.13999938964844,2346.60009765625,74.22000122070312,13.109999656677246,7036.19091796875,5283.39990234375,4.4019999504089355
2024-06-04,104.11000061035156,2325.5,73.25,13.15999984741211,7099.31201171875,5291.33984375,4.335999965667725
2024-06-05,104.2699966430664,2354.10009765625,74.06999969482422,12.630000114440918,6947.669921875,5354.02978515625,4.289000034332275
2024-06-06,104.0999984741211,2370.300048828125,75.55000305175781,12.579999923706055,6974.89697265625,5352.9599609375,4.281000137329102
2024-06-07,104.88999938964844,2305.199951171875,75.52999877929688,12.220000267028809,6897.9501953125,5346.990234375,4.429999828338623
2024-06-10,105.1500015258789,2307.699951171875,77.73999786376953,12.739999771118164,6921.5478515625,5360.7900390625,4.468999862670898
2024-06-11,105.2300033569336,2307.5,77.9000015258789,12.850000381469727,6855.69091796875,5375.31982421875,4.4039998054504395
2024-06-12,104.6500015258789,2336.0,78.5,12.039999961853027,6850.09716796875,5421.02978515625,4.295000076293945
2024-06-13,105.19999694824219,2300.199951171875,78.62000274658203,11.9399995803833,6831.56396484375,5433.740234375,4.23799991607666
2024-06-14,105.55000305175781,2331.39990234375,78.44999694824219,12.65999984741211,6734.83203125,5431.60009765625,4.2129998207092285
2024-06-17,105.31999969482422,2312.39990234375,80.33000183105469,12.75,,5473.22998046875,4.2789998054504395
2024-06-18,105.26000213623047,2330.39990234375,81.56999969482422,12.300000190734863,,5487.02978515625,4.2170000076293945
2024-06-19,,,,,6726.9189453125,,
2024-06-20,105.58999633789062,2353.800048828125,82.16999816894531,13.279999732971191,6819.32080078125,5473.169921875,4.254000186920166
2024-06-21,105.80000305175781,2316.39990234375,80.7300033569336,13.199999809265137,6879.97802734375,5464.6201171875,4.256999969482422
2024-06-24,105.47000122070312,2330.0,81.62999725341797,13.329999923706055,6889.1650390625,5447.8701171875,4.248000144958496
2024-06-25,105.61000061035156,2316.60009765625,80.83000183105469,12.84000015258789,6882.7041015625,5469.2998046875,4.23799991607666
2024-06-26,106.05000305175781,2299.199951171875,80.9000015258789,12.550000190734863,6905.64208984375,5477.89990234375,4.315999984741211
2024-06-27,105.91000366210938,2324.5,81.73999786376953,12.239999771118164,6967.951171875,5482.8701171875,4.288000106811523
2024-06-28,105.87000274658203,2327.699951171875,81.54000091552734,12.4399995803833,7063.5771484375,5460.47998046875,4.3429999351501465
2024-07-01,105.9000015258789,2327.60009765625,83.37999725341797,12.220000267028809,7139.6259765625,5475.08984375,4.479000091552734
2024-07-02,105.72000122070312,2323.0,82.80999755859375,12.029999732971191,7125.14208984375,5509.009765625,4.435999870300293
2024-07-03,105.4000015258789,2359.800048828125,83.87999725341797,12.09000015258789,7196.7548828125,5537.02001953125,4.355000019073486
2024-07-04,,,,,7220.88916015625,,
2024-07-05,104.87999725341797,2388.5,83.16000366210938,12.479999542236328,7253.3720703125,5567.18994140625,4.271999835968018
2024-07-08,105.01000213623047,2355.199951171875,82.33000183105469,12.369999885559082,7250.97705078125,5572.85009765625,4.269000053405762
2024-07-09,105.12000274658203,2360.10009765625,81.41000366210938,12.510000228881836,7269.80078125,5576.97998046875,4.300000190734863
2024-07-10,105.05000305175781,2372.199951171875,82.0999984741211,12.850000381469727,7287.0419921875,5633.91015625,4.28000020980835
2024-07-11,104.44000244140625,2415.0,82.62000274658203,12.920000076293945,7300.4072265625,5584.5400390625,4.192999839782715
2024-07-12,104.08999633789062,2414.0,82.20999908447266,12.460000038146973,7327.580078125,5615.35009765625,4.189000129699707
2024-07-15,104.19000244140625,2422.89990234375,81.91000366210938,13.119999885559082,7278.86279296875,5631.22021484375,4.229000091552734
2024-07-16,104.2699966430664,2462.39990234375,80.76000213623047,13.1899995803833,7224.29296875,5667.2001953125,4.166999816894531
2024-07-17,103.75,2454.800048828125,82.8499984741211,14.479999542236328,7224.2177734375,5588.27001953125,4.145999908447266
2024-07-18,104.16999816894531,2451.800048828125,82.81999969482422,15.930000305175781,7321.07080078125,5544.58984375,4.189000129699707
2024-07-19,104.4000015258789,2395.5,80.12999725341797,16.520000457763672,7294.4951171875,5505.0,4.238999843597412
2024-07-22,104.30999755859375,2392.0,79.77999877929688,14.90999984741211,7321.97607421875,5564.41015625,4.260000228881836
2024-07-23,104.44999694824219,2404.60009765625,76.95999908447266,14.720000267028809,7313.85693359375,5555.740234375,4.238999843597412
2024-07-24,104.38999938964844,2413.300048828125,77.58999633789062,18.040000915527344,7262.7587890625,5427.1298828125,4.285999774932861
2024-07-25,104.36000061035156,2351.89990234375,78.27999877929688,18.459999084472656,7240.27685546875,5399.22021484375,4.25600004196167
2024-07-26,104.31999969482422,2380.0,77.16000366210938,16.389999389648438,7288.1669921875,5459.10009765625,4.199999809265137
2024-07-29,104.55999755859375,2377.300048828125,75.80999755859375,16.600000381469727,7288.89697265625,5463.5400390625,4.177999973297119
2024-07-30,104.55000305175781,2405.0,74.7300033569336,17.690000534057617,7241.86376953125,5436.43994140625,4.14300012588501
2024-07-31,104.0999984741211,2426.5,77.91000366210938,16.360000610351562,7255.76220703125,5522.2998046875,4.109000205993652
2024-08-01,104.41999816894531,2435.0,76.30999755859375,18.59000015258789,7325.98486328125,5446.68017578125,3.9760000705718994
2024-08-02,103.20999908447266,2425.699951171875,73.5199966430664,23.389999389648438,7308.123046875,5346.56005859375,3.7920000553131104
2024-08-05,102.69000244140625,2401.699951171875,72.94000244140625,38.56999969482422,7059.65283203125,5186.330078125,3.7850000858306885
2024-08-06,102.97000122070312,2389.10009765625,73.19999694824219,27.709999084472656,7129.21484375,5240.02978515625,3.888000011444092
2024-08-07,103.19999694824219,2390.5,75.2300033569336,27.850000381469727,7212.130859375,5199.5,3.9679999351501465
2024-08-08,103.20999908447266,2422.199951171875,76.19000244140625,23.790000915527344,7195.12109375,5319.31005859375,3.996999979019165
2024-08-09,103.13999938964844,2432.10009765625,76.83999633789062,20.3700008392334,7256.99609375,5344.16015625,3.941999912261963
2024-08-12,103.13999938964844,2462.39990234375,80.05999755859375,20.709999084472656,7297.625,5344.39013671875,3.9089999198913574
2024-08-13,102.55999755859375,2466.699951171875,78.3499984741211,18.1200008392334,7356.63818359375,5434.43017578125,3.8519999980926514
2024-08-14,102.56999969482422,2439.39990234375,76.9800033569336,16.190000534057617,7436.0390625,5455.2099609375,3.819999933242798
2024-08-15,102.9800033569336,2453.10009765625,78.16000366210938,15.229999542236328,7409.5009765625,5543.22021484375,3.9260001182556152
2024-08-16,102.45999908447266,2498.60009765625,76.6500015258789,14.800000190734863,7432.08984375,5554.25,3.8919999599456787
2024-08-19,101.88999938964844,2501.800048828125,74.37000274658203,14.649999618530273,7466.8310546875,5608.25,3.867000102996826
2024-08-20,101.44000244140625,2511.300048828125,74.04000091552734,15.880000114440918,7533.98486328125,5597.1201171875,3.818000078201294
2024-08-21,101.04000091552734,2508.39990234375,71.93000030517578,16.270000457763672,7554.5927734375,5620.85009765625,3.7780001163482666
2024-08-22,101.51000213623047,2478.89990234375,73.01000213623047,17.549999237060547,7488.67578125,5570.64013671875,3.861999988555908
2024-08-23,100.72000122070312,2508.39990234375,74.83000183105469,15.859999656677246,7544.2978515625,5634.60986328125,3.806999921798706
2024-08-26,100.8499984741211,2517.699951171875,77.41999816894531,16.149999618530273,7606.19482421875,5616.83984375,3.818000078201294
2024-08-27,100.55000305175781,2516.0,75.52999877929688,15.430000305175781,7597.880859375,5625.7998046875,3.8329999446868896
2024-08-28,101.08999633789062,2501.0,74.5199966430664,17.110000610351562,7658.875,5592.18017578125,3.8410000801086426
2024-08-29,101.33999633789062,2525.699951171875,75.91000366210938,15.649999618530273,7627.60400390625,5591.9599609375,3.867000102996826
2024-08-30,101.69999694824219,2493.800048828125,73.55000305175781,15.0,7670.73291015625,5648.39990234375,3.9110000133514404
2024-09-02,,,,,7694.52978515625,,
2024-09-03,101.83000183105469,2489.89990234375,70.33999633789062,20.719999313354492,7616.52099609375,5528.93017578125,3.8440001010894775
2024-09-04,101.36000061035156,2493.39990234375,69.19999694824219,21.31999969482422,7672.89599609375,5520.06982421875,3.7679998874664307
2024-09-05,101.11000061035156,2511.39990234375,69.1500015258789,19.899999618530273,7681.04296875,5503.41015625,3.7309999465942383
2024-09-06,101.18000030517578,2493.5,67.66999816894531,22.3799991607666,7721.84619140625,5408.419921875,3.7100000381469727
2024-09-09,101.55000305175781,2501.800048828125,68.70999908447266,19.450000762939453,7702.73876953125,5471.0498046875,3.697000026702881
2024-09-10,101.62999725341797,2512.300048828125,65.75,19.079999923706055,7761.38818359375,5495.52001953125,3.6459999084472656
2024-09-11,101.68000030517578,2512.10009765625,67.30999755859375,17.690000534057617,7760.955078125,5554.1298828125,3.6530001163482666
2024-09-12,101.37000274658203,2551.199951171875,68.97000122070312,17.06999969482422,7798.15380859375,5595.759765625,3.680000066757202
2024-09-13,101.11000061035156,2581.300048828125,68.6500015258789,16.559999465942383,7812.130859375,5626.02001953125,3.6500000953674316
2024-09-16,100.76000213623047,2580.39990234375,70.08999633789062,17.139999389648438,,5633.08984375,3.621000051498413
2024-09-17,100.88999938964844,2564.300048828125,71.19000244140625,17.610000610351562,7831.77880859375,5634.580078125,3.6419999599456787
2024-09-18,100.5999984741211,2570.699951171875,70.91000366210938,18.229999542236328,7829.134765625,5618.259765625,3.684999942779541
2024-09-19,100.61000061035156,2588.0,71.94999694824219,16.329999923706055,7905.39013671875,5713.64013671875,3.740000009536743
2024-09-20,100.72000122070312,2619.89990234375,71.91999816894531,16.149999618530273,7743.00390625,5702.5498046875,3.7279999256134033
2024-09-23,100.91999816894531,2626.5,70.37000274658203,15.890000343322754,7775.73095703125,5718.56982421875,3.739000082015991
2024-09-24,100.37000274658203,2651.199951171875,71.55999755859375,15.390000343322754,7778.4912109375,5732.93017578125,3.7360000610351562
2024-09-25,100.91999816894531,2659.199951171875,69.69000244140625,15.40999984741211,7740.90185546875,5722.259765625,3.7809998989105225
2024-09-26,100.55999755859375,2669.89990234375,67.66999816894531,15.369999885559082,7744.51611328125,5745.3701171875,3.7909998893737793
2024-09-27,100.41999816894531,2644.300048828125,68.18000030517578,16.959999084472656,7696.916015625,5738.169921875,3.749000072479248
2024-09-30,100.77999877929688,2636.10009765625,68.16999816894531,16.729999542236328,7527.92919921875,5762.47998046875,3.802000045776367
2024-10-01,101.19000244140625,2667.300048828125,69.83000183105469,19.260000228881836,7642.1328125,5708.75,3.743000030517578
2024-10-02,101.68000030517578,2647.10009765625,70.0999984741211,18.899999618530273,7563.26220703125,5709.5400390625,3.7850000858306885
2024-10-03,101.98999786376953,2657.10009765625,73.70999908447266,20.489999771118164,7543.828125,5699.93994140625,3.8499999046325684
2024-10-04,102.5199966430664,2645.800048828125,74.37999725341797,19.209999084472656,7496.0908203125,5751.06982421875,3.9809999465942383
2024-10-07,102.54000091552734,2644.800048828125,77.13999938964844,22.639999389648438,7504.134765625,5695.93994140625,4.026000022888184
2024-10-08,102.55000305175781,2615.0,73.56999969482422,21.420000076293945,7557.14208984375,5751.1298828125,4.0329999923706055
2024-10-09,102.93000030517578,2606.0,73.23999786376953,20.860000610351562,7501.28515625,5792.0400390625,4.066999912261963
2024-10-10,102.98999786376953,2620.60009765625,75.8499984741211,20.93000030517578,7480.080078125,5780.0498046875,4.0960001945495605
2024-10-11,102.88999938964844,2657.60009765625,75.55999755859375,20.459999084472656,7520.60205078125,5815.02978515625,4.072999954223633
2024-10-14,103.30000305175781,2647.800048828125,73.83000183105469,19.700000762939453,7559.65478515625,5859.85009765625,4.0980000495910645
2024-10-15,103.26000213623047,2661.39990234375,70.58000183105469,20.639999389648438,7626.951171875,5815.259765625,4.038000106811523
2024-10-16,103.58999633789062,2674.0,70.38999938964844,19.579999923706055,7648.93994140625,5842.47021484375,4.015999794006348
2024-10-17,103.83000183105469,2691.0,70.66999816894531,19.110000610351562,7735.0390625,5841.47021484375,4.0960001945495605
2024-10-18,103.48999786376953,2713.699951171875,69.22000122070312,18.030000686645508,7760.06005859375,5864.669921875,4.072999954223633
2024-10-21,104.01000213623047,2723.10009765625,70.55999755859375,18.3700008392334,7772.59619140625,5853.97998046875,4.182000160217285
2024-10-22,104.08000183105469,2744.199951171875,72.08999633789062,18.200000762939453,7788.98291015625,5851.2001953125,4.203999996185303
2024-10-23,104.43000030517578,2714.39990234375,70.7699966430664,19.239999771118164,7787.56494140625,5797.419921875,4.242000102996826
2024-10-24,104.05999755859375,2734.89990234375,70.19000244140625,19.079999923706055,7716.548828125,5809.85986328125,4.199999809265137
2024-10-25,104.26000213623047,2740.89990234375,71.77999877929688,20.329999923706055,7694.66015625,5808.1201171875,4.23199987411499
2024-10-28,104.31999969482422,2742.89990234375,67.37999725341797,19.799999237060547,7634.630859375,5823.52001953125,4.2779998779296875
2024-10-29,104.27999877929688,2768.39990234375,67.20999908447266,19.34000015258789,7606.60009765625,5832.919921875,4.27400016784668
2024-10-30,103.98999786376953,2788.5,68.61000061035156,20.350000381469727,7569.85009765625,5813.669921875,4.265999794006348
2024-10-31,103.9800033569336,2738.300048828125,69.26000213623047,23.15999984741211,7574.01904296875,5705.4501953125,4.283999919891357
2024-11-01,104.27999877929688,2738.60009765625,69.48999786376953,21.8799991607666,7505.2568359375,5728.7998046875,4.361000061035156
2024-11-04,103.88999938964844,2736.10009765625,71.47000122070312,21.979999542236328,7479.5029296875,5712.68994140625,4.309000015258789
2024-11-05,103.41999816894531,2740.300048828125,71.98999786376953,20.489999771118164,7491.93115234375,5782.759765625,4.289000034332275
2024-11-06,105.08999633789062,2667.60009765625,71.69000244140625,16.270000457763672,7383.8681640625,5929.0400390625,4.426000118255615
2024-11-07,104.51000213623047,2698.39990234375,72.36000061035156,15.199999809265137,7243.85986328125,5973.10009765625,4.341000080108643
2024-11-08,105.0,2687.5,70.37999725341797,14.9399995803833,7287.19091796875,5995.5400390625,4.306000232696533
2024-11-11,105.54000091552734,2611.199951171875,68.04000091552734,14.970000267028809,7266.4599609375,6001.35009765625,4.308000087738037
2024-11-12,106.0199966430664,2600.0,68.12000274658203,14.710000038146973,7321.98583984375,5983.990234375,4.432000160217285
2024-11-13,106.4800033569336,2580.800048828125,68.43000030517578,14.020000457763672,7308.6708984375,5985.3798828125,4.451000213623047
2024-11-14,106.66999816894531,2568.199951171875,68.69999694824219,14.3100004196167,7214.56103515625,5949.169921875,4.418000221252441
2024-11-15,106.69000244140625,2565.699951171875,67.0199966430664,16.139999389648438,7161.2578125,5870.6201171875,4.427999973297119
2024-11-18,106.27999877929688,2610.60009765625,69.16000366210938,15.579999923706055,7134.27685546875,5893.6201171875,4.414000034332275
2024-11-19,106.20999908447266,2627.10009765625,69.38999938964844,16.350000381469727,7195.71484375,5916.97998046875,4.379000186920166
2024-11-20,106.68000030517578,2648.199951171875,68.87000274658203,17.15999984741211,7180.3349609375,5917.10986328125,4.406000137329102
2024-11-21,106.97000122070312,2672.10009765625,70.0999984741211,16.8700008392334,7140.912109375,5948.7099609375,4.432000160217285
2024-11-22,107.48999786376953,2709.89990234375,71.23999786376953,15.239999771118164,7195.56494140625,5969.33984375,4.409999847412109
2024-11-25,106.81999969482422,2616.800048828125,68.94000244140625,14.600000381469727,7314.10791015625,5987.3701171875,4.264999866485596
2024-11-26,107.01000213623047,2620.300048828125,68.7699966430664,14.100000381469727,7245.88818359375,6021.6298828125,4.302000045776367
2024-11-27,106.08000183105469,2639.89990234375,68.72000122070312,14.100000381469727,,5998.740234375,4.242000102996826
2024-11-28,,,,,7200.1572265625,,
2024-11-29,105.73999786376953,2657.0,68.0,13.510000228881836,7114.26611328125,6032.3798828125,4.177999973297119
2024-12-02,106.44999694824219,2634.89990234375,68.0999984741211,13.34000015258789,7046.98583984375,6047.14990234375,4.196000099182129
2024-12-03,106.37000274658203,2644.699951171875,69.94000244140625,13.300000190734863,7196.01708984375,6049.8798828125,4.2230000495910645
2024-12-04,106.33999633789062,2653.800048828125,68.54000091552734,13.449999809265137,7326.76416015625,6086.490234375,4.179999828338623
2024-12-05,105.70999908447266,2626.60009765625,68.30000305175781,13.539999961853027,7313.31298828125,6075.10986328125,4.179999828338623
2024-12-06,105.97000122070312,2638.60009765625,67.19999694824219,12.770000457763672,7382.78515625,6090.27001953125,4.151000022888184
2024-12-09,106.1500015258789,2664.89990234375,68.37000274658203,14.1899995803833,7437.73095703125,6052.85009765625,4.198999881744385
2024-12-10,106.4000015258789,2697.60009765625,68.58999633789062,14.180000305175781,7453.287109375,6034.91015625,4.2210001945495605
2024-12-11,106.70999908447266,2733.800048828125,70.29000091552734,13.579999923706055,7464.751953125,6084.18994140625,4.270999908447266
2024-12-12,106.95999908447266,2687.5,70.0199966430664,13.920000076293945,7394.23779296875,6051.25,4.323999881744385
2024-12-13,107.0,2656.0,71.29000091552734,13.8100004196167,7324.7890625,6051.08984375,4.39900016784668
2024-12-16,106.86000061035156,2651.39990234375,70.70999908447266,14.6899995803833,7258.630859375,6074.080078125,4.396999835968018
2024-12-17,106.95999908447266,2644.39990234375,70.08000183105469,15.869999885559082,7157.73193359375,6050.60986328125,4.385000228881836
2024-12-18,108.02999877929688,2636.5,70.58000183105469,27.6200008392334,7107.875,5872.16015625,4.49399995803833
2024-12-19,108.41000366210938,2592.199951171875,69.91000366210938,24.09000015258789,6977.23779296875,5867.080078125,4.570000171661377
2024-12-20,107.62000274658203,2628.699951171875,69.45999908447266,18.360000610351562,6983.865234375,5930.85009765625,4.52400016784668
2024-12-23,108.04000091552734,2612.300048828125,69.23999786376953,16.780000686645508,7096.44482421875,5974.06982421875,4.598999977111816
2024-12-24,108.26000213623047,2620.0,70.0999984741211,14.270000457763672,7065.74609375,6040.0400390625,4.591000080108643
2024-12-26,108.12999725341797,2638.800048828125,69.62000274658203,14.729999542236328,,6037.58984375,4.578999996185303
2024-12-27,108.0,2617.199951171875,70.5999984741211,15.949999809265137,7036.57080078125,5970.83984375,4.61899995803833
2024-12-30,108.12999725341797,2606.10009765625,70.98999786376953,17.399999618530273,7079.90478515625,5906.93994140625,4.545000076293945
2024-12-31,108.48999786376953,2629.199951171875,71.72000122070312,17.350000381469727,,5881.6298828125,4.572999954223633
2025-01-02,109.38999938964844,2658.89990234375,73.12999725341797,17.93000030517578,7163.205078125,5868.5498046875,4.574999809265137
2025-01-03,108.94999694824219,2645.0,73.95999908447266,16.1299991607666,7164.42919921875,5942.47021484375,4.5960001945495605
2025-01-06,108.26000213623047,2638.39990234375,73.55999755859375,16.040000915527344,7080.47412109375,5975.3798828125,4.618000030517578
2025-01-07,108.54000091552734,2656.699951171875,74.25,17.81999969482422,7083.2841796875,5909.02978515625,4.683000087738037
2025-01-08,109.08999633789062,2664.5,73.31999969482422,17.700000762939453,7080.35205078125,5918.25,4.692999839782715
2025-01-09,109.18000030517578,2683.800048828125,73.91999816894531,,7064.587890625,,
2025-01-10,109.6500015258789,2708.5,76.56999969482422,19.540000915527344,7088.8662109375,5827.0400390625,4.776000022888184
2025-01-13,109.95999908447266,2673.5,78.81999969482422,19.190000534057617,7016.87890625,5836.22021484375,4.802999973297119
2025-01-14,109.2699966430664,2677.5,77.5,18.709999084472656,6956.6650390625,5842.91015625,4.788000106811523
2025-01-15,109.08999633789062,2712.5,80.04000091552734,16.1200008392334,7079.56201171875,5949.91015625,4.6529998779296875
2025-01-16,108.95999908447266,2746.39990234375,78.68000030517578,16.600000381469727,7107.51904296875,5937.33984375,4.605999946594238
2025-01-17,109.3499984741211,2744.300048828125,77.87999725341797,15.970000267028809,7154.658203125,5996.66015625,4.609000205993652
2025-01-20,,,,,7170.73681640625,,
2025-01-21,108.05999755859375,2755.0,75.88999938964844,15.0600004196167,7181.81982421875,6049.240234375,4.573999881744385
2025-01-22,108.16999816894531,2767.60009765625,75.44000244140625,15.100000381469727,7257.1279296875,6086.3701171875,4.598999977111816
2025-01-23,108.05000305175781,2763.10009765625,74.62000274658203,15.020000457763672,7232.64306640625,6118.7099609375,4.638000011444092
2025-01-24,107.44000244140625,2777.300048828125,74.66000366210938,14.850000381469727,7166.05615234375,6101.240234375,4.625999927520752
2025-01-27,107.33999633789062,2737.5,73.16999816894531,17.899999618530273,,6012.27978515625,4.5279998779296875
2025-01-28,107.87000274658203,2766.800048828125,73.7699966430664,16.40999984741211,,6067.7001953125,4.551000118255615
2025-01-29,108.0,2769.10009765625,72.62000274658203,16.559999465942383,,6039.31005859375,4.554999828338623
2025-01-30,107.80000305175781,2823.0,72.7300033569336,15.84000015258789,7073.47802734375,6071.169921875,4.51200008392334
2025-01-31,108.37000274658203,2812.5,72.52999877929688,16.43000030517578,7109.19580078125,6040.52978515625,4.568999767303467
2025-02-03,108.98999786376953,2833.89990234375,73.16000366210938,18.6200008392334,7030.05810546875,5994.56982421875,4.543000221252441
2025-02-04,107.95999908447266,2853.300048828125,72.69999694824219,17.209999084472656,7073.458984375,6037.8798828125,4.513000011444092
2025-02-05,107.58000183105469,2871.60009765625,71.02999877929688,15.770000457763672,7024.22802734375,6061.47998046875,4.421999931335449
2025-02-06,107.69000244140625,2856.0,70.61000061035156,15.5,6875.5361328125,6083.56982421875,4.440000057220459
2025-02-07,108.04000091552734,2867.300048828125,71.0,16.540000915527344,6742.576171875,6025.990234375,4.486999988555908
2025-02-10,108.31999969482422,2914.300048828125,72.31999969482422,15.8100004196167,6648.14208984375,6066.43994140625,4.493000030517578
2025-02-11,107.95999908447266,2912.5,73.31999969482422,16.020000457763672,6531.990234375,6068.5,4.5370001792907715
2025-02-12,107.94000244140625,2909.0,71.37000274658203,15.890000343322754,6645.77783203125,6051.97021484375,4.63700008392334
2025-02-13,107.30999755859375,2925.89990234375,71.29000091552734,15.100000381469727,6613.56787109375,6115.06982421875,4.525000095367432
2025-02-14,106.56999969482422,2883.60009765625,70.73999786376953,14.770000457763672,6638.458984375,6114.6298828125,4.4720001220703125
2025-02-17,,,,,6830.8818359375,,
2025-02-18,107.05000305175781,2931.60009765625,71.8499984741211,15.350000381469727,6873.55419921875,6129.580078125,4.544000148773193
2025-02-19,107.16999816894531,2919.39990234375,72.25,15.270000457763672,6794.8681640625,6144.14990234375,4.534999847412109
2025-02-20,106.33999633789062,2940.0,72.56999969482422,15.65999984741211,6788.0419921875,6117.52001953125,4.5
2025-02-21,106.61000061035156,2937.60009765625,70.4000015258789,18.209999084472656,6803.0009765625,6013.1298828125,4.420000076293945
2025-02-24,106.5999984741211,2947.89990234375,70.69999694824219,18.979999542236328,6749.60107421875,5983.25,4.39300012588501
2025-02-25,106.30999755859375,2904.5,68.93000030517578,19.43000030517578,6587.0869140625,5955.25,4.297999858856201
2025-02-26,106.41999816894531,2916.800048828125,68.62000274658203,19.100000381469727,6606.17822265625,5956.06005859375,4.249000072479248
2025-02-27,107.23999786376953,2883.199951171875,70.3499984741211,21.1299991607666,6485.4482421875,5861.56982421875,4.284999847412109
2025-02-28,107.61000061035156,2836.800048828125,69.76000213623047,19.6299991607666,6270.59716796875,5954.5,4.230999946594238
2025-03-03,106.75,2890.199951171875,68.37000274658203,22.780000686645508,6519.658203125,5849.72021484375,4.179999828338623
2025-03-04,105.73999786376953,2909.60009765625,68.26000213623047,23.510000228881836,6380.40087890625,5778.14990234375,4.210000038146973
2025-03-05,105.73999786376953,2915.300048828125,66.30999755859375,21.93000030517578,6531.39892578125,5842.6298828125,4.264999866485596
2025-03-06,104.05999755859375,2916.60009765625,66.36000061035156,24.8700008392334,6617.84716796875,5738.52001953125,4.285999774932861
2025-03-07,103.83999633789062,2904.699951171875,67.04000091552734,23.3700008392334,6636.0,5770.2001953125,4.316999912261963
2025-03-10,103.91000366210938,2891.0,66.02999877929688,27.860000610351562,6598.2119140625,5614.56005859375,4.2129998207092285
2025-03-11,103.44000244140625,2912.89990234375,66.25,26.920000076293945,6545.85009765625,5572.06982421875,4.288000106811523
2025-03-12,103.61000061035156,2939.10009765625,67.68000030517578,24.229999542236328,6665.044921875,5599.2998046875,4.317999839782715
2025-03-13,103.83000183105469,2984.300048828125,66.55000305175781,24.65999984741211,6647.4169921875,5521.52001953125,4.27400016784668
2025-03-14,103.72000122070312,2994.5,67.18000030517578,21.770000457763672,6515.630859375,5638.93994140625,4.308000087738037
2025-03-17,103.37000274658203,3000.0,67.58000183105469,20.510000228881836,6471.94677734375,5675.1201171875,4.306000232696533
2025-03-18,103.23999786376953,3035.10009765625,66.9000015258789,21.700000762939453,6223.38818359375,5614.66015625,4.281000137329102
2025-03-19,103.43000030517578,3035.89990234375,67.16000366210938,19.899999618530273,6311.66015625,5675.2900390625,4.25600004196167
2025-03-20,103.8499984741211,3040.0,68.26000213623047,19.799999237060547,6381.673828125,5662.89013671875,4.232999801635742
2025-03-21,104.08999633789062,3018.199951171875,68.27999877929688,19.280000686645508,6258.17919921875,5667.56005859375,4.251999855041504
2025-03-24,104.26000213623047,3013.10009765625,69.11000061035156,17.479999542236328,6161.2177734375,5767.56982421875,4.330999851226807
2025-03-25,104.18000030517578,3023.699951171875,69.0,17.149999618530273,6235.619140625,5776.64990234375,4.307000160217285
2025-03-26,104.55000305175781,3020.89990234375,69.6500015258789,18.329999923706055,6472.35595703125,5712.2001953125,4.3379998207092285
2025-03-27,104.06999969482422,3060.199951171875,69.91999816894531,18.690000534057617,6510.6201171875,5693.31005859375,4.36899995803833
2025-03-28,104.04000091552734,3086.5,69.36000061035156,21.649999618530273,,5580.93994140625,4.255000114440918
2025-03-31,104.20999908447266,3122.800048828125,71.4800033569336,22.280000686645508,,5611.85009765625,4.245999813079834
2025-04-01,104.26000213623047,3118.89990234375,71.19999694824219,21.770000457763672,,5633.06982421875,4.156000137329102
2025-04-02,103.80999755859375,3139.89990234375,71.70999908447266,21.510000228881836,,5670.97021484375,4.196000099182129
2025-04-03,102.06999969482422,3097.0,66.94999694824219,30.020000457763672,,5396.52001953125,4.054999828338623
2025-04-04,103.0199966430664,3012.0,61.9900016784668,45.310001373291016,,5074.080078125,3.984999895095825
2025-04-07,103.26000213623047,2951.300048828125,60.70000076293945,46.97999954223633,,5062.25,4.15500020980835
2025-04-08,102.95999908447266,2968.39990234375,59.58000183105469,52.33000183105469,5996.14208984375,4982.77001953125,4.26200008392334
2025-04-09,102.9000015258789,3056.5,62.349998474121094,33.619998931884766,5967.98779296875,5456.89990234375,4.400000095367432
2025-04-10,100.87000274658203,3155.199951171875,60.06999969482422,40.720001220703125,6254.02392578125,5268.0498046875,4.394000053405762
2025-04-11,99.77999877929688,3222.199951171875,61.5,37.560001373291016,6262.22607421875,5363.35986328125,4.493000030517578
2025-04-14,99.63999938964844,3204.800048828125,61.529998779296875,30.889999389648438,6368.51708984375,5405.97021484375,4.363999843597412
2025-04-15,100.22000122070312,3218.699951171875,61.33000183105469,30.1200008392334,6441.68310546875,5396.6298828125,4.322999954223633
2025-04-16,99.37999725341797,3326.60009765625,62.470001220703125,32.63999938964844,6400.05419921875,5275.7001953125,4.2789998054504395
2025-04-17,99.37999725341797,3308.699951171875,64.68000030517578,29.649999618530273,6438.26904296875,5282.7001953125,4.333000183105469
2025-04-21,98.27999877929688,3406.199951171875,63.08000183105469,33.81999969482422,6445.966796875,5158.2001953125,4.40500020980835
2025-04-22,98.91999816894531,3400.800048828125,64.30999755859375,30.56999969482422,6538.26611328125,5287.759765625,4.388999938964844
2025-04-23,99.83999633789062,3276.300048828125,62.27000045776367,28.450000762939453,6634.376953125,5375.85986328125,4.38700008392334
2025-04-24,99.29000091552734,3332.0,62.790000915527344,26.469999313354492,6613.47802734375,5484.77001953125,4.304999828338623
2025-04-25,99.47000122070312,3282.39990234375,63.02000045776367,24.84000015258789,6678.9150390625,5525.2099609375,4.265999794006348
2025-04-28,99.01000213623047,3332.5,62.04999923706055,25.149999618530273,6722.9658203125,5528.75,4.216000080108643
2025-04-29,99.23999786376953,3318.800048828125,60.41999816894531,24.170000076293945,6749.0751953125,5560.830078125,4.172999858856201
2025-04-30,99.47000122070312,3305.0,58.209999084472656,24.700000762939453,6766.794921875,5569.06005859375,4.177000045776367
2025-05-01,100.25,3210.0,59.2400016784668,24.600000381469727,,5604.14013671875,4.230999946594238
2025-05-02,100.0,3231.89990234375,58.290000915527344,22.68000030517578,6815.72998046875,5686.669921875,4.322000026702881
2025-05-05,99.83000183105469,3311.300048828125,57.130001068115234,23.639999389648438,6831.9521484375,5650.3798828125,4.3429999351501465
2025-05-06,99.23999786376953,3411.39990234375,59.09000015258789,24.760000228881836,6898.19677734375,5606.91015625,4.308000087738037
2025-05-07,99.61000061035156,3381.39990234375,58.06999969482422,23.549999237060547,6926.22509765625,5631.27978515625,4.275000095367432
2025-05-08,100.63999938964844,3296.60009765625,59.90999984741211,22.479999542236328,6827.75,5663.93994140625,4.373000144958496
2025-05-09,100.33999633789062,3335.39990234375,61.02000045776367,21.899999618530273,6832.80322265625,5659.91015625,4.375
2025-05-12,101.79000091552734,3220.0,61.95000076293945,18.389999389648438,,5844.18994140625,4.456999778747559
2025-05-13,101.0,3240.300048828125,63.66999816894531,18.219999313354492,,5886.5498046875,4.499000072479248
2025-05-14,101.04000091552734,3181.39990234375,63.150001525878906,18.6200008392334,6979.8798828125,5892.580078125,4.5279998779296875
2025-05-15,100.87999725341797,3220.699951171875,61.619998931884766,17.829999923706055,7040.1611328125,5916.93017578125,4.454999923706055
2025-05-16,101.08999633789062,3182.0,62.4900016784668,17.239999771118164,7106.52587890625,5958.3798828125,4.440999984741211
2025-05-19,100.43000030517578,3228.89990234375,62.689998626708984,18.139999389648438,7141.0908203125,5963.60009765625,4.474999904632568
2025-05-20,100.12000274658203,3280.300048828125,62.560001373291016,18.09000015258789,7094.60205078125,5940.4599609375,4.480999946594238
2025-05-21,99.55999755859375,3309.300048828125,61.56999969482422,20.8700008392334,7142.4609375,5844.60986328125,4.5960001945495605
2025-05-22,99.95999908447266,3292.300048828125,61.20000076293945,20.280000686645508,7166.98095703125,5842.009765625,4.552999973297119
2025-05-23,99.11000061035156,3363.60009765625,61.529998779296875,22.290000915527344,7214.1630859375,5802.81982421875,4.508999824523926
2025-05-26,98.93000030517578,,,,7188.35302734375,,
2025-05-27,99.5199966430664,3299.10009765625,60.88999938964844,18.959999084472656,7198.966796875,5921.5400390625,4.434000015258789
2025-05-28,99.87999725341797,3293.60009765625,61.84000015258789,19.309999465942383,7175.81884765625,5888.5498046875,4.4770002365112305
2025-05-29,99.27999877929688,3317.10009765625,60.939998626708984,19.18000030517578,,5912.169921875,4.423999786376953
2025-05-30,99.33000183105469,3288.89990234375,60.790000915527344,18.56999969482422,,5911.68994140625,4.415999889373779
2025-06-02,98.69999694824219,3370.60009765625,62.52000045776367,18.360000610351562,7065.06884765625,5935.93994140625,4.461999893188477
2025-06-03,99.25,3350.199951171875,63.40999984741211,17.690000534057617,7044.82177734375,5970.3701171875,4.460000038146973
2025-06-04,98.79000091552734,3373.5,62.849998474121094,17.610000610351562,7069.037109375,5970.81005859375,4.364999771118164
2025-06-05,98.73999786376953,3350.699951171875,63.369998931884766,18.479999542236328,7113.4248046875,5939.2998046875,4.394000053405762
2025-06-06,99.19000244140625,3322.699951171875,64.58000183105469,16.770000457763672,,6000.35986328125,4.510000228881836
2025-06-09,98.94000244140625,3332.10009765625,65.29000091552734,17.15999984741211,,6005.8798828125,4.48199987411499
2025-06-10,99.05000305175781,3320.89990234375,64.9800033569336,16.950000762939453,7230.7451171875,6038.81005859375,4.473999977111816
2025-06-11,98.62999725341797,3321.300048828125,68.1500015258789,17.260000228881836,7222.4560546875,6022.240234375,4.4120001792907715
2025-06-12,97.91999816894531,3380.89990234375,68.04000091552734,18.020000457763672,7204.3701171875,6045.259765625,4.35699987411499
2025-06-13,98.18000030517578,3431.199951171875,72.9800033569336,20.81999969482422,7166.06494140625,5976.97021484375,4.423999786376953
2025-06-16,98.0,3396.39990234375,71.7699966430664,19.110000610351562,7117.5908203125,6033.10986328125,4.452000141143799
2025-06-17,98.81999969482422,3386.60009765625,74.83999633789062,21.600000381469727,7155.85205078125,5982.72021484375,4.39300012588501
2025-06-18,98.91000366210938,3389.800048828125,75.13999938964844,20.139999389648438,7107.7890625,5980.8701171875,4.396999835968018
2025-06-19,,,,,6968.63916015625,,
2025-06-20,98.70999908447266,3368.10009765625,74.93000030517578,20.6200008392334,6907.13818359375,5967.83984375,4.375
2025-06-23,98.41999816894531,3377.699951171875,68.51000213623047,19.829999923706055,6787.14013671875,6025.169921875,4.320000171661377
2025-06-24,97.86000061035156,3317.39990234375,64.37000274658203,17.479999542236328,6869.1708984375,6092.18017578125,4.293000221252441
2025-06-25,97.68000030517578,3327.10009765625,64.91999816894531,16.760000228881836,6832.14306640625,6092.16015625,4.293000221252441
2025-06-26,97.1500015258789,3333.5,65.23999786376953,16.59000015258789,6897.39990234375,6141.02001953125,4.252999782562256
2025-06-27,97.4000015258789,3273.699951171875,65.5199966430664,16.31999969482422,,6173.06982421875,4.2829999923706055
2025-06-30,96.87999725341797,3294.39990234375,65.11000061035156,16.729999542236328,6927.67919921875,6204.9501953125,4.230000019073486
2025-07-01,96.81999969482422,3336.699951171875,65.44999694824219,16.829999923706055,6915.35986328125,6198.009765625,4.250999927520752
2025-07-02,96.77999877929688,3348.0,67.44999694824219,16.639999389648438,6881.2451171875,6227.419921875,4.293000221252441
2025-07-03,97.18000030517578,3331.60009765625,67.0,16.3799991607666,6878.05078125,6279.35009765625,4.3480000495910645
2025-07-04,,3332.5,66.5,,6865.19189453125,,
2025-07-07,97.4800033569336,3332.199951171875,67.93000030517578,17.790000915527344,6900.93212890625,6229.97998046875,4.394999980926514
2025-07-08,97.51000213623047,3307.0,68.33000183105469,16.809999465942383,6904.39208984375,6225.52001953125,4.414999961853027
2025-07-09,97.47000122070312,3311.60009765625,68.37999725341797,15.9399995803833,6943.921875,6263.259765625,4.3420000076293945
2025-07-10,97.6500015258789,3317.39990234375,66.56999969482422,15.779999732971191,7005.37109375,6280.4599609375,4.3460001945495605
2025-07-11,97.8499984741211,3356.0,68.44999694824219,16.399999618530273,7047.43798828125,6259.75,4.422999858856201
2025-07-14,98.08000183105469,3351.5,66.9800033569336,17.200000762939453,7097.15087890625,6268.56005859375,4.427000045776367
2025-07-15,98.62000274658203,3329.800048828125,66.5199966430664,17.3799991607666,7140.47412109375,6243.759765625,4.488999843597412
2025-07-16,98.38999938964844,3352.5,66.37999725341797,17.15999984741211,7192.01806640625,6263.7001953125,4.454999923706055
2025-07-17,98.7300033569336,3340.10009765625,67.54000091552734,16.520000457763672,7287.02099609375,6297.35986328125,4.4629998207092285
2025-07-18,98.4800033569336,3353.0,67.33999633789062,16.40999984741211,7311.9150390625,6296.7900390625,4.432000160217285
2025-07-21,97.8499984741211,3401.89990234375,67.19999694824219,16.649999618530273,7398.19189453125,6305.60009765625,4.372000217437744
2025-07-22,97.38999938964844,3439.199951171875,66.20999908447266,16.5,7344.73583984375,6309.6201171875,4.335999965667725
2025-07-23,97.20999908447266,3394.10009765625,65.25,15.369999885559082,7469.22998046875,6358.91015625,4.388000011444092
2025-07-24,97.37999725341797,3371.0,66.02999877929688,15.390000343322754,7530.90185546875,6363.35009765625,4.4079999923706055
2025-07-25,97.6500015258789,3334.0,65.16000366210938,14.930000305175781,7543.5029296875,6388.64013671875,4.386000156402588
2025-07-28,98.66000366210938,3309.10009765625,66.70999908447266,15.029999732971191,7614.76806640625,6389.77001953125,4.420000076293945
2025-07-29,98.91000366210938,3323.39990234375,69.20999908447266,15.979999542236328,7617.9072265625,6370.85986328125,4.329999923706055
2025-07-30,99.94000244140625,3295.800048828125,70.0,15.479999542236328,7549.88818359375,6362.89990234375,4.375999927520752
2025-07-31,100.02999877929688,3293.199951171875,69.26000213623047,16.719999313354492,7484.3369140625,6339.39013671875,4.360000133514404
2025-08-01,98.69000244140625,3347.699951171875,67.33000183105469,20.3799991607666,7537.76806640625,6238.009765625,4.21999979019165
2025-08-04,98.77999877929688,3374.39990234375,66.29000091552734,17.520000457763672,7464.64501953125,6329.93994140625,4.199999809265137
2025-08-05,98.77999877929688,3381.89990234375,65.16000366210938,17.850000381469727,7515.18505859375,6299.18994140625,4.196000099182129
2025-08-06,98.18000030517578,3380.0,64.3499984741211,16.770000457763672,7503.75,6345.06005859375,4.21999979019165
2025-08-07,98.4000015258789,3400.300048828125,63.880001068115234,16.56999969482422,7490.18310546875,6340.0,4.24399995803833
2025-08-08,98.18000030517578,3439.10009765625,63.880001068115234,15.149999618530273,7533.384765625,6389.4501953125,4.284999847412109
2025-08-11,98.5199966430664,3353.10009765625,63.959999084472656,16.25,7605.9248046875,6373.4501953125,4.2729997634887695
2025-08-12,98.0999984741211,3348.89990234375,63.16999816894531,14.729999542236328,7791.69677734375,6445.759765625,4.293000221252441
2025-08-13,97.83999633789062,3358.699951171875,62.650001525878906,14.489999771118164,7892.9111328125,6466.580078125,4.23799991607666
2025-08-14,98.25,3335.199951171875,63.959999084472656,14.829999923706055,7931.2509765625,6468.5400390625,4.293000221252441
2025-08-15,97.8499984741211,3336.0,62.79999923706055,15.09000015258789,7898.375,6449.7998046875,4.328000068664551
2025-08-18,98.16999816894531,3331.699951171875,63.41999816894531,14.989999771118164,,6449.14990234375,4.341000080108643
2025-08-19,98.2699966430664,3313.39990234375,62.349998474121094,15.569999694824219,7862.94921875,6411.3701171875,4.302000045776367
2025-08-20,98.22000122070312,3343.39990234375,63.209999084472656,15.6899995803833,7943.8251953125,6395.77978515625,4.296000003814697
2025-08-21,98.62000274658203,3336.89990234375,63.52000045776367,16.600000381469727,7890.71484375,6370.169921875,4.329999923706055
2025-08-22,97.72000122070312,3374.39990234375,63.65999984741211,14.220000267028809,7858.85107421875,6466.91015625,4.260000228881836
2025-08-25,98.43000030517578,3373.800048828125,64.80000305175781,14.789999961853027,7926.9072265625,6439.31982421875,4.275000095367432
2025-08-26,98.2300033569336,3388.60009765625,63.25,14.619999885559082,7905.7568359375,6465.93994140625,4.257999897003174
2025-08-27,98.2300033569336,3404.60009765625,64.1500015258789,14.850000381469727,7936.17578125,6481.39990234375,4.23799991607666
2025-08-28,97.80999755859375,3431.800048828125,64.5999984741211,14.430000305175781,7952.087890625,6501.85986328125,4.206999778747559
2025-08-29,97.7699966430664,3473.699951171875,64.01000213623047,15.359999656677246,7830.4931640625,6460.259765625,4.2270002365112305
2025-09-01,,,,,7736.06591796875,,
2025-09-02,98.4000015258789,3549.39990234375,65.58999633789062,17.170000076293945,7801.5849609375,6415.5400390625,4.2769999504089355
2025-09-03,98.13999938964844,3593.199951171875,63.970001220703125,16.350000381469727,7885.86279296875,6448.259765625,4.210999965667725
2025-09-04,98.3499984741211,3565.800048828125,63.47999954223633,15.300000190734863,7867.34814453125,6502.080078125,4.176000118255615
2025-09-05,97.7699966430664,3613.199951171875,61.869998931884766,15.180000305175781,,6481.5,4.085999965667725
2025-09-08,97.44999694824219,3638.10009765625,62.2599983215332,15.109999656677246,7766.84912109375,6495.14990234375,4.046000003814697
2025-09-09,97.79000091552734,3643.300048828125,62.630001068115234,15.039999961853027,7628.60498046875,6512.60986328125,4.073999881744385
2025-09-10,97.77999877929688,3643.60009765625,63.66999816894531,15.350000381469727,7699.0068359375,6532.0400390625,4.0320000648498535
2025-09-11,97.54000091552734,3636.89990234375,62.369998931884766,14.710000038146973,7747.90478515625,6587.47021484375,4.011000156402588
2025-09-12,97.55000305175781,3649.39990234375,62.689998626708984,14.760000228881836,7854.06005859375,6584.2900390625,4.060999870300293
2025-09-15,97.30000305175781,3682.199951171875,63.29999923706055,15.6899995803833,7937.1181640625,6615.27978515625,4.033999919891357
2025-09-16,96.62999725341797,3688.89990234375,64.5199966430664,16.360000610351562,7957.69580078125,6606.759765625,4.026000022888184
2025-09-17,96.87000274658203,3681.800048828125,64.05000305175781,15.720000267028809,8025.17919921875,6600.35009765625,4.076000213623047
2025-09-18,97.3499984741211,3643.699951171875,63.56999969482422,15.699999809265137,8008.43310546875,6631.9599609375,4.104000091552734
2025-09-19,97.63999938964844,3671.5,62.68000030517578,15.449999809265137,8051.1181640625,6664.35986328125,4.138999938964844
2025-09-22,97.33000183105469,3740.699951171875,62.63999938964844,16.100000381469727,8040.0390625,6693.75,4.14300012588501
2025-09-23,97.26000213623047,3780.60009765625,63.40999984741211,16.639999389648438,8125.201171875,6656.919921875,4.119999885559082
2025-09-24,97.87000274658203,3732.10009765625,64.98999786376953,16.18000030517578,8126.55810546875,6637.97021484375,4.146999835968018
2025-09-25,98.55000305175781,3736.89990234375,64.9800033569336,16.739999771118164,8040.6650390625,6604.72021484375,4.171999931335449
2025-09-26,98.1500015258789,3775.300048828125,65.72000122070312,15.289999961853027,8099.3330078125,6643.7001953125,4.186999797821045
2025-09-29,97.91000366210938,3820.89990234375,63.45000076293945,16.1200008392334,8123.2451171875,6661.2099609375,4.140999794006348
2025-09-30,97.7699966430664,3840.800048828125,62.369998931884766,16.280000686645508,8061.06201171875,6688.4599609375,4.1479997634887695
2025-10-01,97.70999908447266,3867.5,61.779998779296875,16.290000915527344,8043.82177734375,6711.2001953125,4.105999946594238
2025-10-02,97.8499984741211,3839.699951171875,60.47999954223633,16.6299991607666,8071.0810546875,6715.35009765625,4.0879998207092285
2025-10-03,97.72000122070312,3880.800048828125,60.880001068115234,16.649999618530273,8118.30078125,6715.7900390625,4.11899995803833
2025-10-06,98.11000061035156,3948.5,61.689998626708984,16.3700008392334,8139.89404296875,6740.27978515625,4.1620001792907715
2025-10-07,98.58000183105469,3976.60009765625,61.72999954223633,17.239999771118164,8169.28076171875,6714.58984375,4.126999855041504
2025-10-08,98.8499984741211,4043.300048828125,62.54999923706055,16.299999237060547,8166.02880859375,6753.72021484375,4.129000186920166
2025-10-09,99.54000091552734,3946.300048828125,61.5099983215332,16.43000030517578,8250.9384765625,6735.10986328125,4.1479997634887695
2025-10-10,98.9800033569336,3975.89990234375,58.900001525878906,21.65999984741211,8257.859375,6552.509765625,4.051000118255615
2025-10-13,99.2699966430664,4108.60009765625,59.4900016784668,19.030000686645508,8227.2021484375,6654.72021484375,4.051000118255615
2025-10-14,99.05000305175781,4138.7001953125,58.70000076293945,20.809999465942383,8066.52197265625,6644.31005859375,4.021999835968018
2025-10-15,98.79000091552734,4176.89990234375,58.27000045776367,20.639999389648438,8051.1748046875,6671.06005859375,4.046000003814697
2025-10-16,98.38999938964844,4280.2001953125,57.459999084472656,25.309999465942383,8124.7568359375,6629.06982421875,3.9760000705718994
2025-10-17,98.43000030517578,4189.89990234375,57.540000915527344,20.780000686645508,7915.65576171875,6664.009765625,4.006999969482422
2025-10-20,98.58999633789062,4336.39990234375,57.52000045776367,18.229999542236328,8088.97802734375,6735.1298828125,3.9860000610351562
2025-10-21,98.93000030517578,4087.699951171875,57.81999969482422,17.8700008392334,8238.083984375,6735.35009765625,3.9630000591278076
2025-10-22,98.9000015258789,4044.39990234375,58.5,18.600000381469727,8152.55322265625,6699.39990234375,3.953000068664551
2025-10-23,98.94000244140625,4125.5,61.790000915527344,17.299999237060547,8274.3515625,6738.43994140625,3.990999937057495
2025-10-24,98.94999694824219,4118.39990234375,61.5,16.3700008392334,8271.7216796875,6791.68994140625,3.996999979019165
2025-10-27,98.77999877929688,4001.89990234375,61.310001373291016,15.789999961853027,8117.15087890625,6875.16015625,3.996999979019165
2025-10-28,98.69000244140625,3966.199951171875,60.150001525878906,16.420000076293945,8092.62890625,6890.89013671875,3.9830000400543213
2025-10-29,99.22000122070312,3983.699951171875,60.47999954223633,16.920000076293945,8166.22412109375,6890.58984375,4.058000087738037
2025-10-30,99.52999877929688,4001.300048828125,60.56999969482422,16.90999984741211,8184.06396484375,6822.33984375,4.0929999351501465
2025-10-31,99.80000305175781,3982.199951171875,60.97999954223633,17.440000534057617,8163.875,6840.2001953125,4.10099983215332
2025-11-03,99.87000274658203,4000.300048828125,61.04999923706055,17.170000076293945,8275.083984375,6851.97021484375,4.105999946594238
2025-11-04,100.22000122070312,3947.699951171875,60.560001373291016,19.0,8241.9111328125,6771.5498046875,4.089000225067139
2025-11-05,100.19999694824219,3980.300048828125,59.599998474121094,18.010000228881836,8318.5263671875,6796.2900390625,4.1570000648498535
2025-11-06,99.7300033569336,3979.89990234375,59.43000030517578,19.5,8337.0576171875,6720.31982421875,4.0929999351501465
2025-11-07,99.5999984741211,3999.39990234375,59.75,19.079999923706055,8394.58984375,6728.7998046875,4.0929999351501465
2025-11-10,99.62000274658203,4111.7998046875,60.130001068115234,17.600000381469727,8391.240234375,6832.43017578125,4.110000133514404
2025-11-11,99.45999908447266,4106.7998046875,61.040000915527344,17.280000686645508,8366.5146484375,6846.60986328125,4.119999885559082
2025-11-12,99.4800033569336,4204.39990234375,58.4900016784668,17.510000228881836,8388.56640625,6850.919921875,4.065000057220459
2025-11-13,99.18000030517578,4186.89990234375,58.689998626708984,20.0,8371.9990234375,6737.490234375,4.111999988555908
2025-11-14,99.2699966430664,4087.60009765625,60.09000015258789,19.829999923706055,8370.435546875,6734.10986328125,4.1479997634887695
2025-11-17,99.58999633789062,4068.300048828125,59.90999984741211,22.3799991607666,8416.8818359375,6672.41015625,4.132999897003174
2025-11-18,99.55000305175781,4061.300048828125,60.7400016784668,24.690000534057617,8361.92578125,6617.31982421875,4.123000144958496
2025-11-19,100.2300033569336,4077.699951171875,59.439998626708984,23.65999984741211,8406.5771484375,6642.16015625,4.132999897003174
2025-11-20,100.16000366210938,4056.5,59.13999938964844,26.420000076293945,8419.9169921875,6538.759765625,4.105999946594238
2025-11-21,100.18000030517578,4076.699951171875,58.060001373291016,23.43000030517578,8414.3515625,6602.990234375,4.063000202178955
2025-11-24,100.13999938964844,4091.89990234375,58.84000015258789,20.520000457763672,8570.25390625,6705.1201171875,4.038000106811523
2025-11-25,99.66000366210938,4139.2001953125,57.95000076293945,18.559999465942383,8521.884765625,6765.8798828125,4.001999855041504
2025-11-26,99.5999984741211,4165.2001953125,58.650001525878906,17.190000534057617,8602.1298828125,6812.60986328125,3.997999906539917
2025-11-27,,,,,8545.865234375,,
2025-11-28,99.45999908447266,4218.2998046875,58.54999923706055,16.350000381469727,8508.7060546875,6849.08984375,4.017000198364258
2025-12-01,99.41000366210938,4239.2998046875,59.31999969482422,17.239999771118164,8548.7880859375,6812.6298828125,4.0960001945495605
2025-12-02,99.36000061035156,4186.60009765625,58.63999938964844,16.59000015258789,8617.04296875,6829.3701171875,4.085999965667725
2025-12-03,98.8499984741211,4199.2998046875,58.95000076293945,16.079999923706055,8611.787109375,6849.72021484375,4.057000160217285
2025-12-04,98.98999786376953,4211.7998046875,59.66999816894531,15.779999732971191,8640.1962890625,6857.1201171875,4.107999801635742
2025-12-05,98.98999786376953,4212.89990234375,60.08000183105469,15.40999984741211,8632.7607421875,6870.39990234375,4.138999938964844
2025-12-08,99.08999633789062,4187.2001953125,58.880001068115234,16.65999984741211,8710.6953125,6846.509765625,4.171999931335449
2025-12-09,99.22000122070312,4206.7001953125,58.25,16.93000030517578,8657.1787109375,6840.509765625,4.185999870300293
2025-12-10,98.79000091552734,4196.39990234375,58.459999084472656,15.770000457763672,8700.923828125,6886.68017578125,4.164000034332275
2025-12-11,98.3499984741211,4285.5,57.599998474121094,14.850000381469727,8620.4814453125,6901.0,4.140999794006348
2025-12-12,98.4000015258789,4300.10009765625,57.439998626708984,15.739999771118164,8660.4990234375,6827.41015625,4.193999767303467
2025-12-15,98.1500015258789,4306.7001953125,56.81999969482422,16.5,8649.662109375,6816.509765625,4.182000160217285
2025-12-16,98.1500015258789,4304.5,55.27000045776367,16.479999542236328,8686.46875,6800.259765625,4.14900016784668
2025-12-17,98.37000274658203,4347.5,55.939998626708984,17.6200008392334,8677.3447265625,6721.43017578125,4.151000022888184
2025-12-18,98.43000030517578,4339.5,56.150001525878906,16.8700008392334,8618.1953125,6774.759765625,4.116000175476074
2025-12-19,98.5999984741211,4361.39990234375,56.65999984741211,14.90999984741211,8609.55078125,6834.5,4.151000022888184
2025-12-22,98.29000091552734,4444.60009765625,58.0099983215332,14.079999923706055,8645.84375,6878.490234375,4.169000148773193
2025-12-23,97.94000244140625,4482.7998046875,58.380001068115234,14.0,8584.7822265625,6909.7900390625,4.169000148773193
2025-12-24,97.9800033569336,4480.60009765625,58.349998474121094,13.470000267028809,8537.9111328125,6932.0498046875,4.136000156402588
2025-12-26,98.0199966430664,4529.10009765625,56.7400016784668,13.600000381469727,,6929.93994140625,4.136000156402588
2025-12-29,98.04000091552734,4325.10009765625,58.08000183105469,14.199999809265137,8644.255859375,6905.740234375,4.116000175476074
2025-12-30,98.23999786376953,4370.10009765625,57.95000076293945,14.329999923706055,8646.9384765625,6896.240234375,4.130000114440918
2025-12-31,98.27999877929688,4325.60009765625,57.41999816894531,14.949999809265137,,6845.5,4.163000106811523
2026-01-02,98.41999816894531,4314.39990234375,57.31999969482422,14.510000228881836,8748.1318359375,6858.47021484375,4.186999797821045
2026-01-05,98.2699966430664,4436.89990234375,58.31999969482422,14.899999618530273,8859.19140625,6902.0498046875,4.164999961853027
2026-01-06,98.58000183105469,4482.2001953125,57.130001068115234,14.75,8933.609375,6944.81982421875,4.178999900817871
2026-01-07,98.68000030517578,4449.2998046875,55.9900016784668,15.380000114440918,8944.8134765625,6920.93017578125,4.138000011444092
2026-01-08,98.93000030517578,4449.7001953125,57.7599983215332,15.449999809265137,8925.470703125,6921.4599609375,4.183000087738037
2026-01-09,99.12999725341797,4490.2998046875,59.119998931884766,14.489999771118164,8936.75390625,6966.27978515625,4.171000003814697
2026-01-12,98.86000061035156,4604.2998046875,59.5,15.119999885559082,8884.72265625,6977.27001953125,4.186999797821045
2026-01-13,99.12999725341797,4589.2001953125,61.150001525878906,15.979999542236328,8948.302734375,6963.740234375,4.171000003814697
2026-01-14,99.12999725341797,4626.2998046875,62.02000045776367,16.75,9032.583984375,6926.60009765625,4.139999866485596
2026-01-15,99.31999969482422,4616.2998046875,59.189998626708984,15.84000015258789,9075.40625,6944.47021484375,4.159999847412109
2026-01-16,99.38999938964844,4588.39990234375,59.439998626708984,15.859999656677246,,6940.009765625,4.230999946594238
2026-01-19,,,,,9133.873046875,,
2026-01-20,98.63999938964844,4759.60009765625,60.34000015258789,20.09000015258789,9134.7001953125,6796.85986328125,4.295000076293945
2026-01-21,98.76000213623047,4831.7998046875,60.619998931884766,16.899999618530273,9010.330078125,6875.6201171875,4.252999782562256
2026-01-22,98.36000061035156,4908.7998046875,59.36000061035156,15.640000343322754,8992.1826171875,6913.35009765625,4.249000072479248
2026-01-23,97.5999984741211,4976.2001953125,61.06999969482422,16.09000015258789,8951.009765625,6915.60986328125,4.238999843597412
2026-01-26,97.04000091552734,5079.7001953125,60.630001068115234,16.149999618530273,8975.333984375,6950.22998046875,4.2129998207092285
2026-01-27,96.22000122070312,5079.89990234375,62.38999938964844,16.350000381469727,8980.23046875,6978.60009765625,4.2230000495910645
2026-01-28,96.44999694824219,5301.60009765625,63.209999084472656,16.350000381469727,8320.5556640625,6978.02978515625,4.250999927520752
2026-01-29,96.27999877929688,5318.39990234375,65.41999816894531,16.8799991607666,8232.203125,6969.009765625,4.2270002365112305
2026-01-30,96.98999786376953,4713.89990234375,65.20999908447266,17.440000534057617,8329.6064453125,6939.02978515625,4.241000175476074
2026-02-02,97.61000061035156,4622.5,62.13999938964844,16.34000015258789,7922.73095703125,6976.43994140625,4.275000095367432
2026-02-03,97.44000244140625,4903.7001953125,63.209999084472656,18.0,8122.59716796875,6917.81005859375,4.27400016784668
2026-02-04,97.62000274658203,4920.39990234375,65.13999938964844,18.639999389648438,8146.716796875,6882.72021484375,4.275000095367432
2026-02-05,97.81999969482422,4861.39990234375,63.290000915527344,21.770000457763672,8103.87890625,6798.39990234375,4.210000038146973
2026-02-06,97.62999725341797,4951.2001953125,63.54999923706055,20.3700008392334,7935.259765625,6932.2998046875,4.205999851226807
2026-02-09,96.81999969482422,5050.89990234375,64.36000061035156,17.360000610351562,8031.8740234375,6964.81982421875,4.197999954223633
2026-02-10,96.80000305175781,5003.7998046875,63.959999084472656,17.790000915527344,8131.73779296875,6941.81005859375,4.146999835968018
2026-02-11,96.83000183105469,5071.60009765625,64.62999725341797,17.649999618530273,8290.9658203125,6941.47021484375,4.171999931335449
2026-02-12,96.93000030517578,4923.7001953125,62.84000015258789,20.81999969482422,8265.3515625,6832.759765625,4.104000091552734
2026-02-13,96.87999725341797,5022.0,62.88999938964844,20.600000381469727,8212.271484375,6836.169921875,4.056000232696533
2026-02-17,97.16000366210938,4882.89990234375,62.33000183105469,20.290000915527344,,6843.22021484375,4.052000045776367
2026-02-18,97.69999694824219,4986.5,65.19000244140625,19.6200008392334,8310.2265625,6881.31005859375,4.078999996185303
2026-02-19,97.93000030517578,4975.89990234375,66.43000030517578,20.229999542236328,8274.0810546875,6861.89013671875,4.074999809265137
2026-02-20,97.80000305175781,5059.2998046875,66.38999938964844,19.09000015258789,8271.7666015625,6909.509765625,4.085999965667725
2026-02-23,97.69999694824219,5204.7001953125,66.30999755859375,21.010000228881836,8396.08203125,6837.75,4.0289998054504395
2026-02-24,97.87999725341797,5155.7998046875,65.62999725341797,19.549999237060547,8280.8330078125,6890.06982421875,4.0329999923706055
2026-02-25,97.69999694824219,5206.39990234375,65.41999816894531,17.93000030517578,8322.228515625,6946.1298828125,4.047999858856201
2026-02-26,97.79000091552734,5176.5,65.20999908447266,18.6299991607666,8235.26171875,6908.85986328125,4.017000198364258
2026-02-27,97.61000061035156,5230.5,67.0199966430664,19.860000610351562,8235.4853515625,6878.8798828125,3.9619998931884766
2026-03-02,98.37999725341797,5294.39990234375,71.2300033569336,21.440000534057617,8016.8330078125,6881.6201171875,4.047999858856201
2026-03-03,99.05000305175781,5107.39990234375,74.55999755859375,23.56999969482422,7939.76708984375,6816.6298828125,4.056000232696533
2026-03-04,98.7699966430664,5120.2001953125,74.66000366210938,21.149999618530273,7577.06396484375,6869.5,4.079999923706055
2026-03-05,99.31999969482422,5065.2998046875,81.01000213623047,23.75,7710.537109375,6830.7099609375,4.145999908447266
2026-03-06,98.98999786376953,5146.10009765625,90.9000015258789,29.489999771118164,7585.68701171875,6740.02001953125,4.132999897003174
2026-03-09,99.18000030517578,5091.5,94.7699966430664,25.5,7337.369140625,6795.990234375,4.136000156402588
2026-03-10,98.83000183105469,5229.7001953125,83.44999694824219,24.93000030517578,7440.9130859375,6781.47998046875,4.136000156402588
2026-03-11,99.2300033569336,5167.39990234375,87.25,24.229999542236328,7389.39892578125,6775.7998046875,4.208000183105469
2026-03-12,99.73999786376953,5115.7998046875,95.7300033569336,27.290000915527344,7362.1171875,6672.6201171875,4.2729997634887695
2026-03-13,100.36000061035156,5052.5,98.70999908447266,27.190000534057617,7137.2119140625,6632.18994140625,4.284999847412109
2026-03-16,99.70999908447266,4994.0,93.5,23.510000228881836,7022.2880859375,6699.3798828125,4.21999979019165
2026-03-17,99.58000183105469,5001.0,96.20999908447266,22.3700008392334,7106.8388671875,6716.08984375,4.202000141143799
2026-03-18,100.08999633789062,4889.89990234375,96.31999969482422,25.09000015258789,,6624.7001953125,4.258999824523926
2026-03-19,99.2300033569336,4600.7001953125,96.13999938964844,24.059999465942383,,6606.490234375,4.281000137329102
2026-03-20,99.6500015258789,4570.39990234375,98.31999969482422,26.780000686645508,,6506.47998046875,4.390999794006348
2026-03-23,98.94999694824219,4404.10009765625,88.12999725341797,26.149999618530273,,6581.0,4.334000110626221
2026-03-24,99.43000030517578,4399.2998046875,92.3499984741211,26.950000762939453,,6556.3701171875,4.392000198364258
2026-03-25,99.5999984741211,4549.7998046875,90.31999969482422,25.329999923706055,7302.12109375,6591.89990234375,4.328000068664551
2026-03-26,99.9000015258789,4375.5,94.4800033569336,27.440000534057617,7164.0908203125,6477.16015625,4.415999889373779
2026-03-27,100.1500015258789,4492.0,99.63999938964844,31.049999237060547,7097.05712890625,6368.85009765625,4.440000057220459
2026-03-30,100.51000213623047,4526.0,102.87999725341797,30.610000610351562,7091.669921875,6343.72021484375,4.3420000076293945
2026-03-31,99.95999908447266,4647.60009765625,101.37999725341797,25.25,7048.22216796875,6528.52001953125,4.310999870300293
2026-04-01,99.6500015258789,4783.2001953125,100.12000274658203,24.540000915527344,7184.43798828125,6575.31982421875,4.318999767303467
2026-04-02,100.02999877929688,4651.5,111.54000091552734,23.8700008392334,7026.7822265625,6582.68994140625,4.313000202178955
2026-04-06,99.9800033569336,4656.7998046875,112.41000366210938,24.170000076293945,6989.42578125,6611.830078125,4.335000038146973
2026-04-07,99.63999938964844,4657.10009765625,112.94999694824219,25.780000686645508,6971.02685546875,6616.85009765625,4.3429999351501465
2026-04-08,99.12999725341797,4749.5,94.41000366210938,21.040000915527344,7279.208984375,6782.81005859375,4.290999889373779
2026-04-09,98.81999969482422,4792.2001953125,97.87000274658203,19.489999771118164,7307.5888671875,6824.66015625,4.293000221252441
2026-04-10,98.6500015258789,4761.89990234375,96.56999969482422,19.229999542236328,7458.49609375,6816.89013671875,4.316999912261963
2026-04-13,98.37000274658203,4742.39990234375,99.08000183105469,19.1200008392334,7500.18701171875,6886.240234375,4.296999931335449
2026-04-14,98.12000274658203,4825.0,91.27999877929688,18.360000610351562,7675.951171875,6967.3798828125,4.25600004196167
2026-04-15,98.05999755859375,4800.0,91.29000091552734,18.170000076293945,7623.5859375,7022.9501953125,4.2820000648498535
2026-04-16,98.22000122070312,4785.39990234375,94.69000244140625,17.940000534057617,7621.3818359375,7041.27978515625,4.309000015258789
2026-04-17,98.0999984741211,4857.60009765625,83.8499984741211,17.479999542236328,7634.00390625,7126.06005859375,4.245999813079834
2026-04-20,98.05000305175781,4806.60009765625,89.61000061035156,18.8700008392334,7594.11083984375,7109.14013671875,4.25
2026-04-21,98.41000366210938,4698.39990234375,92.12999725341797,19.5,7559.3798828125,7064.009765625,4.291999816894531
2026-04-22,98.58999633789062,4732.5,92.95999908447266,18.920000076293945,7541.61181640625,7137.89990234375,4.294000148773193
2026-04-23,98.80000305175781,4705.10009765625,95.8499984741211,19.309999465942383,7378.60595703125,7108.39990234375,4.322999954223633
2026-04-24,98.51000213623047,4722.2998046875,94.4000015258789,18.709999084472656,7129.490234375,7165.080078125,4.309999942779541
2026-04-27,98.4800033569336,4675.39990234375,96.37000274658203,18.020000457763672,7106.52001953125,7173.91015625,4.335999965667725
2026-04-28,98.62000274658203,4591.5,99.93000030517578,17.829999923706055,7072.39208984375,7138.7998046875,4.354000091552734
2026-04-29,98.91999816894531,4545.2001953125,106.87999725341797,18.809999465942383,7101.22607421875,7135.9501953125,4.418000221252441
2026-04-30,98.08000183105469,4614.7001953125,105.06999969482422,16.889999389648438,6956.80419921875,7209.009765625,4.389999866485596
2026-05-01,98.20999908447266,4629.89990234375,101.94000244140625,16.989999771118164,,7230.1201171875,4.377999782562256
2026-05-04,98.47000122070312,4519.5,106.41999816894531,18.290000915527344,6971.953125,7200.75,4.446000099182129
2026-05-05,98.4800033569336,4555.7998046875,102.2699966430664,17.3799991607666,7057.10595703125,7259.22021484375,4.415999889373779
2026-05-06,98.0199966430664,4681.89990234375,95.08000183105469,17.389999389648438,7092.466796875,7365.1201171875,4.355999946594238
2026-05-07,98.25,4699.7998046875,94.80999755859375,17.079999923706055,7174.32080078125,7337.10986328125,4.392000198364258
2026-05-08,97.83999633789062,4720.39990234375,95.41999816894531,17.190000534057617,6969.39599609375,7398.93017578125,4.363999843597412
2026-05-11,97.94000244140625,4718.7001953125,98.06999969482422,18.3799991607666,6905.6201171875,7412.83984375,4.409999847412109
2026-05-12,98.29000091552734,4677.60009765625,102.18000030517578,17.989999771118164,6858.89892578125,7400.9599609375,4.4629998207092285
2026-05-13,98.4800033569336,4697.7001953125,101.0199966430664,17.8700008392334,6723.31982421875,7444.25,4.480999946594238
2026-05-14,98.87999725341797,4678.10009765625,101.16999816894531,17.260000228881836,,7501.240234375,4.460999965667725
2026-05-15,99.2699966430664,4555.7998046875,105.41999816894531,18.43000030517578,,7408.5,4.59499979019165
2026-05-18,98.97000122070312,4552.5,108.66000366210938,17.81999969482422,6599.240234375,7403.0498046875,4.623000144958496
2026-05-19,99.30000305175781,4506.2998046875,107.7699966430664,18.059999465942383,6370.67919921875,7353.60986328125,4.666999816894531
2026-05-20,99.11000061035156,4531.2998046875,98.26000213623047,17.440000534057617,6318.5,7432.97021484375,4.572000026702881
2026-05-21,99.19000244140625,4539.7998046875,96.3499984741211,16.760000228881836,6094.94091796875,7445.72021484375,4.585999965667725
2026-05-22,99.31999969482422,4521.0,96.5999984741211,16.700000762939453,6162.044921875,7473.47021484375,4.558000087738037
2026-05-25,,,,16.59000015258789,6206.34912109375,,
2026-05-26,99.16999816894531,4500.39990234375,93.88999938964844,17.010000228881836,6130.18994140625,7519.1201171875,4.493000030517578
2026-05-27,99.20999908447266,4447.5,88.68000030517578,16.290000915527344,,7520.35986328125,4.480999946594238
2026-05-28,99.0199966430664,4499.2998046875,88.9000015258789,15.739999771118164,,7563.6298828125,4.454999923706055
2026-05-29,98.91000366210938,4560.5,87.36000061035156,15.319999694824219,6127.380859375,7580.06005859375,4.453000068664551
2026-06-01,99.19999694824219,4475.2001953125,92.16000366210938,16.049999237060547,,7599.9599609375,4.474999904632568
2026-06-02,99.22000122070312,4489.10009765625,93.76000213623047,15.770000457763672,6195.4267578125,7609.77978515625,4.454999923706055
2026-06-03,99.52999877929688,4436.7001953125,96.0199966430664,16.059999465942383,5941.06591796875,7553.68017578125,4.491000175476074
2026-06-04,99.41000366210938,4475.7998046875,93.04000091552734,15.399999618530273,5839.78515625,7584.31005859375,4.4770002365112305
2026-06-05,100.06999969482422,4337.10009765625,90.54000091552734,21.510000228881836,5594.76513671875,7383.740234375,4.535999774932861
2026-06-08,100.05000305175781,4335.89990234375,91.30000305175781,18.920000076293945,5342.13720703125,7405.72998046875,4.552000045776367
2026-06-09,99.91000366210938,4260.0,88.19999694824219,19.8700008392334,5746.64794921875,7386.64990234375,4.5279998779296875
2026-06-10,99.94999694824219,4108.2001953125,90.02999877929688,22.219999313354492,5902.3759765625,7266.990234375,4.541999816894531
2026-06-11,99.86000061035156,4090.300048828125,87.70999908447266,19.440000534057617,5886.0322265625,7394.2998046875,4.4629998207092285
2026-06-12,99.75,4215.0,84.87999725341797,17.68000030517578,6007.65576171875,7431.4599609375,4.486999988555908
2026-06-15,99.62999725341797,4328.0,80.75,16.200000762939453,6254.9658203125,7554.2900390625,4.468999862670898
2026-06-16,99.54000091552734,4330.89990234375,76.05000305175781,16.40999984741211,,7511.35009765625,4.427999973297119
2026-06-17,100.08999633789062,4358.89990234375,76.79000091552734,18.440000534057617,6220.740234375,7420.10009765625,4.4629998207092285
2026-06-18,100.8499984741211,4224.10009765625,76.5999984741211,16.399999618530273,6172.33984375,7500.580078125,4.451000213623047
2026-06-19,,,,,6177.13916015625,,
2026-06-22,101.0199966430664,4181.89990234375,74.81999969482422,17.280000686645508,6116.68994140625,7472.7900390625,4.508999824523926
2026-06-23,101.41000366210938,4129.89990234375,73.20999908447266,19.489999771118164,6101.3330078125,7365.4599609375,4.493000030517578
2026-06-24,101.61000061035156,3990.300048828125,70.33999633789062,18.6299991607666,5883.880859375,7358.22021484375,4.4019999504089355
2026-06-25,101.43000030517578,4030.5,71.91999816894531,18.889999389648438,5999.0380859375,7357.490234375,4.392000198364258
2026-06-26,101.36000061035156,4078.699951171875,69.2300033569336,18.40999984741211,5896.1337890625,7354.02001953125,4.372000217437744
2026-06-29,101.11000061035156,4022.300048828125,70.75,17.649999618530273,5820.7900390625,7440.43017578125,4.374000072479248
2026-06-30,101.19000244140625,4022.89990234375,69.5,16.450000762939453,5643.19384765625,7499.35986328125,4.418000221252441
2026-07-01,101.38999938964844,4068.300048828125,68.58000183105469,16.59000015258789,5695.1162109375,7483.22998046875,4.474999904632568
2026-07-02,100.86000061035156,4112.7001953125,68.69000244140625,16.149999618530273,5744.55615234375,7483.240234375,4.485000133514404
2026-07-03,,,,,5875.77978515625,,
2026-07-06,100.8499984741211,4155.10009765625,68.55000305175781,15.569999694824219,5916.06982421875,7537.43017578125,4.479000091552734
2026-07-07,101.13999938964844,4145.2998046875,70.44000244140625,16.1299991607666,5986.4970703125,7503.85009765625,4.5289998054504395
2026-07-08,101.05000305175781,4070.89990234375,73.5199966430664,16.899999618530273,5873.3720703125,7482.7099609375,4.568999767303467
2026-07-09,100.94000244140625,4130.60009765625,72.08000183105469,15.84000015258789,5912.44189453125,7543.64013671875,4.539000034332275
2026-07-10,100.97000122070312,4104.10009765625,71.41000366210938,15.029999732971191,5924.35986328125,7575.39013671875,4.568999767303467
2026-07-13,101.27999877929688,3997.0,78.13999938964844,17.15999984741211,6037.841796875,7515.33984375,4.609000205993652
2026-07-14,100.94000244140625,4061.10009765625,79.33999633789062,16.5,6039.52099609375,7543.58984375,4.585000038146973
2026-07-15,100.5,4044.0,79.5999984741211,15.670000076293945,6041.97216796875,7572.39990234375,4.545000076293945
2026-07-16,100.7300033569336,3985.60009765625,78.94999694824219,16.729999542236328,6108.208984375,7533.77001953125,4.568999767303467
2026-07-17,100.75,4012.699951171875,82.48999786376953,18.770000457763672,6175.53515625,7457.68994140625,4.540999889373779
2026-07-20,100.98999786376953,4010.300048828125,83.2300033569336,18.649999618530273,6231.77978515625,7443.27978515625,4.5980000495910645
2026-07-21,101.18000030517578,4071.10009765625,84.91000366210938,17.049999237060547,6340.02001953125,7509.2001953125,4.627999782562256
2026-07-22,101.13999938964844,4146.89990234375,86.83000183105469,16.639999389648438,6334.47607421875,7498.9599609375,4.6570000648498535
2026-07-23,101.43000030517578,4046.60009765625,92.19000244140625,18.700000762939453,6315.31103515625,7408.2998046875,4.703000068664551
2026-07-24,101.47000122070312,4067.60009765625,89.30999755859375,18.579999923706055,6196.43017578125,7411.97998046875,4.678999900817871
2026-07-27,101.51000213623047,4074.5,82.61000061035156,18.670000076293945,6185.783203125,7413.18017578125,4.640999794006348
2026-07-28,101.37999725341797,4036.300048828125,79.26000213623047,18.209999084472656,6130.587890625,7428.77978515625,4.604000091552734
2026-07-29,100.80000305175781,4034.699951171875,84.45999908447266,20.65999984741211,6091.38623046875,7316.14990234375,4.622000217437744
2026-07-30,100.01000213623047,4100.10009765625,83.58999633789062,17.09000015258789,6186.36279296875,7437.6298828125,4.663000106811523
2026-07-31,99.80000305175781,4049.10009765625,84.66999816894531,15.989999771118164,6236.1259765625,7489.72021484375,4.744999885559082
2026-08-03,99.95999908447266,4033.699951171875,80.33999633789062,15.859999656677246,6234.4970703125,7600.5,4.685999870300293
2026-08-04,99.88999938964844,4095.39990234375,75.7699966430664,16.5,6319.61279296875,7736.52001953125,4.626999855041504
2026-08-05,99.69000244140625,4245.7998046875,75.22000122070312,15.8100004196167,6351.13916015625,7723.5498046875,4.617000102996826
2026-08-06,99.97000122070312,4242.0,77.29000091552734,15.149999618530273,6343.7109375,7709.9599609375,4.670000076293945
2026-08-07,99.5999984741211,4340.7001953125,78.18000030517578,14.899999618530273,6409.65380859375,7757.64013671875,4.659999847412109
2026-08-10,99.80999755859375,4361.7998046875,82.12999725341797,15.460000038146973,6365.3740234375,7753.10986328125,4.698999881744385
2026-08-11,99.81999969482422,4383.0,83.19999694824219,15.279999732971191,6267.8798828125,7728.2001953125,4.684000015258789
2026-08-12,100.01000213623047,4408.89990234375,83.2699966430664,14.550000190734863,6373.84912109375,7748.5,4.682000160217285
2026-08-13,99.95999908447266,4363.60009765625,81.25,14.630000114440918,6301.76513671875,7798.990234375,4.640999794006348
2026-08-14,99.66999816894531,4380.39990234375,82.4000015258789,14.25,6401.88818359375,7785.759765625,4.696000099182129
2026-08-17,99.63999938964844,4417.7998046875,84.5,15.1899995803833,,7745.06005859375,4.723999977111816
2026-08-18,99.6500015258789,4366.0,84.94000244140625,15.84000015258789,6449.830078125,7691.759765625,4.705999851226807
2026-08-19,98.83000183105469,4489.39990234375,85.83000183105469,14.890000343322754,6394.125,7707.97998046875,4.6529998779296875
2026-08-20,98.9000015258789,4516.2998046875,87.83000183105469,16.010000228881836,6501.5849609375,7641.16015625,4.696000099182129
2026-08-21,98.80000305175781,4624.10009765625,87.05999755859375,15.130000114440918,6525.68994140625,7674.3701171875,4.73799991607666
2026-08-24,99.0,4640.7998046875,85.01000213623047,15.850000381469727,6501.6669921875,7652.85986328125,4.703999996185303
2026-08-25,98.91999816894531,4638.10009765625,82.36000061035156,15.449999809265137,,7677.27978515625,4.638999938964844
2026-08-26,99.16999816894531,4598.2001953125,82.2300033569336,15.210000038146973,6405.68505859375,7675.7001953125,4.664000034332275
2026-08-27,99.16000366210938,4609.7001953125,83.52999877929688,14.510000228881836,6521.75,7730.990234375,4.671999931335449
2026-08-28,99.69999694824219,4478.10009765625,83.4000015258789,14.430000305175781,6518.12109375,7711.759765625,4.71999979019165
2026-08-31,99.43000030517578,4431.10009765625,85.76000213623047,14.920000076293945,6525.47802734375,7686.14013671875,4.757999897003174
2026-09-01,99.66999816894531,4348.0,90.22000122070312,16.34000015258789,6599.94287109375,7631.47021484375,4.796000003814697
2026-09-02,99.55999755859375,4366.2998046875,91.01000213623047,15.199999809265137,6595.77587890625,7666.60009765625,4.796000003814697
2026-09-03,99.0,4491.7001953125,91.30000305175781,14.319999694824219,6667.89111328125,7747.7099609375,4.76200008392334
2026-09-04,99.16000366210938,4429.7998046875,91.4800033569336,14.529999732971191,6636.47509765625,7718.60009765625,4.783999919891357
2026-09-07,,,,15.300000190734863,6619.6728515625,,
2026-09-08,98.83999633789062,4393.89990234375,93.02999877929688,15.720000267028809,6686.44189453125,7673.52001953125,4.806000232696533
2026-09-09,98.7699966430664,4416.0,96.05000305175781,16.459999084472656,6678.201171875,7636.35986328125,4.836999893188477
2026-09-10,99.08999633789062,4364.5,102.4800033569336,17.84000015258789,6589.337890625,7591.7001953125,4.943999767303467
2026-09-11,99.12000274658203,4408.89990234375,100.05000305175781,15.84000015258789,6541.376953125,7656.97998046875,4.974999904632568
