Date,Price,Open,High,Low,Vol.,Change %
06/29/2026,"17,850.7","17,856.7","17,910.0","17,814.0",,-0.20%
06/28/2026,"17,885.9","17,856.7","17,910.0","17,837.0",,-0.13%
06/26/2026,"17,910.0","17,965.0","17,987.5","17,910.0",,-0.06%
06/25/2026,"17,920.0","17,960.0","17,972.5","17,917.5",,-0.06%
06/24/2026,"17,930.0","17,920.0","17,960.0","17,917.5",,0.50%
06/23/2026,"17,840.0","17,865.0","17,875.0","17,840.0",,0.06%
06/22/2026,"17,830.0","17,805.0","17,836.5","17,777.5",,0.25%
06/21/2026,"17,785.4","17,765.8","17,810.0","17,780.0",,0.03%
06/19/2026,"17,780.0","17,840.0","17,855.0","17,780.0",,0.42%
06/18/2026,"17,705.0","17,850.0","17,881.0","17,705.0",,-0.17%
06/17/2026,"17,735.0","17,742.5","17,762.5","17,727.5",,0.23%
06/16/2026,"17,694.5","17,694.5","17,694.5","17,694.5",,0.00%
06/15/2026,"17,694.5","17,765.0","17,780.0","17,675.0",,-0.98%
06/12/2026,"17,870.0","17,925.0","17,965.5","17,850.0",,-0.61%
06/11/2026,"17,980.0","17,930.0","18,001.5","17,930.0",,0.15%
06/10/2026,"17,952.5","17,882.5","18,005.0","17,882.5",,-0.57%
06/09/2026,"18,055.0","18,155.0","18,190.0","18,032.5",,-0.66%
06/08/2026,"18,175.0","18,090.0","18,197.5","18,080.0",,0.89%
06/05/2026,"18,015.0","18,065.0","18,065.0","18,007.5",,-0.06%
06/04/2026,"18,025.0","17,980.0","18,050.0","17,980.0",,0.45%
06/03/2026,"17,945.0","17,877.5","17,960.0","17,875.0",,0.62%
06/02/2026,"17,835.0","17,865.0","17,894.5","17,822.5",,-0.20%
06/01/2026,"17,870.0","17,870.0","17,870.0","17,870.0",,0.00%
05/29/2026,"17,870.0","17,820.0","17,892.0","17,820.0",,0.51%
05/28/2026,"17,780.0","17,780.0","17,780.0","17,780.0",,0.00%
05/27/2026,"17,780.0","17,780.0","17,780.0","17,780.0",,0.00%
05/26/2026,"17,780.0","17,740.0","17,800.0","17,740.0",,0.25%
05/25/2026,"17,735.0","17,705.0","17,755.0","17,700.0",,0.23%
05/22/2026,"17,695.0","17,680.0","17,727.5","17,677.5",,0.28%
05/21/2026,"17,645.0","17,640.0","17,727.5","17,625.0",,0.23%
05/20/2026,"17,605.0","17,755.0","17,762.5","17,605.0",,-0.54%
05/19/2026,"17,700.0","17,675.0","17,735.0","17,670.0",,0.31%
05/18/2026,"17,645.0","17,640.0","17,672.5","17,595.0",,1.03%
05/15/2026,"17,465.0","17,465.0","17,465.0","17,465.0",,0.00%
05/14/2026,"17,465.0","17,465.0","17,465.0","17,465.0",,0.00%
05/13/2026,"17,465.0","17,510.0","17,537.5","17,445.0",,-0.17%
05/12/2026,"17,494.5","17,485.0","17,529.0","17,480.0",,0.49%
05/11/2026,"17,410.0","17,382.5","17,424.0","17,382.5",,0.26%
05/08/2026,"17,365.0","17,350.0","17,391.5","17,347.5",,0.17%
05/07/2026,"17,335.0","17,320.0","17,378.5","17,320.0",,-0.29%
05/06/2026,"17,385.0","17,375.0","17,420.0","17,361.0",,-0.17%
05/05/2026,"17,415.0","17,390.0","17,447.5","17,390.0",,0.26%
05/04/2026,"17,370.0","17,325.0","17,390.0","17,325.0",,0.35%
05/01/2026,"17,310.0","17,310.0","17,310.0","17,310.0",,0.00%
04/30/2026,"17,310.0","17,350.0","17,387.5","17,307.5",,0.17%
04/29/2026,"17,280.0","17,277.5","17,337.5","17,267.5",,0.38%
04/28/2026,"17,215.0","17,212.5","17,249.0","17,202.5",,0.15%
04/27/2026,"17,190.0","17,210.0","17,237.5","17,187.5",,-0.01%
04/24/2026,"17,192.5","17,275.0","17,294.0","17,192.5",,-0.54%
04/23/2026,"17,285.0","17,225.0","17,322.5","17,225.0",,0.64%
04/22/2026,"17,175.0","17,155.0","17,187.5","17,147.5",,0.18%
04/21/2026,"17,144.0","17,145.0","17,155.5","17,117.5",,-0.15%
04/20/2026,"17,170.0","17,160.0","17,187.5","17,140.0",,-0.09%
04/17/2026,"17,185.0","17,155.0","17,195.0","17,152.5",,0.32%
04/16/2026,"17,130.0","17,137.5","17,155.0","17,113.5",,-0.03%
04/15/2026,"17,135.0","17,117.5","17,147.5","17,110.0",,0.12%
04/14/2026,"17,115.0","17,125.0","17,144.0","17,115.0",,0.09%
04/13/2026,"17,100.0","17,125.0","17,142.5","17,100.0",,0.06%
04/10/2026,"17,090.0","17,080.0","17,122.5","17,076.5",,0.03%
04/09/2026,"17,085.0","17,040.0","17,100.0","17,027.5",,0.44%
04/08/2026,"17,010.0","16,985.0","17,025.5","16,980.0",,-0.49%
04/07/2026,"17,094.5","17,052.5","17,107.5","17,052.5",,0.35%
04/06/2026,"17,035.0","17,000.0","17,047.5","16,992.5",,0.24%
04/03/2026,"16,994.5","16,994.5","16,994.5","16,994.5",,0.00%
04/02/2026,"16,994.5","16,990.0","17,027.5","16,980.0",,0.09%
04/01/2026,"16,980.0","16,992.0","17,031.0","16,957.5",,-0.09%
03/31/2026,"16,994.5","16,985.0","16,999.0","16,985.0",,0.03%
03/30/2026,"16,990.0","16,985.0","16,996.5","16,977.5",,0.15%
03/27/2026,"16,965.0","16,922.5","16,974.0","16,922.5",,0.38%
03/26/2026,"16,900.0","16,885.0","16,907.5","16,880.0",,-0.06%
03/25/2026,"16,910.0","16,915.0","16,925.0","16,870.0",,-0.41%
03/24/2026,"16,980.0","16,980.0","16,980.0","16,980.0",,0.00%
03/23/2026,"16,980.0","16,980.0","16,980.0","16,980.0",,0.00%
03/20/2026,"16,980.0","16,980.0","16,980.0","16,980.0",,0.00%
03/19/2026,"16,980.0","16,980.0","16,980.0","16,980.0",,0.00%
03/18/2026,"16,980.0","16,980.0","16,980.0","16,980.0",,0.00%
03/17/2026,"16,980.0","16,977.5","16,992.5","16,960.0",,-0.06%
03/16/2026,"16,990.0","16,950.0","16,997.5","16,950.0",,0.30%
03/13/2026,"16,940.0","16,907.5","16,946.0","16,897.5",,0.30%
03/12/2026,"16,890.0","16,900.0","16,909.0","16,878.0",,0.12%
03/11/2026,"16,870.0","16,840.0","16,872.5","16,835.0",,0.07%
03/10/2026,"16,857.5","16,865.0","16,895.0","16,842.5",,-0.49%
03/09/2026,"16,940.0","16,990.0","16,995.0","16,937.5",,0.21%
03/06/2026,"16,905.0","16,917.5","16,932.5","16,902.5",,0.15%
03/05/2026,"16,880.0","16,902.5","16,907.5","16,855.0",,-0.03%
03/04/2026,"16,885.0","16,920.0","16,932.5","16,885.0",,0.18%
03/03/2026,"16,855.0","16,860.0","16,885.0","16,844.0",,-0.03%
03/02/2026,"16,860.0","16,822.5","16,867.5","16,814.5",,0.57%
02/27/2026,"16,765.0","16,767.5","16,788.5","16,761.5",,0.06%
02/26/2026,"16,755.0","16,757.5","16,781.0","16,732.5",,-0.18%
02/25/2026,"16,785.0","16,840.0","16,852.5","16,784.0",,-0.21%
02/24/2026,"16,820.0","16,820.0","16,839.5","16,812.5",,0.18%
02/23/2026,"16,790.0","16,865.0","16,865.0","16,790.0",,-0.44%
02/20/2026,"16,865.0","16,882.5","16,946.0","16,855.0",,-0.06%
02/19/2026,"16,875.0","16,890.0","16,936.5","16,875.0",,-0.03%
02/18/2026,"16,880.0","16,845.0","16,893.5","16,837.5",,0.30%
02/17/2026,"16,830.0","16,830.0","16,830.0","16,830.0",,0.00%
02/16/2026,"16,830.0","16,830.0","16,830.0","16,830.0",,0.00%
02/13/2026,"16,830.0","16,820.0","16,855.0","16,817.5",,0.09%
02/12/2026,"16,815.0","16,800.0","16,832.5","16,800.0",,0.21%
02/11/2026,"16,780.0","16,775.0","16,794.0","16,759.0",,-0.09%
02/10/2026,"16,795.0","16,795.0","16,852.5","16,773.0",,-0.03%
02/09/2026,"16,800.0","16,865.0","16,872.5","16,799.0",,-0.39%
02/06/2026,"16,865.0","16,872.5","16,894.0","16,860.0",,0.21%
02/05/2026,"16,830.0","16,785.0","16,834.0","16,782.5",,0.36%
02/04/2026,"16,770.0","16,765.0","16,777.5","16,757.5",,0.06%
02/03/2026,"16,760.0","16,760.0","16,786.5","16,757.5",,-0.18%
02/02/2026,"16,790.0","16,790.0","16,812.5","16,763.5",,0.03%
01/30/2026,"16,785.0","16,795.0","16,815.0","16,777.5",,0.22%
01/29/2026,"16,747.5","16,750.0","16,805.0","16,745.0",,0.25%
01/28/2026,"16,705.0","16,720.0","16,745.0","16,680.0",,-0.36%
01/27/2026,"16,765.0","16,777.5","16,812.5","16,765.0",,-0.06%
01/26/2026,"16,775.0","16,795.0","16,802.5","16,755.0",,-0.24%
01/23/2026,"16,815.0","16,825.0","16,849.0","16,810.0",,-0.41%
01/22/2026,"16,885.0","16,925.0","16,935.0","16,796.5",,-0.30%
01/21/2026,"16,935.0","16,945.0","16,971.0","16,930.0",,-0.09%
01/20/2026,"16,950.0","16,970.0","16,987.5","16,947.5",,0.06%
01/19/2026,"16,940.0","16,875.0","16,952.5","16,875.0",,0.33%
01/16/2026,"16,885.0","16,885.0","16,885.0","16,885.0",,0.00%
01/15/2026,"16,885.0","16,835.0","16,894.5","16,830.0",,0.15%
01/14/2026,"16,860.0","16,865.0","16,876.0","16,856.5",,-0.03%
01/13/2026,"16,865.0","16,845.0","16,881.5","16,845.0",,0.21%
01/12/2026,"16,830.0","16,837.5","16,858.5","16,830.0",,0.18%
01/09/2026,"16,800.0","16,830.0","16,846.5","16,800.0",,0.06%
01/08/2026,"16,790.0","16,787.5","16,805.0","16,785.0",,0.09%
01/07/2026,"16,775.0","16,760.0","16,790.5","16,755.0",,0.15%
01/06/2026,"16,750.0","16,745.0","16,769.0","16,730.0",,0.06%
01/05/2026,"16,740.0","16,715.0","16,762.5","16,712.5",,0.12%
01/02/2026,"16,720.0","16,695.0","16,734.0","16,690.0",,0.27%
01/01/2026,"16,675.0","16,675.0","16,675.0","16,675.0",,0.00%
12/31/2025,"16,675.0","16,715.0","16,742.5","16,675.0",,-0.51%
12/30/2025,"16,760.0","16,780.0","16,789.0","16,760.0",,-0.15%
12/29/2025,"16,785.0","16,760.0","16,795.0","16,757.5",,0.18%
12/26/2025,"16,755.0","16,755.0","16,755.0","16,755.0",,0.00%
12/25/2025,"16,755.0","16,755.0","16,755.0","16,755.0",,0.00%
12/24/2025,"16,755.0","16,770.0","16,782.5","16,749.0",,-0.09%
12/23/2025,"16,770.0","16,755.0","16,800.0","16,745.0",,0.00%
12/22/2025,"16,770.0","16,737.5","16,785.0","16,737.5",,0.18%
12/19/2025,"16,740.0","16,715.0","16,750.0","16,706.5",,0.15%
12/18/2025,"16,715.0","16,702.5","16,732.5","16,695.0",,0.18%
12/17/2025,"16,685.0","16,675.0","16,710.0","16,665.0",,-0.03%
12/16/2025,"16,690.0","16,672.5","16,695.0","16,670.0",,0.15%
12/15/2025,"16,665.0","16,640.0","16,673.5","16,640.0",,0.15%
12/12/2025,"16,640.0","16,647.5","16,675.0","16,627.5",,-0.18%
12/11/2025,"16,670.0","16,655.0","16,682.5","16,639.0",,-0.09%
12/10/2025,"16,685.0","16,685.0","16,696.5","16,676.0",,0.12%
12/09/2025,"16,665.0","16,690.0","16,697.5","16,659.5",,-0.15%
12/08/2025,"16,690.0","16,660.0","16,696.5","16,650.0",,0.30%
12/05/2025,"16,640.0","16,655.0","16,667.5","16,640.0",,-0.03%
12/04/2025,"16,645.0","16,630.0","16,655.5","16,626.5",,0.15%
12/03/2025,"16,620.0","16,625.0","16,637.5","16,617.5",,0.00%
12/02/2025,"16,620.0","16,632.5","16,647.5","16,615.0",,-0.21%
12/01/2025,"16,655.0","16,660.0","16,675.0","16,650.0",,0.00%
11/28/2025,"16,655.0","16,637.5","16,670.0","16,632.5",,0.09%
11/27/2025,"16,640.0","16,630.0","16,652.5","16,620.0",,-0.12%
11/26/2025,"16,660.0","16,647.5","16,682.5","16,640.0",,0.00%
11/25/2025,"16,660.0","16,670.0","16,688.5","16,655.0",,-0.19%
11/24/2025,"16,692.5","16,710.0","16,720.0","16,692.5",,-0.01%
11/21/2025,"16,694.0","16,740.0","16,741.0","16,694.0",,-0.22%
11/20/2025,"16,730.0","16,740.0","16,755.0","16,725.0",,0.22%
11/19/2025,"16,692.5","16,740.0","16,757.5","16,687.5",,-0.28%
11/18/2025,"16,740.0","16,740.0","16,765.0","16,732.5",,0.09%
11/17/2025,"16,725.0","16,712.5","16,738.0","16,710.0",,0.19%
11/14/2025,"16,694.0","16,705.0","16,717.5","16,694.0",,-0.19%
11/13/2025,"16,725.0","16,725.0","16,738.5","16,717.5",,0.17%
11/12/2025,"16,697.0","16,700.0","16,727.5","16,684.5",,0.07%
11/11/2025,"16,685.0","16,705.0","16,712.5","16,682.5",,0.21%
11/10/2025,"16,650.0","16,670.0","16,682.5","16,645.0",,-0.21%
11/07/2025,"16,684.5","16,717.5","16,725.0","16,680.0",,-0.06%
11/06/2025,"16,694.0","16,700.0","16,716.0","16,683.5",,-0.07%
11/05/2025,"16,705.0","16,730.0","16,745.0","16,702.5",,0.05%
11/04/2025,"16,697.0","16,710.0","16,734.0","16,694.5",,0.25%
11/03/2025,"16,655.0","16,635.0","16,673.5","16,627.5",,0.15%
10/31/2025,"16,630.0","16,622.5","16,637.5","16,600.0",,-0.06%
10/30/2025,"16,640.0","16,605.0","16,650.0","16,605.0",,0.15%
10/29/2025,"16,615.0","16,607.5","16,635.5","16,605.0",,0.06%
10/28/2025,"16,605.0","16,625.0","16,634.0","16,605.0",,-0.06%
10/27/2025,"16,615.0","16,600.0","16,642.5","16,592.5",,0.12%
10/24/2025,"16,595.0","16,624.0","16,643.0","16,595.0",,-0.15%
10/23/2025,"16,620.0","16,610.0","16,652.5","16,605.0",,0.27%
10/22/2025,"16,575.0","16,605.0","16,627.5","16,575.0",,-0.09%
10/21/2025,"16,590.0","16,570.0","16,597.5","16,565.0",,0.09%
10/20/2025,"16,575.0","16,575.0","16,595.0","16,554.0",,-0.03%
10/17/2025,"16,580.0","16,580.0","16,595.0","16,577.5",,0.06%
10/16/2025,"16,570.0","16,570.0","16,587.5","16,560.0",,0.03%
10/15/2025,"16,565.0","16,590.0","16,595.0","16,563.5",,-0.06%
10/14/2025,"16,575.0","16,560.0","16,595.0","16,549.5",,0.09%
10/13/2025,"16,560.0","16,580.0","16,592.5","16,557.5",,0.06%
10/10/2025,"16,550.0","16,577.5","16,597.5","16,550.0",,0.03%
10/09/2025,"16,545.0","16,555.0","16,567.5","16,509.5",,-0.09%
10/08/2025,"16,560.0","16,610.0","16,624.0","16,557.5",,0.12%
10/07/2025,"16,540.0","16,580.0","16,600.0","16,525.0",,-0.06%
10/06/2025,"16,550.0","16,557.5","16,610.0","16,542.5",,0.09%
10/03/2025,"16,535.0","16,615.0","16,630.0","16,529.0",,-0.30%
10/02/2025,"16,585.0","16,597.5","16,622.5","16,582.5",,-0.12%
10/01/2025,"16,605.0","16,660.0","16,705.5","16,605.0",,-0.36%
09/30/2025,"16,665.0","16,675.0","16,700.0","16,660.0",,-0.03%
09/29/2025,"16,670.0","16,660.0","16,687.5","16,640.0",,-0.36%
09/26/2025,"16,730.0","16,770.0","16,800.0","16,727.5",,-0.06%
09/25/2025,"16,740.0","16,715.0","16,766.0","16,700.0",,0.39%
09/24/2025,"16,675.0","16,685.0","16,695.0","16,660.0",,0.06%
09/23/2025,"16,665.0","16,585.0","16,672.5","16,582.5",,0.36%
09/22/2025,"16,605.0","16,625.0","16,642.5","16,578.5",,0.09%
09/19/2025,"16,590.0","16,565.0","16,590.0","16,548.5",,0.51%
09/18/2025,"16,505.0","16,455.0","16,525.0","16,455.0",,0.46%
09/17/2025,"16,430.0","16,415.0","16,450.0","16,406.5",,-0.06%
09/16/2025,"16,440.0","16,385.0","16,445.0","16,360.5",,0.18%
09/15/2025,"16,410.0","16,418.5","16,436.0","16,385.0",,0.20%
09/12/2025,"16,377.5","16,422.5","16,437.5","16,370.0",,-0.50%
09/11/2025,"16,460.0","16,450.0","16,476.5","16,437.5",,0.00%
09/10/2025,"16,460.0","16,467.5","16,477.5","16,439.0",,-0.09%
09/09/2025,"16,475.0","16,460.0","16,502.5","16,410.0",,1.05%
09/08/2025,"16,304.0","16,385.0","16,392.5","16,294.0",,-0.71%
09/05/2025,"16,420.0","16,420.0","16,420.0","16,420.0",,0.00%
09/04/2025,"16,420.0","16,445.0","16,457.5","16,417.5",,0.03%
09/03/2025,"16,414.5","16,435.0","16,445.0","16,410.0",,0.09%
09/02/2025,"16,400.0","16,430.0","16,450.0","16,387.5",,-0.09%
09/01/2025,"16,415.0","16,475.0","16,502.5","16,410.0",,-0.45%
08/29/2025,"16,490.0","16,350.0","16,500.0","16,350.0",,0.89%
08/28/2025,"16,345.0","16,355.0","16,379.0","16,330.0",,-0.09%
08/27/2025,"16,360.0","16,320.0","16,372.5","16,315.0",,0.40%
08/26/2025,"16,294.5","16,265.0","16,305.0","16,254.0",,0.25%
08/25/2025,"16,254.5","16,245.0","16,267.5","16,236.5",,-0.52%
08/22/2025,"16,340.0","16,322.5","16,361.0","16,310.0",,0.34%
08/21/2025,"16,285.0","16,270.0","16,295.0","16,267.0",,0.11%
08/20/2025,"16,267.5","16,290.0","16,322.5","16,265.0",,0.17%
08/19/2025,"16,240.0","16,220.0","16,291.5","16,215.0",,0.50%
08/18/2025,"16,160.0","16,160.0","16,160.0","16,160.0",,0.00%
08/15/2025,"16,160.0","16,150.0","16,171.5","16,139.5",,0.31%
08/14/2025,"16,110.5","16,110.0","16,130.0","16,085.0",,-0.52%
08/13/2025,"16,194.0","16,260.0","16,270.0","16,193.5",,-0.56%
08/12/2025,"16,285.0","16,280.0","16,349.0","16,277.5",,0.09%
08/11/2025,"16,270.0","16,252.5","16,278.5","16,230.0",,-0.12%
08/08/2025,"16,290.0","16,305.0","16,332.5","16,275.0",,0.00%
08/07/2025,"16,290.0","16,325.0","16,337.5","16,285.0",,-0.43%
08/06/2025,"16,360.0","16,390.0","16,395.0","16,359.0",,-0.12%
08/05/2025,"16,380.0","16,370.0","16,396.5","16,362.5",,-0.06%
08/04/2025,"16,390.0","16,425.0","16,425.0","16,372.5",,-0.61%
08/01/2025,"16,490.0","16,512.5","16,515.0","16,476.5",,0.21%
07/31/2025,"16,455.0","16,437.5","16,466.0","16,430.0",,0.40%
07/30/2025,"16,390.0","16,362.5","16,400.5","16,360.0",,-0.03%
07/29/2025,"16,394.5","16,375.0","16,411.5","16,372.5",,0.33%
07/28/2025,"16,340.0","16,325.0","16,355.0","16,320.0",,0.15%
07/25/2025,"16,315.0","16,327.5","16,336.0","16,310.0",,0.18%
07/24/2025,"16,285.0","16,270.0","16,295.5","16,257.5",,-0.03%
07/23/2025,"16,290.0","16,275.0","16,306.5","16,267.5",,-0.12%
07/22/2025,"16,310.0","16,312.5","16,320.0","16,288.5",,0.00%
07/21/2025,"16,310.0","16,315.0","16,339.0","16,305.0",,0.12%
07/18/2025,"16,290.0","16,325.0","16,325.0","16,287.0",,-0.24%
07/17/2025,"16,330.0","16,290.0","16,342.5","16,285.0",,0.37%
07/16/2025,"16,270.0","16,265.0","16,297.5","16,247.5",,0.06%
07/15/2025,"16,260.0","16,267.5","16,296.0","16,255.0",,0.09%
07/14/2025,"16,245.0","16,225.0","16,262.0","16,220.0",,0.22%
07/11/2025,"16,210.0","16,227.5","16,235.0","16,209.0",,-0.06%
07/10/2025,"16,220.0","16,245.0","16,245.0","16,205.0",,-0.14%
07/09/2025,"16,242.5","16,250.0","16,265.0","16,235.0",,0.23%
07/08/2025,"16,205.0","16,270.0","16,277.5","16,205.0",,-0.15%
07/07/2025,"16,230.0","16,210.0","16,244.0","16,207.5",,0.28%
07/04/2025,"16,185.0","16,222.5","16,237.5","16,175.0",,-0.03%
07/03/2025,"16,190.0","16,205.0","16,225.0","16,187.5",,-0.31%
07/02/2025,"16,240.0","16,202.5","16,248.5","16,200.0",,0.31%
07/01/2025,"16,190.0","16,170.0","16,214.0","16,162.5",,-0.28%
06/30/2025,"16,235.0","16,212.5","16,257.5","16,190.0",,0.19%
06/27/2025,"16,204.0","16,204.0","16,204.0","16,204.0",,0.00%
06/26/2025,"16,204.0","16,295.0","16,295.0","16,192.5",,-0.53%
06/25/2025,"16,290.0","16,272.5","16,302.5","16,255.0",,-0.37%
06/24/2025,"16,350.0","16,375.0","16,397.5","16,340.0",,-0.82%
06/23/2025,"16,485.0","16,355.0","16,497.5","16,355.0",,0.61%
06/20/2025,"16,385.0","16,372.5","16,412.5","16,362.5",,-0.06%
06/19/2025,"16,395.0","16,350.0","16,412.5","16,342.0",,0.58%
06/18/2025,"16,300.0","16,310.0","16,330.0","16,295.0",,0.12%
06/17/2025,"16,280.0","16,297.5","16,307.5","16,259.5",,0.09%
06/16/2025,"16,265.0","16,307.5","16,317.5","16,264.5",,-0.18%
06/13/2025,"16,295.0","16,265.0","16,312.5","16,257.5",,0.37%
06/12/2025,"16,235.0","16,245.0","16,257.5","16,215.0",,-0.12%
06/11/2025,"16,255.0","16,270.0","16,272.5","16,254.5",,-0.09%
06/10/2025,"16,270.0","16,270.0","16,290.0","16,259.5",,-0.03%
06/09/2025,"16,275.0","16,275.0","16,275.0","16,275.0",,0.00%
06/06/2025,"16,275.0","16,275.0","16,275.0","16,275.0",,0.00%
06/05/2025,"16,275.0","16,275.0","16,292.5","16,257.5",,-0.09%
06/04/2025,"16,290.0","16,302.5","16,317.5","16,287.0",,0.03%
06/03/2025,"16,285.0","16,275.0","16,312.5","16,257.0",,0.25%
06/02/2025,"16,245.0","16,320.0","16,337.5","16,245.0",,-0.28%
05/30/2025,"16,290.0","16,290.0","16,290.0","16,290.0",,0.00%
05/29/2025,"16,290.0","16,290.0","16,290.0","16,290.0",,0.00%
05/28/2025,"16,290.0","16,287.5","16,312.5","16,275.0",,0.11%
05/27/2025,"16,272.5","16,245.0","16,281.0","16,225.0",,0.20%
05/26/2025,"16,240.0","16,185.0","16,245.0","16,155.0",,0.14%
05/23/2025,"16,217.5","16,320.0","16,330.5","16,215.0",,-0.69%
05/22/2025,"16,330.0","16,332.5","16,342.5","16,285.0",,-0.40%
05/21/2025,"16,395.0","16,412.5","16,425.0","16,357.5",,-0.12%
05/20/2025,"16,415.0","16,420.0","16,429.0","16,380.0",,-0.09%
05/19/2025,"16,430.0","16,465.0","16,480.0","16,425.0",,-0.06%
05/16/2025,"16,440.0","16,470.0","16,495.0","16,392.5",,-0.45%
05/15/2025,"16,515.0","16,555.0","16,572.5","16,502.5",,-0.21%
05/14/2025,"16,550.0","16,560.0","16,592.5","16,536.5",,0.21%
05/13/2025,"16,515.0","16,515.0","16,515.0","16,515.0",,0.00%
05/12/2025,"16,515.0","16,515.0","16,515.0","16,515.0",,0.00%
05/09/2025,"16,515.0","16,537.5","16,565.0","16,500.0",,0.13%
05/08/2025,"16,494.0","16,550.0","16,577.5","16,432.5",,-0.25%
05/07/2025,"16,535.0","16,470.0","16,545.0","16,465.0",,0.52%
05/06/2025,"16,450.0","16,465.0","16,492.5","16,435.0",,0.09%
05/05/2025,"16,435.0","16,410.0","16,460.0","16,375.0",,0.00%
05/02/2025,"16,435.0","16,615.0","16,615.0","16,424.5",,-0.99%
05/01/2025,"16,600.0","16,600.0","16,600.0","16,600.0",,0.00%
04/30/2025,"16,600.0","16,715.0","16,742.5","16,597.5",,-0.95%
04/29/2025,"16,760.0","16,810.0","16,815.0","16,759.5",,-0.56%
04/28/2025,"16,855.0","16,835.0","16,867.0","16,830.0",,0.15%
04/25/2025,"16,830.0","16,825.0","16,842.5","16,807.5",,-0.24%
04/24/2025,"16,870.0","16,867.5","16,887.5","16,862.5",,0.03%
04/23/2025,"16,865.0","16,870.0","16,887.5","16,855.0",,0.06%
04/22/2025,"16,855.0","16,835.0","16,867.5","16,835.0",,0.33%
04/21/2025,"16,800.0","16,825.0","16,837.5","16,795.0",,-0.12%
04/18/2025,"16,820.0","16,820.0","16,820.0","16,820.0",,0.00%
04/17/2025,"16,820.0","16,830.0","16,845.0","16,802.5",,0.00%
04/16/2025,"16,820.0","16,815.0","16,855.0","16,815.0",,0.06%
04/15/2025,"16,810.0","16,782.5","16,825.0","16,770.0",,0.24%
04/14/2025,"16,770.0","16,787.5","16,793.5","16,750.0",,-0.12%
04/11/2025,"16,790.0","16,797.5","16,820.0","16,765.0",,-0.03%
04/10/2025,"16,795.0","16,815.0","16,815.0","16,727.5",,-0.39%
04/09/2025,"16,860.0","16,925.0","16,972.5","16,862.5",,0.00%
04/08/2025,"16,860.0","16,852.5","16,874.0","16,825.0",,1.84%
04/07/2025,"16,555.0","16,555.0","16,555.0","16,555.0",,0.00%
04/04/2025,"16,555.0","16,555.0","16,555.0","16,555.0",,0.00%
04/03/2025,"16,555.0","16,555.0","16,555.0","16,555.0",,0.00%
04/02/2025,"16,555.0","16,555.0","16,555.0","16,555.0",,0.00%
04/01/2025,"16,555.0","16,555.0","16,555.0","16,555.0",,0.00%
03/31/2025,"16,555.0","16,555.0","16,555.0","16,555.0",,0.00%
03/28/2025,"16,555.0","16,555.0","16,555.0","16,555.0",,0.00%
03/27/2025,"16,555.0","16,610.0","16,615.0","16,541.5",,-0.12%
03/26/2025,"16,575.0","16,605.0","16,615.0","16,560.0",,-0.09%
03/25/2025,"16,590.0","16,597.5","16,645.0","16,587.5",,0.24%
03/24/2025,"16,550.0","16,495.0","16,570.0","16,495.0",,0.33%
03/21/2025,"16,495.0","16,497.5","16,516.5","16,475.0",,0.15%
03/20/2025,"16,470.0","16,530.0","16,537.5","16,460.0",,-0.30%
03/19/2025,"16,520.0","16,500.0","16,537.5","16,485.0",,0.61%
03/18/2025,"16,420.0","16,400.0","16,477.5","16,386.5",,0.15%
03/17/2025,"16,395.0","16,325.0","16,402.5","16,315.0",,0.31%
03/14/2025,"16,345.0","16,405.0","16,417.5","16,347.5",,-0.46%
03/13/2025,"16,420.0","16,465.0","16,467.5","16,400.0",,-0.12%
03/12/2025,"16,440.0","16,440.0","16,465.0","16,430.0",,0.24%
03/11/2025,"16,400.0","16,385.0","16,451.0","16,377.5",,0.40%
03/10/2025,"16,335.0","16,295.0","16,355.0","16,285.0",,0.28%
03/07/2025,"16,290.0","16,335.0","16,360.0","16,292.0",,-0.21%
03/06/2025,"16,325.0","16,275.0","16,345.0","16,260.0",,0.09%
03/05/2025,"16,310.0","16,410.0","16,437.5","16,307.5",,-0.79%
03/04/2025,"16,440.0","16,450.0","16,467.5","16,425.0",,-0.21%
03/03/2025,"16,475.0","16,540.0","16,545.0","16,475.0",,-0.60%
02/28/2025,"16,575.0","16,535.0","16,592.5","16,515.0",,0.79%
02/27/2025,"16,445.0","16,390.0","16,455.0","16,390.0",,0.49%
02/26/2025,"16,365.0","16,352.5","16,410.0","16,287.5",,0.15%
02/25/2025,"16,340.0","16,290.0","16,357.5","16,280.0",,0.43%
02/24/2025,"16,270.0","16,310.0","16,327.5","16,270.0",,-0.18%
02/21/2025,"16,300.0","16,290.0","16,317.5","16,272.5",,-0.15%
02/20/2025,"16,325.0","16,355.0","16,372.5","16,322.0",,-0.03%
02/19/2025,"16,330.0","16,320.0","16,372.5","16,307.5",,0.37%
02/18/2025,"16,270.0","16,237.5","16,293.5","16,232.5",,0.37%
02/17/2025,"16,210.0","16,185.0","16,227.0","16,174.0",,-0.28%
02/14/2025,"16,255.0","16,290.0","16,315.0","16,247.5",,-0.58%
02/13/2025,"16,350.0","16,385.0","16,400.0","16,348.5",,-0.06%
02/12/2025,"16,360.0","16,357.5","16,380.5","16,346.5",,-0.06%
02/11/2025,"16,370.0","16,367.5","16,390.0","16,355.0",,0.18%
02/10/2025,"16,340.0","16,320.0","16,357.5","16,317.5",,0.43%
02/07/2025,"16,270.0","16,332.5","16,350.0","16,275.0",,-0.34%
02/06/2025,"16,325.0","16,292.5","16,345.0","16,287.0",,0.28%
02/05/2025,"16,280.0","16,315.0","16,335.0","16,285.0",,-0.37%
02/04/2025,"16,340.0","16,370.0","16,382.5","16,345.0",,-0.55%
02/03/2025,"16,430.0","16,400.0","16,472.5","16,392.5",,0.83%
01/31/2025,"16,295.0","16,280.0","16,322.5","16,280.0",,0.25%
01/30/2025,"16,255.0","16,235.0","16,275.0","16,221.5",,0.53%
01/29/2025,"16,170.0","16,170.0","16,170.0","16,170.0",,0.00%
01/28/2025,"16,170.0","16,170.0","16,170.0","16,170.0",,0.00%
01/27/2025,"16,170.0","16,170.0","16,170.0","16,170.0",,0.00%
01/24/2025,"16,170.0","16,260.0","16,260.0","16,150.0",,-0.65%
01/23/2025,"16,275.0","16,265.0","16,317.5","16,237.5",,-0.03%
01/22/2025,"16,280.0","16,305.0","16,341.0","16,280.0",,-0.31%
01/21/2025,"16,330.0","16,310.0","16,347.5","16,290.0",,-0.15%
01/20/2025,"16,355.0","16,365.0","16,387.5","16,347.5",,-0.03%
01/17/2025,"16,360.0","16,365.0","16,375.0","16,345.0",,0.03%
01/16/2025,"16,355.0","16,355.0","16,390.0","16,347.5",,0.25%
01/15/2025,"16,315.0","16,290.0","16,340.0","16,281.5",,0.34%
01/14/2025,"16,260.0","16,270.0","16,282.5","16,250.0",,-0.06%
01/13/2025,"16,270.0","16,247.5","16,292.5","16,232.5",,0.56%
01/10/2025,"16,180.0","16,212.5","16,215.0","16,170.0",,-0.09%
01/09/2025,"16,195.0","16,240.0","16,267.5","16,200.0",,0.03%
01/08/2025,"16,190.0","16,167.5","16,215.0","16,157.5",,0.40%
01/07/2025,"16,125.0","16,175.0","16,195.0","16,127.5",,-0.40%
01/06/2025,"16,190.0","16,200.0","16,212.5","16,165.0",,0.03%
01/03/2025,"16,185.0","16,225.0","16,245.0","16,190.0",,-0.03%
01/02/2025,"16,190.0","16,200.0","16,262.5","16,174.5",,0.62%
01/01/2025,"16,090.0","16,090.0","16,090.0","16,090.0",,0.00%
12/31/2024,"16,090.0","16,090.0","16,172.5","16,070.0",,-0.25%
12/30/2024,"16,130.0","16,175.0","16,195.0","16,127.5",,-0.62%
12/27/2024,"16,230.0","16,207.5","16,260.0","16,205.0",,0.28%
12/26/2024,"16,185.0","16,185.0","16,185.0","16,185.0",,0.00%
12/25/2024,"16,185.0","16,185.0","16,185.0","16,185.0",,0.00%
12/24/2024,"16,185.0","16,155.0","16,220.0","16,155.0",,0.09%
12/23/2024,"16,170.0","16,182.5","16,197.5","16,125.0",,-0.12%
12/20/2024,"16,190.0","16,315.0","16,322.5","16,192.0",,-0.58%
12/19/2024,"16,285.0","16,205.0","16,305.0","16,185.0",,1.24%
12/18/2024,"16,085.0","16,102.5","16,122.5","16,078.5",,0.16%
12/17/2024,"16,060.0","16,020.0","16,071.5","16,012.5",,0.41%
12/16/2024,"15,995.0","16,005.0","16,029.0","15,992.5",,0.03%
12/13/2024,"15,990.0","15,965.0","16,002.5","15,955.0",,0.44%
12/12/2024,"15,920.0","15,940.0","15,955.0","15,925.0",,0.06%
12/11/2024,"15,910.0","15,880.0","15,922.5","15,877.0",,0.32%
12/10/2024,"15,860.0","15,855.0","15,883.5","15,847.5",,0.00%
12/09/2024,"15,860.0","15,855.0","15,877.5","15,832.5",,0.09%
12/06/2024,"15,845.0","15,860.0","15,862.5","15,832.5",,-0.06%
12/05/2024,"15,855.0","15,912.5","15,927.5","15,859.5",,-0.44%
12/04/2024,"15,925.0","15,955.0","15,977.5","15,925.0",,-0.06%
12/03/2024,"15,935.0","15,925.0","15,964.0","15,920.0",,0.25%
12/02/2024,"15,895.0","15,870.0","15,917.5","15,865.0",,0.35%
11/29/2024,"15,840.0","15,865.0","15,877.5","15,835.0",,-0.16%
11/28/2024,"15,865.0","15,875.0","15,891.5","15,840.0",,-0.38%
11/27/2024,"15,925.0","15,925.0","15,925.0","15,925.0",,0.00%
11/26/2024,"15,925.0","15,912.5","15,939.5","15,895.0",,0.38%
11/25/2024,"15,865.0","15,880.0","15,887.5","15,846.5",,-0.03%
11/22/2024,"15,870.0","15,930.0","15,937.5","15,875.0",,-0.31%
11/21/2024,"15,920.0","15,905.0","15,956.5","15,900.0",,0.38%
11/20/2024,"15,860.0","15,845.0","15,875.0","15,830.0",,0.22%
11/19/2024,"15,825.0","15,810.0","15,837.5","15,790.0",,-0.13%
11/18/2024,"15,845.0","15,865.0","15,877.5","15,830.0",,-0.03%
11/15/2024,"15,850.0","15,915.0","15,967.5","15,855.0",,0.00%
11/14/2024,"15,850.0","15,820.0","15,892.5","15,817.5",,0.51%
11/13/2024,"15,770.0","15,765.0","15,797.5","15,752.5",,-0.03%
11/12/2024,"15,775.0","15,745.0","15,798.5","15,732.5",,0.64%
11/11/2024,"15,675.0","15,640.0","15,691.0","15,632.5",,0.06%
11/08/2024,"15,665.0","15,625.0","15,697.5","15,617.5",,-0.41%
11/07/2024,"15,730.0","15,815.0","15,830.0","15,735.0",,-0.60%
11/06/2024,"15,825.0","15,787.5","15,862.5","15,787.5",,0.60%
11/05/2024,"15,730.0","15,780.0","15,795.0","15,725.0",,-0.13%
11/04/2024,"15,750.0","15,735.0","15,776.0","15,717.5",,0.22%
11/01/2024,"15,715.0","15,705.0","15,732.5","15,698.5",,0.16%
10/31/2024,"15,690.0","15,700.0","15,715.0","15,680.0",,0.00%
10/30/2024,"15,690.0","15,752.5","15,755.0","15,695.0",,-0.41%
10/29/2024,"15,755.0","15,737.5","15,778.5","15,730.0",,0.22%
10/28/2024,"15,720.0","15,695.0","15,740.0","15,687.5",,0.54%
10/25/2024,"15,635.0","15,602.5","15,643.5","15,592.5",,0.39%
10/24/2024,"15,575.0","15,640.0","15,650.0","15,580.0",,-0.26%
10/23/2024,"15,615.0","15,595.0","15,636.0","15,586.0",,0.39%
10/22/2024,"15,555.0","15,530.0","15,575.0","15,527.5",,0.42%
10/21/2024,"15,490.0","15,460.0","15,502.5","15,425.0",,0.19%
10/18/2024,"15,460.0","15,515.0","15,522.5","15,443.5",,-0.19%
10/17/2024,"15,490.0","15,545.0","15,555.0","15,485.0",,-0.10%
10/16/2024,"15,505.0","15,545.0","15,561.0","15,507.5",,-0.45%
10/15/2024,"15,575.0","15,555.0","15,584.0","15,532.5",,0.13%
10/14/2024,"15,555.0","15,590.0","15,615.0","15,557.5",,-0.13%
10/11/2024,"15,575.0","15,665.0","15,672.5","15,577.5",,-0.54%
10/10/2024,"15,660.0","15,655.0","15,677.5","15,632.5",,0.29%
10/09/2024,"15,615.0","15,625.0","15,640.0","15,580.0",,-0.16%
10/08/2024,"15,640.0","15,685.0","15,701.5","15,625.0",,-0.22%
10/07/2024,"15,675.0","15,625.0","15,700.0","15,625.0",,1.26%
10/04/2024,"15,480.0","15,495.0","15,532.5","15,467.5",,0.42%
10/03/2024,"15,415.0","15,327.5","15,437.5","15,305.0",,1.02%
10/02/2024,"15,260.0","15,200.0","15,285.0","15,200.0",,0.43%
10/01/2024,"15,195.0","15,175.0","15,212.5","15,167.5",,0.40%
09/30/2024,"15,135.0","15,125.0","15,192.5","15,109.0",,0.10%
09/27/2024,"15,120.0","15,100.0","15,160.0","15,082.5",,-0.26%
09/26/2024,"15,160.0","15,130.0","15,187.5","15,122.5",,0.43%
09/25/2024,"15,095.0","15,115.0","15,127.5","15,065.0",,-0.56%
09/24/2024,"15,180.0","15,195.0","15,212.5","15,172.5",,-0.10%
09/23/2024,"15,195.0","15,145.0","15,212.5","15,137.5",,0.33%
09/20/2024,"15,145.0","15,130.0","15,152.5","15,070.0",,-0.56%
09/19/2024,"15,230.0","15,345.0","15,357.5","15,232.5",,-0.65%
09/18/2024,"15,330.0","15,325.0","15,360.0","15,312.5",,0.00%
09/17/2024,"15,330.0","15,370.0","15,375.0","15,315.0",,-0.41%
09/16/2024,"15,393.1","15,400.0","15,408.5","15,354.0",,-0.01%
09/13/2024,"15,395.0","15,417.5","15,455.0","15,390.0",,-0.19%
09/12/2024,"15,425.0","15,415.0","15,446.5","15,400.0",,0.19%
09/11/2024,"15,395.0","15,440.0","15,440.0","15,395.0",,-0.32%
09/10/2024,"15,445.0","15,475.0","15,485.0","15,431.5",,-0.03%
09/09/2024,"15,450.0","15,475.0","15,485.0","15,416.0",,0.59%
09/06/2024,"15,360.0","15,390.0","15,398.5","15,352.0",,-0.23%
09/05/2024,"15,395.0","15,422.5","15,432.5","15,394.0",,-0.48%
09/04/2024,"15,470.0","15,530.0","15,542.5","15,470.0",,-0.32%
09/03/2024,"15,520.0","15,547.5","15,583.5","15,522.5",,0.00%
09/02/2024,"15,520.0","15,497.5","15,555.0","15,492.5",,0.45%
08/30/2024,"15,450.0","15,450.0","15,490.0","15,437.5",,0.26%
08/29/2024,"15,410.0","15,420.0","15,447.5","15,367.5",,-0.06%
08/28/2024,"15,420.0","15,517.5","15,532.5","15,420.0",,-0.45%
08/27/2024,"15,490.0","15,480.0","15,545.0","15,460.0",,0.42%
08/26/2024,"15,425.0","15,341.0","15,435.0","15,295.0",,-0.39%
08/23/2024,"15,485.0","15,635.0","15,662.5","15,425.0",,-0.71%
08/22/2024,"15,595.0","15,505.0","15,642.5","15,505.0",,0.74%
08/21/2024,"15,480.0","15,450.0","15,500.0","15,422.0",,0.32%
08/20/2024,"15,430.0","15,515.0","15,522.5","15,420.0",,-0.74%
08/19/2024,"15,545.0","15,635.0","15,656.5","15,550.0",,-0.89%
08/16/2024,"15,685.0","15,755.0","15,759.0","15,675.0",,-0.03%
08/15/2024,"15,690.0","15,615.0","15,720.0","15,615.0",,0.10%
08/14/2024,"15,675.0","15,725.0","15,737.5","15,665.0",,-0.98%
08/13/2024,"15,830.0","15,935.0","15,962.5","15,824.5",,-0.75%
08/12/2024,"15,950.0","15,940.0","15,985.0","15,925.0",,0.19%
08/09/2024,"15,920.0","15,937.5","15,945.0","15,884.0",,0.19%
08/08/2024,"15,890.0","16,005.0","16,012.5","15,894.0",,-0.87%
08/07/2024,"16,030.0","16,160.0","16,177.5","16,021.5",,-0.80%
08/06/2024,"16,160.0","16,210.0","16,215.0","16,165.0",,-0.12%
08/05/2024,"16,180.0","16,180.0","16,197.5","16,122.5",,-0.09%
08/02/2024,"16,195.0","16,260.0","16,281.5","16,194.5",,-0.22%
08/01/2024,"16,230.0","16,255.0","16,270.0","16,210.0",,-0.15%
07/31/2024,"16,255.0","16,305.0","16,323.0","16,259.0",,-0.25%
07/30/2024,"16,295.0","16,305.0","16,332.5","16,290.0",,0.12%
07/29/2024,"16,275.0","16,290.0","16,295.0","16,266.5",,-0.06%
07/26/2024,"16,285.0","16,287.5","16,302.5","16,267.5",,0.25%
07/25/2024,"16,245.0","16,237.5","16,276.0","16,230.0",,0.22%
07/24/2024,"16,210.0","16,220.0","16,232.5","16,210.0",,0.03%
07/23/2024,"16,205.0","16,215.0","16,222.5","16,185.0",,-0.06%
07/22/2024,"16,215.0","16,210.0","16,237.5","16,205.0",,0.19%
07/19/2024,"16,185.0","16,195.0","16,225.0","16,175.0",,0.22%
07/18/2024,"16,150.0","16,135.0","16,170.0","16,125.0",,0.34%
07/17/2024,"16,095.0","16,155.0","16,165.0","16,096.0",,-0.49%
07/16/2024,"16,175.0","16,200.0","16,252.5","16,179.5",,0.06%
07/15/2024,"16,165.0","16,145.0","16,189.0","16,137.5",,0.19%
07/12/2024,"16,135.0","16,135.0","16,164.5","16,130.0",,-0.34%
07/11/2024,"16,190.0","16,217.5","16,220.0","16,185.0",,-0.28%
07/10/2024,"16,235.0","16,287.5","16,300.0","16,238.5",,-0.06%
07/09/2024,"16,245.0","16,300.0","16,315.0","16,249.5",,-0.03%
07/08/2024,"16,250.0","16,275.0","16,285.0","16,246.5",,-0.15%
07/05/2024,"16,275.0","16,332.5","16,345.0","16,270.0",,-0.31%
07/04/2024,"16,325.0","16,330.0","16,356.5","16,320.0",,-0.24%
07/03/2024,"16,365.0","16,382.5","16,401.5","16,365.0",,-0.15%
07/02/2024,"16,390.0","16,355.0","16,402.5","16,347.5",,0.43%
07/01/2024,"16,320.0","16,352.5","16,412.5","16,315.0",,-0.31%
06/28/2024,"16,370.0","16,410.0","16,422.5","16,375.0",,-0.15%
06/27/2024,"16,395.0","16,410.0","16,432.5","16,392.5",,-0.03%
06/26/2024,"16,400.0","16,420.0","16,450.0","16,400.0",,0.18%
06/25/2024,"16,370.0","16,382.5","16,465.0","16,360.0",,-0.12%
06/24/2024,"16,390.0","16,470.0","16,475.0","16,394.0",,-0.33%
06/21/2024,"16,445.0","16,465.0","16,482.5","16,440.0",,0.12%
06/20/2024,"16,425.0","16,375.0","16,430.0","16,371.5",,0.40%
06/19/2024,"16,360.0","16,405.0","16,405.0","16,345.0",,-0.10%
06/18/2024,"16,376.1","16,486.0","16,486.0","16,360.0",,-0.67%
06/17/2024,"16,486.0","16,486.5","16,489.7","16,404.9",,0.56%
06/14/2024,"16,395.0","16,287.5","16,417.5","16,282.5",,0.80%
06/13/2024,"16,265.0","16,270.0","16,292.5","16,262.5",,-0.15%
06/12/2024,"16,290.0","16,297.5","16,305.5","16,287.5",,0.03%
06/11/2024,"16,285.0","16,285.0","16,302.5","16,278.0",,0.06%
06/10/2024,"16,275.0","16,265.0","16,295.5","16,247.5",,0.53%
06/07/2024,"16,190.0","16,240.0","16,245.0","16,190.0",,-0.40%
06/06/2024,"16,255.0","16,285.0","16,287.5","16,257.5",,-0.15%
06/05/2024,"16,280.0","16,255.0","16,293.5","16,247.5",,0.40%
06/04/2024,"16,215.0","16,195.0","16,240.0","16,190.0",,-0.06%
06/03/2024,"16,225.0","16,255.0","16,265.0","16,205.0",,-0.12%
05/31/2024,"16,245.0","16,265.0","16,267.5","16,237.5",,-0.06%
05/30/2024,"16,255.0","16,222.5","16,275.0","16,222.5",,0.62%
05/29/2024,"16,155.0","16,130.0","16,167.5","16,117.5",,0.44%
05/28/2024,"16,085.0","16,070.0","16,101.5","16,070.0",,0.16%
05/27/2024,"16,060.0","16,030.0","16,072.5","16,015.0",,0.09%
05/24/2024,"16,045.0","16,102.3","16,121.0","16,026.0",,-0.36%
05/23/2024,"16,102.3","16,048.0","16,102.3","16,018.3",,0.70%
05/22/2024,"15,990.0","15,990.0","16,010.0","15,967.5",,0.00%
05/21/2024,"15,990.0","16,040.0","16,042.5","15,994.5",,0.13%
05/20/2024,"15,970.0","15,960.0","15,987.5","15,960.0",,0.13%
05/17/2024,"15,950.0","15,960.0","15,988.5","15,945.0",,0.19%
05/16/2024,"15,920.0","15,922.5","15,960.0","15,912.5",,-0.66%
05/15/2024,"16,025.0","16,080.0","16,095.0","16,026.5",,-0.40%
05/14/2024,"16,090.0","16,130.0","16,141.5","16,100.0",,0.09%
05/13/2024,"16,075.0","16,070.0","16,096.5","16,067.5",,0.10%
05/10/2024,"16,058.9","16,036.5","16,080.0","16,009.7",,0.21%
05/09/2024,"16,026.0","16,080.5","16,083.3","16,014.8",,-0.09%
05/08/2024,"16,040.0","16,090.0","16,095.0","16,045.0",,0.00%
05/07/2024,"16,040.0","16,065.0","16,070.5","16,044.5",,0.12%
05/06/2024,"16,020.0","15,985.0","16,032.5","15,980.0",,-0.37%
05/03/2024,"16,080.0","16,075.0","16,107.5","16,072.5",,-0.62%
05/02/2024,"16,180.0","16,250.0","16,250.0","16,185.0",,-0.08%
05/01/2024,"16,193.6","16,279.0","16,280.5","16,167.3",,-0.38%
04/30/2024,"16,255.0","16,265.0","16,282.5","16,259.5",,0.03%
04/29/2024,"16,250.0","16,237.5","16,265.0","16,229.5",,0.28%
04/26/2024,"16,205.0","16,200.0","16,229.5","16,197.5",,0.12%
04/25/2024,"16,185.0","16,205.0","16,223.5","16,179.0",,0.22%
04/24/2024,"16,150.0","16,150.0","16,180.0","16,145.0",,-0.40%
04/23/2024,"16,215.0","16,245.0","16,252.5","16,220.0",,-0.09%
04/22/2024,"16,230.0","16,217.5","16,245.0","16,207.5",,-0.12%
04/19/2024,"16,250.0","16,265.0","16,290.0","16,255.0",,0.49%
04/18/2024,"16,170.0","16,185.0","16,195.0","16,155.0",,-0.28%
04/17/2024,"16,215.0","16,235.0","16,272.5","16,210.0",,0.28%
04/16/2024,"16,170.0","16,075.0","16,210.0","16,072.5",,0.33%
04/15/2024,"16,116.7","16,118.0","16,138.0","16,050.8",,0.00%
04/12/2024,"16,117.0","16,030.5","16,161.3","15,996.0",,0.54%
04/11/2024,"16,031.0","16,002.0","16,036.5","15,950.5",,0.21%
04/10/2024,"15,998.0","15,900.0","16,002.0","15,826.0",,0.62%
04/09/2024,"15,899.0","15,925.0","15,925.0","15,833.0",,-0.16%
04/08/2024,"15,925.0","15,888.0","15,928.0","15,867.0",,0.54%
04/05/2024,"15,840.0","15,907.5","15,916.0","15,842.5",,-0.31%
04/04/2024,"15,890.0","15,937.5","15,937.5","15,890.0",,-0.16%
04/03/2024,"15,915.0","15,930.0","15,940.0","15,905.0",,0.13%
04/02/2024,"15,895.0","15,947.5","15,965.0","15,897.0",,0.06%
04/01/2024,"15,885.0","15,875.0","15,920.0","15,872.5",,0.03%
03/29/2024,"15,880.0","15,891.0","15,909.3","15,858.5",,0.19%
03/28/2024,"15,850.0","15,880.0","15,894.0","15,855.0",,0.00%
03/27/2024,"15,850.0","15,830.0","15,865.0","15,818.5",,0.41%
03/26/2024,"15,785.0","15,800.0","15,810.0","15,780.0",,-0.06%
03/25/2024,"15,795.0","15,785.0","15,808.5","15,775.0",,0.13%
03/22/2024,"15,775.0","15,730.0","15,790.0","15,722.5",,0.77%
03/21/2024,"15,655.0","15,665.0","15,680.0","15,647.0",,-0.35%
03/20/2024,"15,710.0","15,722.5","15,742.5","15,708.5",,0.00%
03/19/2024,"15,710.0","15,720.0","15,735.0","15,697.5",,0.16%
03/18/2024,"15,685.0","15,625.0","15,698.0","15,622.5",,0.61%
03/15/2024,"15,590.0","15,630.0","15,641.5","15,594.5",,0.10%
03/14/2024,"15,575.0","15,580.0","15,589.5","15,569.5",,0.03%
03/13/2024,"15,570.0","15,570.0","15,595.0","15,557.5",,0.06%
03/12/2024,"15,561.0","15,526.5","15,563.0","15,470.9",,0.23%
03/11/2024,"15,525.0","15,541.3","15,590.0","15,438.5",,-0.38%
03/08/2024,"15,585.0","15,625.0","15,640.0","15,573.0",,-0.42%
03/07/2024,"15,650.0","15,667.5","15,685.0","15,635.0",,-0.29%
03/06/2024,"15,695.0","15,760.0","15,760.0","15,690.0",,-0.44%
03/05/2024,"15,765.0","15,752.5","15,777.5","15,735.0",,0.19%
03/04/2024,"15,735.0","15,705.0","15,740.0","15,704.5",,0.25%
03/01/2024,"15,695.0","15,722.5","15,722.5","15,680.0",,-0.10%
02/29/2024,"15,710.0","15,705.0","15,735.5","15,690.0",,0.19%
02/28/2024,"15,680.0","15,645.0","15,692.0","15,645.0",,0.29%
02/27/2024,"15,635.0","15,650.0","15,662.5","15,640.0",,0.06%
02/26/2024,"15,625.0","15,622.5","15,642.5","15,619.0",,0.22%
02/23/2024,"15,590.0","15,602.5","15,607.5","15,572.5",,0.03%
02/22/2024,"15,585.0","15,640.0","15,659.5","15,589.5",,-0.29%
02/21/2024,"15,630.0","15,670.0","15,685.0","15,635.0",,-0.16%
02/20/2024,"15,655.0","15,640.0","15,669.0","15,637.5",,0.19%
02/19/2024,"15,625.0","15,640.0","15,642.5","15,616.0",,0.06%
02/16/2024,"15,615.0","15,655.0","15,677.5","15,620.0",,0.00%
02/15/2024,"15,615.0","15,582.5","15,640.0","15,547.5",,-0.11%
02/14/2024,"15,632.0","15,677.0","15,726.7","15,560.6",,0.27%
02/13/2024,"15,590.0","15,590.0","15,614.0","15,565.0",,0.00%
02/12/2024,"15,590.0","15,640.0","15,640.0","15,594.5",,-0.14%
02/09/2024,"15,611.5","15,665.0","15,666.0","15,609.0",,-0.34%
02/08/2024,"15,665.0","15,654.0","15,678.0","15,618.0",,0.22%
02/07/2024,"15,630.0","15,722.5","15,727.5","15,615.0",,-0.60%
02/06/2024,"15,725.0","15,752.5","15,757.5","15,722.5",,0.16%
02/05/2024,"15,700.0","15,725.0","15,727.5","15,690.5",,0.29%
02/02/2024,"15,655.0","15,755.0","15,755.0","15,644.0",,-0.67%
02/01/2024,"15,760.0","15,787.5","15,802.5","15,757.5",,-0.10%
01/31/2024,"15,775.0","15,802.5","15,818.0","15,778.0",,-0.01%
01/30/2024,"15,777.0","15,800.0","15,816.0","15,775.0",,-0.18%
01/29/2024,"15,805.0","15,812.5","15,833.0","15,807.5",,-0.06%
01/26/2024,"15,815.0","15,837.5","15,847.5","15,810.0",,-0.03%
01/25/2024,"15,820.0","15,710.0","15,835.0","15,705.0",,0.73%
01/24/2024,"15,705.0","15,694.0","15,730.0","15,693.0",,0.51%
01/23/2024,"15,625.0","15,660.0","15,677.5","15,630.0",,-0.03%
01/22/2024,"15,630.0","15,607.5","15,640.0","15,607.5",,0.13%
01/19/2024,"15,610.0","15,617.5","15,637.5","15,612.5",,-0.03%
01/18/2024,"15,615.0","15,617.5","15,637.5","15,612.5",,-0.13%
01/17/2024,"15,635.0","15,625.0","15,647.5","15,617.5",,0.32%
01/16/2024,"15,585.0","15,572.5","15,598.5","15,570.0",,0.23%
01/15/2024,"15,550.0","15,555.0","15,562.5","15,545.0",,0.03%
01/12/2024,"15,545.0","15,562.5","15,575.0","15,542.5",,0.00%
01/11/2024,"15,545.0","15,552.5","15,570.0","15,544.5",,-0.13%
01/10/2024,"15,565.0","15,540.0","15,587.5","15,537.5",,0.32%
01/09/2024,"15,515.0","15,529.0","15,531.0","15,504.5",,-0.03%
01/08/2024,"15,520.0","15,500.0","15,533.5","15,500.0",,0.06%
01/05/2024,"15,510.0","15,507.5","15,532.0","15,499.5",,0.16%
01/04/2024,"15,485.0","15,535.0","15,552.5","15,490.0",,0.06%
01/03/2024,"15,475.0","15,505.0","15,527.5","15,470.0",,0.06%
01/02/2024,"15,465.0","15,430.0","15,482.5","15,430.0",,0.49%
01/01/2024,"15,390.0","15,390.1","15,390.1","15,390.0",,-0.03%
12/29/2023,"15,395.0","15,430.0","15,457.5","15,397.0",,-0.13%
12/28/2023,"15,415.0","15,385.0","15,434.5","15,380.0",,-0.06%
12/27/2023,"15,425.0","15,430.0","15,442.5","15,392.5",,0.12%
12/26/2023,"15,407.0","15,467.0","15,467.0","15,405.0",,-0.39%
12/25/2023,"15,467.0","15,466.8","15,467.0","15,466.8",,-0.08%
12/22/2023,"15,480.0","15,490.0","15,505.0","15,475.0",,-0.26%
12/21/2023,"15,520.0","15,520.0","15,551.0","15,512.5",,0.10%
12/20/2023,"15,505.0","15,500.0","15,527.5","15,494.0",,0.03%
12/19/2023,"15,500.0","15,522.5","15,526.5","15,487.5",,-0.03%
12/18/2023,"15,505.0","15,542.5","15,561.5","15,490.0",,0.10%
12/15/2023,"15,490.0","15,512.5","15,528.5","15,472.5",,-0.03%
12/14/2023,"15,495.0","15,460.0","15,520.0","15,460.0",,-1.02%
12/13/2023,"15,655.0","15,611.0","15,677.5","15,597.0",,0.26%
12/12/2023,"15,615.0","15,640.0","15,654.5","15,614.5",,0.03%
12/11/2023,"15,610.0","15,580.0","15,622.5","15,580.0",,0.68%
12/08/2023,"15,505.0","15,502.5","15,526.5","15,483.5",,-0.03%
12/07/2023,"15,510.0","15,515.0","15,543.5","15,509.0",,0.13%
12/06/2023,"15,490.0","15,490.0","15,514.5","15,485.0",,-0.06%
12/05/2023,"15,500.0","15,490.0","15,519.0","15,487.5",,0.32%
12/04/2023,"15,450.0","15,425.0","15,468.5","15,415.0",,-0.19%
12/01/2023,"15,480.0","15,520.0","15,548.5","15,485.0",,-0.16%
11/30/2023,"15,505.0","15,450.0","15,510.0","15,441.0",,0.75%
11/29/2023,"15,390.0","15,387.5","15,422.5","15,357.5",,-0.26%
11/28/2023,"15,430.0","15,470.0","15,482.5","15,430.0",,-0.39%
11/27/2023,"15,490.0","15,540.0","15,560.0","15,475.0",,-0.45%
11/24/2023,"15,560.0","15,565.0","15,612.5","15,555.0",,0.06%
11/23/2023,"15,550.0","15,600.0","15,623.5","15,545.0",,-0.13%
11/22/2023,"15,570.0","15,535.0","15,604.0","15,530.0",,0.87%
11/21/2023,"15,435.0","15,392.0","15,507.0","15,385.0",,-0.03%
11/20/2023,"15,440.0","15,412.5","15,552.0","15,382.5",,-0.32%
11/17/2023,"15,490.0","15,512.5","15,535.0","15,489.0",,-0.32%
11/16/2023,"15,540.0","15,555.0","15,622.5","15,545.0",,0.06%
11/15/2023,"15,530.0","15,505.0","15,553.0","15,467.5",,-1.02%
11/14/2023,"15,690.0","15,695.0","15,707.5","15,690.0",,-0.03%
11/13/2023,"15,695.0","15,702.5","15,727.0","15,697.5",,0.03%
11/10/2023,"15,690.0","15,685.0","15,712.5","15,675.0",,0.26%
11/09/2023,"15,650.0","15,642.5","15,672.5","15,631.0",,0.03%
11/08/2023,"15,645.0","15,625.0","15,665.0","15,590.0",,0.13%
11/07/2023,"15,625.0","15,565.0","15,635.0","15,560.0",,0.58%
11/06/2023,"15,535.0","15,595.0","15,595.0","15,510.0",,-1.21%
11/03/2023,"15,725.0","15,832.5","15,832.5","15,724.0",,-0.79%
11/02/2023,"15,850.0","15,875.0","15,880.0","15,835.0",,-0.50%
11/01/2023,"15,930.0","15,925.0","15,953.5","15,920.0",,0.31%
10/31/2023,"15,880.0","15,877.5","15,912.5","15,867.5",,-0.03%
10/30/2023,"15,885.0","15,922.5","15,930.5","15,882.5",,-0.31%
10/27/2023,"15,935.0","15,917.5","15,952.5","15,914.0",,0.13%
10/26/2023,"15,915.0","15,895.0","15,942.5","15,895.0",,0.32%
10/25/2023,"15,865.0","15,867.5","15,880.0","15,862.5",,0.13%
10/24/2023,"15,845.0","15,892.5","15,895.0","15,835.0",,-0.53%
10/23/2023,"15,930.0","15,880.0","15,967.5","15,880.0",,0.38%
10/20/2023,"15,870.0","15,847.5","15,889.0","15,825.0",,0.38%
10/19/2023,"15,810.0","15,790.0","15,856.5","15,790.0",,0.54%
10/18/2023,"15,725.0","15,730.0","15,737.5","15,716.0",,0.10%
10/17/2023,"15,710.0","15,705.0","15,726.5","15,701.5",,-0.03%
10/16/2023,"15,715.0","15,705.0","15,727.5","15,700.0",,0.22%
10/13/2023,"15,680.0","15,735.0","15,740.0","15,682.5",,-0.03%
10/12/2023,"15,685.0","15,695.0","15,708.0","15,690.0",,-0.03%
10/11/2023,"15,690.0","15,727.5","15,737.5","15,689.0",,-0.25%
10/10/2023,"15,730.0","15,677.5","15,742.5","15,667.5",,0.29%
10/09/2023,"15,685.0","15,635.0","15,702.5","15,635.0",,0.51%
10/06/2023,"15,605.0","15,620.0","15,636.5","15,610.0",,-0.03%
10/05/2023,"15,610.0","15,585.0","15,621.5","15,575.0",,-0.10%
10/04/2023,"15,625.0","15,620.0","15,646.5","15,612.5",,0.32%
10/03/2023,"15,575.0","15,580.0","15,612.5","15,580.0",,0.32%
10/02/2023,"15,525.0","15,492.5","15,541.0","15,492.5",,0.49%
09/29/2023,"15,450.0","15,505.0","15,508.5","15,455.0",,-0.20%
09/28/2023,"15,481.0","15,576.0","15,597.8","15,466.3",,-0.22%
09/27/2023,"15,515.0","15,487.0","15,542.5","15,420.0",,0.19%
09/26/2023,"15,485.0","15,430.0","15,505.0","15,427.5",,0.58%
09/25/2023,"15,395.0","15,380.0","15,409.0","15,380.0",,0.16%
09/22/2023,"15,370.0","15,385.0","15,394.0","15,369.0",,0.00%
09/21/2023,"15,370.0","15,392.5","15,411.5","15,375.0",,-0.03%
09/20/2023,"15,375.0","15,390.0","15,403.0","15,380.0",,0.00%
09/19/2023,"15,375.0","15,382.5","15,393.5","15,369.5",,0.07%
09/18/2023,"15,365.0","15,367.5","15,381.5","15,361.5",,0.10%
09/15/2023,"15,350.0","15,390.0","15,392.5","15,351.0",,0.00%
09/14/2023,"15,350.0","15,365.0","15,371.5","15,340.0",,-0.10%
09/13/2023,"15,365.0","15,360.0","15,377.0","15,350.0",,0.20%
09/12/2023,"15,335.0","15,340.0","15,354.5","15,330.0",,0.10%
09/11/2023,"15,320.0","15,350.0","15,361.5","15,325.0",,0.00%
09/08/2023,"15,320.0","15,330.0","15,347.5","15,325.0",,0.00%
09/07/2023,"15,320.0","15,330.0","15,341.5","15,319.0",,0.20%
09/06/2023,"15,290.0","15,310.0","15,321.5","15,215.0",,0.20%
09/05/2023,"15,260.0","15,250.0","15,274.0","15,242.5",,0.16%
09/04/2023,"15,235.0","15,242.5","15,254.0","15,234.0",,0.00%
09/01/2023,"15,235.0","15,227.5","15,264.0","15,226.5",,0.07%
08/31/2023,"15,225.0","15,222.5","15,244.0","15,222.5",,-0.07%
08/30/2023,"15,235.0","15,220.0","15,295.0","15,215.0",,-0.13%
08/29/2023,"15,255.0","15,277.5","15,282.5","15,250.0",,-0.20%
08/28/2023,"15,285.0","15,295.0","15,301.5","15,285.0",,-0.03%
08/25/2023,"15,290.0","15,275.0","15,307.0","15,274.0",,0.33%
08/24/2023,"15,240.0","15,252.5","15,274.5","15,239.5",,-0.33%
08/23/2023,"15,290.0","15,317.5","15,330.0","15,295.0",,-0.13%
08/22/2023,"15,310.0","15,320.0","15,332.0","15,310.0",,-0.07%
08/21/2023,"15,320.0","15,330.0","15,339.0","15,318.5",,0.26%
08/18/2023,"15,280.0","15,310.0","15,319.5","15,285.0",,-0.53%
08/17/2023,"15,361.8","15,368.5","15,391.0","15,329.0",,0.54%
08/16/2023,"15,280.0","15,337.5","15,338.5","15,282.5",,-0.36%
08/15/2023,"15,335.0","15,342.5","15,359.5","15,332.5",,0.16%
08/14/2023,"15,310.0","15,297.5","15,338.5","15,287.5",,0.66%
08/11/2023,"15,210.0","15,215.0","15,237.0","15,205.0",,0.20%
08/10/2023,"15,180.0","15,210.0","15,217.5","15,185.0",,-0.07%
08/09/2023,"15,190.0","15,210.0","15,222.5","15,189.5",,-0.16%
08/08/2023,"15,215.0","15,222.5","15,237.5","15,217.0",,0.23%
08/07/2023,"15,180.0","15,170.0","15,190.5","15,161.0",,0.10%
08/04/2023,"15,165.0","15,147.5","15,182.5","15,145.0",,-0.10%
08/03/2023,"15,180.0","15,185.0","15,210.0","15,182.5",,0.07%
08/02/2023,"15,170.0","15,140.0","15,197.0","15,137.5",,0.40%
08/01/2023,"15,110.0","15,112.5","15,122.5","15,018.5",,0.23%
07/31/2023,"15,075.0","15,090.0","15,105.0","15,080.0",,-0.10%
07/28/2023,"15,090.0","15,060.0","15,105.0","15,056.5",,0.63%
07/27/2023,"14,995.0","15,015.0","15,022.5","14,985.0",,-0.13%
07/26/2023,"15,015.0","15,030.0","15,042.5","15,015.0",,0.17%
07/25/2023,"14,990.0","15,015.0","15,022.5","14,992.5",,-0.20%
07/24/2023,"15,020.0","15,030.0","15,035.0","15,018.0",,0.00%
07/21/2023,"15,020.0","15,012.5","15,033.5","15,010.0",,0.23%
07/20/2023,"14,985.0","14,987.5","15,007.5","14,977.5",,-0.09%
07/19/2023,"14,999.0","14,990.5","15,029.3","14,981.0",,0.06%
07/18/2023,"14,990.0","14,990.0","15,000.0","14,985.0",,-0.07%
07/17/2023,"15,000.0","14,995.0","15,013.5","14,991.5",,0.30%
07/14/2023,"14,955.0","14,950.0","14,965.5","14,913.0",,-0.07%
07/13/2023,"14,965.0","14,955.0","14,997.0","14,945.0",,-0.73%
07/12/2023,"15,075.0","15,130.0","15,132.5","15,055.0",,-0.40%
07/11/2023,"15,135.0","15,195.0","15,195.0","15,132.5",,-0.36%
07/10/2023,"15,190.0","15,150.0","15,222.0","15,140.0",,0.40%
07/07/2023,"15,130.0","15,125.0","15,147.5","15,110.0",,0.60%
07/06/2023,"15,040.0","15,062.5","15,074.5","15,043.5",,0.20%
07/05/2023,"15,010.0","15,010.0","15,027.5","14,999.5",,0.13%
07/04/2023,"14,990.0","15,040.0","15,044.5","14,986.0",,-0.20%
07/03/2023,"15,020.0","15,005.0","15,041.0","15,005.0",,-0.14%
06/30/2023,"15,040.4","15,070.5","15,085.0","15,020.8",,-0.20%
06/29/2023,"15,071.0","14,993.0","15,080.3","14,985.7",,0.55%
06/28/2023,"14,987.9","14,988.0","15,022.6","14,971.0",,-0.01%
06/27/2023,"14,990.0","14,995.0","15,011.5","14,987.5",,-0.13%
06/26/2023,"15,010.0","15,005.0","15,042.5","15,005.0",,0.13%
06/23/2023,"14,990.0","14,965.0","15,007.0","14,965.0",,0.37%
06/22/2023,"14,935.0","14,932.5","14,975.0","14,890.0",,-0.03%
06/21/2023,"14,940.0","15,037.5","15,042.5","14,910.0",,-0.37%
06/20/2023,"14,995.0","15,022.5","15,052.5","15,000.0",,0.03%
06/19/2023,"14,990.0","14,977.5","14,999.0","14,965.0",,0.40%
06/16/2023,"14,930.0","14,927.5","14,952.5","14,920.0",,-0.07%
06/15/2023,"14,940.0","14,915.0","14,962.5","14,915.0",,0.30%
06/14/2023,"14,895.0","14,877.5","14,920.0","14,868.0",,0.27%
06/13/2023,"14,855.0","14,875.0","14,880.0","14,855.0",,-0.03%
06/12/2023,"14,860.0","14,897.5","14,904.5","14,855.0",,0.17%
06/09/2023,"14,835.0","14,845.0","14,914.5","14,835.0",,-0.37%
06/08/2023,"14,890.0","14,902.5","14,915.0","14,884.0",,0.10%
06/07/2023,"14,875.0","14,857.5","14,889.0","14,852.5",,0.13%
06/06/2023,"14,855.0","14,860.0","14,870.0","14,819.5",,-0.20%
06/05/2023,"14,885.0","14,895.0","14,912.0","14,870.0",,-0.11%
06/02/2023,"14,902.0","14,914.0","14,920.0","14,785.0",,-0.08%
06/01/2023,"14,914.0","14,991.3","14,994.0","14,899.5",,-0.47%
05/31/2023,"14,985.0","15,010.0","15,018.5","14,987.5",,0.03%
05/30/2023,"14,980.0","14,945.0","14,994.5","14,940.0",,0.10%
05/29/2023,"14,965.0","14,965.0","14,981.0","14,956.0",,0.10%
05/26/2023,"14,950.0","14,962.5","14,972.0","14,940.0",,0.03%
05/25/2023,"14,945.0","14,960.0","14,964.0","14,933.0",,0.34%
05/24/2023,"14,895.0","14,897.5","14,920.0","14,887.5",,0.13%
05/23/2023,"14,875.0","14,890.0","14,907.5","14,852.5",,-0.07%
05/22/2023,"14,885.0","14,905.0","14,916.5","14,885.0",,-0.23%
05/19/2023,"14,920.0","14,907.5","14,967.0","14,903.5",,-0.02%
05/18/2023,"14,923.0","14,876.0","14,924.0","14,845.0",,0.42%
05/17/2023,"14,860.0","14,867.5","14,890.0","14,855.0",,0.30%
05/16/2023,"14,815.0","14,785.0","14,834.5","14,780.0",,0.14%
05/15/2023,"14,795.0","14,790.0","14,824.5","14,790.0",,0.34%
05/12/2023,"14,745.0","14,765.0","14,772.0","14,735.0",,0.17%
05/11/2023,"14,720.0","14,710.0","14,745.0","14,696.0",,0.00%
05/10/2023,"14,720.0","14,752.5","14,760.0","14,725.0",,-0.03%
05/09/2023,"14,725.0","14,750.0","14,772.5","14,730.0",,0.20%
05/08/2023,"14,695.0","14,670.0","14,721.5","14,665.0",,0.17%
05/05/2023,"14,670.0","14,680.0","14,691.5","14,650.0",,-0.03%
05/04/2023,"14,675.0","14,615.0","14,690.0","14,565.0",,-0.03%
05/03/2023,"14,680.0","14,707.5","14,722.5","14,684.0",,-0.14%
05/02/2023,"14,700.0","14,645.0","14,712.5","14,645.0",,0.24%
04/28/2023,"14,665.0","14,675.0","14,691.0","14,627.5",,-0.24%
04/27/2023,"14,700.0","14,830.0","14,832.5","14,690.0",,-0.88%
04/26/2023,"14,830.0","14,895.0","14,935.0","14,820.0",,-0.07%
04/18/2023,"14,840.0","14,815.0","14,867.5","14,810.0",,0.37%
04/17/2023,"14,785.0","14,755.0","14,794.0","14,741.0",,0.61%
04/14/2023,"14,695.0","14,695.0","14,705.0","14,645.0",,-0.37%
04/13/2023,"14,750.0","14,840.0","14,847.5","14,744.5",,-0.84%
04/12/2023,"14,875.0","14,887.5","14,907.5","14,837.5",,-0.04%
04/11/2023,"14,881.0","14,935.0","14,935.0","14,870.0",,-0.12%
04/10/2023,"14,899.0","14,910.0","14,937.5","14,888.5",,-0.07%
04/06/2023,"14,910.0","14,965.0","14,972.5","14,912.5",,-0.07%
04/05/2023,"14,920.0","14,922.5","14,952.5","14,900.0",,0.17%
04/04/2023,"14,895.0","14,955.0","14,955.0","14,880.0",,-0.47%
04/03/2023,"14,965.0","15,000.0","15,012.5","14,968.0",,-0.17%
03/31/2023,"14,990.0","14,980.0","14,995.0","14,950.0",,-0.37%
03/30/2023,"15,045.0","15,075.0","15,087.5","15,044.0",,-0.10%
03/29/2023,"15,060.0","15,075.0","15,107.5","15,062.5",,-0.17%
03/28/2023,"15,085.0","15,120.0","15,125.0","15,065.0",,-0.46%
03/27/2023,"15,155.0","15,190.0","15,192.5","15,156.0",,0.03%
03/24/2023,"15,150.0","15,165.0","15,207.5","15,145.0",,-1.24%
03/21/2023,"15,340.0","15,345.0","15,360.0","15,334.0",,-0.10%
03/20/2023,"15,355.0","15,365.0","15,380.0","15,355.0",,0.10%
03/17/2023,"15,340.0","15,387.5","15,392.5","15,345.0",,-0.23%
03/16/2023,"15,375.0","15,420.0","15,455.0","15,376.0",,0.10%
03/15/2023,"15,360.0","15,370.0","15,380.0","15,335.0",,-0.13%
03/14/2023,"15,380.0","15,385.0","15,405.0","15,361.5",,0.13%
03/13/2023,"15,360.0","15,445.0","15,452.5","15,357.5",,-0.55%
03/10/2023,"15,445.0","15,475.0","15,480.0","15,450.0",,0.16%
03/09/2023,"15,420.0","15,445.0","15,457.5","15,422.5",,-0.06%
03/08/2023,"15,430.0","15,425.0","15,467.5","15,389.5",,0.55%
03/07/2023,"15,345.0","15,350.0","15,367.5","15,330.0",,0.36%
03/06/2023,"15,290.0","15,315.0","15,320.0","15,285.0",,-0.03%
03/03/2023,"15,295.0","15,300.0","15,321.5","15,282.5",,0.13%
03/02/2023,"15,275.0","15,265.0","15,286.0","15,249.0",,0.30%
03/01/2023,"15,230.0","15,240.0","15,265.0","15,228.5",,-0.10%
02/28/2023,"15,245.0","15,230.0","15,295.0","15,225.0",,-0.13%
02/27/2023,"15,265.0","15,260.0","15,287.5","15,245.0",,0.30%
02/24/2023,"15,220.0","15,205.0","15,225.0","15,193.0",,0.23%
02/23/2023,"15,185.0","15,175.0","15,196.0","15,164.0",,-0.10%
02/22/2023,"15,200.0","15,210.0","15,229.0","15,201.5",,0.10%
02/21/2023,"15,185.0","15,162.5","15,193.5","15,160.0",,0.20%
02/20/2023,"15,155.0","15,197.5","15,200.0","15,154.5",,-0.30%
02/17/2023,"15,200.0","15,177.5","15,217.5","15,172.0",,0.31%
02/16/2023,"15,153.0","15,210.0","15,210.0","15,150.0",,-0.31%
02/15/2023,"15,200.0","15,167.5","15,207.5","15,157.0",,0.30%
02/14/2023,"15,155.0","15,175.0","15,197.5","15,151.5",,-0.23%
02/13/2023,"15,190.0","15,170.0","15,227.5","15,170.0",,0.40%
02/10/2023,"15,130.0","15,117.5","15,147.5","15,114.0",,0.27%
02/09/2023,"15,090.0","15,115.0","15,130.0","15,094.5",,-0.03%
02/08/2023,"15,095.0","15,145.0","15,152.5","15,098.5",,-0.30%
02/07/2023,"15,140.0","15,142.5","15,153.0","15,121.5",,0.60%
02/06/2023,"15,050.0","15,005.0","15,072.5","15,005.0",,1.07%
02/03/2023,"14,890.0","14,905.0","14,922.5","14,876.5",,0.10%
02/02/2023,"14,875.0","14,875.0","14,887.5","14,835.0",,-0.63%
02/01/2023,"14,970.0","15,000.0","15,007.5","14,966.0",,-0.10%
01/31/2023,"14,985.0","15,000.0","15,005.0","14,971.5",,0.13%
01/30/2023,"14,965.0","14,972.5","14,989.0","14,954.5",,-0.10%
01/27/2023,"14,980.0","14,970.0","14,996.0","14,953.5",,0.23%
01/26/2023,"14,945.0","14,965.0","14,987.5","14,920.0",,-0.10%
01/25/2023,"14,960.0","14,925.0","14,975.0","14,915.0",,0.50%
01/24/2023,"14,885.0","15,035.0","15,045.0","14,884.0",,-1.23%
01/20/2023,"15,070.0","15,120.0","15,155.0","15,075.0",,-0.20%
01/19/2023,"15,100.0","15,135.0","15,145.0","15,089.0",,0.10%
01/18/2023,"15,085.0","15,200.0","15,207.5","15,070.0",,-0.49%
01/17/2023,"15,160.0","15,125.0","15,180.0","15,027.5",,0.80%
01/16/2023,"15,040.0","15,080.0","15,080.0","14,981.5",,-0.66%
01/13/2023,"15,140.0","15,210.0","15,237.5","15,135.5",,-1.28%
01/12/2023,"15,336.0","15,470.0","15,470.0","15,290.0",,-0.93%
01/11/2023,"15,480.0","15,565.0","15,575.0","15,470.0",0.26K,-0.58%
01/10/2023,"15,570.0","15,574.0","15,598.5","15,547.5",0.15K,0.03%
01/09/2023,"15,565.0","15,580.0","15,590.0","15,555.0",0.16K,-0.42%
01/06/2023,"15,630.0","15,635.0","15,643.0","15,603.5",0.16K,0.16%
01/05/2023,"15,605.0","15,580.0","15,622.5","15,565.0",0.18K,0.13%
01/04/2023,"15,585.0","15,612.5","15,633.0","15,580.0",0.19K,-0.06%
01/03/2023,"15,595.0","15,595.0","15,612.5","15,550.0",0.17K,0.16%
01/02/2023,"15,570.0","15,490.0","15,583.5","15,490.0",0.12K,0.03%
12/30/2022,"15,565.0","15,637.5","15,655.0","15,545.0",0.14K,-0.57%
12/29/2022,"15,655.0","15,745.0","15,765.0","15,657.5",0.14K,-0.29%
12/28/2022,"15,700.0","15,657.5","15,722.5","15,657.5",0.09K,0.26%
12/27/2022,"15,660.0","15,622.5","15,672.5","15,592.5",0.08K,0.19%
12/26/2022,"15,630.0","15,592.5","15,647.5","15,592.5",0.11K,0.26%
12/23/2022,"15,590.0","15,582.5","15,612.5","15,582.5",0.07K,0.06%
12/22/2022,"15,580.0","15,577.5","15,607.5","15,565.0",0.11K,-0.03%
12/21/2022,"15,585.0","15,592.5","15,612.5","15,582.5",0.09K,-0.10%
12/20/2022,"15,600.0","15,585.0","15,630.0","15,575.0",0.14K,0.03%
12/19/2022,"15,595.0","15,615.0","15,631.0","15,597.5",0.11K,0.00%
12/16/2022,"15,595.0","15,622.5","15,642.0","15,570.0",0.17K,-0.13%
12/15/2022,"15,615.0","15,607.5","15,642.5","15,582.5",0.17K,0.16%
12/14/2022,"15,590.0","15,557.5","15,647.5","15,555.0",0.17K,-0.42%
12/13/2022,"15,655.0","15,655.0","15,673.5","15,636.5",0.16K,0.19%
12/12/2022,"15,625.0","15,592.5","15,652.5","15,587.5",0.09K,0.28%
12/09/2022,"15,582.0","15,575.0","15,597.5","15,564.5",0.17K,-0.24%
12/08/2022,"15,620.0","15,615.0","15,636.5","15,585.0",0.12K,-0.10%
12/07/2022,"15,635.0","15,615.0","15,644.5","15,587.5",0.11K,0.13%
12/06/2022,"15,615.0","15,510.0","15,629.0","15,480.0",0.17K,0.97%
12/05/2022,"15,465.0","15,375.0","15,475.0","15,365.0",0.14K,0.26%
12/02/2022,"15,425.0","15,450.0","15,470.0","15,405.0",0.15K,-0.87%
12/01/2022,"15,560.0","15,622.5","15,642.5","15,545.0",0.14K,-1.08%
11/30/2022,"15,730.0","15,735.0","15,749.0","15,725.0",0.20K,-0.06%
11/29/2022,"15,740.0","15,722.5","15,748.0","15,707.0",0.14K,0.13%
11/28/2022,"15,720.0","15,692.5","15,737.5","15,685.0",0.17K,0.32%
11/25/2022,"15,670.0","15,645.0","15,681.0","15,632.5",0.15K,0.04%
11/24/2022,"15,663.0","15,640.0","15,667.5","15,635.0",0.18K,-0.14%
11/23/2022,"15,685.0","15,692.5","15,709.5","15,684.0",0.14K,-0.06%
11/22/2022,"15,695.0","15,710.0","15,727.5","15,694.5",0.16K,-0.10%
11/21/2022,"15,710.0","15,690.0","15,717.5","15,682.5",0.11K,0.16%
11/18/2022,"15,685.0","15,670.0","15,697.5","15,670.0",0.14K,0.16%
11/17/2022,"15,660.0","15,660.0","15,705.0","15,642.5",0.19K,0.38%
11/16/2022,"15,600.0","15,570.0","15,628.5","15,565.0",0.19K,0.42%
11/15/2022,"15,535.0","15,530.0","15,622.5","15,525.0",0.19K,0.13%
11/14/2022,"15,515.0","15,465.0","15,527.5","15,462.5",0.13K,0.16%
11/11/2022,"15,490.0","15,560.0","15,565.0","15,392.5",0.15K,-1.27%
11/10/2022,"15,690.0","15,677.5","15,712.5","15,677.5",0.13K,0.20%
11/09/2022,"15,658.0","15,662.5","15,672.5","15,632.5",0.16K,-0.24%
11/08/2022,"15,695.0","15,670.0","15,702.5","15,667.5",0.13K,-0.06%
11/07/2022,"15,705.0","15,662.5","15,710.0","15,660.0",0.12K,-0.19%
11/04/2022,"15,735.0","15,750.0","15,760.0","15,715.0",0.18K,0.25%
11/03/2022,"15,695.0","15,655.0","15,698.5","15,645.0",0.15K,0.32%
11/02/2022,"15,645.0","15,660.5","15,671.5","15,630.0",0.17K,0.13%
11/01/2022,"15,625.0","15,630.0","15,661.5","15,553.5",0.15K,0.19%
10/31/2022,"15,595.0","15,577.5","15,612.5","15,562.5",0.15K,0.30%
10/28/2022,"15,548.0","15,567.5","15,567.5","15,520.0",0.12K,-0.11%
10/27/2022,"15,565.0","15,550.0","15,627.5","15,535.0",0.16K,-0.03%
10/26/2022,"15,569.0","15,600.0","15,619.0","15,560.0",0.17K,-0.33%
10/25/2022,"15,620.0","15,590.0","15,623.0","15,590.0",0.14K,0.22%
10/24/2022,"15,585.0","15,575.0","15,607.5","15,562.5",0.18K,-0.29%
10/21/2022,"15,630.0","15,580.0","15,635.5","15,577.5",0.21K,0.39%
10/20/2022,"15,570.0","15,545.0","15,587.5","15,476.5",0.23K,0.48%
10/19/2022,"15,495.0","15,475.0","15,503.0","15,465.0",0.16K,0.19%
10/18/2022,"15,465.0","15,470.0","15,485.0","15,447.5",0.19K,-0.13%
10/17/2022,"15,485.0","15,467.5","15,496.5","15,459.5",0.17K,0.39%
10/14/2022,"15,425.0","15,365.0","15,426.5","15,362.5",0.17K,0.42%
10/13/2022,"15,360.0","15,352.5","15,367.5","15,342.0",0.15K,0.03%
10/12/2022,"15,355.0","15,364.0","15,390.0","15,355.5",0.19K,0.00%
10/11/2022,"15,355.0","15,330.0","15,372.5","15,330.0",0.18K,0.29%
10/10/2022,"15,310.0","15,275.0","15,315.0","15,270.0",0.21K,0.39%
10/07/2022,"15,250.0","15,222.5","15,262.5","15,220.5",0.21K,0.43%
10/06/2022,"15,185.0","15,205.0","15,211.0","15,183.5",0.19K,-0.03%
10/05/2022,"15,190.0","15,182.5","15,220.0","15,156.5",0.25K,-0.36%
10/04/2022,"15,245.0","15,282.5","15,312.5","15,237.5",0.15K,-0.36%
10/03/2022,"15,300.0","15,245.0","15,307.5","15,245.0",0.14K,0.49%
09/30/2022,"15,225.0","15,190.0","15,247.5","15,180.0",0.18K,-0.23%
09/29/2022,"15,260.0","15,220.0","15,280.0","15,212.5",0.21K,0.00%
09/28/2022,"15,260.0","15,160.0","15,276.5","15,160.0",0.15K,0.93%
09/27/2022,"15,120.0","15,135.0","15,172.0","15,122.5",0.18K,-0.03%
09/26/2022,"15,125.0","15,060.0","15,132.5","15,060.0",0.12K,0.60%
09/23/2022,"15,035.0","15,010.0","15,043.5","15,010.0",0.11K,0.13%
09/22/2022,"15,015.0","15,007.5","15,042.5","15,007.5",0.14K,0.13%
09/21/2022,"14,995.0","15,017.5","15,024.0","14,997.5",0.18K,0.10%
09/20/2022,"14,980.0","14,980.0","14,990.0","14,964.0",0.19K,0.03%
09/19/2022,"14,975.0","14,970.0","14,989.0","14,960.0",0.18K,0.17%
09/16/2022,"14,950.0","14,930.0","14,962.5","14,921.5",0.21K,0.37%
09/15/2022,"14,895.0","14,910.0","14,912.5","14,877.5",0.18K,-0.07%
09/14/2022,"14,905.0","14,935.0","14,944.0","14,874.0",0.27K,0.37%
09/13/2022,"14,850.0","14,852.5","14,876.0","14,846.0",0.21K,0.07%
09/12/2022,"14,840.0","14,822.5","14,846.5","14,815.0",0.17K,0.08%
09/09/2022,"14,828.0","14,875.0","14,885.0","14,817.5",0.19K,-0.45%
09/08/2022,"14,895.0","14,897.5","14,915.0","14,893.5",0.16K,-0.13%
09/07/2022,"14,915.0","14,912.5","14,936.5","14,825.0",0.20K,0.20%
09/06/2022,"14,885.0","14,887.5","14,897.5","14,869.5",0.17K,-0.10%
09/05/2022,"14,900.0","14,885.0","14,932.5","14,885.0",0.18K,0.03%
09/02/2022,"14,895.0","14,897.5","14,907.5","14,872.5",0.14K,0.10%
09/01/2022,"14,880.0","14,865.0","14,892.5","14,865.0",0.14K,0.27%
08/31/2022,"14,840.0","14,847.5","14,862.5","14,837.5",0.16K,0.00%
08/30/2022,"14,840.0","14,887.5","14,896.0","14,840.0",0.17K,-0.37%
08/29/2022,"14,895.0","14,865.0","14,902.5","14,840.0",0.13K,0.54%
08/26/2022,"14,815.0","14,797.5","14,829.0","14,797.0",0.17K,-0.03%
08/25/2022,"14,820.0","14,827.5","14,837.5","14,815.0",0.15K,-0.17%
08/24/2022,"14,845.0","14,847.5","14,872.5","14,822.0",0.15K,0.07%
08/23/2022,"14,835.0","14,897.5","14,921.5","14,825.0",0.13K,-0.34%
08/22/2022,"14,885.0","14,875.0","14,895.0","14,860.0",0.13K,0.34%
08/19/2022,"14,835.0","14,860.0","14,875.0","14,837.5",0.17K,0.03%
08/18/2022,"14,830.0","14,777.5","14,844.0","14,777.5",0.16K,0.44%
08/16/2022,"14,765.0","14,775.0","14,782.5","14,751.5",0.15K,0.17%
08/15/2022,"14,740.0","14,685.0","14,744.0","14,685.0",0.16K,0.51%
08/12/2022,"14,665.0","14,745.0","14,755.0","14,659.0",0.14K,-0.68%
08/11/2022,"14,765.0","14,815.0","14,869.5","14,760.0",0.18K,-0.71%
08/10/2022,"14,870.0","14,867.5","14,880.5","14,865.0",0.12K,0.13%
08/09/2022,"14,850.0","14,865.0","14,876.0","14,847.5",0.22K,-0.17%
08/08/2022,"14,875.0","14,922.5","14,940.0","14,877.5",0.17K,-0.10%
08/05/2022,"14,890.0","14,885.0","14,920.0","14,877.5",0.14K,-0.27%
08/04/2022,"14,930.0","14,910.0","14,939.0","14,897.5",0.16K,0.13%
08/03/2022,"14,910.0","14,910.0","14,925.0","14,890.0",0.17K,0.13%
08/02/2022,"14,890.0","14,865.0","14,992.5","14,862.5",0.19K,0.13%
08/01/2022,"14,870.0","14,850.0","14,887.5","14,847.0",0.13K,0.27%
07/29/2022,"14,830.0","14,855.0","14,887.5","14,830.0",0.16K,-0.67%
07/28/2022,"14,930.0","14,937.5","14,977.5","14,917.5",0.18K,-0.53%
07/27/2022,"15,010.0","14,997.0","15,025.0","14,919.0",0.15K,0.10%
07/26/2022,"14,995.0","14,957.5","15,002.5","14,940.0",0.10K,0.00%
07/25/2022,"14,995.0","15,000.0","15,010.0","14,967.5",0.12K,-0.13%
07/22/2022,"15,015.0","15,030.0","15,037.5","15,007.5",0.14K,-0.10%
07/21/2022,"15,030.0","14,990.0","15,036.5","14,990.0",0.19K,0.30%
07/20/2022,"14,985.0","14,977.5","14,992.0","14,970.0",0.10K,0.07%
07/19/2022,"14,975.0","14,982.5","14,996.5","14,977.0",0.14K,-0.05%
07/18/2022,"14,982.0","14,974.5","14,995.0","14,950.0",0.15K,-0.05%
07/15/2022,"14,990.0","14,994.5","14,998.0","14,977.5",0.08K,0.00%
07/14/2022,"14,990.0","14,994.5","14,998.0","14,986.5",0.14K,0.03%
07/13/2022,"14,985.0","14,975.0","14,996.5","14,966.5",0.13K,0.00%
07/12/2022,"14,985.0","14,982.5","14,996.0","14,976.0",0.14K,0.10%
07/11/2022,"14,970.0","14,982.5","14,982.5","14,951.5",0.14K,-0.03%
07/08/2022,"14,975.0","14,985.0","14,988.5","14,957.5",0.20K,-0.13%
07/07/2022,"14,995.0","14,982.5","14,996.0","14,965.0",0.19K,0.00%
07/06/2022,"14,995.0","15,017.5","15,032.5","14,988.0",0.17K,0.07%
07/05/2022,"14,985.0","14,975.0","14,995.0","14,962.5",0.15K,0.13%
07/04/2022,"14,965.0","14,945.0","14,971.5","14,927.0",0.14K,0.20%
07/01/2022,"14,935.0","14,925.0","14,972.5","14,862.5",0.15K,0.27%
06/30/2022,"14,895.0","14,860.0","14,897.5","14,830.0",0.19K,0.31%
06/29/2022,"14,849.0","14,850.0","14,856.0","14,820.0",0.16K,0.09%
06/28/2022,"14,835.0","14,827.5","14,847.5","14,800.0",0.17K,0.24%
06/27/2022,"14,800.0","14,810.0","14,820.0","14,787.5",0.11K,-0.30%
06/24/2022,"14,845.0","14,844.0","14,852.5","14,827.5",0.16K,0.07%
06/23/2022,"14,835.0","14,840.0","14,847.5","14,812.5",0.17K,-0.20%
06/22/2022,"14,865.0","14,820.0","14,873.5","14,814.0",0.19K,0.37%
06/21/2022,"14,810.0","14,820.0","14,832.5","14,767.5",0.21K,-0.13%
06/20/2022,"14,830.0","14,840.0","14,851.5","14,815.0",0.15K,0.06%
06/17/2022,"14,821.0","14,835.0","14,841.5","14,727.5",0.21K,0.38%
06/16/2022,"14,765.0","14,727.5","14,770.0","14,705.0",0.17K,0.17%
06/15/2022,"14,740.0","14,707.5","14,759.0","14,697.5",0.22K,0.31%
06/14/2022,"14,695.0","14,740.0","14,771.0","14,685.0",0.20K,0.12%
06/13/2022,"14,678.0","14,660.0","14,686.5","14,642.5",0.17K,0.88%
06/10/2022,"14,550.0","14,580.0","14,587.5","14,544.0",0.15K,-0.07%
06/09/2022,"14,560.0","14,512.5","14,568.5","14,512.5",0.16K,0.48%
06/08/2022,"14,490.0","14,465.0","14,497.5","14,456.5",0.12K,0.25%
06/07/2022,"14,454.0","14,462.5","14,472.5","14,454.5",0.18K,0.03%
06/06/2022,"14,450.0","14,455.0","14,470.0","14,449.0",0.16K,0.10%
06/03/2022,"14,435.0","14,435.0","14,452.5","14,420.0",0.11K,-0.31%
06/02/2022,"14,480.0","14,572.5","14,585.0","14,478.5",0.16K,-0.69%
05/31/2022,"14,580.0","14,569.0","14,602.0","14,555.0",0.18K,0.16%
05/30/2022,"14,557.0","14,532.5","14,558.5","14,520.0",0.13K,-0.12%
05/27/2022,"14,575.0","14,605.0","14,607.5","14,557.5",0.13K,-0.38%
05/25/2022,"14,630.0","14,645.0","14,663.5","14,627.5",0.16K,-0.17%
05/24/2022,"14,655.0","14,662.5","14,670.0","14,642.0",0.15K,-0.10%
05/23/2022,"14,670.0","14,645.0","14,677.5","14,637.5",0.11K,0.14%
05/20/2022,"14,650.0","14,625.0","14,677.5","14,624.5",0.13K,-0.54%
05/19/2022,"14,730.0","14,671.5","14,738.0","14,671.5",0.14K,0.31%
05/18/2022,"14,685.0","14,640.0","14,692.5","14,640.0",0.15K,0.27%
05/17/2022,"14,645.0","14,617.5","14,669.0","14,615.0",0.18K,0.24%
05/13/2022,"14,610.0","14,610.0","14,627.5","14,594.5",0.12K,0.10%
05/12/2022,"14,595.0","14,540.0","14,602.5","14,537.5",0.12K,0.27%
05/11/2022,"14,555.0","14,530.0","14,561.0","14,524.0",0.09K,0.00%
05/10/2022,"14,555.0","14,565.0","14,570.0","14,531.0",0.11K,0.00%
05/09/2022,"14,555.0","14,510.0","14,562.5","14,502.5",0.11K,0.41%
04/28/2022,"14,495.0","14,450.0","14,502.5","14,442.5",0.16K,0.52%
04/27/2022,"14,420.0","14,420.0","14,435.0","14,404.5",0.11K,0.07%
04/26/2022,"14,410.0","14,447.5","14,450.0","14,393.0",0.12K,-0.31%
04/25/2022,"14,455.0","14,460.0","14,477.5","14,422.5",0.17K,0.69%
04/22/2022,"14,356.0","14,360.0","14,367.5","14,352.5",0.16K,0.09%
04/21/2022,"14,343.0","14,347.5","14,355.5","14,339.0",0.14K,-0.08%
04/20/2022,"14,355.0","14,355.0","14,365.0","14,342.5",0.14K,0.14%
04/19/2022,"14,335.0","14,357.5","14,360.0","14,328.0",0.14K,-0.13%
04/18/2022,"14,353.0","14,366.5","14,366.5","14,349.5",0.08K,0.07%
04/14/2022,"14,343.0","14,356.5","14,360.0","14,342.0",0.11K,-0.13%
04/13/2022,"14,362.0","14,355.0","14,370.0","14,353.5",0.10K,0.01%
04/12/2022,"14,360.0","14,365.0","14,367.5","14,357.5",0.11K,-0.03%
04/11/2022,"14,365.0","14,375.0","14,380.0","14,362.5",0.10K,0.03%
04/08/2022,"14,360.0","14,375.0","14,386.0","14,355.0",0.12K,0.01%
04/07/2022,"14,358.0","14,362.5","14,368.5","14,351.0",0.12K,0.02%
04/06/2022,"14,355.0","14,365.0","14,376.5","14,353.0",0.12K,0.07%
04/05/2022,"14,345.0","14,340.0","14,353.5","14,337.5",0.11K,-0.06%
04/04/2022,"14,353.0","14,365.0","14,372.5","14,351.0",0.08K,-0.08%
04/01/2022,"14,365.0","14,360.0","14,370.0","14,352.5",0.07K,-0.02%
03/31/2022,"14,368.0","14,340.0","14,369.0","14,334.5",0.09K,0.20%
03/30/2022,"14,340.0","14,340.0","14,358.5","14,332.5",0.08K,-0.16%
03/29/2022,"14,363.0","14,367.5","14,371.0","14,352.5",0.12K,0.01%
03/28/2022,"14,362.0","14,345.0","14,366.5","14,344.0",0.09K,0.15%
03/25/2022,"14,340.0","14,340.0","14,347.5","14,332.5",0.10K,-0.03%
03/24/2022,"14,344.0","14,380.0","14,380.0","14,348.5",0.12K,-0.01%
03/23/2022,"14,345.0","14,337.5","14,361.5","14,334.5",0.10K,-0.08%
03/22/2022,"14,356.0","14,350.0","14,371.0","14,346.5",0.10K,0.13%
03/21/2022,"14,338.0","14,345.0","14,347.5","14,330.5",0.13K,-0.01%
03/18/2022,"14,340.0","14,312.5","14,347.5","14,312.5",0.09K,0.28%
03/17/2022,"14,300.0","14,290.0","14,305.0","14,260.0",0.08K,-0.07%
03/16/2022,"14,310.0","14,300.0","14,322.5","14,292.5",0.10K,-0.10%
03/15/2022,"14,325.0","14,342.5","14,347.5","14,295.0",0.17K,-0.03%
03/14/2022,"14,330.0","14,312.5","14,342.5","14,307.5",0.11K,0.21%
03/11/2022,"14,300.0","14,290.0","14,317.5","14,281.0",0.12K,0.18%
03/10/2022,"14,275.0","14,295.0","14,320.0","14,260.0",0.12K,-0.49%
03/09/2022,"14,345.0","14,350.0","14,386.0","14,344.0",0.12K,-0.35%
03/08/2022,"14,395.0","14,392.5","14,405.0","14,382.0",0.11K,-0.07%
03/07/2022,"14,405.0","14,415.0","14,420.0","14,401.0",0.12K,0.14%
03/04/2022,"14,385.0","14,385.0","14,395.0","14,371.5",0.09K,0.00%
03/02/2022,"14,385.0","14,357.5","14,390.0","14,337.0",0.12K,0.35%
03/01/2022,"14,335.0","14,355.0","14,370.0","14,333.5",0.11K,-0.21%
02/25/2022,"14,365.0","14,377.5","14,382.5","14,359.0",0.12K,-0.10%
02/24/2022,"14,380.0","14,357.5","14,390.0","14,332.5",0.13K,0.31%
02/23/2022,"14,335.0","14,350.0","14,365.0","14,337.5",0.13K,-0.18%
02/22/2022,"14,361.0","14,345.0","14,372.5","14,332.0",0.20K,0.25%
02/21/2022,"14,325.0","14,360.0","14,360.0","14,316.0",0.13K,0.00%
02/18/2022,"14,325.0","14,327.5","14,355.0","14,318.5",0.17K,0.07%
02/17/2022,"14,315.0","14,252.5","14,325.0","14,250.0",0.22K,0.42%
02/16/2022,"14,255.0","14,277.5","14,297.5","14,249.0",0.17K,-0.31%
02/15/2022,"14,300.0","14,315.0","14,315.0","14,271.5",0.13K,-0.17%
02/14/2022,"14,325.0","14,350.0","14,355.0","14,321.0",0.10K,-0.17%
02/11/2022,"14,350.0","14,347.5","14,367.5","14,346.5",0.15K,0.07%
02/10/2022,"14,340.0","14,350.0","14,352.0","14,330.0",0.08K,-0.10%
02/09/2022,"14,355.0","14,375.0","14,380.0","14,357.5",0.08K,-0.24%
02/08/2022,"14,390.0","14,387.5","14,396.0","14,375.0",0.10K,-0.03%
02/07/2022,"14,395.0","14,387.5","14,409.0","14,377.5",0.07K,0.12%
02/04/2022,"14,378.0","14,375.0","14,381.5","14,365.0",0.08K,0.02%
02/03/2022,"14,375.0","14,365.0","14,390.0","14,357.5",0.11K,0.14%
02/02/2022,"14,355.0","14,315.0","14,362.5","14,315.0",0.18K,-0.17%
01/31/2022,"14,380.0","14,405.0","14,412.5","14,365.0",0.12K,-0.03%
01/28/2022,"14,385.0","14,375.0","14,395.0","14,357.5",0.17K,0.00%
01/27/2022,"14,385.0","14,380.0","14,395.0","14,363.5",0.13K,0.24%
01/26/2022,"14,350.0","14,317.5","14,357.5","14,317.5",0.12K,0.00%
01/25/2022,"14,350.0","14,350.0","14,363.5","14,345.5",0.16K,0.07%
01/24/2022,"14,340.0","14,315.0","14,353.0","14,304.5",0.12K,0.03%
01/21/2022,"14,335.0","14,355.0","14,362.5","14,335.0",0.16K,0.00%
01/20/2022,"14,335.0","14,335.0","14,365.0","14,330.0",0.17K,-0.17%
01/19/2022,"14,360.0","14,357.5","14,377.5","14,334.5",0.15K,0.17%
01/18/2022,"14,335.0","14,306.5","14,346.0","14,299.0",0.18K,0.14%
01/17/2022,"14,315.0","14,312.5","14,330.0","14,296.5",0.11K,0.14%
01/14/2022,"14,295.0","14,305.0","14,319.5","14,293.0",0.15K,0.03%
01/13/2022,"14,290.0","14,315.0","14,322.0","14,292.0",0.20K,-0.17%
01/12/2022,"14,315.0","14,295.0","14,322.5","14,284.0",0.24K,0.10%
01/11/2022,"14,300.0","14,302.5","14,315.0","14,272.5",0.21K,-0.03%
01/10/2022,"14,305.0","14,312.5","14,342.5","14,296.0",0.19K,-0.35%
01/07/2022,"14,355.0","14,375.0","14,377.5","14,352.5",0.12K,-0.24%
01/06/2022,"14,390.0","14,394.0","14,404.0","14,377.0",0.16K,0.24%
01/05/2022,"14,355.0","14,347.5","14,371.5","14,335.0",0.17K,0.38%
01/04/2022,"14,300.0","14,287.5","14,327.5","14,270.0",0.14K,0.25%
01/03/2022,"14,264.0","14,255.0","14,276.5","14,249.0",0.11K,0.10%
12/31/2021,"14,250.0","14,280.0","14,287.5","14,240.0",0.09K,-0.11%
12/30/2021,"14,265.0","14,242.5","14,280.0","14,237.5",0.11K,0.11%
12/29/2021,"14,250.0","14,240.0","14,276.5","14,235.0",0.17K,0.18%
12/28/2021,"14,225.0","14,225.0","14,244.5","14,220.0",0.13K,0.00%
12/27/2021,"14,225.0","14,225.0","14,241.5","14,207.5",0.14K,0.04%
12/24/2021,"14,220.0","14,185.0","14,242.5","14,180.0",0.10K,-0.19%
12/23/2021,"14,247.0","14,220.0","14,260.0","14,217.5",0.09K,-0.27%
12/22/2021,"14,285.0","14,280.0","14,293.5","14,235.0",0.14K,-0.20%
12/21/2021,"14,313.0","14,387.5","14,392.5","14,305.0",0.11K,-0.43%
12/20/2021,"14,375.0","14,387.5","14,392.5","14,367.5",0.11K,0.07%
12/17/2021,"14,365.0","14,365.0","14,391.5","14,360.0",0.12K,0.17%
12/16/2021,"14,340.0","14,335.0","14,367.5","14,315.0",0.13K,0.07%
12/15/2021,"14,330.0","14,337.5","14,345.0","14,329.0",0.10K,0.00%
12/14/2021,"14,330.0","14,340.0","14,353.5","14,330.0",0.09K,-0.07%
12/13/2021,"14,340.0","14,357.5","14,366.5","14,327.5",0.10K,-0.21%
12/10/2021,"14,370.0","14,380.0","14,390.0","14,367.0",0.13K,0.14%
12/09/2021,"14,350.0","14,320.0","14,372.5","14,310.0",0.15K,-0.03%
12/08/2021,"14,355.0","14,350.0","14,362.5","14,335.0",0.14K,-0.14%
12/07/2021,"14,375.0","14,417.5","14,432.5","14,377.5",0.16K,-0.42%
12/06/2021,"14,435.0","14,440.0","14,449.0","14,417.5",0.15K,0.28%
12/03/2021,"14,395.0","14,405.0","14,412.5","14,392.5",0.10K,0.14%
12/02/2021,"14,375.0","14,350.0","14,382.5","14,350.0",0.12K,0.24%
12/01/2021,"14,340.0","14,344.0","14,362.5","14,334.5",0.15K,0.14%
11/30/2021,"14,320.0","14,315.0","14,347.5","14,292.5",0.17K,0.00%
11/29/2021,"14,320.0","14,370.0","14,375.0","14,312.5",0.09K,0.14%
11/26/2021,"14,300.0","14,275.0","14,345.0","14,275.0",0.10K,0.25%
11/25/2021,"14,265.0","14,262.5","14,290.0","14,262.5",0.15K,0.07%
11/24/2021,"14,255.0","14,275.0","14,281.0","14,257.5",0.10K,0.00%
11/23/2021,"14,255.0","14,257.5","14,277.5","14,255.0",0.16K,0.07%
11/22/2021,"14,245.0","14,245.0","14,265.0","14,245.0",0.09K,0.07%
11/19/2021,"14,235.0","14,210.0","14,242.5","14,210.0",0.07K,0.07%
11/18/2021,"14,225.0","14,245.0","14,247.5","14,223.0",0.14K,-0.11%
11/17/2021,"14,240.0","14,245.0","14,272.5","14,237.5",0.16K,0.14%
11/16/2021,"14,220.0","14,200.0","14,226.0","14,195.0",0.12K,0.07%
11/15/2021,"14,210.0","14,215.0","14,220.0","14,187.5",0.10K,-0.16%
11/12/2021,"14,233.0","14,265.0","14,271.5","14,232.5",0.13K,-0.19%
11/11/2021,"14,260.0","14,295.0","14,310.0","14,262.5",0.12K,0.07%
11/10/2021,"14,250.0","14,255.0","14,265.0","14,241.0",0.12K,0.07%
11/09/2021,"14,240.0","14,237.5","14,247.5","14,220.0",0.14K,-0.11%
11/08/2021,"14,255.0","14,325.0","14,332.5","14,254.0",0.12K,-0.49%
11/05/2021,"14,325.0","14,360.0","14,392.5","14,325.0",0.13K,-0.07%
11/04/2021,"14,335.0","14,312.5","14,350.0","14,299.5",0.12K,0.28%
11/03/2021,"14,295.0","14,272.5","14,315.0","14,262.5",0.12K,0.32%
11/02/2021,"14,250.0","14,260.0","14,271.0","14,245.0",0.12K,0.04%
11/01/2021,"14,245.0","14,185.0","14,261.5","14,185.0",0.13K,0.56%
10/29/2021,"14,165.0","14,167.5","14,177.5","14,157.0",0.13K,-0.04%
10/28/2021,"14,170.0","14,190.0","14,215.0","14,172.5",0.13K,0.00%
10/27/2021,"14,170.0","14,160.0","14,193.5","14,154.5",0.13K,0.14%
10/26/2021,"14,150.0","14,155.0","14,172.5","14,142.5",0.13K,-0.04%
10/25/2021,"14,155.0","14,165.0","14,190.0","14,157.5",0.14K,0.25%
10/22/2021,"14,120.0","14,140.0","14,169.0","14,122.5",0.14K,0.00%
10/21/2021,"14,120.0","14,100.0","14,152.5","14,092.5",0.13K,0.33%
10/19/2021,"14,073.0","14,067.5","14,092.5","14,059.5",0.15K,-0.23%
10/18/2021,"14,105.0","14,060.0","14,115.0","14,040.0",0.10K,0.25%
10/15/2021,"14,070.0","14,085.0","14,097.5","14,062.0",0.18K,-0.32%
10/14/2021,"14,115.0","14,197.5","14,202.5","14,092.5",0.24K,-0.70%
10/13/2021,"14,215.0","14,220.0","14,229.0","14,210.0",0.15K,0.00%
10/12/2021,"14,215.0","14,215.0","14,225.0","14,203.0",0.14K,0.07%
10/11/2021,"14,205.0","14,215.0","14,223.0","14,201.5",0.14K,-0.11%
10/08/2021,"14,220.0","14,210.0","14,237.5","14,197.5",0.12K,0.04%
10/07/2021,"14,215.0","14,250.0","14,257.5","14,212.0",0.13K,-0.25%
10/06/2021,"14,250.0","14,240.0","14,260.0","14,228.0",0.11K,0.01%
10/05/2021,"14,248.0","14,270.0","14,275.0","14,245.5",0.21K,-0.12%
10/04/2021,"14,265.0","14,307.5","14,336.5","14,258.0",0.13K,-0.28%
10/01/2021,"14,305.0","14,310.0","14,330.0","14,305.0",0.14K,-0.03%
09/30/2021,"14,310.0","14,317.5","14,332.5","14,305.5",0.13K,0.14%
09/29/2021,"14,290.0","14,295.0","14,330.0","14,292.5",0.12K,0.14%
09/28/2021,"14,270.0","14,265.0","14,287.5","14,253.5",0.16K,0.14%
09/27/2021,"14,250.0","14,260.0","14,270.0","14,247.5",0.12K,-0.04%
09/24/2021,"14,255.0","14,245.0","14,266.5","14,228.5",0.13K,0.11%
09/23/2021,"14,240.0","14,250.0","14,265.0","14,236.0",0.18K,0.00%
09/22/2021,"14,240.0","14,245.0","14,256.0","14,236.0",0.13K,0.04%
09/21/2021,"14,235.0","14,255.0","14,260.0","14,235.5",0.14K,-0.04%
09/20/2021,"14,240.0","14,270.0","14,287.5","14,237.5",0.12K,0.11%
09/17/2021,"14,225.0","14,275.0","14,282.5","14,195.0",0.15K,-0.18%
09/16/2021,"14,250.0","14,230.0","14,261.5","14,217.5",0.12K,0.07%
09/15/2021,"14,240.0","14,257.5","14,267.5","14,235.0",0.20K,-0.04%
09/14/2021,"14,245.0","14,257.5","14,267.5","14,241.5",0.17K,-0.04%
09/13/2021,"14,250.0","14,245.0","14,270.0","14,220.0",0.16K,0.35%
09/10/2021,"14,200.0","14,275.0","14,275.0","14,195.5",0.20K,-0.35%
09/09/2021,"14,250.0","14,280.0","14,283.5","14,252.5",0.20K,0.00%
09/08/2021,"14,250.0","14,240.0","14,277.5","14,232.5",0.19K,0.28%
09/07/2021,"14,210.0","14,220.0","14,220.0","14,176.5",0.17K,-0.07%
09/06/2021,"14,220.0","14,247.5","14,260.0","14,210.0",0.16K,-0.28%
09/03/2021,"14,260.0","14,270.0","14,270.0","14,252.5",0.15K,-0.07%
09/02/2021,"14,270.0","14,265.0","14,290.0","14,260.0",0.18K,-0.07%
09/01/2021,"14,280.0","14,265.0","14,305.0","14,255.0",0.21K,0.11%
08/31/2021,"14,265.0","14,345.0","14,350.5","14,260.0",0.23K,-0.72%
08/30/2021,"14,368.0","14,405.0","14,410.0","14,359.5",0.19K,-0.33%
08/27/2021,"14,415.0","14,425.0","14,447.5","14,412.5",0.15K,0.00%
08/26/2021,"14,415.0","14,425.0","14,433.5","14,408.5",0.26K,0.14%
08/25/2021,"14,395.0","14,405.0","14,421.0","14,387.5",0.15K,0.03%
08/24/2021,"14,390.0","14,395.0","14,407.5","14,377.5",0.19K,-0.14%
08/23/2021,"14,410.0","14,435.0","14,438.5","14,404.0",0.18K,-0.28%
08/20/2021,"14,450.0","14,475.0","14,485.0","14,422.5",0.23K,0.35%
08/19/2021,"14,400.0","14,405.0","14,425.0","14,392.5",0.16K,0.21%
08/18/2021,"14,370.0","14,387.5","14,400.0","14,372.5",0.18K,0.00%
08/16/2021,"14,370.0","14,390.0","14,395.0","14,371.5",0.17K,-0.10%
08/13/2021,"14,385.0","14,382.5","14,395.0","14,366.0",0.08K,0.03%
08/12/2021,"14,380.0","14,395.0","14,407.5","14,366.0",0.18K,0.00%
08/10/2021,"14,380.0","14,375.0","14,402.0","14,375.0",0.17K,0.14%
08/09/2021,"14,360.0","14,370.0","14,387.5","14,357.5",0.10K,0.07%
08/06/2021,"14,350.0","14,360.0","14,377.5","14,347.5",0.17K,0.07%
08/05/2021,"14,340.0","14,330.0","14,360.0","14,321.0",0.14K,0.21%
08/04/2021,"14,310.0","14,325.0","14,347.5","14,304.5",0.20K,-0.21%
08/03/2021,"14,340.0","14,375.0","14,388.0","14,338.5",0.26K,-0.55%
08/02/2021,"14,420.0","14,465.0","14,472.5","14,422.5",0.17K,-0.28%
07/30/2021,"14,460.0","14,435.0","14,477.5","14,434.5",0.13K,-0.14%
07/29/2021,"14,480.0","14,490.0","14,502.5","14,482.5",0.16K,-0.03%
07/28/2021,"14,485.0","14,500.0","14,512.5","14,485.0",0.16K,-0.03%
07/27/2021,"14,490.0","14,473.5","14,497.5","14,465.0",0.14K,0.07%
07/26/2021,"14,480.0","14,510.0","14,522.5","14,470.0",0.17K,-0.07%
07/23/2021,"14,490.0","14,500.0","14,512.5","14,488.5",0.11K,0.07%
07/22/2021,"14,480.0","14,500.0","14,518.0","14,482.5",0.10K,-0.41%
07/21/2021,"14,540.0","14,530.0","14,560.0","14,530.0",0.13K,0.17%
07/19/2021,"14,515.0","14,512.5","14,537.5","14,505.0",0.14K,0.14%
07/16/2021,"14,495.0","14,515.0","14,542.5","14,490.0",0.10K,0.10%
07/15/2021,"14,480.0","14,480.0","14,512.5","14,472.5",0.14K,0.03%
07/14/2021,"14,475.0","14,485.0","14,502.5","14,477.5",0.18K,0.09%
07/13/2021,"14,462.0","14,505.0","14,515.0","14,459.0",0.13K,-0.19%
07/12/2021,"14,490.0","14,485.0","14,502.5","14,471.5",0.10K,-0.24%
07/09/2021,"14,525.0","14,535.0","14,559.5","14,525.0",0.11K,0.03%
07/08/2021,"14,520.0","14,495.0","14,557.5","14,492.5",0.13K,0.28%
07/07/2021,"14,480.0","14,485.0","14,512.5","14,472.5",0.10K,0.10%
07/06/2021,"14,465.0","14,475.0","14,485.0","14,456.0",0.11K,-0.08%
07/05/2021,"14,476.0","14,487.5","14,510.0","14,470.0",0.10K,-0.37%
07/02/2021,"14,530.0","14,515.0","14,572.5","14,515.0",0.11K,0.21%
07/01/2021,"14,500.0","14,510.0","14,555.0","14,500.0",0.12K,0.03%
06/30/2021,"14,495.0","14,500.0","14,560.0","14,497.5",0.17K,0.10%
06/29/2021,"14,480.0","14,455.0","14,494.0","14,455.0",0.09K,0.28%
06/28/2021,"14,440.0","14,415.0","14,475.0","14,415.0",0.15K,0.14%
06/25/2021,"14,420.0","14,420.0","14,450.0","14,415.0",0.08K,-0.10%
06/24/2021,"14,435.0","14,440.0","14,466.0","14,432.5",0.10K,0.03%
06/23/2021,"14,430.0","14,440.0","14,467.5","14,415.0",0.08K,0.21%
06/22/2021,"14,400.0","14,420.0","14,437.5","14,397.5",0.21K,-0.17%
06/21/2021,"14,425.0","14,390.0","14,460.0","14,390.0",0.12K,0.38%
06/18/2021,"14,370.0","14,375.0","14,402.5","14,370.0",0.12K,0.14%
06/17/2021,"14,350.0","14,300.0","14,385.0","14,295.0",0.25K,0.81%
06/16/2021,"14,235.0","14,235.0","14,267.5","14,235.0",0.19K,0.11%
06/15/2021,"14,220.0","14,210.0","14,247.5","14,210.0",0.18K,0.14%
06/14/2021,"14,200.0","14,200.0","14,232.5","14,197.5",0.15K,0.08%
06/11/2021,"14,188.0","14,222.5","14,242.5","14,183.0",0.24K,-0.40%
06/10/2021,"14,245.0","14,260.0","14,265.0","14,222.5",0.14K,-0.04%
06/09/2021,"14,250.0","14,265.0","14,274.0","14,245.0",0.17K,0.00%
06/08/2021,"14,250.0","14,265.0","14,272.5","14,250.0",0.10K,-0.07%
06/07/2021,"14,260.0","14,275.0","14,288.0","14,247.5",0.17K,-0.21%
06/04/2021,"14,290.0","14,295.0","14,325.0","14,295.0",0.12K,0.07%
06/03/2021,"14,280.0","14,275.0","14,312.5","14,265.0",0.14K,0.04%
06/02/2021,"14,275.0","14,265.0","14,292.5","14,247.5",0.17K,0.00%
05/31/2021,"14,275.0","14,295.0","14,312.0","14,280.0",0.16K,-0.04%
05/28/2021,"14,280.0","14,305.0","14,322.5","14,285.0",0.15K,-0.04%
05/27/2021,"14,285.0","14,320.0","14,336.5","14,278.5",0.20K,-0.28%
05/25/2021,"14,325.0","14,325.0","14,345.0","14,315.0",0.23K,-0.17%
05/24/2021,"14,350.0","14,350.0","14,367.5","14,340.0",0.11K,0.00%
05/21/2021,"14,350.0","14,340.0","14,392.5","14,340.0",0.25K,-0.14%
05/20/2021,"14,370.0","14,310.0","14,405.0","14,310.0",0.23K,0.67%
05/19/2021,"14,275.0","14,295.0","14,324.0","14,280.0",0.16K,0.04%
05/18/2021,"14,270.0","14,300.0","14,316.0","14,270.0",0.22K,-0.07%
05/17/2021,"14,280.0","14,250.0","14,300.0","14,215.0",0.17K,0.60%
05/11/2021,"14,195.0","14,200.0","14,215.0","14,187.0",0.16K,0.00%
05/10/2021,"14,195.0","14,145.0","14,212.5","14,140.0",0.16K,-0.60%
05/07/2021,"14,280.0","14,272.5","14,312.5","14,247.0",0.16K,-0.24%
05/06/2021,"14,315.0","14,415.0","14,425.0","14,313.0",0.24K,-0.80%
05/05/2021,"14,430.0","14,440.0","14,450.0","14,426.0",0.15K,0.03%
05/04/2021,"14,425.0","14,460.0","14,465.0","14,412.5",0.16K,-0.14%
05/03/2021,"14,445.0","14,450.0","14,480.0","14,447.5",0.11K,0.03%
04/30/2021,"14,440.0","14,430.0","14,507.5","14,424.5",0.12K,-0.03%
04/29/2021,"14,445.0","14,430.0","14,475.0","14,425.0",0.13K,-0.34%
04/28/2021,"14,495.0","14,490.0","14,525.0","14,487.5",0.13K,0.10%
04/27/2021,"14,480.0","14,490.0","14,508.5","14,477.0",0.18K,0.00%
04/26/2021,"14,480.0","14,515.0","14,515.0","14,475.0",0.14K,-0.28%
04/23/2021,"14,520.0","14,525.0","14,560.0","14,520.0",0.11K,0.03%
04/22/2021,"14,515.0","14,515.0","14,539.0","14,510.0",0.10K,-0.07%
04/21/2021,"14,525.0","14,525.0","14,551.0","14,510.0",0.09K,0.21%
04/20/2021,"14,495.0","14,515.0","14,535.0","14,482.5",0.16K,-0.34%
04/19/2021,"14,545.0","14,537.5","14,570.0","14,525.0",0.07K,-0.10%
04/16/2021,"14,560.0","14,620.0","14,630.0","14,550.0",0.12K,-0.27%
04/15/2021,"14,600.0","14,610.0","14,634.0","14,600.0",0.09K,0.00%
04/14/2021,"14,600.0","14,622.5","14,622.5","14,592.5",0.08K,0.00%
04/13/2021,"14,600.0","14,610.0","14,627.5","14,595.0",0.12K,0.07%
04/12/2021,"14,590.0","14,575.0","14,630.0","14,575.0",0.09K,0.21%
04/09/2021,"14,560.0","14,550.0","14,587.5","14,540.0",0.10K,0.21%
04/08/2021,"14,530.0","14,510.0","14,578.5","14,510.0",0.09K,0.28%
04/07/2021,"14,490.0","14,470.0","14,517.5","14,470.0",0.05K,-0.07%
04/06/2021,"14,500.0","14,490.0","14,525.0","14,490.0",0.09K,-0.07%
04/05/2021,"14,510.0","14,520.0","14,535.0","14,510.0",0.05K,-0.07%
04/01/2021,"14,520.0","14,530.0","14,594.5","14,525.0",0.08K,0.00%
03/31/2021,"14,520.0","14,480.0","14,582.0","14,480.0",0.11K,0.35%
03/30/2021,"14,470.0","14,450.0","14,502.5","14,450.0",0.09K,0.21%
03/29/2021,"14,440.0","14,420.0","14,455.0","14,420.0",0.07K,0.21%
03/26/2021,"14,410.0","14,445.0","14,458.0","14,417.5",0.13K,-0.07%
03/25/2021,"14,420.0","14,435.0","14,465.0","14,425.0",0.10K,0.00%
03/24/2021,"14,420.0","14,422.5","14,460.0","14,410.0",0.07K,0.21%
03/23/2021,"14,390.0","14,400.0","14,425.0","14,390.0",0.08K,-0.07%
03/22/2021,"14,400.0","14,415.0","14,452.5","14,397.0",0.11K,0.00%
03/19/2021,"14,400.0","14,410.0","14,475.0","14,400.0",0.14K,0.07%
03/18/2021,"14,390.0","14,385.0","14,415.0","14,375.0",0.09K,-0.24%
03/17/2021,"14,425.0","14,430.0","14,465.0","14,415.0",0.10K,0.17%
03/16/2021,"14,400.0","14,402.5","14,422.5","14,395.0",0.08K,0.03%
03/15/2021,"14,395.0","14,400.0","14,422.5","14,390.0",0.07K,0.10%
03/12/2021,"14,380.0","14,355.0","14,396.0","14,325.0",0.10K,-0.10%
03/10/2021,"14,395.0","14,390.0","14,425.0","14,390.0",0.05K,0.03%
03/09/2021,"14,390.0","14,415.0","14,475.0","14,395.0",0.10K,0.28%
03/08/2021,"14,350.0","14,350.0","14,382.5","14,335.0",0.08K,0.42%
03/05/2021,"14,290.0","14,315.0","14,360.0","14,280.0",0.09K,0.21%
03/04/2021,"14,260.0","14,265.0","14,305.0","14,250.0",0.12K,0.14%
03/03/2021,"14,240.0","14,325.0","14,330.5","14,240.0",0.14K,-0.42%
03/02/2021,"14,300.0","14,275.0","14,330.0","14,265.0",0.07K,0.35%
03/01/2021,"14,250.0","14,250.0","14,307.5","14,240.0",0.10K,0.07%
02/26/2021,"14,240.0","14,105.0","14,275.0","14,105.0",0.19K,1.14%
02/25/2021,"14,080.0","14,085.0","14,110.0","14,079.5",0.10K,0.00%
02/24/2021,"14,080.0","14,072.5","14,092.5","14,065.0",0.13K,-0.07%
02/23/2021,"14,090.0","14,110.0","14,130.0","14,092.5",0.11K,-0.14%
02/22/2021,"14,110.0","14,070.0","14,130.0","14,070.0",0.07K,0.36%
02/19/2021,"14,060.0","14,050.0","14,100.5","14,050.0",0.11K,0.36%
02/18/2021,"14,010.0","14,020.0","14,061.0","14,020.0",0.08K,0.00%
02/17/2021,"14,010.0","13,955.0","14,046.0","13,955.0",0.08K,0.65%
02/16/2021,"13,920.0","13,895.0","13,937.5","13,866.0",0.10K,0.07%
02/15/2021,"13,910.0","13,972.5","13,972.5","13,896.5",0.09K,-0.43%
02/11/2021,"13,970.0","13,985.0","14,002.0","13,965.0",0.07K,-0.07%
02/10/2021,"13,980.0","14,000.0","14,000.0","13,972.0",0.12K,-0.07%
02/09/2021,"13,990.0","14,007.5","14,011.0","13,988.5",0.07K,-0.04%
02/08/2021,"13,995.0","14,020.0","14,023.5","13,987.5",0.08K,-0.18%
02/05/2021,"14,020.0","14,020.0","14,057.5","14,020.0",0.07K,0.07%
02/04/2021,"14,010.0","14,007.5","14,040.0","14,002.5",0.06K,0.07%
02/03/2021,"14,000.0","14,015.0","14,020.0","13,992.5",0.08K,-0.14%
02/02/2021,"14,020.0","14,035.0","14,049.0","14,020.0",0.06K,0.07%
02/01/2021,"14,010.0","14,035.0","14,052.5","14,015.0",0.11K,-0.07%
01/29/2021,"14,020.0","14,072.5","14,085.0","14,030.0",0.04K,-0.21%
01/28/2021,"14,050.0","14,065.0","14,126.5","14,055.0",0.05K,0.11%
01/27/2021,"14,035.0","14,050.0","14,082.0","14,042.5",0.05K,-0.04%
01/26/2021,"14,040.0","14,045.0","14,098.5","14,045.0",0.03K,0.21%
01/25/2021,"14,010.0","14,055.0","14,083.0","14,020.0",0.05K,-0.07%
01/22/2021,"14,020.0","13,995.0","14,063.5","13,995.0",0.05K,0.29%
01/21/2021,"13,980.0","14,022.5","14,035.0","13,995.0",0.05K,-0.29%
01/20/2021,"14,020.0","14,065.0","14,067.5","14,030.0",0.06K,-0.21%
01/19/2021,"14,050.0","14,080.0","14,099.5","14,055.0",0.05K,-0.07%
01/18/2021,"14,060.0","14,025.0","14,105.0","14,025.0",0.07K,0.36%
01/15/2021,"14,010.0","14,040.0","14,062.5","14,012.5",0.05K,-0.28%
01/14/2021,"14,050.0","14,075.0","14,109.0","14,055.0",0.04K,-0.04%
01/13/2021,"14,055.0","14,090.0","14,117.5","14,057.5",0.07K,-0.46%
01/12/2021,"14,120.0","14,120.0","14,217.5","14,115.0",0.11K,0.28%
01/11/2021,"14,080.0","14,020.0","14,165.0","14,020.0",0.06K,0.72%
01/08/2021,"13,980.0","13,915.0","14,061.5","13,915.0",0.06K,0.65%
01/07/2021,"13,890.0","13,900.0","13,945.0","13,900.0",0.03K,0.07%
01/06/2021,"13,880.0","13,920.0","13,930.0","13,895.0",0.04K,-0.14%
01/05/2021,"13,900.0","13,900.0","13,932.5","13,900.0",0.03K,0.11%
01/04/2021,"13,885.0","13,910.0","13,940.0","13,862.5",0.07K,-2.31%
01/01/2021,"14,213.7","14,213.5","14,214.2","13,919.0",,1.24%
12/30/2020,"14,040.0","14,120.0","14,120.0","14,050.0",0.05K,-0.50%
12/29/2020,"14,110.0","14,150.0","14,160.0","14,130.0",0.02K,-0.21%
12/28/2020,"14,140.0","14,155.0","14,177.5","14,150.0",0.02K,-0.07%
12/23/2020,"14,150.0","14,155.0","14,274.0","14,155.0",0.04K,0.04%
12/22/2020,"14,145.0","14,140.0","14,212.5","14,140.0",0.02K,0.32%
12/21/2020,"14,100.0","14,110.0","14,175.0","14,110.0",0.03K,0.14%
12/18/2020,"14,080.0","14,102.5","14,147.5","14,100.0",0.03K,-0.04%
12/17/2020,"14,085.0","14,125.0","14,137.5","14,105.0",0.02K,-0.04%
12/16/2020,"14,090.0","14,110.0","14,158.0","14,110.0",0.04K,0.00%
12/15/2020,"14,090.0","14,105.0","14,173.5","14,105.0",0.03K,0.14%
12/14/2020,"14,070.0","14,100.0","14,155.0","14,095.0",0.04K,0.00%
12/11/2020,"14,070.0","14,100.0","14,119.0","14,079.5",0.05K,-0.14%
12/10/2020,"14,090.0","14,095.0","14,120.0","14,095.0",0.04K,0.07%
12/08/2020,"14,080.0","14,110.0","14,150.0","14,110.0",0.03K,0.00%
12/07/2020,"14,080.0","14,110.0","14,135.0","14,101.0",0.03K,-0.04%
12/04/2020,"14,085.0","14,135.0","14,162.5","14,102.5",0.03K,-0.11%
12/03/2020,"14,100.0","14,120.0","14,179.0","14,120.0",0.02K,0.07%
12/02/2020,"14,090.0","14,120.0","14,156.0","14,120.0",0.01K,-0.07%
12/01/2020,"14,100.0","14,117.5","14,182.5","14,117.5",0.03K,0.07%
11/30/2020,"14,090.0","14,070.0","14,150.0","14,070.0",0.02K,0.14%
11/27/2020,"14,070.0","14,105.0","14,136.5","14,090.0",0.03K,-0.14%
11/26/2020,"14,090.0","14,125.0","14,137.5","14,100.0",0.05K,-0.28%
11/25/2020,"14,130.0","14,145.0","14,177.5","14,140.0",0.05K,-0.07%
11/24/2020,"14,140.0","14,150.0","14,194.5","14,150.0",0.03K,0.07%
11/23/2020,"14,130.0","14,162.5","14,175.0","14,142.5",0.04K,-0.14%
11/20/2020,"14,150.0","14,160.0","14,210.5","14,160.0",0.04K,0.07%
11/19/2020,"14,140.0","14,055.0","14,195.0","14,055.0",0.04K,0.64%
11/18/2020,"14,050.0","14,055.0","14,102.5","14,055.0",0.04K,0.14%
11/17/2020,"14,030.0","14,030.0","14,077.5","14,027.5",0.05K,-0.50%
11/16/2020,"14,100.0","14,120.0","14,147.5","14,107.5",0.06K,-0.35%
11/13/2020,"14,150.0","14,150.0","14,232.5","14,150.0",0.06K,0.07%
11/12/2020,"14,140.0","14,080.0","14,207.5","14,080.0",0.03K,0.50%
11/11/2020,"14,070.0","14,055.0","14,102.5","14,055.0",0.04K,0.21%
11/10/2020,"14,040.0","14,050.0","14,082.5","13,992.5",0.09K,-0.07%
11/09/2020,"14,050.0","14,170.0","14,180.0","14,042.5",0.13K,-0.99%
11/06/2020,"14,190.0","14,255.0","14,302.5","14,200.0",0.08K,-1.25%
11/05/2020,"14,370.0","14,385.0","14,440.0","14,370.0",0.08K,-1.17%
11/04/2020,"14,540.0","14,515.0","14,567.5","14,512.5",0.04K,-0.21%
11/03/2020,"14,570.0","14,612.5","14,635.0","14,584.0",0.06K,-0.38%
11/02/2020,"14,625.0","14,650.0","14,717.5","14,637.5",0.04K,0.03%
10/27/2020,"14,620.0","14,650.0","14,680.0","14,620.0",0.04K,-0.07%
10/26/2020,"14,630.0","14,635.0","14,675.0","14,632.5",0.03K,-0.14%
10/23/2020,"14,650.0","14,660.0","14,722.5","14,650.0",0.03K,0.07%
10/22/2020,"14,640.0","14,615.0","14,690.0","14,615.0",0.03K,0.21%
10/21/2020,"14,610.0","14,635.0","14,667.5","14,615.0",0.07K,-0.27%
10/20/2020,"14,650.0","14,672.5","14,718.0","14,655.0",0.07K,-0.14%
10/19/2020,"14,670.0","14,670.0","14,742.5","14,670.0",0.06K,0.00%
10/16/2020,"14,670.0","14,710.0","14,757.5","14,687.5",0.05K,0.07%
10/15/2020,"14,660.0","14,685.0","14,741.0","14,680.0",0.04K,-0.14%
10/14/2020,"14,680.0","14,710.0","14,765.0","14,705.0",0.03K,0.00%
10/13/2020,"14,680.0","14,695.0","14,767.5","14,695.0",0.04K,0.00%
10/12/2020,"14,680.0","14,685.0","14,732.5","14,685.0",0.02K,0.03%
10/09/2020,"14,675.0","14,695.0","14,727.5","14,665.0",0.03K,-0.07%
10/08/2020,"14,685.0","14,700.0","14,733.0","14,697.5",0.06K,-0.03%
10/07/2020,"14,690.0","14,710.0","14,772.5","14,702.5",0.07K,-0.14%
10/06/2020,"14,710.0","14,605.0","14,762.5","14,605.0",0.05K,-0.54%
10/05/2020,"14,790.0","14,815.0","14,857.5","14,799.5",0.11K,-0.27%
10/02/2020,"14,830.0","14,840.0","14,907.0","14,840.0",0.05K,0.07%
10/01/2020,"14,820.0","14,810.0","14,867.5","14,810.0",0.05K,-0.13%
09/30/2020,"14,840.0","14,857.5","14,922.0","14,857.5",0.04K,-0.03%
09/29/2020,"14,845.0","14,875.0","14,940.5","14,867.5",0.06K,-0.03%
09/28/2020,"14,850.0","14,867.5","14,949.5","14,867.5",0.05K,0.03%
09/25/2020,"14,845.0","14,887.5","14,952.5","14,862.5",0.10K,0.00%
09/24/2020,"14,845.0","14,815.0","14,910.0","14,815.0",0.04K,0.44%
09/23/2020,"14,780.0","14,775.0","14,854.0","14,755.0",0.07K,0.20%
09/22/2020,"14,750.0","14,695.0","14,824.5","14,695.0",0.05K,0.41%
09/21/2020,"14,690.0","14,670.0","14,727.5","14,664.0",0.11K,-0.27%
09/18/2020,"14,730.0","14,755.0","14,780.0","14,713.0",0.13K,-0.61%
09/17/2020,"14,820.0","14,795.0","14,872.0","14,795.0",0.08K,-0.03%
09/16/2020,"14,825.0","14,790.0","14,877.5","14,790.0",0.13K,-0.07%
09/15/2020,"14,835.0","14,805.0","14,875.0","14,802.0",0.14K,-0.17%
09/14/2020,"14,860.0","14,855.0","14,955.0","14,855.0",0.05K,0.00%
09/11/2020,"14,860.0","14,900.0","14,974.0","14,877.5",0.12K,0.27%
09/10/2020,"14,820.0","14,770.0","14,895.0","14,765.0",0.06K,0.27%
09/09/2020,"14,780.0","14,765.0","14,860.0","14,765.0",0.10K,0.14%
09/08/2020,"14,760.0","14,720.0","14,802.5","14,720.0",0.08K,0.20%
09/07/2020,"14,730.0","14,705.0","14,757.5","14,705.0",0.09K,-0.07%
09/04/2020,"14,740.0","14,735.0","14,802.5","14,705.0",0.12K,-0.14%
09/03/2020,"14,760.0","14,755.0","14,835.0","14,755.0",0.16K,0.14%
09/02/2020,"14,740.0","14,605.0","14,820.0","14,605.0",0.11K,1.20%
09/01/2020,"14,565.0","14,535.0","14,620.0","14,535.0",0.10K,0.03%
08/31/2020,"14,560.0","14,505.0","14,567.5","14,505.0",0.10K,-0.38%
08/28/2020,"14,615.0","14,655.0","14,716.5","14,614.5",0.14K,-0.24%
08/27/2020,"14,650.0","14,605.0","14,727.5","14,605.0",0.10K,-0.14%
08/26/2020,"14,670.0","14,585.0","14,695.0","14,585.0",0.14K,0.20%
08/25/2020,"14,640.0","14,600.0","14,660.0","14,575.0",0.12K,-0.20%
08/24/2020,"14,670.0","14,755.0","14,802.5","14,670.5",0.14K,-0.68%
08/19/2020,"14,770.0","14,750.0","14,807.5","14,735.0",0.16K,-0.40%
08/18/2020,"14,830.0","14,750.0","14,881.0","14,750.0",0.20K,0.75%
08/14/2020,"14,720.0","14,775.0","14,844.0","14,775.0",0.02K,0.14%
08/13/2020,"14,700.0","14,742.5","14,795.0","14,725.0",0.05K,0.10%
08/12/2020,"14,685.0","14,640.0","14,770.0","14,640.0",0.05K,0.44%
08/11/2020,"14,620.0","14,580.0","14,720.0","14,580.0",0.06K,0.21%
08/10/2020,"14,590.0","14,600.0","14,700.0","14,600.0",0.03K,0.07%
08/07/2020,"14,580.0","14,555.0","14,675.0","14,555.0",0.03K,-0.03%
08/06/2020,"14,585.0","14,490.0","14,615.0","14,465.0",0.08K,0.24%
08/05/2020,"14,550.0","14,540.0","14,612.5","14,520.0",0.06K,-0.48%
08/04/2020,"14,620.0","14,565.0","14,675.0","14,560.0",0.05K,-0.07%
08/03/2020,"14,630.0","14,605.0","14,647.5","14,595.0",0.02K,0.21%
07/30/2020,"14,600.0","14,455.0","14,620.0","14,455.0",0.03K,0.45%
07/29/2020,"14,535.0","14,455.0","14,595.0","14,454.5",0.10K,0.00%
07/28/2020,"14,535.0","14,460.0","14,561.0","14,445.0",0.03K,0.10%
07/27/2020,"14,520.0","14,505.0","14,580.0","14,480.0",0.07K,-0.62%
07/24/2020,"14,610.0","14,525.0","14,615.0","14,505.0",0.03K,0.21%
07/23/2020,"14,580.0","14,605.0","14,670.0","14,532.5",0.08K,-0.48%
07/22/2020,"14,650.0","14,605.0","14,680.0","14,605.0",0.10K,-0.60%
07/21/2020,"14,738.5","14,755.0","14,780.0","14,725.0",0.10K,-0.31%
07/20/2020,"14,785.0","14,695.0","14,860.0","14,692.5",0.04K,0.61%
07/17/2020,"14,695.0","14,585.0","14,730.0","14,570.0",0.02K,0.48%
07/16/2020,"14,625.0","14,560.0","14,687.5","14,535.0",0.05K,0.26%
07/15/2020,"14,587.5","14,450.0","14,625.0","14,450.0",0.09K,0.95%
07/14/2020,"14,450.0","14,355.0","14,450.0","14,352.0",0.06K,0.17%
07/13/2020,"14,425.0","14,370.0","14,501.0","14,365.0",0.05K,-0.07%
07/10/2020,"14,435.0","14,397.5","14,490.0","14,397.5",0.03K,0.28%
07/09/2020,"14,395.0","14,355.0","14,430.0","14,342.5",0.10K,-0.10%
07/08/2020,"14,410.0","14,395.0","14,450.0","14,375.0",0.04K,-0.21%
07/07/2020,"14,440.0","14,450.0","14,450.0","14,374.0",0.03K,-0.35%
07/06/2020,"14,490.0","14,465.0","14,582.5","14,455.0",0.10K,-0.14%
07/03/2020,"14,510.0","14,380.0","14,605.0","14,380.0",0.09K,0.91%
07/02/2020,"14,378.5","14,265.0","14,383.0","14,265.0",0.02K,0.80%
07/01/2020,"14,265.0","14,245.0","14,325.0","14,245.0",0.03K,0.07%
06/30/2020,"14,255.0","14,175.0","14,315.0","14,165.0",0.04K,0.07%
06/29/2020,"14,245.0","14,225.0","14,275.0","14,225.0",0.01K,0.18%
06/26/2020,"14,220.0","14,105.0","14,250.0","14,100.0",0.06K,0.32%
06/25/2020,"14,175.0","14,085.0","14,195.0","14,079.5",0.08K,0.32%
06/24/2020,"14,130.0","14,110.0","14,175.0","14,099.5",0.07K,-0.21%
06/23/2020,"14,160.0","14,185.0","14,255.0","14,160.0",0.06K,-0.18%
06/22/2020,"14,185.0","14,100.0","14,185.0","14,100.0",0.03K,0.60%
06/19/2020,"14,100.0","14,055.0","14,202.5","14,055.0",0.02K,0.11%
06/18/2020,"14,085.0","14,030.0","14,105.0","14,005.0",0.04K,0.02%
06/17/2020,"14,082.5","14,065.0","14,130.0","14,034.5",0.05K,-0.05%
06/16/2020,"14,090.0","14,085.0","14,130.0","14,047.5",0.04K,-0.18%
06/15/2020,"14,115.0","14,055.0","14,145.0","14,040.0",0.02K,-0.07%
06/12/2020,"14,125.0","14,060.0","14,223.5","14,060.0",0.05K,0.78%
06/11/2020,"14,015.0","13,925.0","14,060.0","13,887.5",0.04K,0.25%
06/10/2020,"13,980.0","13,937.5","14,055.0","13,897.5",0.04K,0.65%
06/09/2020,"13,890.0","13,910.0","14,045.0","13,880.0",0.05K,0.04%
06/08/2020,"13,885.0","13,870.0","13,995.0","13,850.0",0.05K,0.11%
06/05/2020,"13,870.0","14,075.0","14,107.5","13,862.5",0.11K,-1.60%
06/04/2020,"14,095.0","14,105.0","14,170.0","14,070.0",0.11K,0.00%
06/03/2020,"14,095.0","14,245.0","14,255.0","14,095.0",0.09K,-2.22%
06/02/2020,"14,415.0","14,630.0","14,630.0","14,415.0",0.08K,-1.33%
05/29/2020,"14,610.0","14,725.0","14,745.0","14,607.5",0.15K,-0.71%
05/28/2020,"14,715.0","14,740.0","14,777.5","14,710.0",0.07K,0.03%
05/27/2020,"14,710.0","14,740.0","14,780.0","14,707.5",0.07K,-0.30%
05/26/2020,"14,755.0","14,730.0","14,779.5","14,727.5",0.07K,0.31%
05/20/2020,"14,710.0","14,755.0","14,792.5","14,705.0",0.09K,-0.41%
05/19/2020,"14,770.0","14,805.0","14,845.0","14,755.0",0.13K,-0.54%
05/18/2020,"14,850.0","14,855.0","14,895.0","14,835.0",0.08K,-0.07%
05/15/2020,"14,860.0","14,875.0","14,925.0","14,857.5",0.06K,-0.17%
05/14/2020,"14,885.0","14,892.5","14,962.5","14,867.5",0.08K,0.13%
05/13/2020,"14,865.0","14,885.0","14,907.5","14,852.5",0.08K,-0.27%
05/12/2020,"14,905.0","14,930.0","14,986.0","14,902.0",0.08K,0.07%
05/11/2020,"14,895.0","14,945.0","14,962.5","14,885.0",0.08K,-0.17%
05/08/2020,"14,920.0","15,025.0","15,052.5","14,908.0",0.07K,-0.83%
05/06/2020,"15,045.0","15,060.0","15,125.0","15,025.0",0.06K,-0.23%
05/05/2020,"15,080.0","15,125.0","15,150.0","15,030.0",0.08K,-0.13%
05/04/2020,"15,100.0","14,960.0","15,135.0","14,960.0",0.04K,1.51%
04/30/2020,"14,875.0","15,190.0","15,195.0","14,857.5",0.09K,-2.75%
04/29/2020,"15,295.0","15,355.0","15,412.5","15,290.0",0.08K,-0.83%
04/28/2020,"15,422.5","15,405.0","15,507.5","15,395.0",0.11K,0.24%
04/27/2020,"15,385.0","15,455.0","15,505.0","15,385.0",0.02K,-0.10%
04/24/2020,"15,400.0","15,452.5","15,525.0","15,400.0",0.07K,0.00%
04/23/2020,"15,400.0","15,524.0","15,607.5","15,400.0",0.12K,-0.32%
04/22/2020,"15,450.0","15,530.0","15,610.0","15,450.0",0.07K,-0.03%
04/21/2020,"15,455.0","15,500.0","15,585.0","15,455.0",0.03K,0.28%
04/20/2020,"15,412.5","15,470.0","15,519.0","15,412.5",0.05K,-0.11%
04/17/2020,"15,430.0","15,505.0","15,552.5","15,400.0",0.09K,-1.34%
04/16/2020,"15,640.0","15,657.5","15,785.0","15,640.0",0.04K,0.48%
04/15/2020,"15,565.0","15,645.0","15,697.5","15,540.0",0.09K,-0.42%
04/14/2020,"15,630.0","15,700.0","15,727.5","15,630.0",0.07K,0.00%
04/13/2020,"15,630.0","15,800.0","15,825.0","15,630.0",0.07K,-1.20%
04/09/2020,"15,820.0","16,177.5","16,240.0","15,820.0",0.10K,-2.19%
04/08/2020,"16,175.0","16,180.0","16,330.0","16,167.5",0.04K,0.00%
04/07/2020,"16,175.0","16,385.0","16,436.5","16,175.0",0.07K,-1.45%
04/06/2020,"16,412.5","16,450.0","16,575.0","16,412.5",0.02K,-0.08%
04/03/2020,"16,425.0","16,445.0","16,505.0","16,425.0",0.03K,-0.30%
04/02/2020,"16,475.0","16,505.0","16,570.0","16,475.0",0.02K,0.15%
04/01/2020,"16,450.0","16,325.0","16,480.0","16,325.0",0.03K,0.86%
03/31/2020,"16,310.0","16,325.0","16,392.5","16,300.0",0.11K,-0.17%
03/30/2020,"16,337.5","16,155.0","16,416.0","16,155.0",0.03K,1.22%
03/27/2020,"16,140.0","16,105.0","16,265.0","16,060.0",0.10K,-1.01%
03/26/2020,"16,305.0","16,205.0","16,360.0","16,205.0",0.09K,-1.18%
03/24/2020,"16,500.0","16,505.0","16,525.0","16,472.5",0.06K,-0.45%
03/23/2020,"16,575.0","15,975.0","16,640.0","15,975.0",0.05K,4.08%
03/20/2020,"15,925.0","15,962.5","16,225.0","15,925.0",0.04K,0.08%
03/19/2020,"15,912.5","15,287.5","15,912.5","15,287.5",0.02K,4.57%
03/18/2020,"15,217.5","15,097.5","15,232.5","15,097.5",0.03K,0.31%
03/17/2020,"15,170.0","14,940.0","15,170.0","14,940.0",0.05K,1.64%
03/16/2020,"14,925.0","14,725.0","15,002.0","14,725.0",0.10K,1.05%
03/13/2020,"14,770.0","14,610.0","14,865.0","14,610.0",0.12K,1.71%
03/12/2020,"14,521.5","14,366.5","14,521.5","14,366.5",0.04K,1.18%
03/11/2020,"14,352.5","14,302.5","14,392.5","14,292.5",0.24K,0.05%
03/10/2020,"14,346.0","14,391.0","14,416.0","14,281.0",0.28K,-0.32%
03/09/2020,"14,392.5","14,247.5","14,392.5","14,247.5",0.03K,1.14%
03/06/2020,"14,230.0","14,190.0","14,295.0","14,190.0",0.15K,0.42%
03/05/2020,"14,170.0","14,120.0","14,190.0","14,120.0",0.22K,0.39%
03/04/2020,"14,115.0","14,255.0","14,255.0","14,095.0",0.24K,-1.17%
03/03/2020,"14,281.5","14,196.5","14,286.5","14,196.5",0.17K,0.12%
03/02/2020,"14,265.0","14,355.0","14,420.0","14,225.0",0.07K,-0.58%
02/28/2020,"14,347.5","14,057.5","14,347.5","14,057.5",0.06K,2.23%
02/27/2020,"14,035.0","13,935.0","14,035.0","13,935.0",0.12K,0.74%
02/26/2020,"13,932.5","13,887.5","13,947.5","13,887.5",0.04K,0.36%
02/25/2020,"13,882.5","13,872.5","13,912.5","13,872.5",0.06K,0.09%
02/24/2020,"13,870.0","13,775.0","13,895.0","13,775.0",0.06K,0.76%
02/21/2020,"13,765.0","13,720.0","13,765.0","13,720.0",0.03K,0.42%
02/20/2020,"13,707.5","13,697.5","13,777.5","13,697.5",0.15K,0.15%
02/19/2020,"13,687.5","13,697.5","13,722.5","13,687.5",0.16K,0.16%
02/18/2020,"13,665.0","13,655.0","13,695.0","13,655.0",0.15K,0.09%
02/17/2020,"13,652.5","13,672.5","13,692.5","13,651.5",0.18K,-0.16%
02/14/2020,"13,675.0","13,685.0","13,715.0","13,675.0",0.18K,-0.04%
02/13/2020,"13,680.0","13,660.0","13,715.0","13,660.0",0.12K,0.15%
02/12/2020,"13,660.0","13,645.0","13,680.0","13,645.0",0.22K,-0.04%
02/11/2020,"13,665.0","13,695.0","13,695.0","13,665.0",0.12K,-0.22%
02/10/2020,"13,695.0","13,675.0","13,730.0","13,675.0",0.08K,0.15%
02/07/2020,"13,675.0","13,620.0","13,680.0","13,620.0",0.07K,0.40%
02/06/2020,"13,620.0","13,645.0","13,675.0","13,595.0",0.29K,-0.40%
02/05/2020,"13,675.0","13,695.0","13,735.0","13,675.0",0.23K,-0.26%
02/04/2020,"13,710.0","13,745.0","13,770.0","13,695.0",0.20K,-0.24%
02/03/2020,"13,742.5","13,662.5","13,742.5","13,662.5",0.04K,0.64%
01/31/2020,"13,655.0","13,645.0","13,663.0","13,645.0",0.03K,0.07%
01/30/2020,"13,645.0","13,635.0","13,672.0","13,630.0",0.12K,0.13%
01/29/2020,"13,627.5","13,622.5","13,649.5","13,622.5",0.20K,-0.07%
01/28/2020,"13,637.5","13,617.5","13,660.5","13,617.5",0.21K,0.24%
01/27/2020,"13,605.0","13,575.0","13,625.0","13,575.0",0.11K,0.24%
01/24/2020,"13,572.5","13,637.5","13,645.5","13,572.5",0.21K,-0.42%
01/23/2020,"13,630.0","13,640.0","13,650.0","13,605.0",0.20K,-0.11%
01/22/2020,"13,644.5","13,664.5","13,689.5","13,624.5",0.19K,-0.10%
01/21/2020,"13,657.5","13,637.5","13,677.5","13,632.5",0.21K,0.18%
01/20/2020,"13,632.5","13,642.5","13,660.5","13,632.5",0.22K,-0.04%
01/17/2020,"13,637.5","13,647.5","13,667.5","13,632.5",0.17K,0.06%
01/16/2020,"13,630.0","13,680.0","13,680.0","13,620.0",0.17K,-0.26%
01/15/2020,"13,665.0","13,675.0","13,730.0","13,665.0",0.15K,-0.04%
01/14/2020,"13,670.0","13,655.0","13,695.0","13,635.0",0.16K,0.01%
01/13/2020,"13,668.0","13,733.0","13,743.0","13,668.0",0.18K,-0.69%
01/10/2020,"13,762.5","13,857.5","13,860.5","13,747.5",0.18K,-0.63%
01/09/2020,"13,850.0","13,855.0","13,870.0","13,835.0",0.19K,-0.31%
01/08/2020,"13,892.5","13,907.5","13,942.5","13,892.5",0.24K,0.13%
01/07/2020,"13,875.0","13,935.0","13,935.0","13,875.0",0.19K,-0.47%
01/06/2020,"13,940.0","13,925.0","13,970.0","13,925.0",0.14K,0.11%
01/03/2020,"13,925.0","13,880.0","13,935.0","13,880.0",0.10K,0.26%
01/02/2020,"13,889.0","13,870.0","13,905.0","13,870.0",0.06K,0.05%
01/01/2020,"13,882.5","13,882.5","13,882.5","13,882.5",,0.00%
12/31/2019,"13,882.5","13,922.5","13,922.5","13,862.5",0.05K,-0.30%
12/30/2019,"13,924.5","13,949.5","13,949.5","13,914.5",0.09K,-0.18%
12/27/2019,"13,950.0","13,955.0","13,962.0","13,947.0",0.12K,-0.04%
12/26/2019,"13,955.0","13,970.0","13,980.0","13,955.0",0.10K,-0.09%
12/25/2019,"13,967.5","13,967.5","13,967.5","13,967.5",,0.00%
12/24/2019,"13,967.5","13,967.5","13,967.5","13,967.5",,0.00%
12/23/2019,"13,967.5","13,957.5","13,992.5","13,957.5",0.08K,-0.07%
12/20/2019,"13,977.5","13,982.5","14,003.5","13,977.5",0.13K,-0.05%
12/19/2019,"13,985.0","13,975.0","14,000.0","13,975.0",0.14K,0.07%
12/18/2019,"13,975.0","13,995.0","14,010.0","13,975.0",0.11K,-0.11%
12/17/2019,"13,990.0","13,995.0","14,019.0","13,990.0",0.11K,-0.11%
12/16/2019,"14,005.0","13,995.0","14,020.0","13,995.0",0.04K,0.14%
12/13/2019,"13,985.0","13,980.0","13,990.0","13,955.0",0.03K,-0.29%
12/12/2019,"14,025.0","14,035.0","14,045.0","14,025.0",0.11K,-0.07%
12/11/2019,"14,035.0","13,995.0","14,045.0","13,995.0",0.07K,0.18%
12/10/2019,"14,010.0","13,995.0","14,020.0","13,995.0",0.07K,-0.04%
12/09/2019,"14,015.0","14,005.0","14,023.0","14,005.0",0.06K,-0.16%
12/06/2019,"14,037.5","14,012.5","14,042.5","14,012.5",0.12K,-0.20%
12/05/2019,"14,065.0","14,100.0","14,100.0","14,065.0",0.14K,-0.28%
12/04/2019,"14,105.0","14,110.0","14,130.0","14,105.0",0.11K,0.00%
12/03/2019,"14,105.0","14,115.0","14,132.0","14,105.0",0.11K,-0.14%
12/02/2019,"14,125.0","14,105.0","14,135.0","14,105.0",0.05K,0.14%
11/29/2019,"14,105.0","14,090.0","14,120.0","14,090.0",0.07K,0.11%
11/28/2019,"14,090.0","14,085.0","14,102.0","14,085.0",0.06K,-0.04%
11/27/2019,"14,095.0","14,085.0","14,105.0","14,080.0",0.08K,0.07%
11/26/2019,"14,085.0","14,085.0","14,095.0","14,075.0",0.17K,0.07%
11/25/2019,"14,075.0","14,086.0","14,095.0","14,075.0",0.16K,-0.07%
11/22/2019,"14,085.0","14,085.0","14,110.0","14,080.0",0.16K,-0.02%
11/21/2019,"14,087.5","14,097.5","14,122.5","14,087.5",0.15K,-0.05%
11/20/2019,"14,094.5","14,084.5","14,102.5","14,084.5",0.10K,0.03%
11/19/2019,"14,090.0","14,075.0","14,097.0","14,075.0",0.16K,0.10%
11/18/2019,"14,076.5","14,071.5","14,088.5","14,071.5",0.14K,0.02%
11/15/2019,"14,073.0","14,055.0","14,080.0","14,055.0",0.15K,-0.09%
11/14/2019,"14,085.0","14,075.0","14,105.0","14,075.0",0.22K,0.03%
11/13/2019,"14,081.0","14,064.0","14,088.0","14,064.0",0.18K,0.18%
11/12/2019,"14,055.0","14,057.0","14,065.0","14,045.0",0.17K,-0.06%
11/11/2019,"14,063.0","14,030.0","14,075.0","14,015.0",0.14K,0.35%
11/08/2019,"14,014.0","14,009.0","14,029.0","14,009.0",0.26K,0.14%
11/07/2019,"13,994.5","14,034.5","14,047.5","13,994.5",0.17K,-0.15%
11/06/2019,"14,015.0","13,980.0","14,032.0","13,980.0",0.20K,0.34%
11/05/2019,"13,967.5","14,017.5","14,035.5","13,967.5",0.24K,-0.34%
11/04/2019,"14,015.0","13,995.0","14,020.0","13,995.0",0.12K,-0.14%
11/01/2019,"14,035.0","14,045.0","14,072.0","14,035.0",0.24K,-0.01%
10/31/2019,"14,037.0","13,995.0","14,045.0","13,985.0",0.19K,0.07%
10/30/2019,"14,027.0","14,040.0","14,050.0","14,027.0",0.15K,0.01%
10/29/2019,"14,025.0","14,025.0","14,040.0","14,013.0",0.19K,0.00%
10/28/2019,"14,025.0","14,020.0","14,032.0","14,015.0",0.20K,-0.07%
10/25/2019,"14,035.0","14,045.0","14,073.0","14,035.0",0.17K,-0.17%
10/24/2019,"14,059.0","14,005.0","14,060.0","13,985.0",0.16K,0.21%
10/23/2019,"14,029.0","14,034.0","14,064.0","14,014.0",0.23K,-0.08%
10/22/2019,"14,040.0","14,073.0","14,073.0","13,993.0",0.24K,-0.27%
10/21/2019,"14,078.0","14,125.0","14,135.0","14,078.0",0.23K,-0.47%
10/18/2019,"14,144.5","14,135.5","14,153.5","14,125.5",0.14K,-0.02%
10/17/2019,"14,148.0","14,175.0","14,176.0","14,146.0",0.16K,-0.15%
10/16/2019,"14,169.0","14,175.0","14,194.0","14,165.0",0.28K,0.03%
10/15/2019,"14,165.0","14,135.0","14,170.0","14,135.0",0.17K,0.18%
10/14/2019,"14,139.0","14,114.0","14,139.0","14,112.0",0.22K,0.08%
10/11/2019,"14,128.0","14,125.0","14,155.0","14,125.0",0.15K,-0.17%
10/10/2019,"14,151.5","14,171.5","14,181.5","14,131.5",0.21K,-0.13%
10/09/2019,"14,170.0","14,165.0","14,185.0","14,165.0",0.18K,0.11%
10/08/2019,"14,155.0","14,175.0","14,180.0","14,135.0",0.20K,-0.05%
10/07/2019,"14,162.5","14,137.5","14,167.5","14,137.5",0.12K,0.19%
10/04/2019,"14,135.0","14,150.0","14,150.0","14,115.0",0.23K,-0.26%
10/03/2019,"14,172.5","14,192.5","14,197.5","14,167.5",0.27K,-0.16%
10/02/2019,"14,195.0","14,215.0","14,215.0","14,185.0",0.17K,-0.12%
10/01/2019,"14,212.5","14,182.5","14,222.5","14,182.5",0.16K,0.12%
09/30/2019,"14,195.0","14,155.0","14,195.0","14,155.0",0.08K,0.21%
09/27/2019,"14,165.0","14,185.0","14,200.0","14,165.0",0.15K,-0.09%
09/26/2019,"14,177.5","14,147.5","14,177.5","14,145.5",0.12K,0.19%
09/25/2019,"14,150.0","14,120.0","14,155.0","14,120.0",0.15K,0.27%
09/24/2019,"14,112.5","14,077.5","14,112.5","14,077.5",0.08K,0.20%
09/23/2019,"14,085.0","14,070.0","14,090.0","14,065.0",0.16K,0.21%
09/20/2019,"14,055.0","14,090.0","14,090.0","14,055.0",0.14K,-0.04%
09/19/2019,"14,060.0","14,075.0","14,104.0","14,060.0",0.17K,0.00%
09/18/2019,"14,060.0","14,075.0","14,090.0","14,060.0",0.14K,-0.25%
09/17/2019,"14,095.0","14,060.0","14,110.0","14,060.0",0.15K,0.39%
09/16/2019,"14,040.0","13,980.0","14,055.0","13,975.0",0.17K,0.54%
09/13/2019,"13,965.0","13,935.0","13,975.0","13,905.0",0.17K,-0.18%
09/12/2019,"13,990.0","14,045.0","14,055.0","13,985.0",0.21K,-0.50%
09/11/2019,"14,060.0","14,055.0","14,070.0","14,050.0",0.13K,0.07%
09/10/2019,"14,050.0","14,035.0","14,055.0","14,025.0",0.14K,0.14%
09/09/2019,"14,031.0","14,086.0","14,096.0","14,026.0",0.22K,-0.45%
09/06/2019,"14,095.0","14,135.0","14,150.0","14,085.0",0.16K,-0.39%
09/05/2019,"14,150.0","14,155.0","14,165.0","14,142.0",0.13K,-0.02%
09/04/2019,"14,152.5","14,222.5","14,222.5","14,152.5",0.29K,-0.51%
09/03/2019,"14,225.0","14,200.0","14,235.0","14,200.0",0.14K,0.22%
09/02/2019,"14,194.0","14,185.0","14,202.0","14,184.0",0.13K,0.06%
08/30/2019,"14,185.0","14,220.0","14,245.0","14,185.0",0.17K,-0.37%
08/29/2019,"14,237.5","14,242.5","14,262.5","14,232.5",0.21K,-0.12%
08/28/2019,"14,255.0","14,255.0","14,270.0","14,254.0",0.24K,0.00%
08/27/2019,"14,255.0","14,245.0","14,260.0","14,230.0",0.30K,0.11%
08/26/2019,"14,240.0","14,235.0","14,280.0","14,235.0",0.22K,0.19%
08/23/2019,"14,212.5","14,237.5","14,252.5","14,202.5",0.29K,-0.16%
08/22/2019,"14,235.0","14,225.0","14,250.0","14,225.0",0.22K,-0.04%
08/21/2019,"14,240.0","14,260.0","14,275.0","14,225.0",0.29K,-0.14%
08/20/2019,"14,260.0","14,235.0","14,275.0","14,235.0",0.23K,0.18%
08/19/2019,"14,235.0","14,215.0","14,240.0","14,185.0",0.17K,0.00%
08/16/2019,"14,235.0","14,260.0","14,270.0","14,225.0",0.16K,-0.23%
08/15/2019,"14,267.5","14,267.5","14,312.5","14,257.5",0.19K,0.16%
08/14/2019,"14,245.0","14,255.0","14,255.0","14,215.0",0.22K,-0.51%
08/13/2019,"14,317.5","14,257.5","14,332.5","14,257.5",0.20K,0.49%
08/12/2019,"14,247.5","14,202.5","14,249.5","14,202.5",0.10K,0.41%
08/09/2019,"14,190.0","14,205.0","14,210.0","14,175.0",0.24K,-0.13%
08/08/2019,"14,208.0","14,213.0","14,243.0","14,193.0",0.35K,-0.10%
08/07/2019,"14,222.5","14,257.5","14,297.5","14,207.5",0.24K,-0.30%
08/06/2019,"14,265.0","14,305.0","14,355.0","14,255.0",0.28K,0.07%
08/05/2019,"14,255.0","14,190.0","14,280.0","14,190.0",0.17K,0.53%
08/02/2019,"14,180.0","14,165.0","14,230.0","14,165.0",0.14K,0.45%
08/01/2019,"14,116.0","14,061.0","14,128.0","14,061.0",0.17K,0.71%
07/31/2019,"14,017.0","14,015.0","14,031.0","14,005.0",0.33K,-0.02%
07/30/2019,"14,020.0","14,020.0","14,040.0","14,015.0",0.20K,0.00%
07/29/2019,"14,020.0","13,995.0","14,028.0","13,995.0",0.25K,0.11%
07/26/2019,"14,004.0","13,995.0","14,015.0","13,995.0",0.20K,0.19%
07/25/2019,"13,977.5","13,987.5","13,992.5","13,972.5",0.24K,-0.11%
07/24/2019,"13,993.0","13,983.0","14,025.0","13,983.0",0.19K,0.06%
07/23/2019,"13,984.0","13,954.0","13,990.0","13,954.0",0.22K,0.28%
07/22/2019,"13,945.0","13,945.0","13,970.0","13,940.0",0.17K,0.07%
07/19/2019,"13,935.0","13,935.0","13,945.0","13,890.0",0.30K,-0.18%
07/18/2019,"13,960.0","13,965.0","13,984.0","13,925.0",0.28K,-0.14%
07/17/2019,"13,980.0","13,940.0","13,990.0","13,935.0",0.21K,0.32%
07/16/2019,"13,935.0","13,905.0","13,943.0","13,905.0",0.22K,0.11%
07/15/2019,"13,919.5","13,999.5","13,999.5","13,889.5",0.25K,-0.62%
07/12/2019,"14,007.0","14,073.0","14,098.0","14,003.0",0.18K,-0.41%
07/11/2019,"14,065.0","14,100.0","14,105.0","14,050.0",0.18K,-0.46%
07/10/2019,"14,130.0","14,135.0","14,155.0","14,130.0",0.19K,0.00%
07/09/2019,"14,130.0","14,105.0","14,135.0","14,105.0",0.19K,0.14%
07/08/2019,"14,110.0","14,115.0","14,155.0","14,095.0",0.19K,0.20%
07/05/2019,"14,082.5","14,137.5","14,147.5","14,077.5",0.11K,-0.41%
07/04/2019,"14,140.0","14,105.0","14,145.0","14,100.0",0.13K,0.16%
07/03/2019,"14,117.5","14,142.5","14,167.5","14,117.5",0.10K,-0.14%
07/02/2019,"14,137.5","14,117.5","14,147.5","14,117.5",0.11K,0.18%
07/01/2019,"14,112.5","14,082.5","14,117.5","14,082.5",0.12K,-0.11%
06/28/2019,"14,127.5","14,132.5","14,147.5","14,097.5",0.09K,-0.09%
06/27/2019,"14,140.0","14,175.0","14,185.0","14,140.0",0.09K,-0.25%
06/26/2019,"14,175.0","14,135.0","14,185.0","14,135.0",0.05K,0.35%
06/25/2019,"14,125.0","14,140.0","14,145.0","14,095.0",0.11K,-0.11%
06/24/2019,"14,140.0","14,135.0","14,175.0","14,135.0",0.04K,-0.11%
06/21/2019,"14,155.0","14,125.0","14,170.0","14,080.0",0.09K,-0.19%
06/20/2019,"14,182.5","14,242.5","14,252.5","14,172.5",0.19K,-0.61%
06/19/2019,"14,269.5","14,264.5","14,279.5","14,259.5",0.07K,-0.37%
06/18/2019,"14,322.5","14,332.5","14,342.5","14,317.5",0.11K,-0.09%
06/17/2019,"14,335.0","14,330.0","14,355.0","14,330.0",0.07K,0.07%
06/14/2019,"14,325.0","14,275.0","14,330.0","14,275.0",0.04K,0.32%
06/13/2019,"14,280.0","14,235.0","14,280.0","14,235.0",0.02K,0.32%
06/12/2019,"14,235.0","14,225.0","14,265.0","14,220.0",0.09K,-0.02%
06/11/2019,"14,237.5","14,242.5","14,260.5","14,232.5",0.05K,-0.09%
06/10/2019,"14,250.0","14,205.0","14,260.0","14,205.0",0.03K,-0.18%
06/07/2019,"14,275.0","14,275.0","14,275.0","14,275.0",,0.00%
06/06/2019,"14,275.0","14,275.0","14,275.0","14,275.0",,0.00%
06/05/2019,"14,275.0","14,275.0","14,275.0","14,275.0",,0.00%
06/04/2019,"14,275.0","14,275.0","14,275.0","14,275.0",,0.00%
06/03/2019,"14,275.0","14,275.0","14,275.0","14,275.0",,0.00%
05/31/2019,"14,275.0","14,380.0","14,385.0","14,255.0",0.06K,-0.87%
05/30/2019,"14,400.0","14,400.0","14,400.0","14,400.0",,0.00%
05/29/2019,"14,400.0","14,385.0","14,435.0","14,385.0",0.04K,0.17%
05/28/2019,"14,375.0","14,365.0","14,390.0","14,365.0",0.06K,-0.03%
05/27/2019,"14,380.0","14,355.0","14,390.0","14,345.0",0.05K,-0.09%
05/24/2019,"14,392.5","14,442.5","14,472.5","14,392.5",0.15K,-0.47%
05/23/2019,"14,460.0","14,510.0","14,525.0","14,455.0",0.12K,-0.45%
05/22/2019,"14,525.0","14,470.0","14,530.0","14,470.0",0.05K,0.31%
05/21/2019,"14,480.0","14,455.0","14,480.0","14,455.0",0.03K,0.17%
05/20/2019,"14,455.0","14,450.0","14,460.0","14,450.0",0.01K,0.03%
05/17/2019,"14,450.0","14,460.0","14,475.0","14,445.0",0.08K,0.00%
05/16/2019,"14,450.0","14,455.0","14,475.0","14,440.0",0.11K,-0.07%
05/15/2019,"14,460.0","14,445.0","14,465.0","14,440.0",0.09K,0.21%
05/14/2019,"14,430.0","14,420.0","14,460.0","14,420.0",0.06K,0.10%
05/13/2019,"14,415.0","14,335.0","14,442.0","14,335.0",0.08K,0.63%
05/10/2019,"14,325.0","14,325.0","14,370.0","14,325.0",0.10K,-0.17%
05/09/2019,"14,350.0","14,300.0","14,375.0","14,300.0",0.09K,0.38%
05/08/2019,"14,295.0","14,290.0","14,315.0","14,290.0",0.13K,0.11%
05/07/2019,"14,280.0","14,290.0","14,320.0","14,265.0",0.14K,-0.09%
05/06/2019,"14,292.5","14,272.5","14,332.5","14,272.5",0.07K,0.26%
05/03/2019,"14,255.0","14,255.0","14,287.0","14,255.0",0.09K,0.04%
05/02/2019,"14,250.0","14,205.0","14,270.0","14,205.0",0.07K,0.00%
05/01/2019,"14,250.0","14,250.0","14,250.0","14,250.0",,0.00%
04/30/2019,"14,250.0","14,195.0","14,265.0","14,195.0",0.11K,0.35%
04/29/2019,"14,200.0","14,190.0","14,217.0","14,180.0",0.07K,0.09%
04/26/2019,"14,187.5","14,192.5","14,202.5","14,172.5",0.09K,0.02%
04/25/2019,"14,185.0","14,095.0","14,190.0","14,095.0",0.08K,0.64%
04/24/2019,"14,095.0","14,090.0","14,130.0","14,090.0",0.09K,0.14%
04/23/2019,"14,075.0","14,065.0","14,090.0","14,065.0",0.12K,0.00%
04/22/2019,"14,075.0","14,045.0","14,097.0","14,045.0",0.09K,0.23%
04/19/2019,"14,042.5","14,042.5","14,042.5","14,042.5",,0.00%
04/18/2019,"14,042.5","14,002.5","14,047.5","13,992.5",0.05K,-0.30%
04/17/2019,"14,085.0","14,085.0","14,085.0","14,085.0",,0.00%
04/16/2019,"14,085.0","14,060.0","14,085.0","14,060.0",0.04K,0.18%
04/15/2019,"14,060.0","14,085.0","14,085.0","14,060.0",0.06K,-0.23%
04/12/2019,"14,092.5","14,142.5","14,152.5","14,092.5",0.07K,-0.30%
04/11/2019,"14,135.0","14,150.0","14,165.0","14,135.0",0.15K,-0.11%
04/10/2019,"14,150.0","14,145.0","14,170.0","14,145.0",0.12K,0.12%
04/09/2019,"14,133.0","14,148.0","14,153.0","14,129.0",0.11K,-0.21%
04/08/2019,"14,163.0","14,133.0","14,173.0","14,133.0",0.11K,0.27%
04/05/2019,"14,125.0","14,180.0","14,180.0","14,125.0",0.12K,-0.39%
04/04/2019,"14,180.0","14,190.0","14,195.0","14,175.0",0.10K,-0.28%
04/03/2019,"14,220.0","14,220.0","14,220.0","14,220.0",,0.00%
04/02/2019,"14,220.0","14,220.0","14,245.0","14,219.0",0.12K,-0.04%
04/01/2019,"14,225.0","14,225.0","14,246.0","14,220.0",0.07K,-0.11%
03/29/2019,"14,240.0","14,245.0","14,250.0","14,220.0",0.11K,-0.01%
03/28/2019,"14,242.0","14,220.0","14,260.0","14,215.0",0.07K,0.33%
03/27/2019,"14,195.0","14,175.0","14,225.0","14,175.0",0.10K,0.18%
03/26/2019,"14,170.0","14,195.0","14,195.0","14,155.0",0.13K,-0.07%
03/25/2019,"14,180.0","14,195.0","14,230.0","14,179.0",0.11K,0.11%
03/22/2019,"14,165.0","14,135.0","14,170.0","14,135.0",0.10K,0.18%
03/21/2019,"14,140.0","14,105.0","14,145.0","14,084.0",0.11K,-0.32%
03/20/2019,"14,185.0","14,215.0","14,235.0","14,180.0",0.14K,-0.32%
03/19/2019,"14,230.0","14,215.0","14,240.0","14,215.0",0.16K,-0.05%
03/18/2019,"14,237.5","14,232.5","14,247.5","14,212.5",0.11K,-0.15%
03/15/2019,"14,259.0","14,284.0","14,314.0","14,259.0",0.12K,-0.06%
03/14/2019,"14,267.0","14,235.0","14,284.0","14,235.0",0.10K,0.01%
03/13/2019,"14,265.0","14,245.0","14,286.0","14,245.0",0.05K,0.00%
03/12/2019,"14,265.0","14,245.0","14,280.0","14,235.0",0.09K,-0.17%
03/11/2019,"14,290.0","14,310.0","14,338.0","14,275.0",0.16K,-0.14%
03/08/2019,"14,310.0","14,200.0","14,340.0","14,200.0",0.10K,1.20%
03/07/2019,"14,140.0","14,140.0","14,140.0","14,140.0",,0.00%
03/06/2019,"14,140.0","14,125.0","14,155.0","14,120.0",0.09K,0.14%
03/05/2019,"14,120.0","14,125.0","14,155.0","14,120.0",0.12K,-0.07%
03/04/2019,"14,130.0","14,120.0","14,155.0","14,115.0",0.10K,0.11%
03/01/2019,"14,115.0","14,102.0","14,135.0","14,102.0",0.10K,0.36%
02/28/2019,"14,065.0","14,030.0","14,083.0","14,030.0",0.14K,0.25%
02/27/2019,"14,030.0","13,985.0","14,045.0","13,980.0",0.19K,0.28%
02/26/2019,"13,991.0","13,963.0","14,003.0","13,963.0",0.15K,-0.19%
02/25/2019,"14,017.5","13,987.5","14,022.5","13,987.5",0.15K,-0.28%
02/22/2019,"14,057.5","14,067.5","14,082.5","14,049.5",0.13K,-0.04%
02/21/2019,"14,063.0","14,040.0","14,075.0","14,040.0",0.14K,0.16%
02/20/2019,"14,040.0","14,080.0","14,080.0","14,040.0",0.17K,-0.44%
02/19/2019,"14,102.0","14,105.0","14,130.0","14,102.0",0.15K,-0.03%
02/18/2019,"14,106.5","14,101.5","14,116.5","14,076.5",0.06K,-0.25%
02/15/2019,"14,142.5","14,092.5","14,157.5","14,092.5",0.06K,0.37%
02/14/2019,"14,090.0","14,065.0","14,100.0","14,065.0",0.10K,0.23%
02/13/2019,"14,057.5","14,027.5","14,057.5","14,007.5",0.15K,-0.08%
02/12/2019,"14,068.5","14,083.5","14,098.5","14,033.5",0.12K,0.20%
02/11/2019,"14,040.0","13,985.0","14,050.0","13,985.0",0.11K,0.54%
02/08/2019,"13,965.0","13,975.0","14,000.0","13,948.0",0.16K,-0.05%
02/07/2019,"13,972.5","13,927.5","13,987.5","13,927.5",0.07K,0.36%
02/06/2019,"13,922.0","13,950.0","13,950.0","13,890.0",0.15K,-0.24%
02/05/2019,"13,955.0","13,955.0","13,955.0","13,955.0",,0.00%
02/04/2019,"13,955.0","13,950.0","13,995.0","13,940.0",0.10K,0.11%
02/01/2019,"13,940.0","13,945.0","13,985.0","13,940.0",0.16K,-0.23%
01/31/2019,"13,972.5","14,132.5","14,132.5","13,957.5",0.15K,-1.11%
01/30/2019,"14,130.0","14,097.0","14,132.0","14,085.0",0.06K,0.25%
01/29/2019,"14,095.0","14,070.0","14,097.0","14,070.0",0.06K,0.18%
01/28/2019,"14,070.0","14,065.0","14,075.0","14,025.0",0.09K,-0.11%
01/25/2019,"14,085.0","14,155.0","14,170.0","14,084.0",0.15K,-0.56%
01/24/2019,"14,165.0","14,135.0","14,175.0","14,120.0",0.07K,-0.11%
01/23/2019,"14,180.0","14,195.0","14,200.0","14,165.0",0.14K,-0.25%
01/22/2019,"14,215.0","14,210.0","14,230.0","14,185.0",0.11K,-0.05%
01/21/2019,"14,222.5","14,182.5","14,232.5","14,182.5",0.09K,0.34%
01/18/2019,"14,175.0","14,185.0","14,200.0","14,155.0",0.14K,-0.04%
01/17/2019,"14,180.0","14,120.0","14,200.0","14,120.0",0.10K,0.41%
01/16/2019,"14,122.5","14,112.5","14,162.5","14,107.5",0.07K,0.21%
01/15/2019,"14,092.5","14,087.5","14,107.5","14,062.5",0.06K,-0.22%
01/14/2019,"14,124.0","14,034.0","14,144.0","14,034.0",0.05K,0.56%
01/11/2019,"14,045.0","14,065.0","14,095.0","14,015.0",0.04K,-0.07%
01/10/2019,"14,055.0","14,055.0","14,110.0","14,005.0",0.19K,-0.50%
01/09/2019,"14,125.0","14,105.0","14,180.0","14,085.0",0.24K,-0.14%
01/08/2019,"14,145.0","14,050.0","14,162.0","13,995.0",0.19K,0.39%
01/07/2019,"14,090.0","14,190.0","14,190.0","13,995.0",0.22K,-1.26%
01/04/2019,"14,270.0","14,380.0","14,380.0","14,255.0",0.12K,-0.97%
01/03/2019,"14,410.0","14,445.0","14,490.0","14,410.0",0.08K,-0.28%
01/02/2019,"14,450.0","14,425.0","14,485.0","14,425.0",0.09K,0.49%
01/01/2019,"14,380.0","14,380.0","14,380.0","14,380.0",,0.00%
12/31/2018,"14,380.0","14,485.0","14,496.0","14,380.0",,-1.24%
12/28/2018,"14,560.0","14,560.0","14,575.0","14,535.0",,0.00%
12/27/2018,"14,560.0","14,555.0","14,595.0","14,555.0",,-0.10%
12/26/2018,"14,575.0","14,580.0","14,610.0","14,565.0",,0.14%
12/25/2018,"14,555.0","14,555.0","14,555.0","14,555.0",,0.00%
12/24/2018,"14,555.0","14,555.0","14,555.0","14,555.0",,0.00%
12/21/2018,"14,555.0","14,480.0","14,560.0","14,454.0",,0.59%
12/20/2018,"14,470.0","14,465.0","14,520.0","14,455.0",,0.19%
12/19/2018,"14,442.5","14,437.5","14,442.5","14,337.5",,-0.40%
12/18/2018,"14,500.0","14,555.0","14,560.0","14,480.0",,-0.51%
12/17/2018,"14,575.0","14,585.0","14,630.0","14,574.0",,-0.07%
12/14/2018,"14,585.0","14,505.0","14,585.0","14,505.0",,0.60%
12/13/2018,"14,497.5","14,527.5","14,557.5","14,479.5",,-0.69%
12/12/2018,"14,597.5","14,562.5","14,602.5","14,552.5",,-0.02%
12/11/2018,"14,600.0","14,585.0","14,655.0","14,585.0",,0.31%
12/10/2018,"14,555.0","14,475.0","14,555.0","14,475.0",,0.59%
12/07/2018,"14,470.0","14,495.0","14,536.0","14,455.0",,-0.34%
12/06/2018,"14,520.0","14,435.0","14,570.0","14,435.0",,0.87%
12/05/2018,"14,395.0","14,355.0","14,430.0","14,354.0",,0.73%
12/04/2018,"14,290.0","14,305.0","14,325.0","14,265.0",,0.35%
12/03/2018,"14,240.0","14,255.0","14,270.0","14,210.0",,-0.44%
11/30/2018,"14,302.5","14,302.5","14,352.5","14,252.5",,-0.56%
11/29/2018,"14,382.5","14,462.5","14,462.5","14,332.5",,-1.00%
11/28/2018,"14,527.5","14,513.5","14,542.5","14,509.5",,0.10%
11/27/2018,"14,513.5","14,488.5","14,518.5","14,478.5",,0.27%
11/26/2018,"14,475.0","14,540.0","14,565.0","14,455.0",,-0.45%
11/23/2018,"14,540.0","14,555.0","14,562.0","14,505.0",,-0.26%
11/22/2018,"14,577.5","14,597.5","14,607.5","14,567.5",,-0.19%
11/21/2018,"14,605.0","14,615.0","14,645.0","14,565.0",,0.10%
11/20/2018,"14,590.0","14,590.0","14,590.0","14,590.0",,0.00%
11/19/2018,"14,590.0","14,520.0","14,625.0","14,520.0",,-0.15%
11/16/2018,"14,611.5","14,603.5","14,613.5","14,533.5",,-0.45%
11/15/2018,"14,677.5","14,742.5","14,777.5","14,632.5",,-0.74%
11/14/2018,"14,787.0","14,802.0","14,802.0","14,732.0",,-0.16%
11/13/2018,"14,810.0","14,840.0","14,935.0","14,755.0",,-0.03%
11/12/2018,"14,815.0","14,705.0","14,835.0","14,705.0",,0.89%
11/09/2018,"14,685.0","14,605.0","14,695.0","14,605.0",,1.00%
11/08/2018,"14,540.0","14,601.0","14,670.0","14,455.0",,-0.27%
11/07/2018,"14,580.0","14,775.0","14,805.0","14,580.0",,-1.50%
11/06/2018,"14,802.5","14,952.5","14,952.5","14,782.5",,-1.16%
11/05/2018,"14,976.0","14,951.0","14,988.0","14,951.0",,0.16%
11/02/2018,"14,952.5","15,087.5","15,097.5","14,942.5",,-1.16%
11/01/2018,"15,127.5","15,182.5","15,200.5","15,116.5",,-0.49%
10/31/2018,"15,202.5","15,217.5","15,233.5","15,197.5",,-0.13%
10/30/2018,"15,223.0","15,221.0","15,241.0","15,216.0",,0.02%
10/29/2018,"15,220.0","15,205.0","15,230.0","15,205.0",,0.02%
10/26/2018,"15,216.5","15,186.5","15,216.5","15,185.5",,0.19%
10/25/2018,"15,187.5","15,202.5","15,212.5","15,182.5",,-0.06%
10/24/2018,"15,197.0","15,182.0","15,199.0","15,177.0",,0.05%
10/23/2018,"15,190.0","15,190.0","15,217.0","15,190.0",,0.03%
10/22/2018,"15,185.0","15,185.0","15,200.0","15,180.0",,-0.02%
10/19/2018,"15,187.5","15,197.5","15,222.5","15,177.5",,-0.04%
10/18/2018,"15,193.5","15,161.5","15,196.5","15,161.5",,0.25%
10/17/2018,"15,155.0","15,155.0","15,195.0","15,145.0",,-0.30%
10/16/2018,"15,200.0","15,185.0","15,230.0","15,175.0",,-0.07%
10/15/2018,"15,210.0","15,210.0","15,260.0","15,190.0",,0.03%
10/12/2018,"15,205.0","15,205.0","15,205.0","15,180.0",,-0.20%
10/11/2018,"15,235.0","15,215.0","15,270.0","15,215.0",,0.21%
10/10/2018,"15,203.0","15,185.0","15,230.0","15,180.0",,-0.18%
10/09/2018,"15,230.0","15,210.0","15,258.0","15,210.0",,0.08%
10/08/2018,"15,217.5","15,186.5","15,260.5","15,186.5",,0.25%
10/05/2018,"15,180.0","15,183.0","15,193.0","15,160.0",,0.07%
10/04/2018,"15,170.0","15,100.0","15,195.0","15,100.0",,0.63%
10/03/2018,"15,075.0","15,050.0","15,095.0","15,050.0",,0.20%
10/02/2018,"15,045.0","14,915.0","15,053.0","14,915.0",,0.91%
10/01/2018,"14,910.0","14,885.0","14,915.0","14,885.0",,0.06%
09/28/2018,"14,901.5","14,931.5","14,936.5","14,886.5",,-0.10%
09/27/2018,"14,917.0","14,915.0","14,930.0","14,885.0",,0.08%
09/26/2018,"14,905.0","14,930.0","14,945.0","14,905.0",,-0.10%
09/25/2018,"14,920.0","14,870.0","14,920.0","14,870.0",,0.35%
09/24/2018,"14,867.5","14,832.5","14,885.5","14,832.5",,0.33%
09/21/2018,"14,819.0","14,813.0","14,838.0","14,793.0",,-0.18%
09/20/2018,"14,845.0","14,825.0","14,856.0","14,815.0",,-0.20%
09/19/2018,"14,875.0","14,855.0","14,910.0","14,855.0",,0.13%
09/18/2018,"14,855.0","14,890.0","14,935.0","14,855.0",,-0.15%
09/17/2018,"14,877.5","14,837.5","14,917.5","14,837.5",,0.49%
09/14/2018,"14,805.0","14,785.0","14,845.0","14,775.0",,-0.24%
09/13/2018,"14,840.0","14,805.0","14,847.0","14,775.0",,0.10%
09/12/2018,"14,825.0","14,825.0","14,890.0","14,825.0",,-0.22%
09/11/2018,"14,857.0","14,857.0","14,857.0","14,857.0",,0.00%
09/10/2018,"14,857.0","14,825.0","14,880.0","14,820.0",,0.25%
09/07/2018,"14,820.0","14,870.0","14,904.0","14,820.0",,-0.47%
09/06/2018,"14,890.0","14,905.0","14,910.0","14,854.0",,-0.30%
09/05/2018,"14,935.0","14,930.0","14,945.0","14,929.0",,0.00%
09/04/2018,"14,935.0","14,820.0","14,945.0","14,820.0",,0.81%
09/03/2018,"14,815.0","14,740.0","14,830.0","14,740.0",,0.58%
08/31/2018,"14,730.0","14,715.0","14,735.0","14,715.0",,0.27%
08/30/2018,"14,690.0","14,655.0","14,690.0","14,650.0",,0.24%
08/29/2018,"14,655.0","14,625.0","14,658.0","14,625.0",,0.23%
08/28/2018,"14,622.0","14,585.0","14,630.0","14,585.0",,0.01%
08/27/2018,"14,620.0","14,605.0","14,630.0","14,585.0",,-0.15%
08/24/2018,"14,642.0","14,650.0","14,665.0","14,640.0",,0.08%
08/23/2018,"14,630.0","14,600.0","14,642.0","14,600.0",,0.34%
08/22/2018,"14,580.0","14,580.0","14,580.0","14,580.0",,0.00%
08/21/2018,"14,580.0","14,550.0","14,590.0","14,550.0",,-0.07%
08/20/2018,"14,590.0","14,560.0","14,595.0","14,555.0",,-0.14%
08/17/2018,"14,610.0","14,610.0","14,610.0","14,610.0",,0.00%
08/16/2018,"14,610.0","14,635.0","14,635.0","14,580.0",,0.07%
08/15/2018,"14,600.0","14,600.0","14,651.0","14,570.0",,0.14%
08/14/2018,"14,580.0","14,602.0","14,635.0","14,575.0",,-0.10%
08/13/2018,"14,595.0","14,495.0","14,630.0","14,495.0",,0.83%
08/10/2018,"14,475.0","14,425.0","14,482.0","14,425.0",,0.45%
08/09/2018,"14,410.0","14,430.0","14,440.0","14,395.0",,-0.17%
08/08/2018,"14,435.0","14,438.0","14,450.0","14,430.0",,-0.03%
08/07/2018,"14,440.0","14,486.0","14,493.0","14,434.0",,-0.21%
08/06/2018,"14,470.0","14,495.0","14,495.0","14,465.0",,-0.16%
08/03/2018,"14,492.5","14,487.5","14,517.5","14,487.5",,0.12%
08/02/2018,"14,475.0","14,440.0","14,480.0","14,440.0",,0.24%
08/01/2018,"14,440.0","14,430.0","14,455.0","14,430.0",,0.14%
07/31/2018,"14,420.0","14,405.0","14,427.0","14,402.0",,0.07%
07/30/2018,"14,410.0","14,385.0","14,420.0","14,385.0",,-0.05%
07/27/2018,"14,417.5","14,457.5","14,492.5","14,372.5",,-0.29%
07/26/2018,"14,460.0","14,425.0","14,475.0","14,415.0",,0.00%
07/25/2018,"14,460.0","14,500.0","14,530.0","14,460.0",,-0.48%
07/24/2018,"14,530.0","14,510.0","14,565.0","14,510.0",,0.28%
07/23/2018,"14,490.0","14,430.0","14,498.0","14,425.0",,0.07%
07/20/2018,"14,480.0","14,485.0","14,545.0","14,475.0",,0.03%
07/19/2018,"14,475.0","14,405.0","14,480.0","14,405.0",,0.49%
07/18/2018,"14,405.0","14,390.0","14,422.0","14,390.0",,0.24%
07/17/2018,"14,370.0","14,385.0","14,400.0","14,362.0",,-0.03%
07/16/2018,"14,375.0","14,390.0","14,420.0","14,375.0",,-0.03%
07/13/2018,"14,380.0","14,340.0","14,386.0","14,340.0",,0.00%
07/12/2018,"14,380.0","14,405.0","14,445.0","14,380.0",,-0.03%
07/11/2018,"14,385.0","14,375.0","14,395.0","14,375.0",,0.17%
07/10/2018,"14,360.0","14,305.0","14,375.0","14,305.0",,0.24%
07/09/2018,"14,325.0","14,330.0","14,345.0","14,320.0",,-0.31%
07/06/2018,"14,370.0","14,375.0","14,422.0","14,358.0",,-0.10%
07/05/2018,"14,385.0","14,365.0","14,425.0","14,365.0",,0.23%
07/04/2018,"14,352.0","14,330.0","14,370.0","14,310.0",,-0.19%
07/03/2018,"14,380.0","14,370.0","14,460.0","14,370.0",,0.00%
07/02/2018,"14,380.0","14,255.0","14,410.0","14,255.0",,0.35%
06/29/2018,"14,330.0","14,365.0","14,415.0","14,305.0",,-0.42%
06/28/2018,"14,390.0","14,220.0","14,400.0","14,195.0",,1.50%
06/27/2018,"14,178.0","14,178.0","14,178.0","14,178.0",,0.00%
06/26/2018,"14,178.0","14,130.0","14,185.0","14,130.0",,0.16%
06/25/2018,"14,155.0","14,103.0","14,165.0","14,103.0",,0.53%
06/22/2018,"14,080.0","14,095.0","14,110.0","14,058.0",,-0.16%
06/21/2018,"14,103.0","13,975.0","14,111.0","13,975.0",,1.24%
06/20/2018,"13,930.0","13,930.0","13,930.0","13,930.0",,0.00%
06/19/2018,"13,930.0","13,930.0","13,930.0","13,930.0",,0.00%
06/18/2018,"13,930.0","13,930.0","13,930.0","13,930.0",,0.00%
06/15/2018,"13,930.0","13,930.0","13,930.0","13,930.0",,0.00%
06/14/2018,"13,930.0","13,930.0","13,930.0","13,930.0",,0.00%
06/13/2018,"13,930.0","13,930.0","13,930.0","13,930.0",,0.00%
06/12/2018,"13,930.0","13,930.0","13,930.0","13,930.0",,0.00%
06/11/2018,"13,930.0","13,930.0","13,930.0","13,930.0",,0.00%
06/08/2018,"13,930.0","13,906.0","13,947.0","13,895.0",,0.43%
06/07/2018,"13,870.0","13,860.0","13,887.0","13,850.0",,0.13%
06/06/2018,"13,852.5","13,882.5","13,885.5","13,832.5",,-0.19%
06/05/2018,"13,879.0","13,865.0","13,900.0","13,865.0",,0.05%
06/04/2018,"13,872.0","13,855.0","13,901.0","13,850.0",,-0.17%
06/01/2018,"13,895.0","13,895.0","13,895.0","13,895.0",,0.00%
05/31/2018,"13,895.0","13,945.0","13,961.0","13,875.0",,-0.68%
05/30/2018,"13,990.0","14,025.0","14,045.0","13,970.0",,0.00%
05/29/2018,"13,990.0","13,990.0","13,990.0","13,990.0",,0.00%
05/28/2018,"13,990.0","14,085.0","14,085.0","13,975.0",,-0.92%
05/25/2018,"14,120.0","14,145.0","14,175.0","14,120.0",,-0.11%
05/24/2018,"14,135.0","14,180.0","14,215.0","14,130.0",,-0.51%
05/23/2018,"14,207.0","14,155.0","14,215.0","14,155.0",,0.49%
05/22/2018,"14,138.0","14,155.0","14,192.0","14,125.0",,-0.33%
05/21/2018,"14,185.0","14,155.0","14,205.0","14,155.0",,0.23%
05/18/2018,"14,152.5","14,042.5","14,157.5","14,042.5",,0.72%
05/17/2018,"14,052.0","14,065.0","14,082.0","14,045.0",,-0.29%
05/16/2018,"14,093.0","14,070.0","14,115.0","14,070.0",,0.40%
05/15/2018,"14,037.0","13,984.0","14,040.0","13,984.0",,0.48%
05/14/2018,"13,970.0","13,955.0","13,990.0","13,945.0",,0.14%
05/11/2018,"13,950.0","14,075.0","14,075.0","13,950.0",,-0.92%
05/10/2018,"14,080.0","14,080.0","14,080.0","14,080.0",,0.00%
05/09/2018,"14,080.0","14,060.0","14,090.0","14,060.0",,0.21%
05/08/2018,"14,050.0","14,000.0","14,055.0","14,000.0",,0.36%
05/07/2018,"14,000.0","13,940.0","14,005.0","13,940.0",,0.43%
05/04/2018,"13,940.0","13,930.0","13,952.0","13,930.0",,0.02%
05/03/2018,"13,937.5","13,952.5","13,975.5","13,936.5",,-0.05%
05/02/2018,"13,945.0","13,920.0","13,965.0","13,920.0",,0.23%
05/01/2018,"13,912.5","13,912.5","13,912.5","13,912.5",,0.00%
04/30/2018,"13,912.5","13,862.5","13,912.5","13,862.5",,0.16%
04/27/2018,"13,890.0","13,875.0","13,901.0","13,874.0",,0.02%
04/26/2018,"13,887.5","13,912.5","13,932.5","13,881.5",,-0.23%
04/25/2018,"13,920.0","13,877.0","13,925.0","13,875.0",,0.23%
04/24/2018,"13,887.5","13,897.5","13,901.5","13,882.5",,-0.05%
04/23/2018,"13,895.0","13,900.0","13,900.0","13,894.0",,0.13%
04/20/2018,"13,877.5","13,792.5","13,877.5","13,787.5",,0.70%
04/19/2018,"13,781.0","13,771.0","13,785.0","13,769.0",,0.05%
04/18/2018,"13,774.5","13,766.5","13,776.5","13,766.5",,0.06%
04/17/2018,"13,766.0","13,761.0","13,773.0","13,751.0",,-0.06%
04/16/2018,"13,774.5","13,752.5","13,779.5","13,752.5",,0.16%
04/13/2018,"13,752.5","13,742.5","13,760.5","13,740.5",,-0.12%
04/12/2018,"13,769.5","13,755.5","13,770.5","13,750.5",,0.08%
04/11/2018,"13,758.5","13,744.5","13,761.5","13,741.5",,0.07%
04/10/2018,"13,749.0","13,761.0","13,762.0","13,736.0",,-0.11%
04/09/2018,"13,764.5","13,764.5","13,775.5","13,759.5",,-0.07%
04/06/2018,"13,773.5","13,773.5","13,783.5","13,773.5",,0.05%
04/05/2018,"13,766.5","13,762.5","13,772.5","13,762.5",,0.00%
04/04/2018,"13,766.5","13,763.5","13,768.5","13,753.5",,0.01%
04/03/2018,"13,764.5","13,761.5","13,767.5","13,751.5",,0.08%
04/02/2018,"13,754.0","13,741.0","13,761.0","13,741.0",,-0.08%
03/30/2018,"13,765.0","13,765.0","13,765.0","13,765.0",,0.00%
03/29/2018,"13,765.0","13,767.0","13,775.0","13,749.0",,0.01%
03/28/2018,"13,763.0","13,748.0","13,768.0","13,733.0",,0.15%
03/27/2018,"13,742.0","13,717.0","13,747.0","13,697.0",,0.01%
03/26/2018,"13,740.0","13,780.0","13,785.0","13,740.0",,-0.31%
03/23/2018,"13,782.5","13,762.5","13,796.5","13,762.5",,0.22%
03/22/2018,"13,752.5","13,727.5","13,753.5","13,727.5",,-0.07%
03/21/2018,"13,762.5","13,757.5","13,766.5","13,752.5",,0.09%
03/20/2018,"13,750.0","13,766.0","13,768.0","13,750.0",,-0.11%
03/19/2018,"13,764.5","13,765.5","13,765.5","13,755.5",,0.11%
03/16/2018,"13,749.0","13,764.0","13,770.0","13,744.0",,0.01%
03/15/2018,"13,747.5","13,737.5","13,752.5","13,737.5",,0.08%
03/14/2018,"13,736.5","13,741.5","13,742.5","13,726.5",,-0.10%
03/13/2018,"13,750.5","13,764.5","13,764.5","13,749.5",,-0.14%
03/12/2018,"13,770.0","13,770.0","13,780.0","13,770.0",,-0.08%
03/09/2018,"13,781.0","13,794.0","13,799.0","13,774.0",,-0.03%
03/08/2018,"13,785.0","13,760.0","13,785.0","13,760.0",,0.14%
03/07/2018,"13,766.0","13,754.0","13,776.0","13,754.0",,-0.07%
03/06/2018,"13,775.0","13,750.0","13,785.0","13,745.0",,0.09%
03/05/2018,"13,762.5","13,737.5","13,775.5","13,737.5",,0.04%
03/02/2018,"13,757.5","13,722.5","13,762.5","13,722.5",,0.07%
03/01/2018,"13,747.5","13,782.5","13,802.5","13,742.5",,0.02%
02/28/2018,"13,745.0","13,705.0","13,755.0","13,705.0",,0.51%
02/27/2018,"13,675.0","13,652.0","13,685.0","13,650.0",,0.11%
02/26/2018,"13,660.0","13,660.0","13,665.0","13,645.0",,-0.05%
02/23/2018,"13,667.5","13,667.5","13,684.5","13,662.5",,-0.11%
02/22/2018,"13,682.5","13,652.5","13,690.5","13,652.5",,0.47%
02/21/2018,"13,618.5","13,575.5","13,618.5","13,570.5",,0.04%
02/20/2018,"13,612.5","13,562.5","13,615.5","13,562.5",,0.38%
02/19/2018,"13,560.5","13,552.5","13,562.5","13,532.5",,0.01%
02/16/2018,"13,558.5","13,558.5","13,558.5","13,558.5",,0.00%
02/15/2018,"13,558.5","13,591.5","13,591.5","13,541.5",,-0.51%
02/14/2018,"13,628.5","13,647.5","13,662.5","13,612.5",,-0.21%
02/13/2018,"13,657.5","13,632.5","13,657.5","13,632.5",,0.00%
02/12/2018,"13,657.5","13,607.5","13,657.5","13,597.5",,0.22%
02/09/2018,"13,627.5","13,642.5","13,650.5","13,617.5",,0.17%
02/08/2018,"13,605.0","13,605.0","13,627.0","13,595.0",,0.38%
02/07/2018,"13,553.0","13,526.0","13,561.0","13,523.0",,0.00%
02/06/2018,"13,552.5","13,567.5","13,607.5","13,552.5",,0.20%
02/05/2018,"13,525.0","13,495.0","13,530.0","13,495.0",,0.55%
02/02/2018,"13,451.5","13,413.5","13,453.5","13,413.5",,0.18%
02/01/2018,"13,427.0","13,387.0","13,432.0","13,387.0",,0.29%
01/31/2018,"13,388.5","13,421.5","13,426.5","13,376.5",,-0.33%
01/30/2018,"13,432.5","13,382.5","13,442.5","13,382.5",,0.52%
01/29/2018,"13,363.5","13,311.5","13,363.5","13,311.5",,0.42%
01/26/2018,"13,307.0","13,296.0","13,311.0","13,296.0",,0.14%
01/25/2018,"13,288.5","13,291.5","13,296.5","13,266.5",,-0.19%
01/24/2018,"13,313.5","13,317.5","13,330.5","13,309.5",,-0.09%
01/23/2018,"13,325.0","13,335.0","13,336.0","13,310.0",,-0.17%
01/22/2018,"13,347.5","13,320.5","13,350.5","13,320.5",,0.26%
01/19/2018,"13,313.5","13,338.5","13,343.5","13,286.5",,-0.24%
01/18/2018,"13,346.0","13,361.0","13,371.0","13,341.0",,-0.09%
01/17/2018,"13,357.5","13,317.5","13,362.5","13,317.5",,0.15%
01/16/2018,"13,337.5","13,330.5","13,340.5","13,325.5",,0.02%
01/15/2018,"13,334.5","13,325.5","13,338.5","13,315.5",,-0.14%
01/12/2018,"13,353.5","13,368.5","13,371.5","13,353.5",,-0.34%
01/11/2018,"13,399.5","13,428.5","13,430.5","13,399.5",,-0.28%
01/10/2018,"13,436.5","13,435.5","13,455.5","13,427.5",,-0.01%
01/09/2018,"13,437.5","13,429.5","13,440.5","13,407.5",,0.08%
01/08/2018,"13,426.5","13,405.5","13,426.5","13,390.5",,0.08%
01/05/2018,"13,415.5","13,413.5","13,435.5","13,392.5",,-0.06%
01/04/2018,"13,423.5","13,466.5","13,481.5","13,411.5",,-0.40%
01/03/2018,"13,478.0","13,500.0","13,509.0","13,476.0",,-0.29%
01/02/2018,"13,517.5","13,537.5","13,555.5","13,514.5",,-0.37%
01/01/2018,"13,567.5","13,567.5","13,567.5","13,567.5",,0.00%
12/29/2017,"13,567.5","13,542.5","13,567.5","13,542.5",,0.04%
12/28/2017,"13,562.0","13,554.0","13,566.0","13,554.0",,0.01%
12/27/2017,"13,560.5","13,551.5","13,565.5","13,551.5",,0.00%
12/26/2017,"13,561.0","13,561.0","13,561.0","13,561.0",,0.00%
12/25/2017,"13,561.0","13,561.0","13,561.0","13,561.0",,0.00%
12/22/2017,"13,561.0","13,556.0","13,562.0","13,546.0",,0.03%
12/21/2017,"13,557.5","13,542.5","13,567.5","13,537.5",,-0.15%
12/20/2017,"13,577.5","13,577.5","13,584.5","13,577.5",,0.01%
12/19/2017,"13,576.5","13,576.5","13,588.5","13,574.5",,-0.04%
12/18/2017,"13,581.5","13,571.5","13,588.5","13,571.5",,0.02%
12/15/2017,"13,578.5","13,566.5","13,578.5","13,563.5",,0.01%
12/14/2017,"13,577.5","13,562.5","13,580.5","13,560.5",,-0.06%
12/13/2017,"13,585.0","13,595.0","13,596.0","13,585.0",,0.12%
12/12/2017,"13,568.5","13,549.5","13,571.5","13,546.5",,0.12%
12/11/2017,"13,552.5","13,542.5","13,552.5","13,542.5",,0.04%
12/08/2017,"13,547.5","13,557.5","13,560.5","13,539.5",,-0.04%
12/07/2017,"13,553.5","13,548.5","13,558.5","13,547.5",,0.11%
12/06/2017,"13,539.0","13,521.0","13,539.0","13,516.0",,0.15%
12/05/2017,"13,519.0","13,511.0","13,520.0","13,511.0",,-0.05%
12/04/2017,"13,526.0","13,531.0","13,533.0","13,516.0",,0.00%
12/01/2017,"13,526.0","13,526.0","13,526.0","13,526.0",,0.00%
11/30/2017,"13,526.0","13,512.0","13,526.0","13,512.0",,0.17%
11/29/2017,"13,502.5","13,510.5","13,517.5","13,495.5",,-0.04%
11/28/2017,"13,508.5","13,528.5","13,530.5","13,503.5",,-0.07%
11/27/2017,"13,518.5","13,504.5","13,521.5","13,504.5",,0.12%
11/24/2017,"13,502.5","13,507.5","13,513.5","13,500.5",,-0.08%
11/23/2017,"13,513.0","13,507.0","13,517.0","13,492.0",,-0.10%
11/22/2017,"13,526.0","13,518.0","13,527.0","13,511.0",,-0.06%
11/21/2017,"13,533.5","13,531.5","13,546.5","13,531.5",,-0.01%
11/20/2017,"13,535.0","13,522.0","13,537.0","13,517.0",,0.06%
11/17/2017,"13,527.5","13,522.5","13,530.5","13,512.5",,-0.11%
11/16/2017,"13,542.0","13,542.0","13,549.0","13,532.0",,0.05%
11/15/2017,"13,535.0","13,542.0","13,547.0","13,527.0",,-0.14%
11/14/2017,"13,553.5","13,546.5","13,555.5","13,528.5",,0.01%
11/13/2017,"13,551.5","13,551.5","13,558.5","13,545.5",,0.14%
11/10/2017,"13,532.5","13,507.5","13,537.5","13,507.5",,0.13%
11/09/2017,"13,515.0","13,518.0","13,520.0","13,509.0",,-0.01%
11/08/2017,"13,517.0","13,522.0","13,530.0","13,515.0",,0.03%
11/07/2017,"13,513.5","13,496.5","13,514.5","13,491.5",,-0.08%
11/06/2017,"13,524.5","13,531.5","13,539.5","13,516.5",,0.20%
11/03/2017,"13,497.5","13,517.5","13,517.5","13,467.5",,-0.39%
11/02/2017,"13,551.0","13,571.0","13,576.0","13,541.0",,-0.21%
11/01/2017,"13,580.0","13,585.0","13,600.0","13,575.0",,0.13%
10/31/2017,"13,562.5","13,562.5","13,578.5","13,552.5",,-0.16%
10/30/2017,"13,584.0","13,589.0","13,609.0","13,574.0",,-0.24%
10/27/2017,"13,616.5","13,633.5","13,643.5","13,608.5",,0.26%
10/26/2017,"13,581.5","13,561.5","13,601.5","13,551.5",,0.03%
10/25/2017,"13,577.5","13,562.5","13,577.5","13,562.5",,0.33%
10/24/2017,"13,532.5","13,529.5","13,536.5","13,522.5",,-0.07%
10/23/2017,"13,542.5","13,532.5","13,543.5","13,527.5",,0.18%
10/20/2017,"13,518.5","13,511.5","13,526.5","13,501.5",,-0.03%
10/19/2017,"13,523.0","13,512.0","13,532.0","13,510.0",,0.05%
10/18/2017,"13,516.0","13,504.0","13,516.0","13,501.0",,0.07%
10/17/2017,"13,506.5","13,486.5","13,513.5","13,481.5",,0.18%
10/16/2017,"13,482.5","13,482.5","13,489.5","13,467.5",,-0.12%
10/13/2017,"13,499.0","13,503.0","13,518.0","13,491.0",,-0.04%
10/12/2017,"13,504.5","13,508.5","13,525.5","13,490.5",,-0.09%
10/11/2017,"13,517.0","13,492.0","13,527.0","13,492.0",,0.03%
10/10/2017,"13,513.0","13,501.0","13,513.0","13,481.0",,-0.03%
10/09/2017,"13,516.5","13,501.5","13,516.5","13,495.5",,0.09%
10/06/2017,"13,504.0","13,486.0","13,506.0","13,476.0",,0.35%
10/05/2017,"13,457.5","13,482.5","13,492.5","13,457.5",,-0.14%
10/04/2017,"13,476.5","13,496.5","13,496.5","13,456.5",,-0.49%
10/03/2017,"13,542.5","13,587.5","13,587.5","13,535.5",,0.04%
10/02/2017,"13,537.5","13,477.5","13,577.5","13,477.5",,0.49%
09/29/2017,"13,471.5","13,476.5","13,496.5","13,446.5",,-0.32%
09/28/2017,"13,515.0","13,427.0","13,555.0","13,427.0",,0.56%
09/27/2017,"13,440.0","13,385.0","13,440.0","13,370.0",,0.47%
09/26/2017,"13,376.5","13,341.5","13,381.5","13,341.5",,0.38%
09/25/2017,"13,326.0","13,296.0","13,326.0","13,296.0",,0.10%
09/22/2017,"13,312.5","13,327.5","13,342.5","13,307.5",,0.23%
09/21/2017,"13,281.5","13,281.5","13,281.5","13,281.5",,0.00%
09/20/2017,"13,281.5","13,277.5","13,284.5","13,265.5",,0.02%
09/19/2017,"13,278.5","13,258.5","13,278.5","13,253.5",,0.18%
09/18/2017,"13,255.0","13,245.0","13,257.0","13,235.0",,0.11%
09/15/2017,"13,240.0","13,262.0","13,269.0","13,230.0",,-0.07%
09/14/2017,"13,249.5","13,230.5","13,249.5","13,230.5",,0.36%
09/13/2017,"13,202.5","13,206.5","13,214.5","13,198.5",,0.06%
09/12/2017,"13,195.0","13,195.0","13,227.0","13,180.0",,0.25%
09/11/2017,"13,162.5","13,187.5","13,187.5","13,137.5",,-0.31%
09/08/2017,"13,204.0","13,294.0","13,294.0","13,204.0",,-0.77%
09/07/2017,"13,306.5","13,333.5","13,333.5","13,305.5",,-0.23%
09/06/2017,"13,337.5","13,334.5","13,340.5","13,334.5",,0.00%
09/05/2017,"13,337.5","13,335.5","13,340.5","13,330.5",,-0.04%
09/04/2017,"13,342.5","13,341.5","13,346.5","13,336.5",,0.00%
09/01/2017,"13,343.0","13,343.0","13,343.0","13,343.0",,0.00%
08/31/2017,"13,343.0","13,346.0","13,353.0","13,337.0",,-0.03%
08/30/2017,"13,346.5","13,339.5","13,348.5","13,339.5",,0.05%
08/29/2017,"13,339.5","13,341.5","13,349.5","13,335.5",,0.00%
08/28/2017,"13,340.0","13,333.0","13,341.0","13,331.0",,-0.04%
08/25/2017,"13,345.5","13,335.5","13,348.5","13,335.5",,-0.01%
08/24/2017,"13,346.5","13,347.5","13,355.5","13,340.5",,-0.09%
08/23/2017,"13,358.5","13,333.5","13,362.5","13,333.5",,0.12%
08/22/2017,"13,343.0","13,341.0","13,347.0","13,334.0",,-0.06%
08/21/2017,"13,350.5","13,354.5","13,359.5","13,347.5",,-0.09%
08/18/2017,"13,362.0","13,361.0","13,370.0","13,356.0",,-0.12%
08/17/2017,"13,378.5","13,378.5","13,378.5","13,378.5",,0.00%
08/16/2017,"13,378.5","13,356.5","13,381.5","13,356.5",,0.13%
08/15/2017,"13,361.0","13,348.0","13,361.0","13,341.0",,0.09%
08/14/2017,"13,349.0","13,347.0","13,352.0","13,337.0",,-0.06%
08/11/2017,"13,357.5","13,362.5","13,377.5","13,352.5",,0.18%
08/10/2017,"13,334.0","13,339.0","13,351.0","13,334.0",,0.01%
08/09/2017,"13,332.5","13,320.5","13,333.5","13,318.5",,0.15%
08/08/2017,"13,313.0","13,320.0","13,320.0","13,301.0",,-0.06%
08/07/2017,"13,321.0","13,319.0","13,322.0","13,316.0",,0.04%
08/04/2017,"13,316.0","13,322.0","13,325.0","13,313.0",,-0.07%
08/03/2017,"13,325.5","13,328.5","13,331.5","13,325.5",,0.01%
08/02/2017,"13,324.0","13,323.0","13,334.0","13,321.0",,0.00%
08/01/2017,"13,324.0","13,316.0","13,324.0","13,311.0",,-0.01%
07/31/2017,"13,325.0","13,323.0","13,327.0","13,321.0",,-0.01%
07/28/2017,"13,326.5","13,315.5","13,330.5","13,315.5",,0.06%
07/27/2017,"13,318.0","13,311.0","13,321.0","13,310.0",,-0.13%
07/26/2017,"13,336.0","13,331.0","13,341.0","13,329.0",,0.08%
07/25/2017,"13,326.0","13,312.0","13,326.0","13,311.0",,0.12%
07/24/2017,"13,310.0","13,315.0","13,321.0","13,306.0",,-0.02%
07/21/2017,"13,312.5","13,319.5","13,325.5","13,309.5",,-0.16%
07/20/2017,"13,334.5","13,314.5","13,337.5","13,312.5",,0.12%
07/19/2017,"13,318.0","13,296.0","13,321.0","13,296.0",,0.07%
07/18/2017,"13,309.0","13,316.0","13,319.0","13,301.0",,-0.14%
07/17/2017,"13,327.5","13,302.5","13,331.5","13,302.5",,-0.08%
07/14/2017,"13,338.5","13,336.5","13,349.5","13,336.5",,-0.07%
07/13/2017,"13,347.5","13,349.5","13,349.5","13,329.5",,-0.16%
07/12/2017,"13,369.5","13,370.5","13,372.5","13,358.5",,-0.16%
07/11/2017,"13,391.0","13,386.0","13,401.0","13,381.0",,-0.06%
07/10/2017,"13,399.0","13,398.0","13,413.0","13,393.0",,-0.03%
07/07/2017,"13,403.0","13,381.0","13,411.0","13,376.0",,0.11%
07/06/2017,"13,388.0","13,366.0","13,388.0","13,360.0",,0.18%
07/05/2017,"13,364.0","13,351.0","13,364.0","13,341.0",,0.00%
07/04/2017,"13,363.5","13,386.5","13,391.5","13,356.5",,-0.03%
07/03/2017,"13,367.5","13,302.5","13,375.5","13,302.5",,0.30%
06/30/2017,"13,327.5","13,327.5","13,327.5","13,327.5",,0.00%
06/29/2017,"13,327.5","13,327.5","13,327.5","13,327.5",,0.00%
06/28/2017,"13,327.5","13,327.5","13,327.5","13,327.5",,0.00%
06/27/2017,"13,327.5","13,327.5","13,327.5","13,327.5",,0.00%
06/26/2017,"13,327.5","13,327.5","13,327.5","13,327.5",,0.00%
06/23/2017,"13,327.5","13,327.5","13,327.5","13,327.5",,0.00%
06/22/2017,"13,327.5","13,310.5","13,327.5","13,307.5",,0.07%
06/21/2017,"13,318.5","13,306.5","13,321.5","13,293.5",,0.23%
06/20/2017,"13,288.5","13,295.5","13,301.5","13,288.5",,0.00%
06/19/2017,"13,289.0","13,291.0","13,291.0","13,281.0",,-0.06%
06/16/2017,"13,297.5","13,297.5","13,302.5","13,281.5",,0.09%
06/15/2017,"13,286.0","13,277.0","13,286.0","13,272.0",,0.03%
06/14/2017,"13,282.5","13,287.5","13,290.5","13,282.5",,-0.07%
06/13/2017,"13,291.5","13,296.5","13,296.5","13,288.5",,-0.05%
06/12/2017,"13,298.0","13,281.0","13,299.0","13,281.0",,0.05%
06/09/2017,"13,291.5","13,301.5","13,306.5","13,284.5",,-0.05%
06/08/2017,"13,298.0","13,317.0","13,322.0","13,292.0",,-0.05%
06/07/2017,"13,304.0","13,306.0","13,311.0","13,301.0",,0.05%
06/06/2017,"13,298.0","13,286.0","13,298.0","13,276.0",,0.09%
06/05/2017,"13,286.0","13,291.0","13,291.0","13,276.0",,-0.14%
06/02/2017,"13,304.0","13,301.0","13,314.0","13,301.0",,-0.14%
06/01/2017,"13,322.5","13,322.5","13,322.5","13,322.5",,0.00%
05/31/2017,"13,322.5","13,311.5","13,323.5","13,310.5",,-0.01%
05/30/2017,"13,323.5","13,320.5","13,338.5","13,319.5",,0.02%
05/29/2017,"13,321.5","13,296.5","13,322.5","13,296.5",,0.20%
05/26/2017,"13,294.5","13,300.5","13,300.5","13,288.5",,-0.11%
05/25/2017,"13,308.5","13,308.5","13,308.5","13,308.5",,0.00%
05/24/2017,"13,308.5","13,306.5","13,321.5","13,306.5",,0.05%
05/23/2017,"13,302.5","13,288.5","13,310.5","13,287.5",,0.00%
05/22/2017,"13,302.5","13,292.5","13,308.5","13,282.5",,-0.24%
05/19/2017,"13,335.0","13,395.0","13,420.0","13,315.0",,-0.15%
05/18/2017,"13,355.5","13,337.5","13,357.5","13,327.5",,0.24%
05/17/2017,"13,323.5","13,286.5","13,323.5","13,281.5",,0.17%
05/16/2017,"13,300.5","13,294.5","13,308.5","13,294.5",,-0.03%
05/15/2017,"13,304.0","13,316.0","13,321.0","13,298.0",,-0.19%
05/12/2017,"13,329.5","13,337.5","13,347.5","13,319.5",,-0.21%
05/11/2017,"13,357.5","13,357.5","13,357.5","13,357.5",,0.00%
05/10/2017,"13,357.5","13,341.5","13,364.5","13,341.5",,0.06%
05/09/2017,"13,350.0","13,315.0","13,353.0","13,315.0",,0.30%
05/08/2017,"13,309.5","13,327.5","13,332.5","13,302.5",,-0.15%
05/05/2017,"13,330.0","13,333.0","13,348.0","13,328.0",,0.02%
05/04/2017,"13,327.5","13,316.5","13,333.5","13,316.5",,0.17%
05/03/2017,"13,305.5","13,292.5","13,312.5","13,291.5",,-0.05%
05/02/2017,"13,311.5","13,326.5","13,326.5","13,296.5",,-0.13%
05/01/2017,"13,329.0","13,329.0","13,329.0","13,329.0",,0.00%
04/28/2017,"13,329.0","13,317.0","13,340.0","13,317.0",,0.11%
04/27/2017,"13,314.0","13,286.0","13,317.0","13,286.0",,0.22%
04/26/2017,"13,285.0","13,279.0","13,287.0","13,272.0",,0.06%
04/25/2017,"13,277.5","13,302.5","13,305.5","13,277.5",,-0.32%
04/24/2017,"13,320.0","13,320.0","13,320.0","13,320.0",,0.00%
04/21/2017,"13,320.0","13,321.0","13,324.0","13,312.0",,-0.03%
04/20/2017,"13,323.5","13,321.5","13,336.5","13,315.5",,0.20%
04/19/2017,"13,296.5","13,296.5","13,296.5","13,296.5",,0.00%
04/18/2017,"13,296.5","13,276.5","13,301.5","13,276.5",,0.08%
04/17/2017,"13,285.5","13,252.5","13,285.5","13,252.5",,0.22%
04/14/2017,"13,256.5","13,256.5","13,256.5","13,256.5",,0.00%
04/13/2017,"13,256.5","13,251.5","13,267.5","13,246.5",,-0.14%
04/12/2017,"13,275.0","13,286.0","13,301.0","13,266.0",,-0.05%
04/11/2017,"13,281.5","13,271.5","13,291.5","13,271.5",,-0.04%
04/10/2017,"13,286.5","13,326.5","13,329.5","13,276.5",,-0.23%
04/07/2017,"13,317.5","13,332.5","13,347.5","13,317.5",,-0.13%
04/06/2017,"13,335.5","13,317.5","13,339.5","13,317.5",,0.11%
04/05/2017,"13,321.0","13,326.0","13,331.0","13,316.0",,-0.05%
04/04/2017,"13,328.0","13,326.0","13,330.0","13,319.0",,0.04%
04/03/2017,"13,322.5","13,317.5","13,327.5","13,317.5",,-0.02%
03/31/2017,"13,325.5","13,317.5","13,327.5","13,312.5",,0.07%
03/30/2017,"13,316.0","13,308.0","13,328.0","13,303.0",,0.02%
03/29/2017,"13,313.5","13,311.5","13,333.5","13,306.5",,0.02%
03/28/2017,"13,310.5","13,310.5","13,310.5","13,310.5",,0.00%
03/27/2017,"13,310.5","13,301.5","13,319.5","13,301.5",,-0.12%
03/24/2017,"13,326.5","13,320.5","13,335.5","13,320.5",,0.02%
03/23/2017,"13,324.5","13,325.5","13,331.5","13,320.5",,-0.03%
03/22/2017,"13,329.0","13,326.0","13,339.0","13,316.0",,0.08%
03/21/2017,"13,319.0","13,301.0","13,324.0","13,296.0",,0.04%
03/20/2017,"13,313.5","13,331.5","13,336.5","13,306.5",,-0.24%
03/17/2017,"13,345.0","13,333.0","13,356.0","13,323.0",,-0.03%
03/16/2017,"13,348.5","13,323.5","13,353.5","13,323.5",,-0.12%
03/15/2017,"13,365.0","13,365.0","13,380.0","13,365.0",,-0.05%
03/14/2017,"13,371.5","13,356.5","13,373.5","13,356.5",,0.12%
03/13/2017,"13,356.0","13,351.0","13,366.0","13,351.0",,-0.17%
03/10/2017,"13,379.0","13,386.0","13,396.0","13,379.0",,-0.06%
03/09/2017,"13,386.5","13,366.5","13,386.5","13,366.5",,0.27%
03/08/2017,"13,350.0","13,350.0","13,353.0","13,338.0",,0.02%
03/07/2017,"13,347.0","13,339.0","13,351.0","13,339.0",,-0.02%
03/06/2017,"13,350.0","13,362.0","13,372.0","13,342.0",,-0.24%
03/03/2017,"13,382.5","13,362.5","13,382.5","13,362.5",,0.18%
03/02/2017,"13,358.5","13,361.5","13,366.5","13,351.5",,-0.03%
03/01/2017,"13,362.0","13,356.0","13,366.0","13,351.0",,0.19%
02/28/2017,"13,336.0","13,350.0","13,355.0","13,336.0",,-0.05%
02/27/2017,"13,342.5","13,331.5","13,349.5","13,331.5",,0.09%
02/24/2017,"13,330.5","13,326.5","13,337.5","13,326.5",,-0.15%
02/23/2017,"13,351.0","13,356.0","13,363.0","13,344.0",,-0.12%
02/22/2017,"13,367.0","13,360.0","13,368.0","13,350.0",,-0.04%
02/21/2017,"13,372.5","13,367.5","13,377.5","13,360.5",,0.14%
02/20/2017,"13,354.0","13,331.0","13,359.0","13,326.0",,0.16%
02/17/2017,"13,332.5","13,327.5","13,337.5","13,322.5",,0.09%
02/16/2017,"13,320.0","13,315.0","13,336.0","13,315.0",,-0.08%
02/15/2017,"13,330.5","13,330.5","13,330.5","13,330.5",,0.00%
02/14/2017,"13,330.5","13,322.5","13,334.5","13,315.5",,0.03%
02/13/2017,"13,326.5","13,326.5","13,331.5","13,316.5",,0.08%
02/10/2017,"13,315.5","13,315.5","13,322.5","13,303.5",,0.10%
02/09/2017,"13,302.5","13,312.5","13,317.5","13,282.5",,-0.17%
02/08/2017,"13,325.0","13,338.0","13,345.0","13,324.0",,-0.03%
02/07/2017,"13,328.5","13,324.5","13,339.5","13,319.5",,0.05%
02/06/2017,"13,322.5","13,317.5","13,334.5","13,316.5",,-0.17%
02/03/2017,"13,345.0","13,365.0","13,375.0","13,340.0",,-0.06%
02/02/2017,"13,352.5","13,362.5","13,377.5","13,347.5",,-0.15%
02/01/2017,"13,372.5","13,342.5","13,387.5","13,337.5",,0.15%
01/31/2017,"13,352.0","13,340.0","13,360.0","13,335.0",,0.05%
01/30/2017,"13,345.0","13,335.0","13,358.0","13,335.0",,-0.10%
01/27/2017,"13,358.5","13,356.5","13,366.5","13,346.5",,0.17%
01/26/2017,"13,336.0","13,311.0","13,342.0","13,311.0",,-0.18%
01/25/2017,"13,360.5","13,339.5","13,364.5","13,334.5",,0.22%
01/24/2017,"13,331.0","13,339.0","13,341.0","13,304.0",,-0.22%
01/23/2017,"13,360.0","13,380.0","13,385.0","13,345.0",,-0.37%
01/20/2017,"13,410.0","13,395.0","13,410.0","13,375.0",,0.28%
01/19/2017,"13,373.0","13,375.0","13,385.0","13,355.0",,0.23%
01/18/2017,"13,342.5","13,322.5","13,342.5","13,317.5",,-0.07%
01/17/2017,"13,351.5","13,351.5","13,381.5","13,331.5",,-0.11%
01/16/2017,"13,366.5","13,303.5","13,368.5","13,303.5",,0.26%
01/13/2017,"13,331.5","13,295.5","13,333.5","13,293.5",,0.31%
01/12/2017,"13,290.0","13,285.0","13,310.0","13,265.0",,-0.29%
01/11/2017,"13,329.0","13,311.0","13,331.0","13,301.0",,0.11%
01/10/2017,"13,315.0","13,325.0","13,335.0","13,285.0",,-0.37%
01/09/2017,"13,365.0","13,390.0","13,398.0","13,365.0",,0.00%
01/06/2017,"13,365.0","13,340.0","13,365.0","13,334.0",,-0.07%
01/05/2017,"13,375.0","13,405.0","13,405.0","13,315.0",,-0.48%
01/04/2017,"13,440.0","13,470.0","13,485.0","13,435.0",,-0.29%
01/03/2017,"13,479.5","13,461.5","13,486.5","13,461.5",,0.05%
01/02/2017,"13,472.5","13,472.5","13,472.5","13,472.5",,0.00%
12/30/2016,"13,472.5","13,447.5","13,472.5","13,422.5",,0.07%
12/29/2016,"13,462.5","13,447.5","13,482.5","13,447.5",,0.15%
12/28/2016,"13,442.5","13,412.5","13,462.5","13,412.5",,-0.04%
12/27/2016,"13,447.5","13,432.5","13,447.5","13,422.5",,-0.02%
12/26/2016,"13,450.0","13,450.0","13,450.0","13,450.0",,0.00%
12/23/2016,"13,450.0","13,455.0","13,479.0","13,435.0",,-0.02%
12/22/2016,"13,452.5","13,452.5","13,452.5","13,427.5",,-0.12%
12/21/2016,"13,469.0","13,431.0","13,486.0","13,431.0",,0.31%
12/20/2016,"13,427.5","13,372.5","13,427.5","13,372.5",,0.33%
12/19/2016,"13,384.0","13,384.0","13,389.0","13,374.0",,-0.04%
12/16/2016,"13,390.0","13,405.0","13,435.0","13,365.0",,-0.06%
12/15/2016,"13,397.5","13,302.5","13,397.5","13,302.5",,0.76%
12/14/2016,"13,296.0","13,284.0","13,296.0","13,274.0",,-0.09%
12/13/2016,"13,307.5","13,302.5","13,315.5","13,297.5",,-0.15%
12/12/2016,"13,327.5","13,327.5","13,327.5","13,327.5",,0.00%
12/09/2016,"13,327.5","13,322.5","13,342.5","13,317.5",,0.31%
12/08/2016,"13,286.5","13,291.5","13,311.5","13,271.5",,-0.29%
12/07/2016,"13,325.0","13,355.0","13,360.0","13,315.0",,-0.43%
12/06/2016,"13,382.5","13,387.5","13,419.5","13,357.5",,-0.37%
12/05/2016,"13,432.5","13,512.5","13,522.5","13,402.5",,-0.68%
12/02/2016,"13,525.0","13,505.0","13,535.0","13,465.0",,-0.15%
12/01/2016,"13,545.0","13,575.0","13,590.0","13,545.0",,-0.06%
11/30/2016,"13,552.5","13,532.5","13,572.5","13,515.5",,-0.15%
11/29/2016,"13,572.5","13,502.5","13,576.5","13,502.5",,0.31%
11/28/2016,"13,530.0","13,480.0","13,545.0","13,458.0",,0.09%
11/25/2016,"13,517.5","13,562.5","13,577.5","13,492.5",,-0.30%
11/24/2016,"13,557.5","13,502.5","13,559.5","13,501.5",,0.56%
11/23/2016,"13,482.5","13,447.5","13,487.5","13,447.5",,0.30%
11/22/2016,"13,442.5","13,402.5","13,450.5","13,402.5",,0.13%
11/21/2016,"13,425.0","13,430.0","13,450.0","13,425.0",,-0.02%
11/18/2016,"13,427.5","13,377.5","13,431.5","13,372.5",,0.41%
11/17/2016,"13,372.5","13,382.5","13,399.5","13,367.5",,-0.04%
11/16/2016,"13,377.5","13,352.5","13,382.5","13,332.5",,0.11%
11/15/2016,"13,362.5","13,332.5","13,392.5","13,302.5",,0.04%
11/14/2016,"13,357.5","13,302.5","13,377.5","13,302.5",,0.53%
11/11/2016,"13,287.5","13,177.5","13,492.5","13,177.5",,1.14%
11/10/2016,"13,137.5","13,112.5","13,137.5","13,107.5",,0.29%
11/09/2016,"13,099.0","13,051.0","13,176.0","13,050.0",,0.11%
11/08/2016,"13,084.0","13,070.0","13,091.0","13,066.0",,-0.03%
11/07/2016,"13,088.0","13,072.0","13,088.0","13,071.0",,0.14%
11/04/2016,"13,070.0","13,080.0","13,115.0","13,065.0",,-0.04%
11/03/2016,"13,075.0","13,045.0","13,075.0","13,045.0",,0.15%
11/02/2016,"13,056.0","13,041.0","13,066.0","13,040.0",,0.11%
11/01/2016,"13,041.5","13,026.5","13,041.5","13,026.5",,-0.05%
10/31/2016,"13,048.0","13,051.0","13,053.0","13,040.0",,-0.02%
10/28/2016,"13,050.5","13,027.5","13,052.5","13,027.5",,0.13%
10/27/2016,"13,033.0","13,011.0","13,033.0","13,011.0",,0.20%
10/26/2016,"13,007.5","12,992.5","13,009.5","12,982.5",,0.01%
10/25/2016,"13,006.0","13,019.0","13,029.0","13,004.0",,-0.05%
10/24/2016,"13,013.0","13,031.0","13,051.0","13,006.0",,-0.25%
10/21/2016,"13,045.0","13,015.0","13,045.0","13,010.0",,0.29%
10/20/2016,"13,007.5","12,982.5","13,010.5","12,982.5",,0.00%
10/19/2016,"13,007.5","13,017.5","13,017.5","12,997.5",,-0.19%
10/18/2016,"13,032.0","13,022.0","13,054.0","13,022.0",,-0.28%
10/17/2016,"13,068.5","13,036.5","13,071.5","13,036.5",,0.18%
10/14/2016,"13,044.5","13,052.5","13,072.5","13,032.5",,-0.25%
10/13/2016,"13,077.5","13,022.5","13,077.5","13,017.5",,0.45%
10/12/2016,"13,018.5","13,001.5","13,026.5","13,001.5",,0.05%
10/11/2016,"13,012.5","12,977.5","13,017.5","12,977.5",,0.27%
10/10/2016,"12,977.5","12,952.5","12,982.5","12,952.5",,-0.06%
10/07/2016,"12,985.0","13,002.0","13,007.0","12,980.0",,-0.02%
10/06/2016,"12,987.0","12,991.0","12,996.0","12,981.0",,-0.08%
10/05/2016,"12,997.5","13,002.5","13,013.5","12,982.5",,0.12%
10/04/2016,"12,981.5","12,981.5","12,999.5","12,971.5",,-0.01%
10/03/2016,"12,982.5","13,022.5","13,022.5","12,967.5",,-0.52%
09/30/2016,"13,051.0","12,984.0","13,054.0","12,984.0",,0.59%
09/29/2016,"12,975.0","12,940.0","12,985.0","12,930.0",,0.21%
09/28/2016,"12,947.5","12,932.5","12,957.5","12,917.5",,-0.06%
09/27/2016,"12,955.0","13,023.0","13,050.0","12,935.0",,-0.58%
09/26/2016,"13,030.0","13,075.0","13,085.0","13,030.0",,-0.36%
09/23/2016,"13,076.5","13,061.5","13,101.5","13,051.5",,-0.10%
09/22/2016,"13,090.0","13,090.0","13,110.0","13,080.0",,-0.35%
09/21/2016,"13,135.5","13,131.5","13,161.5","13,131.5",,-0.13%
09/20/2016,"13,152.5","13,142.5","13,157.5","13,137.5",,-0.03%
09/19/2016,"13,156.0","13,161.0","13,176.0","13,151.0",,-0.01%
09/16/2016,"13,157.5","13,132.5","13,160.5","13,117.5",,-0.13%
09/15/2016,"13,175.0","13,185.0","13,200.0","13,160.0",,-0.22%
09/14/2016,"13,204.5","13,207.5","13,240.5","13,197.5",,0.26%
09/13/2016,"13,170.0","13,130.0","13,193.0","13,130.0",,0.54%
09/12/2016,"13,099.5","13,099.5","13,099.5","13,099.5",,0.00%
09/09/2016,"13,099.5","13,082.5","13,107.5","13,071.5",,0.28%
09/08/2016,"13,062.5","13,062.5","13,105.5","13,057.5",,-0.17%
09/07/2016,"13,085.0","13,080.0","13,095.0","13,075.0",,-0.32%
09/06/2016,"13,126.5","13,151.5","13,166.5","13,121.5",,-0.20%
09/05/2016,"13,152.5","13,217.5","13,217.5","13,147.5",,-0.71%
09/02/2016,"13,247.0","13,247.0","13,265.0","13,235.0",,-0.16%
09/01/2016,"13,268.0","13,262.0","13,280.0","13,257.0",,0.00%
08/31/2016,"13,267.5","13,282.5","13,308.5","13,256.5",,-0.08%
08/30/2016,"13,277.5","13,242.5","13,277.5","13,242.5",,0.09%
08/29/2016,"13,265.0","13,235.0","13,285.0","13,235.0",,0.45%
08/26/2016,"13,206.0","13,226.0","13,244.0","13,206.0",,-0.27%
08/25/2016,"13,241.5","13,241.5","13,271.5","13,239.5",,-0.05%
08/24/2016,"13,247.5","13,232.5","13,272.5","13,232.5",,0.22%
08/23/2016,"13,219.0","13,201.0","13,231.0","13,201.0",,0.06%
08/22/2016,"13,211.5","13,161.5","13,236.5","13,161.5",,0.41%
08/19/2016,"13,157.5","13,112.5","13,157.5","13,112.5",,0.31%
08/18/2016,"13,116.5","13,100.5","13,116.5","13,090.5",,0.16%
08/17/2016,"13,096.0","13,096.0","13,096.0","13,096.0",,0.00%
08/16/2016,"13,096.0","13,081.0","13,104.0","13,081.0",,-0.13%
08/15/2016,"13,112.5","13,117.5","13,124.5","13,102.5",,-0.06%
08/12/2016,"13,121.0","13,111.0","13,123.0","13,111.0",,0.03%
08/11/2016,"13,117.0","13,101.0","13,124.0","13,101.0",,0.03%
08/10/2016,"13,113.5","13,111.5","13,124.5","13,111.5",,-0.14%
08/09/2016,"13,132.5","13,122.5","13,135.5","13,117.5",,0.02%
08/08/2016,"13,130.0","13,131.0","13,151.0","13,124.0",,0.01%
08/05/2016,"13,128.5","13,118.5","13,131.5","13,114.5",,-0.07%
08/04/2016,"13,137.5","13,132.5","13,149.5","13,132.5",,0.10%
08/03/2016,"13,125.0","13,115.0","13,142.0","13,090.0",,0.21%
08/02/2016,"13,097.5","13,062.5","13,102.5","13,062.5",,0.20%
08/01/2016,"13,071.0","13,081.0","13,081.0","13,066.0",,-0.21%
07/29/2016,"13,098.5","13,091.5","13,112.5","13,081.5",,-0.02%
07/28/2016,"13,101.0","13,101.0","13,118.0","13,093.0",,-0.30%
07/27/2016,"13,140.0","13,145.0","13,150.0","13,106.0",,-0.21%
07/26/2016,"13,167.5","13,141.5","13,167.5","13,119.5",,0.21%
07/25/2016,"13,140.0","13,120.0","13,145.0","13,120.0",,0.24%
07/22/2016,"13,108.5","13,081.5","13,109.5","13,081.5",,0.06%
07/21/2016,"13,100.0","13,125.0","13,130.0","13,090.0",,-0.10%
07/20/2016,"13,112.5","13,092.5","13,122.5","13,082.5",,0.18%
07/19/2016,"13,089.0","13,081.0","13,091.0","13,081.0",,0.01%
07/18/2016,"13,087.5","13,102.5","13,117.5","13,087.5",,-0.03%
07/15/2016,"13,091.5","13,061.5","13,094.5","13,061.5",,0.07%
07/14/2016,"13,082.5","13,072.5","13,092.5","13,071.5",,-0.10%
07/13/2016,"13,095.0","13,095.0","13,120.0","13,084.0",,-0.19%
07/12/2016,"13,120.0","13,125.0","13,165.0","13,105.0",,0.23%
07/11/2016,"13,090.0","13,115.0","13,125.0","13,090.0",,-0.29%
07/08/2016,"13,127.5","13,127.5","13,127.5","13,127.5",,0.00%
07/07/2016,"13,127.5","13,127.5","13,127.5","13,127.5",,0.00%
07/06/2016,"13,127.5","13,127.5","13,127.5","13,127.5",,0.00%
07/05/2016,"13,127.5","13,127.5","13,127.5","13,127.5",,0.00%
07/04/2016,"13,127.5","13,127.5","13,127.5","13,127.5",,-0.10%
07/01/2016,"13,140.0","13,160.0","13,185.0","13,125.0",,-0.55%
06/30/2016,"13,212.5","13,172.5","13,217.5","13,157.5",,0.39%
06/29/2016,"13,161.5","13,161.5","13,201.5","13,131.5",,-0.12%
06/28/2016,"13,177.5","13,307.5","13,307.5","13,157.5",,-1.22%
06/27/2016,"13,340.0","13,385.0","13,520.0","13,293.0",,-0.30%
06/24/2016,"13,380.0","13,244.0","13,435.0","13,244.0",,0.92%
06/23/2016,"13,257.5","13,267.5","13,270.5","13,242.5",,-0.20%
06/22/2016,"13,284.0","13,274.0","13,309.0","13,274.0",,0.16%
06/21/2016,"13,262.5","13,252.5","13,302.5","13,252.5",,-0.02%
06/20/2016,"13,265.0","13,285.0","13,285.0","13,245.0",,-0.54%
06/17/2016,"13,337.5","13,352.5","13,369.5","13,332.5",,-0.22%
06/16/2016,"13,367.5","13,322.5","13,367.5","13,302.5",,-0.04%
06/15/2016,"13,372.5","13,382.5","13,417.5","13,357.5",,0.06%
06/14/2016,"13,365.0","13,270.0","13,390.0","13,265.0",,0.65%
06/13/2016,"13,278.5","13,326.5","13,341.5","13,266.5",,-0.14%
06/10/2016,"13,297.5","13,282.5","13,317.5","13,282.5",,0.25%
06/09/2016,"13,265.0","13,215.0","13,270.0","13,205.0",,0.00%
06/08/2016,"13,265.0","13,245.0","13,275.0","13,205.0",,-0.04%
06/07/2016,"13,270.0","13,375.0","13,385.0","13,260.0",,-0.80%
06/06/2016,"13,377.5","13,502.5","13,502.5","13,367.5",,-1.57%
06/03/2016,"13,591.5","13,621.5","13,641.5","13,586.5",,-0.41%
06/02/2016,"13,647.5","13,671.5","13,700.5","13,642.5",,-0.09%
06/01/2016,"13,660.0","13,655.0","13,695.0","13,645.0",,0.00%
05/31/2016,"13,660.0","13,625.0","13,660.0","13,595.0",,0.11%
05/30/2016,"13,645.0","13,610.0","13,655.0","13,610.0",,0.46%
05/27/2016,"13,583.0","13,557.0","13,587.0","13,557.0",,-0.15%
05/26/2016,"13,603.5","13,616.5","13,636.5","13,591.5",,-0.38%
05/25/2016,"13,655.0","13,655.0","13,685.0","13,615.0",,-0.26%
05/24/2016,"13,690.0","13,565.0","13,695.0","13,565.0",,0.79%
05/23/2016,"13,582.5","13,587.5","13,617.5","13,557.5",,-0.18%
05/20/2016,"13,607.5","13,542.5","13,652.5","13,532.5",,0.39%
05/19/2016,"13,555.0","13,445.0","13,560.0","13,430.0",,1.24%
05/18/2016,"13,389.0","13,315.0","13,389.0","13,310.0",,0.68%
05/17/2016,"13,298.5","13,293.5","13,308.5","13,267.5",,-0.03%
05/16/2016,"13,302.5","13,317.5","13,332.5","13,302.5",,-0.11%
05/13/2016,"13,317.5","13,302.5","13,324.5","13,297.5",,0.15%
05/12/2016,"13,297.5","13,302.5","13,312.5","13,282.5",,-0.06%
05/11/2016,"13,305.0","13,265.0","13,305.0","13,255.0",,0.13%
05/10/2016,"13,287.5","13,322.5","13,337.5","13,262.5",,-0.02%
05/09/2016,"13,290.0","13,305.0","13,305.0","13,275.0",,0.37%
05/06/2016,"13,241.5","13,241.5","13,241.5","13,241.5",,0.00%
05/05/2016,"13,241.5","13,241.5","13,241.5","13,241.5",,0.00%
05/04/2016,"13,241.5","13,211.5","13,251.5","13,141.5",,0.36%
05/03/2016,"13,194.5","13,144.5","13,196.5","13,134.5",,0.11%
05/02/2016,"13,180.0","13,175.0","13,195.0","13,175.0",,-0.04%
04/29/2016,"13,185.0","13,174.0","13,230.0","13,118.0",,-0.01%
04/28/2016,"13,186.5","13,161.5","13,211.5","13,151.5",,-0.06%
04/27/2016,"13,194.5","13,182.5","13,207.5","13,152.5",,-0.04%
04/26/2016,"13,200.0","13,205.0","13,230.0","13,190.0",,0.02%
04/25/2016,"13,197.5","13,202.5","13,242.5","13,192.5",,0.00%
04/22/2016,"13,197.5","13,152.5","13,207.5","13,152.5",,0.30%
04/21/2016,"13,157.5","13,152.5","13,187.5","13,147.5",,0.13%
04/20/2016,"13,141.0","13,105.0","13,151.0","13,105.0",,-0.05%
04/19/2016,"13,147.5","13,132.5","13,157.5","13,132.5",,-0.21%
04/18/2016,"13,175.0","13,185.0","13,220.0","13,175.0",,0.00%
04/15/2016,"13,175.0","13,175.0","13,180.0","13,145.0",,-0.02%
04/14/2016,"13,177.5","13,217.5","13,252.5","13,177.5",,0.13%
04/13/2016,"13,160.0","13,085.0","13,190.0","13,085.0",,0.35%
04/12/2016,"13,113.5","13,116.5","13,126.5","13,106.5",,-0.11%
04/11/2016,"13,127.5","13,102.5","13,139.5","13,102.5",,-0.11%
04/08/2016,"13,142.5","13,162.5","13,187.5","13,137.5",,-0.13%
04/07/2016,"13,160.0","13,175.0","13,212.0","13,155.0",,-0.47%
04/06/2016,"13,222.5","13,212.5","13,232.5","13,172.5",,0.03%
04/05/2016,"13,219.0","13,194.0","13,234.0","13,179.0",,0.40%
04/04/2016,"13,166.5","13,121.5","13,176.5","13,121.5",,0.05%
04/01/2016,"13,160.0","13,175.0","13,210.0","13,155.0",,-0.75%
03/31/2016,"13,260.0","13,255.0","13,296.0","13,240.0",,-0.06%
03/30/2016,"13,267.5","13,302.5","13,377.5","13,255.5",,-0.97%
03/29/2016,"13,397.5","13,327.5","13,432.5","13,317.5",,0.22%
03/28/2016,"13,367.5","13,277.5","13,367.5","13,277.5",,0.87%
03/25/2016,"13,252.5","13,252.5","13,252.5","13,252.5",,0.00%
03/24/2016,"13,252.5","13,202.5","13,262.5","13,152.5",,0.57%
03/23/2016,"13,177.5","13,152.5","13,202.5","13,141.5",,-0.02%
03/22/2016,"13,180.0","13,155.0","13,190.0","13,135.0",,0.34%
03/21/2016,"13,135.0","13,125.0","13,180.0","13,125.0",,0.13%
03/18/2016,"13,117.5","13,027.5","13,127.5","13,002.5",,0.17%
03/17/2016,"13,095.0","13,205.0","13,205.0","13,080.0",,-1.30%
03/16/2016,"13,267.5","13,162.5","13,282.5","13,132.5",,0.68%
03/15/2016,"13,177.5","13,057.5","13,177.5","13,056.5",,0.90%
03/14/2016,"13,060.0","12,975.0","13,060.0","12,975.0",,-0.08%
03/11/2016,"13,070.0","13,105.0","13,105.0","13,065.0",,-0.02%
03/10/2016,"13,072.5","13,127.5","13,162.5","13,062.5",,-0.54%
03/09/2016,"13,143.0","13,143.0","13,143.0","13,143.0",,0.00%
03/08/2016,"13,143.0","13,095.0","13,160.0","13,085.0",,0.40%
03/07/2016,"13,090.0","13,005.0","13,090.0","12,955.0",,-0.34%
03/04/2016,"13,135.0","13,155.0","13,175.0","13,110.0",,-0.76%
03/03/2016,"13,235.0","13,290.0","13,290.0","13,235.0",,-0.41%
03/02/2016,"13,290.0","13,295.0","13,325.0","13,255.0",,-0.45%
03/01/2016,"13,350.0","13,330.0","13,380.0","13,330.0",,-0.16%
02/29/2016,"13,372.0","13,380.0","13,410.0","13,371.0",,0.01%
02/26/2016,"13,370.0","13,380.0","13,406.0","13,360.0",,-0.30%
02/25/2016,"13,410.5","13,384.5","13,434.5","13,384.5",,-0.01%
02/24/2016,"13,412.5","13,427.5","13,457.5","13,407.5",,-0.09%
02/23/2016,"13,425.0","13,405.0","13,435.0","13,380.0",,-0.09%
02/22/2016,"13,437.5","13,482.5","13,490.5","13,422.5",,-0.43%
02/19/2016,"13,495.0","13,505.0","13,565.0","13,495.0",,0.00%
02/18/2016,"13,495.0","13,455.0","13,505.0","13,435.0",,-0.11%
02/17/2016,"13,510.0","13,445.0","13,515.0","13,445.0",,0.82%
02/16/2016,"13,400.0","13,305.0","13,415.0","13,295.0",,0.19%
02/15/2016,"13,375.0","13,460.0","13,490.0","13,375.0",,-0.85%
02/12/2016,"13,490.0","13,455.0","13,525.0","13,424.0",,0.20%
02/11/2016,"13,462.5","13,372.5","13,462.5","13,327.5",,0.00%
02/10/2016,"13,462.5","13,582.5","13,602.5","13,402.5",,-1.05%
02/09/2016,"13,605.0","13,663.0","13,713.0","13,603.0",,-0.15%
02/08/2016,"13,625.0","13,625.0","13,625.0","13,625.0",,0.00%
02/05/2016,"13,625.0","13,625.0","13,670.0","13,595.0",,-0.09%
02/04/2016,"13,637.5","13,672.5","13,682.5","13,632.5",,-0.93%
02/03/2016,"13,765.0","13,715.0","13,835.0","13,695.0",,0.57%
02/02/2016,"13,687.5","13,622.5","13,702.5","13,607.5",,0.37%
02/01/2016,"13,637.5","13,752.5","13,777.5","13,572.5",,-1.00%
01/29/2016,"13,775.0","13,805.0","13,855.0","13,755.0",,-0.72%
01/28/2016,"13,874.5","13,889.5","13,909.5","13,864.5",,-0.03%
01/27/2016,"13,878.5","13,851.5","13,891.5","13,846.5",,-0.15%
01/26/2016,"13,900.0","13,880.0","13,925.0","13,880.0",,0.20%
01/25/2016,"13,872.5","13,812.5","13,872.5","13,812.5",,0.16%
01/22/2016,"13,850.0","13,855.0","13,888.0","13,844.0",,-0.43%
01/21/2016,"13,910.0","13,908.0","13,928.0","13,863.0",,-0.36%
01/20/2016,"13,960.0","13,870.0","13,960.0","13,870.0",,0.58%
01/19/2016,"13,880.0","13,905.0","13,927.0","13,845.0",,-0.38%
01/18/2016,"13,932.5","13,902.5","13,952.5","13,902.5",,0.27%
01/15/2016,"13,894.5","13,814.5","13,914.5","13,814.5",,-0.11%
01/14/2016,"13,910.0","13,835.0","13,965.0","13,815.0",,0.60%
01/13/2016,"13,827.5","13,862.5","13,882.5","13,827.5",,-0.59%
01/12/2016,"13,910.0","13,855.0","13,910.0","13,810.0",,0.25%
01/11/2016,"13,875.0","13,915.0","13,955.0","13,870.0",,-0.34%
01/08/2016,"13,922.5","13,907.5","13,922.5","13,852.5",,-0.04%
01/07/2016,"13,927.5","13,922.5","13,977.5","13,862.5",,-0.14%
01/06/2016,"13,947.5","13,817.5","13,947.5","13,802.5",,0.61%
01/05/2016,"13,862.5","13,947.5","13,962.5","13,787.5",,-0.38%
01/04/2016,"13,915.0","13,805.0","13,920.0","13,805.0",,0.92%
01/01/2016,"13,787.5","13,787.5","13,787.5","13,787.5",,0.00%
12/31/2015,"13,787.5","13,772.5","13,817.5","13,772.5",,0.04%
12/30/2015,"13,782.5","13,722.5","13,822.5","13,722.5",,0.27%
12/29/2015,"13,745.0","13,635.0","13,753.0","13,635.0",,0.70%
12/28/2015,"13,650.0","13,605.0","13,665.0","13,605.0",,0.05%
12/25/2015,"13,642.5","13,642.5","13,642.5","13,642.5",,0.00%
12/24/2015,"13,642.5","13,642.5","13,642.5","13,642.5",,0.00%
12/23/2015,"13,642.5","13,602.5","13,672.5","13,602.5",,-0.24%
12/22/2015,"13,675.0","13,635.0","13,695.0","13,535.0",,-0.71%
12/21/2015,"13,772.5","13,862.5","13,922.5","13,732.5",,-1.04%
12/18/2015,"13,917.5","14,007.5","14,036.5","13,902.5",,-0.64%
12/17/2015,"14,006.5","14,011.5","14,056.5","14,001.5",,-0.45%
12/16/2015,"14,069.5","14,034.5","14,074.5","14,033.5",,0.09%
12/15/2015,"14,056.5","14,051.5","14,073.5","14,026.5",,-0.15%
12/14/2015,"14,077.5","14,022.5","14,092.5","14,002.5",,0.93%
12/11/2015,"13,947.5","13,912.5","13,950.5","13,902.5",,0.09%
12/10/2015,"13,935.0","13,930.0","13,979.0","13,845.0",,0.45%
12/09/2015,"13,872.5","13,872.5","13,872.5","13,872.5",,0.00%
12/08/2015,"13,872.5","13,842.5","13,875.5","13,837.5",,0.22%
12/07/2015,"13,842.5","13,802.5","13,852.5","13,802.5",,0.08%
12/04/2015,"13,832.0","13,832.0","13,842.0","13,821.0",,-0.08%
12/03/2015,"13,843.5","13,801.5","13,851.5","13,801.5",,0.33%
12/02/2015,"13,797.5","13,752.5","13,805.5","13,737.5",,0.11%
12/01/2015,"13,782.5","13,827.5","13,837.5","13,781.5",,-0.38%
11/30/2015,"13,835.0","13,780.0","13,850.0","13,780.0",,0.40%
11/27/2015,"13,780.0","13,735.0","13,780.0","13,735.0",,0.38%
11/26/2015,"13,728.5","13,708.5","13,738.5","13,708.5",,0.30%
11/25/2015,"13,687.5","13,652.5","13,707.5","13,642.5",,-0.15%
11/24/2015,"13,707.5","13,677.5","13,732.5","13,677.5",,-0.11%
11/23/2015,"13,723.0","13,647.0","13,723.0","13,647.0",,0.50%
11/20/2015,"13,655.0","13,705.0","13,745.0","13,605.0",,-0.89%
11/19/2015,"13,777.5","13,752.5","13,797.5","13,727.5",,-0.16%
11/18/2015,"13,799.5","13,710.5","13,800.5","13,670.5",,0.38%
11/17/2015,"13,747.5","13,682.5","13,747.5","13,682.5",,0.15%
11/16/2015,"13,727.5","13,692.5","13,742.5","13,662.5",,0.46%
11/13/2015,"13,665.0","13,595.0","13,688.0","13,595.0",,0.46%
11/12/2015,"13,602.5","13,602.5","13,632.5","13,552.5",,0.00%
11/11/2015,"13,602.5","13,532.5","13,607.5","13,532.5",,-0.05%
11/10/2015,"13,609.5","13,627.5","13,642.5","13,592.5",,-0.28%
11/09/2015,"13,647.5","13,662.5","13,703.5","13,627.5",,0.65%
11/06/2015,"13,560.0","13,555.0","13,565.0","13,525.0",,-0.04%
11/05/2015,"13,565.0","13,545.0","13,645.0","13,545.0",,0.07%
11/04/2015,"13,555.0","13,465.0","13,555.0","13,425.0",,0.00%
11/03/2015,"13,555.0","13,580.0","13,615.0","13,535.0",,-0.82%
11/02/2015,"13,667.5","13,652.5","13,687.5","13,632.5",,-0.15%
10/30/2015,"13,687.5","13,562.5","13,707.5","13,562.5",,0.39%
10/29/2015,"13,635.0","13,560.0","13,650.0","13,515.0",,1.17%
10/28/2015,"13,477.5","13,627.5","13,640.5","13,472.5",,-1.06%
10/27/2015,"13,622.5","13,647.5","13,647.5","13,572.5",,-0.16%
10/26/2015,"13,645.0","13,605.0","13,680.0","13,545.0",,0.07%
10/23/2015,"13,635.0","13,555.0","13,650.0","13,405.0",,-0.16%
10/22/2015,"13,657.5","13,727.5","13,732.5","13,482.5",,-0.43%
10/21/2015,"13,717.0","13,680.0","13,750.0","13,665.0",,0.53%
10/20/2015,"13,645.0","13,585.0","13,655.0","13,585.0",,0.84%
10/19/2015,"13,531.5","13,501.5","13,571.5","13,501.5",,0.01%
10/16/2015,"13,530.0","13,480.0","13,580.0","13,450.0",,0.56%
10/15/2015,"13,455.0","13,515.0","13,515.0","13,215.0",,-1.21%
10/14/2015,"13,619.5","13,619.5","13,619.5","13,619.5",,0.00%
10/13/2015,"13,619.5","13,435.5","13,630.5","13,435.5",,1.60%
10/12/2015,"13,405.0","13,305.0","13,485.0","13,305.0",,-0.11%
10/09/2015,"13,420.0","13,710.0","13,820.0","13,270.0",,-3.23%
10/08/2015,"13,867.5","13,777.5","13,882.5","13,707.5",,0.31%
10/07/2015,"13,825.0","14,185.0","14,185.0","13,725.0",,-2.95%
10/06/2015,"14,245.5","14,464.5","14,474.5","14,144.5",,-1.72%
10/05/2015,"14,495.0","14,630.0","14,630.0","14,485.0",,-1.01%
10/02/2015,"14,642.5","14,692.5","14,707.5","14,642.5",,-0.19%
10/01/2015,"14,670.0","14,625.0","14,683.0","14,625.0",,0.14%
09/30/2015,"14,650.0","14,645.0","14,675.0","14,635.0",,-0.22%
09/29/2015,"14,682.5","14,702.5","14,732.5","14,662.5",,-0.10%
09/28/2015,"14,697.5","14,682.5","14,707.5","14,657.5",,0.09%
09/25/2015,"14,685.0","14,665.0","14,705.0","14,665.0",,0.26%
09/24/2015,"14,647.5","14,647.5","14,647.5","14,647.5",,0.00%
09/23/2015,"14,647.5","14,552.5","14,652.5","14,552.5",,1.03%
09/22/2015,"14,497.5","14,462.5","14,502.5","14,462.5",,0.29%
09/21/2015,"14,455.0","14,420.0","14,463.0","14,420.0",,0.56%
09/18/2015,"14,375.0","14,445.0","14,485.0","14,365.0",,-0.57%
09/17/2015,"14,457.5","14,442.5","14,460.5","14,437.5",,0.02%
09/16/2015,"14,455.0","14,395.0","14,465.0","14,395.0",,0.33%
09/15/2015,"14,407.5","14,341.5","14,412.5","14,341.5",,0.42%
09/14/2015,"14,347.5","14,307.5","14,347.5","14,306.5",,0.12%
09/11/2015,"14,330.0","14,295.0","14,335.0","14,280.0",,-0.02%
09/10/2015,"14,332.5","14,282.5","14,337.5","14,257.5",,0.50%
09/09/2015,"14,261.5","14,281.5","14,281.5","14,216.5",,-0.13%
09/08/2015,"14,280.0","14,240.0","14,298.0","14,240.0",,0.23%
09/07/2015,"14,247.5","14,212.5","14,251.5","14,202.5",,0.58%
09/04/2015,"14,165.0","14,155.0","14,193.0","14,155.0",,-0.03%
09/03/2015,"14,169.0","14,126.0","14,169.0","14,126.0",,0.28%
09/02/2015,"14,130.0","14,085.0","14,140.0","14,085.0",,0.23%
09/01/2015,"14,097.5","14,047.5","14,099.5","14,042.5",,0.34%
08/31/2015,"14,050.0","13,975.0","14,055.0","13,975.0",,0.48%
08/28/2015,"13,982.5","13,977.5","14,038.5","13,967.5",,-0.07%
08/27/2015,"13,992.5","14,082.5","14,137.5","13,982.5",,-0.92%
08/26/2015,"14,122.5","14,072.5","14,125.5","14,072.5",,0.41%
08/25/2015,"14,065.0","14,050.0","14,090.0","14,035.0",,0.13%
08/24/2015,"14,047.0","13,953.0","14,048.0","13,953.0",,0.75%
08/21/2015,"13,942.5","13,877.5","13,949.5","13,877.5",,0.52%
08/20/2015,"13,870.0","13,835.0","13,880.0","13,805.0",,0.20%
08/19/2015,"13,842.5","13,807.5","13,842.5","13,802.5",,0.18%
08/18/2015,"13,818.0","13,795.0","13,853.0","13,795.0",,0.22%
08/17/2015,"13,787.5","13,787.5","13,787.5","13,787.5",,0.00%
08/14/2015,"13,787.5","13,747.5","13,790.5","13,737.5",,0.31%
08/13/2015,"13,745.0","13,765.0","13,795.0","13,714.0",,-0.29%
08/12/2015,"13,785.0","13,655.0","13,830.0","13,655.0",,1.36%
08/11/2015,"13,600.0","13,535.0","13,600.0","13,515.0",,0.38%
08/10/2015,"13,549.0","13,531.0","13,549.0","13,526.0",,0.07%
08/07/2015,"13,539.5","13,526.5","13,543.5","13,523.5",,-0.01%
08/06/2015,"13,541.5","13,525.5","13,541.5","13,510.5",,0.20%
08/05/2015,"13,514.0","13,496.0","13,520.0","13,481.0",,0.21%
08/04/2015,"13,485.5","13,492.5","13,512.5","13,477.5",,-0.11%
08/03/2015,"13,500.0","13,495.0","13,515.0","13,474.0",,-0.20%
07/31/2015,"13,527.5","13,462.5","13,527.5","13,461.5",,0.45%
07/30/2015,"13,467.5","13,457.5","13,472.5","13,452.5",,0.09%
07/29/2015,"13,456.0","13,421.0","13,459.0","13,421.0",,-0.05%
07/28/2015,"13,462.5","13,442.5","13,466.5","13,441.5",,0.03%
07/27/2015,"13,459.0","13,441.0","13,466.0","13,441.0",,0.10%
07/24/2015,"13,445.0","13,425.0","13,462.0","13,418.0",,0.17%
07/23/2015,"13,422.5","13,377.5","13,422.5","13,372.5",,0.34%
07/22/2015,"13,377.5","13,332.5","13,382.5","13,332.5",,0.25%
07/21/2015,"13,344.5","13,344.5","13,344.5","13,344.5",,0.00%
07/20/2015,"13,344.5","13,344.5","13,344.5","13,344.5",,0.00%
07/17/2015,"13,344.5","13,344.5","13,344.5","13,344.5",,0.00%
07/16/2015,"13,344.5","13,344.5","13,344.5","13,344.5",,0.00%
07/15/2015,"13,344.5","13,322.5","13,344.5","13,312.5",,0.07%
07/14/2015,"13,335.0","13,305.0","13,350.0","13,303.0",,0.26%
07/13/2015,"13,300.0","13,316.0","13,317.0","13,279.0",,-0.10%
07/10/2015,"13,313.5","13,318.5","13,318.5","13,293.5",,-0.17%
07/09/2015,"13,336.0","13,354.0","13,359.0","13,324.0",,-0.07%
07/08/2015,"13,345.0","13,330.0","13,360.0","13,320.0",,0.13%
07/07/2015,"13,327.5","13,302.5","13,332.5","13,287.5",,-0.16%
07/06/2015,"13,349.5","13,341.5","13,361.5","13,311.5",,0.22%
07/03/2015,"13,320.0","13,297.0","13,327.0","13,297.0",,-0.13%
07/02/2015,"13,337.5","13,327.5","13,362.5","13,324.5",,0.09%
07/01/2015,"13,326.0","13,343.0","13,343.0","13,303.0",,-0.05%
06/30/2015,"13,332.5","13,324.5","13,337.5","13,312.5",,-0.09%
06/29/2015,"13,345.0","13,330.0","13,380.0","13,330.0",,0.26%
06/26/2015,"13,310.0","13,331.0","13,348.0","13,300.0",,-0.13%
06/25/2015,"13,327.5","13,292.5","13,332.5","13,292.5",,0.18%
06/24/2015,"13,303.5","13,253.5","13,308.5","13,253.5",,0.37%
06/23/2015,"13,255.0","13,305.0","13,325.0","13,250.0",,-0.41%
06/22/2015,"13,310.0","13,325.0","13,335.0","13,305.0",,-0.16%
06/19/2015,"13,331.5","13,306.5","13,334.5","13,301.5",,0.20%
06/18/2015,"13,305.0","13,338.0","13,348.0","13,298.0",,-0.47%
06/17/2015,"13,367.5","13,347.5","13,373.5","13,347.5",,0.11%
06/16/2015,"13,353.0","13,330.0","13,355.0","13,325.0",,0.13%
06/15/2015,"13,335.0","13,316.0","13,340.0","13,315.0",,0.02%
06/12/2015,"13,332.5","13,302.5","13,337.5","13,302.5",,0.09%
06/11/2015,"13,320.5","13,264.5","13,325.5","13,254.5",,0.06%
06/10/2015,"13,312.5","13,307.5","13,339.5","13,287.5",,0.08%
06/09/2015,"13,302.5","13,332.5","13,386.5","13,296.5",,-0.58%
06/08/2015,"13,379.5","13,335.5","13,385.5","13,335.5",,0.78%
06/05/2015,"13,275.5","13,294.5","13,299.5","13,274.5",,-0.05%
06/04/2015,"13,282.0","13,213.0","13,293.0","13,213.0",,0.46%
06/03/2015,"13,221.0","13,191.0","13,221.0","13,190.0",,-0.01%
06/02/2015,"13,222.5","13,222.5","13,222.5","13,222.5",,0.00%
06/01/2015,"13,222.5","13,202.5","13,237.5","13,202.5",,-0.01%
05/29/2015,"13,224.0","13,191.0","13,226.0","13,191.0",,0.02%
05/28/2015,"13,221.5","13,181.5","13,225.5","13,181.5",,0.15%
05/27/2015,"13,202.0","13,215.0","13,241.0","13,195.0",,-0.06%
05/26/2015,"13,210.0","13,175.0","13,220.0","13,175.0",,0.18%
05/25/2015,"13,186.5","13,188.5","13,193.5","13,168.5",,0.24%
05/22/2015,"13,155.0","13,105.0","13,171.0","13,105.0",,0.19%
05/21/2015,"13,129.5","13,127.5","13,173.5","13,105.5",,-0.35%
05/20/2015,"13,175.0","13,145.0","13,185.0","13,145.0",,0.45%
05/19/2015,"13,115.5","13,159.5","13,189.5","13,104.5",,-0.16%
05/18/2015,"13,137.0","13,085.0","13,145.0","13,085.0",,0.35%
05/15/2015,"13,091.0","13,052.0","13,102.0","13,052.0",,-0.35%
05/14/2015,"13,137.5","13,137.5","13,137.5","13,137.5",,0.00%
05/13/2015,"13,137.5","13,157.5","13,197.5","13,127.5",,-0.46%
05/12/2015,"13,198.0","13,166.0","13,213.0","13,166.0",,0.33%
05/11/2015,"13,155.0","13,115.0","13,165.0","13,110.0",,0.21%
05/08/2015,"13,127.5","13,122.5","13,192.5","13,092.5",,-0.13%
05/07/2015,"13,145.0","13,035.0","13,151.0","13,025.0",,0.84%
05/06/2015,"13,035.0","13,030.0","13,050.0","13,005.0",,-0.10%
05/05/2015,"13,047.5","12,992.5","13,047.5","12,985.5",,0.52%
05/04/2015,"12,980.0","12,975.0","13,030.0","12,974.0",,0.14%
05/01/2015,"12,962.5","12,962.5","12,962.5","12,962.5",,0.00%
04/30/2015,"12,962.5","12,924.5","12,962.5","12,912.5",,0.17%
04/29/2015,"12,940.0","12,935.0","12,978.0","12,935.0",,-0.31%
04/28/2015,"12,980.0","12,945.0","12,995.0","12,945.0",,0.00%
04/27/2015,"12,980.0","12,930.0","12,985.0","12,915.0",,0.47%
04/24/2015,"12,919.5","12,924.5","12,948.5","12,909.5",,-0.27%
04/23/2015,"12,955.0","12,920.0","12,961.0","12,919.0",,0.43%
04/22/2015,"12,900.0","12,925.0","12,965.0","12,885.0",,-0.44%
04/21/2015,"12,957.5","12,937.5","12,972.5","12,917.5",,0.52%
04/20/2015,"12,890.0","12,855.0","12,900.0","12,852.0",,0.31%
04/17/2015,"12,850.0","12,838.0","12,875.0","12,835.0",,-0.05%
04/16/2015,"12,856.0","12,869.0","12,874.0","12,804.0",,-0.34%
04/15/2015,"12,900.5","12,959.5","12,987.5","12,884.5",,-0.62%
04/14/2015,"12,980.5","12,973.5","12,992.5","12,964.5",,-0.03%
04/13/2015,"12,985.0","12,905.0","12,990.0","12,905.0",,0.54%
04/10/2015,"12,915.0","12,910.0","12,935.0","12,880.0",,0.13%
04/09/2015,"12,898.0","12,962.0","12,982.0","12,892.0",,-0.44%
04/08/2015,"12,955.0","12,980.0","13,010.0","12,954.0",,-0.23%
04/07/2015,"12,985.0","12,955.0","12,990.0","12,953.0",,0.20%
04/06/2015,"12,958.5","12,951.5","12,958.5","12,921.5",,-0.34%
04/03/2015,"13,002.5","13,002.5","13,002.5","13,002.5",,0.00%
04/02/2015,"13,002.5","12,982.5","13,012.5","12,977.5",,-0.31%
04/01/2015,"13,042.5","13,057.5","13,062.5","13,002.5",,-0.25%
03/31/2015,"13,075.0","13,070.0","13,095.0","13,067.0",,0.00%
03/30/2015,"13,075.0","13,054.0","13,092.0","13,054.0",,0.08%
03/27/2015,"13,065.0","13,025.0","13,080.0","13,025.0",,0.35%
03/26/2015,"13,019.0","12,971.0","13,026.0","12,971.0",,0.25%
03/25/2015,"12,986.0","12,914.0","12,989.0","12,909.0",,0.63%
03/24/2015,"12,905.0","12,985.0","12,995.0","12,900.0",,-0.88%
03/23/2015,"13,019.5","13,030.5","13,080.5","13,005.5",,-0.74%
03/20/2015,"13,116.0","13,044.0","13,124.0","13,044.0",,0.62%
03/19/2015,"13,035.0","13,115.0","13,115.0","12,984.0",,-1.03%
03/18/2015,"13,170.0","13,160.0","13,190.0","13,150.0",,0.02%
03/17/2015,"13,167.5","13,222.5","13,247.5","13,162.5",,-0.56%
03/16/2015,"13,242.0","13,203.0","13,247.0","13,203.0",,0.36%
03/13/2015,"13,195.0","13,155.0","13,205.0","13,150.0",,0.09%
03/12/2015,"13,182.5","13,147.5","13,217.5","13,147.5",,-0.06%
03/11/2015,"13,190.5","13,139.5","13,244.5","13,124.5",,0.76%
03/10/2015,"13,091.5","13,053.5","13,093.5","13,047.5",,0.32%
03/09/2015,"13,050.0","13,005.0","13,075.0","13,005.0",,0.54%
03/06/2015,"12,980.0","13,000.0","13,005.0","12,950.0",,-0.08%
03/05/2015,"12,990.0","12,990.0","13,030.0","12,979.0",,0.06%
03/04/2015,"12,982.5","12,957.5","12,982.5","12,942.5",,0.13%
03/03/2015,"12,965.0","12,945.0","12,982.0","12,945.0",,-0.04%
03/02/2015,"12,970.0","12,955.0","13,000.0","12,950.0",,0.35%
02/27/2015,"12,925.0","12,835.0","12,945.0","12,835.0",,0.68%
02/26/2015,"12,837.5","12,842.5","12,869.5","12,827.5",,-0.28%
02/25/2015,"12,873.5","12,851.5","12,891.5","12,851.5",,-0.19%
02/24/2015,"12,897.5","12,842.5","12,899.5","12,802.5",,0.49%
02/23/2015,"12,834.5","12,812.5","12,835.5","12,802.5",,0.17%
02/20/2015,"12,812.5","12,852.5","12,867.5","12,802.5",,-0.23%
02/19/2015,"12,842.5","12,842.5","12,842.5","12,842.5",,0.00%
02/18/2015,"12,842.5","12,787.5","12,847.5","12,787.5",,0.57%
02/17/2015,"12,769.5","12,741.5","12,771.5","12,740.5",,0.13%
02/16/2015,"12,752.5","12,752.5","12,767.5","12,732.5",,-0.27%
02/13/2015,"12,787.5","12,737.5","12,787.5","12,737.5",,-0.04%
02/12/2015,"12,792.5","12,752.5","12,837.5","12,752.5",,0.61%
02/11/2015,"12,715.0","12,680.0","12,720.0","12,680.0",,0.34%
02/10/2015,"12,672.5","12,652.5","12,672.5","12,637.5",,0.20%
02/09/2015,"12,647.5","12,632.5","12,692.5","12,632.5",,0.26%
02/06/2015,"12,614.5","12,633.5","12,633.5","12,603.5",,-0.14%
02/05/2015,"12,632.5","12,631.5","12,660.5","12,627.5",,0.06%
02/04/2015,"12,625.0","12,605.0","12,640.0","12,585.0",,-0.23%
02/03/2015,"12,654.0","12,674.0","12,674.0","12,609.0",,-0.24%
02/02/2015,"12,685.0","12,683.0","12,718.0","12,680.0",,0.14%
01/30/2015,"12,667.5","12,592.5","12,667.5","12,582.5",,0.80%
01/29/2015,"12,567.5","12,502.5","12,567.5","12,502.5",,0.65%
06/30/2026,17925.0,17941.0,17948.0,17838.19921875,,0.53%
07/01/2026,17935.0,17906.80078125,18006.0,17881.19921875,,0.06%
07/02/2026,17998.0,18003.0,18037.0,17851.69921875,,0.35%
07/03/2026,17787.900390625,17981.0,18021.0,17278.19921875,,-1.17%
07/06/2026,17998.0,17992.0,18047.0,17962.19921875,,1.18%
07/07/2026,18046.0,18053.0,18064.0,17848.19921875,,0.27%
07/08/2026,17979.0,17988.0,18116.0,17896.0,,-0.37%
07/09/2026,18125.0,18092.5,18145.0,18001.80078125,,0.81%
07/10/2026,18125.0,18135.900390625,18148.0,17997.900390625,,0.00%
07/13/2026,18065.0,18069.0,18145.80078125,17909.80078125,,-0.33%
07/14/2026,18111.0,18152.0,18153.0,17916.599609375,,0.25%
07/15/2026,18157.0,18048.69921875,18129.0,18006.0,,0.25%
07/16/2026,18068.80078125,18031.80078125,18155.0,17808.599609375,,-0.49%
07/17/2026,17985.0,17983.0,17997.0,17885.0,,-0.46%
07/20/2026,17934.0,17937.0,17980.0,17868.80078125,,-0.28%
07/21/2026,17931.0,17931.0,17937.0,17864.0,,-0.02%
07/22/2026,17911.0,17911.0,17927.900390625,17727.80078125,,-0.11%
07/23/2026,17917.0,17917.0,18021.0,17882.0,,0.03%
07/24/2026,17967.0,17967.900390625,17988.0,17891.599609375,,0.28%
07/27/2026,17958.0,17947.0,18068.0,17931.0,,-0.05%
07/28/2026,18053.0,18053.0,18113.900390625,18044.30078125,,0.53%
07/29/2026,18053.0,18053.0,18109.099609375,18032.19921875,,0.00%
07/30/2026,18079.0,18079.0,18118.900390625,17845.30078125,,0.14%
07/31/2026,18040.099609375,18040.099609375,18080.0,17899.599609375,,-0.22%
08/03/2026,18030.0,18030.0,18052.0,17958.0,,-0.06%
08/04/2026,17963.30078125,17963.30078125,18038.599609375,17945.0,,-0.37%
08/05/2026,17963.0,17963.0,17981.0,17831.0,,-0.00%
08/06/2026,17873.0,17874.0,17916.0,17872.0,,-0.50%
08/07/2026,17912.0,17912.0,17937.0,17769.0,,0.22%
08/10/2026,17794.0,17794.0,17827.0,17719.30078125,,-0.66%
08/11/2026,17791.0,17794.0,17872.80078125,17749.599609375,,-0.02%
08/12/2026,17822.0,17823.0,17880.599609375,17784.900390625,,0.17%
08/13/2026,17853.0,17851.0,17890.900390625,17831.0,,0.17%
08/14/2026,17863.0,17862.0,17863.0,17635.80078125,,0.06%
08/17/2026,17830.0,17827.0,17853.0,17745.5,,-0.18%
08/18/2026,17824.0,17824.0,17874.900390625,17460.19921875,,-0.03%
08/19/2026,17768.5,17797.80078125,17871.0,17768.900390625,,-0.31%
08/20/2026,17807.0,17807.0,17816.400390625,17721.599609375,,0.22%
08/21/2026,17755.0,17754.0,17763.400390625,17606.30078125,,-0.29%
08/24/2026,17655.0,17650.0,17728.400390625,17621.0,,-0.56%
08/25/2026,17714.599609375,17720.0,17738.30078125,17566.0,,0.34%
08/26/2026,17695.0,17648.19921875,17732.400390625,17648.19921875,,-0.11%
08/27/2026,17778.0,17781.0,17794.0,17684.400390625,,0.47%
08/28/2026,17749.0,17744.0,17750.900390625,17676.900390625,,-0.16%
08/31/2026,17749.0,17749.0,17776.19921875,17699.0,,0.00%
09/01/2026,17689.900390625,17702.0,17763.30078125,17667.099609375,,-0.33%
09/02/2026,17697.19921875,17698.099609375,17782.599609375,17671.400390625,,0.04%
09/03/2026,17723.0,17723.0,17737.0,17580.0,,0.15%
09/04/2026,17618.099609375,17618.0,17658.0,17516.30078125,,-0.59%
09/07/2026,17638.0,17635.0,17666.0,17618.69921875,,0.11%
09/08/2026,17664.0,17660.0,17664.0,17558.0,,0.15%
09/09/2026,17588.0,17591.0,17606.0,17436.0,,-0.43%
09/10/2026,17501.0,17501.099609375,17596.0,17493.0,,-0.49%
09/11/2026,17588.099609375,17589.0,17627.0,17541.0,,0.50%
09/13/2026,17606.0,17595.0,17606.0,17595.0,,0.10%
